dataset,unit_id,regime_id,capability,mechanism,mechanism_status,activation_measure,reference_cost,capability_cost,paired_cost_effect,switch_reduction,execution_agreement,evidence_source,materially_favorable,materially_adverse,counterexample_flag
M5,FOODS__CA_1,family_frozen_parameter_recalibrated,ensemble_rate_limiting,rate_cap_activation,inactive,0.0,16237.433357967575,16237.433357967575,0.0,,True,results/working/rate_limiter_mechanism_audit.csv,False,False,False
M5,FOODS__CA_2,family_frozen_parameter_recalibrated,ensemble_rate_limiting,rate_cap_activation,inactive,0.0,15648.032613654388,15648.032613654388,0.0,,True,results/working/rate_limiter_mechanism_audit.csv,False,False,False
M5,FOODS__CA_3,family_frozen_parameter_recalibrated,ensemble_rate_limiting,rate_cap_activation,inactive,0.0,18524.909278956697,18524.909278956697,0.0,,True,results/working/rate_limiter_mechanism_audit.csv,False,False,False
M5,FOODS__CA_4,family_frozen_parameter_recalibrated,ensemble_rate_limiting,rate_cap_activation,inactive,0.0,9805.115258107517,9805.115258107517,0.0,,True,results/working/rate_limiter_mechanism_audit.csv,False,False,False
M5,FOODS__TX_1,family_frozen_parameter_recalibrated,ensemble_rate_limiting,rate_cap_activation,inactive,0.0,23139.53122044549,23139.53122044549,0.0,,True,results/working/rate_limiter_mechanism_audit.csv,False,False,False
M5,FOODS__TX_2,family_frozen_parameter_recalibrated,ensemble_rate_limiting,rate_cap_activation,inactive,0.0,43065.28113246252,43065.28113246252,0.0,,True,results/working/rate_limiter_mechanism_audit.csv,False,False,False
M5,FOODS__TX_3,family_frozen_parameter_recalibrated,ensemble_rate_limiting,rate_cap_activation,inactive,0.0,28295.883558276426,28295.883558276426,0.0,,True,results/working/rate_limiter_mechanism_audit.csv,False,False,False
M5,FOODS__WI_1,family_frozen_parameter_recalibrated,ensemble_rate_limiting,rate_cap_activation,inactive,0.0,6773.7754117748245,6773.7754117748245,0.0,,True,results/working/rate_limiter_mechanism_audit.csv,False,False,False
M5,FOODS__WI_2,family_frozen_parameter_recalibrated,ensemble_rate_limiting,rate_cap_activation,inactive,0.0,59011.571314381574,59011.571314381574,0.0,,True,results/working/rate_limiter_mechanism_audit.csv,False,False,False
M5,FOODS__WI_3,family_frozen_parameter_recalibrated,ensemble_rate_limiting,rate_cap_activation,inactive,0.0,69915.61886478128,69915.61886478128,0.0,,True,results/working/rate_limiter_mechanism_audit.csv,False,False,False
M5,HOUSEHOLD__CA_3,family_frozen_parameter_recalibrated,ensemble_rate_limiting,rate_cap_activation,inactive,0.0,12799.707835810326,12799.707835810326,0.0,,True,results/working/rate_limiter_mechanism_audit.csv,False,False,False
M5,FOODS__CA_1,fully_in_domain_tuned,ensemble_rate_limiting,rate_cap_activation,inactive,0.0,16237.433357967575,16237.433357967575,0.0,,True,results/working/rate_limiter_mechanism_audit.csv,False,False,False
M5,FOODS__CA_2,fully_in_domain_tuned,ensemble_rate_limiting,rate_cap_activation,inactive,0.0,15648.032613654388,15648.032613654388,0.0,,True,results/working/rate_limiter_mechanism_audit.csv,False,False,False
M5,FOODS__CA_3,fully_in_domain_tuned,ensemble_rate_limiting,rate_cap_activation,inactive,0.0,18524.909278956697,18524.909278956697,0.0,,True,results/working/rate_limiter_mechanism_audit.csv,False,False,False
M5,FOODS__CA_4,fully_in_domain_tuned,ensemble_rate_limiting,rate_cap_activation,inactive,0.0,9805.115258107517,9805.115258107517,0.0,,True,results/working/rate_limiter_mechanism_audit.csv,False,False,False
M5,FOODS__TX_1,fully_in_domain_tuned,ensemble_rate_limiting,rate_cap_activation,inactive,0.0,23139.53122044549,23139.53122044549,0.0,,True,results/working/rate_limiter_mechanism_audit.csv,False,False,False
M5,FOODS__TX_2,fully_in_domain_tuned,ensemble_rate_limiting,rate_cap_activation,inactive,0.0,43065.28113246252,43065.28113246252,0.0,,True,results/working/rate_limiter_mechanism_audit.csv,False,False,False
M5,FOODS__TX_3,fully_in_domain_tuned,ensemble_rate_limiting,rate_cap_activation,inactive,0.0,28295.883558276426,28295.883558276426,0.0,,True,results/working/rate_limiter_mechanism_audit.csv,False,False,False
M5,FOODS__WI_1,fully_in_domain_tuned,ensemble_rate_limiting,rate_cap_activation,inactive,0.0,6773.7754117748245,6773.7754117748245,0.0,,True,results/working/rate_limiter_mechanism_audit.csv,False,False,False
M5,FOODS__WI_2,fully_in_domain_tuned,ensemble_rate_limiting,rate_cap_activation,inactive,0.0,59011.571314381574,59011.571314381574,0.0,,True,results/working/rate_limiter_mechanism_audit.csv,False,False,False
M5,FOODS__WI_3,fully_in_domain_tuned,ensemble_rate_limiting,rate_cap_activation,inactive,0.0,69915.61886478128,69915.61886478128,0.0,,True,results/working/rate_limiter_mechanism_audit.csv,False,False,False
M5,HOUSEHOLD__CA_3,fully_in_domain_tuned,ensemble_rate_limiting,rate_cap_activation,inactive,0.0,12799.707835810326,12799.707835810326,0.0,,True,results/working/rate_limiter_mechanism_audit.csv,False,False,False
M5,FOODS__CA_1,strict_frozen,ensemble_rate_limiting,rate_cap_activation,inactive,0.0,16237.433357967575,16237.433357967575,0.0,,True,results/working/rate_limiter_mechanism_audit.csv,False,False,False
M5,FOODS__CA_2,strict_frozen,ensemble_rate_limiting,rate_cap_activation,inactive,0.0,15648.032613654388,15648.032613654388,0.0,,True,results/working/rate_limiter_mechanism_audit.csv,False,False,False
M5,FOODS__CA_3,strict_frozen,ensemble_rate_limiting,rate_cap_activation,inactive,0.0,18524.909278956697,18524.909278956697,0.0,,True,results/working/rate_limiter_mechanism_audit.csv,False,False,False
M5,FOODS__CA_4,strict_frozen,ensemble_rate_limiting,rate_cap_activation,active,0.14285714285714285,9805.115258107517,9805.115258107517,0.0,,True,results/working/rate_limiter_mechanism_audit.csv,False,False,True
M5,FOODS__TX_1,strict_frozen,ensemble_rate_limiting,rate_cap_activation,inactive,0.0,23139.53122044549,23139.53122044549,0.0,,True,results/working/rate_limiter_mechanism_audit.csv,False,False,False
M5,FOODS__TX_2,strict_frozen,ensemble_rate_limiting,rate_cap_activation,inactive,0.0,43065.28113246252,43065.28113246252,0.0,,True,results/working/rate_limiter_mechanism_audit.csv,False,False,False
M5,FOODS__TX_3,strict_frozen,ensemble_rate_limiting,rate_cap_activation,inactive,0.0,28295.883558276426,28295.883558276426,0.0,,True,results/working/rate_limiter_mechanism_audit.csv,False,False,False
M5,FOODS__WI_1,strict_frozen,ensemble_rate_limiting,rate_cap_activation,inactive,0.0,6773.7754117748245,6773.7754117748245,0.0,,True,results/working/rate_limiter_mechanism_audit.csv,False,False,False
M5,FOODS__WI_2,strict_frozen,ensemble_rate_limiting,rate_cap_activation,inactive,0.0,59011.571314381574,59011.571314381574,0.0,,True,results/working/rate_limiter_mechanism_audit.csv,False,False,False
M5,FOODS__WI_3,strict_frozen,ensemble_rate_limiting,rate_cap_activation,inactive,0.0,69915.61886478128,69915.61886478128,0.0,,True,results/working/rate_limiter_mechanism_audit.csv,False,False,False
M5,HOUSEHOLD__CA_3,strict_frozen,ensemble_rate_limiting,rate_cap_activation,inactive,0.0,12799.707835810326,12799.707835810326,0.0,,True,results/working/rate_limiter_mechanism_audit.csv,False,False,False
M5,FOODS_1__TX_2,family_frozen_parameter_recalibrated,ensemble_rate_limiting,rate_cap_activation,inactive,0.0,4684.608102880304,4684.608102880304,0.0,,True,results/working/rate_limiter_mechanism_audit.csv,False,False,False
M5,FOODS_2__CA_1,family_frozen_parameter_recalibrated,ensemble_rate_limiting,rate_cap_activation,active,0.03571428571428571,7666.131562846951,7666.131562846951,0.0,,True,results/working/rate_limiter_mechanism_audit.csv,False,False,True
M5,FOODS_2__CA_3,family_frozen_parameter_recalibrated,ensemble_rate_limiting,rate_cap_activation,inactive,0.0,4212.167594038977,4212.167594038977,0.0,,True,results/working/rate_limiter_mechanism_audit.csv,False,False,False
M5,FOODS_2__TX_3,family_frozen_parameter_recalibrated,ensemble_rate_limiting,rate_cap_activation,active,0.14285714285714285,10725.606558451933,10725.606558451933,0.0,,True,results/working/rate_limiter_mechanism_audit.csv,False,False,True
M5,FOODS_2__WI_2,family_frozen_parameter_recalibrated,ensemble_rate_limiting,rate_cap_activation,inactive,0.0,39078.206921751545,39078.206921751545,0.0,,True,results/working/rate_limiter_mechanism_audit.csv,False,False,False
M5,FOODS_3__CA_1,family_frozen_parameter_recalibrated,ensemble_rate_limiting,rate_cap_activation,inactive,0.0,16401.519938721896,16401.519938721896,0.0,,True,results/working/rate_limiter_mechanism_audit.csv,False,False,False
M5,FOODS_3__CA_2,family_frozen_parameter_recalibrated,ensemble_rate_limiting,rate_cap_activation,inactive,0.0,15648.032613654388,15648.032613654388,0.0,,True,results/working/rate_limiter_mechanism_audit.csv,False,False,False
M5,FOODS_3__CA_3,family_frozen_parameter_recalibrated,ensemble_rate_limiting,rate_cap_activation,inactive,0.0,17644.301276874776,17644.301276874776,0.0,,True,results/working/rate_limiter_mechanism_audit.csv,False,False,False
M5,FOODS_3__CA_4,family_frozen_parameter_recalibrated,ensemble_rate_limiting,rate_cap_activation,inactive,0.0,9805.115258107517,9805.115258107517,0.0,,True,results/working/rate_limiter_mechanism_audit.csv,False,False,False
M5,FOODS_3__TX_1,family_frozen_parameter_recalibrated,ensemble_rate_limiting,rate_cap_activation,inactive,0.0,23139.53122044549,23139.53122044549,0.0,,True,results/working/rate_limiter_mechanism_audit.csv,False,False,False
M5,FOODS_3__TX_2,family_frozen_parameter_recalibrated,ensemble_rate_limiting,rate_cap_activation,inactive,0.0,40022.19572412188,40022.19572412188,0.0,,True,results/working/rate_limiter_mechanism_audit.csv,False,False,False
M5,FOODS_3__TX_3,family_frozen_parameter_recalibrated,ensemble_rate_limiting,rate_cap_activation,inactive,0.0,26276.370533662743,26276.370533662743,0.0,,True,results/working/rate_limiter_mechanism_audit.csv,False,False,False
M5,FOODS_3__WI_1,family_frozen_parameter_recalibrated,ensemble_rate_limiting,rate_cap_activation,inactive,0.0,6773.7754117748245,6773.7754117748245,0.0,,True,results/working/rate_limiter_mechanism_audit.csv,False,False,False
M5,FOODS_3__WI_2,family_frozen_parameter_recalibrated,ensemble_rate_limiting,rate_cap_activation,inactive,0.0,41102.076197687435,41102.076197687435,0.0,,True,results/working/rate_limiter_mechanism_audit.csv,False,False,False
M5,FOODS_3__WI_3,family_frozen_parameter_recalibrated,ensemble_rate_limiting,rate_cap_activation,inactive,0.0,69915.61886478128,69915.61886478128,0.0,,True,results/working/rate_limiter_mechanism_audit.csv,False,False,False
M5,HOUSEHOLD_1__CA_3,family_frozen_parameter_recalibrated,ensemble_rate_limiting,rate_cap_activation,inactive,0.0,12799.707835810326,12799.707835810326,0.0,,True,results/working/rate_limiter_mechanism_audit.csv,False,False,False
M5,FOODS_1__TX_2,fully_in_domain_tuned,ensemble_rate_limiting,rate_cap_activation,inactive,0.0,4684.608102880304,4684.608102880304,0.0,,True,results/working/rate_limiter_mechanism_audit.csv,False,False,False
M5,FOODS_2__CA_1,fully_in_domain_tuned,ensemble_rate_limiting,rate_cap_activation,active,0.03571428571428571,7666.131562846951,7666.131562846951,0.0,,True,results/working/rate_limiter_mechanism_audit.csv,False,False,True
M5,FOODS_2__CA_3,fully_in_domain_tuned,ensemble_rate_limiting,rate_cap_activation,inactive,0.0,4212.167594038977,4212.167594038977,0.0,,True,results/working/rate_limiter_mechanism_audit.csv,False,False,False
M5,FOODS_2__TX_3,fully_in_domain_tuned,ensemble_rate_limiting,rate_cap_activation,active,0.14285714285714285,10725.606558451933,10725.606558451933,0.0,,True,results/working/rate_limiter_mechanism_audit.csv,False,False,True
M5,FOODS_2__WI_2,fully_in_domain_tuned,ensemble_rate_limiting,rate_cap_activation,inactive,0.0,39078.206921751545,39078.206921751545,0.0,,True,results/working/rate_limiter_mechanism_audit.csv,False,False,False
M5,FOODS_3__CA_1,fully_in_domain_tuned,ensemble_rate_limiting,rate_cap_activation,inactive,0.0,16401.519938721896,16401.519938721896,0.0,,True,results/working/rate_limiter_mechanism_audit.csv,False,False,False
M5,FOODS_3__CA_2,fully_in_domain_tuned,ensemble_rate_limiting,rate_cap_activation,inactive,0.0,15648.032613654388,15648.032613654388,0.0,,True,results/working/rate_limiter_mechanism_audit.csv,False,False,False
M5,FOODS_3__CA_3,fully_in_domain_tuned,ensemble_rate_limiting,rate_cap_activation,inactive,0.0,17644.301276874776,17644.301276874776,0.0,,True,results/working/rate_limiter_mechanism_audit.csv,False,False,False
M5,FOODS_3__CA_4,fully_in_domain_tuned,ensemble_rate_limiting,rate_cap_activation,inactive,0.0,9805.115258107517,9805.115258107517,0.0,,True,results/working/rate_limiter_mechanism_audit.csv,False,False,False
M5,FOODS_3__TX_1,fully_in_domain_tuned,ensemble_rate_limiting,rate_cap_activation,inactive,0.0,23139.53122044549,23139.53122044549,0.0,,True,results/working/rate_limiter_mechanism_audit.csv,False,False,False
M5,FOODS_3__TX_2,fully_in_domain_tuned,ensemble_rate_limiting,rate_cap_activation,inactive,0.0,40022.19572412188,40022.19572412188,0.0,,True,results/working/rate_limiter_mechanism_audit.csv,False,False,False
M5,FOODS_3__TX_3,fully_in_domain_tuned,ensemble_rate_limiting,rate_cap_activation,inactive,0.0,26276.370533662743,26276.370533662743,0.0,,True,results/working/rate_limiter_mechanism_audit.csv,False,False,False
M5,FOODS_3__WI_1,fully_in_domain_tuned,ensemble_rate_limiting,rate_cap_activation,inactive,0.0,6773.7754117748245,6773.7754117748245,0.0,,True,results/working/rate_limiter_mechanism_audit.csv,False,False,False
M5,FOODS_3__WI_2,fully_in_domain_tuned,ensemble_rate_limiting,rate_cap_activation,inactive,0.0,41102.076197687435,41102.076197687435,0.0,,True,results/working/rate_limiter_mechanism_audit.csv,False,False,False
M5,FOODS_3__WI_3,fully_in_domain_tuned,ensemble_rate_limiting,rate_cap_activation,inactive,0.0,69915.61886478128,69915.61886478128,0.0,,True,results/working/rate_limiter_mechanism_audit.csv,False,False,False
M5,HOUSEHOLD_1__CA_3,fully_in_domain_tuned,ensemble_rate_limiting,rate_cap_activation,inactive,0.0,12799.707835810326,12799.707835810326,0.0,,True,results/working/rate_limiter_mechanism_audit.csv,False,False,False
M5,FOODS_1__TX_2,strict_frozen,ensemble_rate_limiting,rate_cap_activation,active,0.07142857142857142,4684.608102880304,4684.608102880304,0.0,,True,results/working/rate_limiter_mechanism_audit.csv,False,False,True
M5,FOODS_2__CA_1,strict_frozen,ensemble_rate_limiting,rate_cap_activation,active,0.14285714285714285,7666.131562846951,7666.131562846951,0.0,,True,results/working/rate_limiter_mechanism_audit.csv,False,False,True
M5,FOODS_2__CA_3,strict_frozen,ensemble_rate_limiting,rate_cap_activation,inactive,0.0,4212.167594038977,4212.167594038977,0.0,,True,results/working/rate_limiter_mechanism_audit.csv,False,False,False
M5,FOODS_2__TX_3,strict_frozen,ensemble_rate_limiting,rate_cap_activation,active,0.35714285714285715,10725.606558451933,10725.606558451933,0.0,,True,results/working/rate_limiter_mechanism_audit.csv,False,False,True
M5,FOODS_2__WI_2,strict_frozen,ensemble_rate_limiting,rate_cap_activation,inactive,0.0,39078.206921751545,39078.206921751545,0.0,,True,results/working/rate_limiter_mechanism_audit.csv,False,False,False
M5,FOODS_3__CA_1,strict_frozen,ensemble_rate_limiting,rate_cap_activation,inactive,0.0,16401.519938721896,16401.519938721896,0.0,,True,results/working/rate_limiter_mechanism_audit.csv,False,False,False
M5,FOODS_3__CA_2,strict_frozen,ensemble_rate_limiting,rate_cap_activation,inactive,0.0,15648.032613654388,15648.032613654388,0.0,,True,results/working/rate_limiter_mechanism_audit.csv,False,False,False
M5,FOODS_3__CA_3,strict_frozen,ensemble_rate_limiting,rate_cap_activation,inactive,0.0,17644.301276874776,17644.301276874776,0.0,,True,results/working/rate_limiter_mechanism_audit.csv,False,False,False
M5,FOODS_3__CA_4,strict_frozen,ensemble_rate_limiting,rate_cap_activation,active,0.14285714285714285,9805.115258107517,9805.115258107517,0.0,,True,results/working/rate_limiter_mechanism_audit.csv,False,False,True
M5,FOODS_3__TX_1,strict_frozen,ensemble_rate_limiting,rate_cap_activation,inactive,0.0,23139.53122044549,23139.53122044549,0.0,,True,results/working/rate_limiter_mechanism_audit.csv,False,False,False
M5,FOODS_3__TX_2,strict_frozen,ensemble_rate_limiting,rate_cap_activation,inactive,0.0,40022.19572412188,40022.19572412188,0.0,,True,results/working/rate_limiter_mechanism_audit.csv,False,False,False
M5,FOODS_3__TX_3,strict_frozen,ensemble_rate_limiting,rate_cap_activation,inactive,0.0,26276.370533662743,26276.370533662743,0.0,,True,results/working/rate_limiter_mechanism_audit.csv,False,False,False
M5,FOODS_3__WI_1,strict_frozen,ensemble_rate_limiting,rate_cap_activation,inactive,0.0,6773.7754117748245,6773.7754117748245,0.0,,True,results/working/rate_limiter_mechanism_audit.csv,False,False,False
M5,FOODS_3__WI_2,strict_frozen,ensemble_rate_limiting,rate_cap_activation,inactive,0.0,41102.076197687435,41102.076197687435,0.0,,True,results/working/rate_limiter_mechanism_audit.csv,False,False,False
M5,FOODS_3__WI_3,strict_frozen,ensemble_rate_limiting,rate_cap_activation,inactive,0.0,69915.61886478128,69915.61886478128,0.0,,True,results/working/rate_limiter_mechanism_audit.csv,False,False,False
M5,HOUSEHOLD_1__CA_3,strict_frozen,ensemble_rate_limiting,rate_cap_activation,inactive,0.0,12799.707835810326,12799.707835810326,0.0,,True,results/working/rate_limiter_mechanism_audit.csv,False,False,False
M5,FOODS_1_218__TX_2,family_frozen_parameter_recalibrated,ensemble_rate_limiting,rate_cap_activation,inactive,0.0,4684.608102880304,4684.608102880304,0.0,,True,results/working/rate_limiter_mechanism_audit.csv,False,False,False
M5,FOODS_2_197__CA_1,family_frozen_parameter_recalibrated,ensemble_rate_limiting,rate_cap_activation,active,0.03571428571428571,7666.131562846951,7666.131562846951,0.0,,True,results/working/rate_limiter_mechanism_audit.csv,False,False,True
M5,FOODS_2_197__CA_3,family_frozen_parameter_recalibrated,ensemble_rate_limiting,rate_cap_activation,inactive,0.0,953.2000977357941,953.2000977357941,0.0,,True,results/working/rate_limiter_mechanism_audit.csv,False,False,False
M5,FOODS_2_276__CA_3,family_frozen_parameter_recalibrated,ensemble_rate_limiting,rate_cap_activation,inactive,0.0,677.1796032868189,677.1796032868189,0.0,,True,results/working/rate_limiter_mechanism_audit.csv,False,False,False
M5,FOODS_2_360__CA_3,family_frozen_parameter_recalibrated,ensemble_rate_limiting,rate_cap_activation,inactive,0.0,6673.870891354579,6673.870891354579,0.0,,True,results/working/rate_limiter_mechanism_audit.csv,False,False,False
M5,FOODS_2_360__TX_3,family_frozen_parameter_recalibrated,ensemble_rate_limiting,rate_cap_activation,active,0.14285714285714285,10725.606558451933,10725.606558451933,0.0,,True,results/working/rate_limiter_mechanism_audit.csv,False,False,True
M5,FOODS_2_360__WI_2,family_frozen_parameter_recalibrated,ensemble_rate_limiting,rate_cap_activation,inactive,0.0,39078.206921751545,39078.206921751545,0.0,,True,results/working/rate_limiter_mechanism_audit.csv,False,False,False
M5,FOODS_3_007__WI_2,family_frozen_parameter_recalibrated,ensemble_rate_limiting,rate_cap_activation,active,0.25,52980.61249953883,52980.61249953883,0.0,,True,results/working/rate_limiter_mechanism_audit.csv,False,False,True
M5,FOODS_3_030__TX_2,family_frozen_parameter_recalibrated,ensemble_rate_limiting,rate_cap_activation,inactive,0.0,3724.752507091989,3724.752507091989,0.0,,True,results/working/rate_limiter_mechanism_audit.csv,False,False,False
M5,FOODS_3_030__TX_3,family_frozen_parameter_recalibrated,ensemble_rate_limiting,rate_cap_activation,inactive,0.0,769.0346034194812,769.0346034194812,0.0,,True,results/working/rate_limiter_mechanism_audit.csv,False,False,False
M5,FOODS_3_080__CA_1,family_frozen_parameter_recalibrated,ensemble_rate_limiting,rate_cap_activation,inactive,0.0,1512.4966472716076,1512.4966472716076,0.0,,True,results/working/rate_limiter_mechanism_audit.csv,False,False,False
M5,FOODS_3_080__TX_2,family_frozen_parameter_recalibrated,ensemble_rate_limiting,rate_cap_activation,inactive,0.0,721.1553770278898,721.1553770278898,0.0,,True,results/working/rate_limiter_mechanism_audit.csv,False,False,False
M5,FOODS_3_090__CA_1,family_frozen_parameter_recalibrated,ensemble_rate_limiting,rate_cap_activation,inactive,0.0,21169.984677053853,21169.984677053853,0.0,,True,results/working/rate_limiter_mechanism_audit.csv,False,False,False
M5,FOODS_3_090__CA_2,family_frozen_parameter_recalibrated,ensemble_rate_limiting,rate_cap_activation,inactive,0.0,5533.997829639623,5533.997829639623,0.0,,True,results/working/rate_limiter_mechanism_audit.csv,False,False,False
M5,FOODS_3_090__CA_3,family_frozen_parameter_recalibrated,ensemble_rate_limiting,rate_cap_activation,inactive,0.0,33589.527158976896,33589.527158976896,0.0,,True,results/working/rate_limiter_mechanism_audit.csv,False,False,False
M5,FOODS_3_090__CA_4,family_frozen_parameter_recalibrated,ensemble_rate_limiting,rate_cap_activation,inactive,0.0,9805.115258107517,9805.115258107517,0.0,,True,results/working/rate_limiter_mechanism_audit.csv,False,False,False
M5,FOODS_3_090__TX_1,family_frozen_parameter_recalibrated,ensemble_rate_limiting,rate_cap_activation,inactive,0.0,8273.476336040121,8273.476336040121,0.0,,True,results/working/rate_limiter_mechanism_audit.csv,False,False,False
M5,FOODS_3_090__TX_2,family_frozen_parameter_recalibrated,ensemble_rate_limiting,rate_cap_activation,inactive,0.0,15775.72715469546,15775.72715469546,0.0,,True,results/working/rate_limiter_mechanism_audit.csv,False,False,False
M5,FOODS_3_090__TX_3,family_frozen_parameter_recalibrated,ensemble_rate_limiting,rate_cap_activation,inactive,0.0,15795.73776881205,15795.73776881205,0.0,,True,results/working/rate_limiter_mechanism_audit.csv,False,False,False
M5,FOODS_3_090__WI_3,family_frozen_parameter_recalibrated,ensemble_rate_limiting,rate_cap_activation,inactive,0.0,22044.64490006168,22044.64490006168,0.0,,True,results/working/rate_limiter_mechanism_audit.csv,False,False,False
M5,FOODS_3_099__TX_2,family_frozen_parameter_recalibrated,ensemble_rate_limiting,rate_cap_activation,inactive,0.0,1247.0448115918873,1247.0448115918873,0.0,,True,results/working/rate_limiter_mechanism_audit.csv,False,False,False
M5,FOODS_3_120__CA_1,family_frozen_parameter_recalibrated,ensemble_rate_limiting,rate_cap_activation,active,0.10714285714285714,16302.393585982405,16302.393585982405,0.0,,True,results/working/rate_limiter_mechanism_audit.csv,False,False,True
M5,FOODS_3_120__CA_3,family_frozen_parameter_recalibrated,ensemble_rate_limiting,rate_cap_activation,inactive,0.0,37327.894909573995,37327.894909573995,0.0,,True,results/working/rate_limiter_mechanism_audit.csv,False,False,False
M5,FOODS_3_120__WI_3,family_frozen_parameter_recalibrated,ensemble_rate_limiting,rate_cap_activation,inactive,0.0,29615.304065112447,29615.304065112447,0.0,,True,results/working/rate_limiter_mechanism_audit.csv,False,False,False
M5,FOODS_3_202__CA_3,family_frozen_parameter_recalibrated,ensemble_rate_limiting,rate_cap_activation,inactive,0.0,13323.402349776434,13323.402349776434,0.0,,True,results/working/rate_limiter_mechanism_audit.csv,False,False,False
M5,FOODS_3_202__TX_1,family_frozen_parameter_recalibrated,ensemble_rate_limiting,rate_cap_activation,inactive,0.0,7792.780144093412,7792.780144093412,0.0,,True,results/working/rate_limiter_mechanism_audit.csv,False,False,False
M5,FOODS_3_202__TX_2,family_frozen_parameter_recalibrated,ensemble_rate_limiting,rate_cap_activation,inactive,0.0,7897.863575710394,7897.863575710394,0.0,,True,results/working/rate_limiter_mechanism_audit.csv,False,False,False
M5,FOODS_3_202__TX_3,family_frozen_parameter_recalibrated,ensemble_rate_limiting,rate_cap_activation,inactive,0.0,5592.008397756161,5592.008397756161,0.0,,True,results/working/rate_limiter_mechanism_audit.csv,False,False,False
M5,FOODS_3_226__WI_1,family_frozen_parameter_recalibrated,ensemble_rate_limiting,rate_cap_activation,inactive,0.0,3554.3098775268923,3554.3098775268923,0.0,,True,results/working/rate_limiter_mechanism_audit.csv,False,False,False
M5,FOODS_3_226__WI_2,family_frozen_parameter_recalibrated,ensemble_rate_limiting,rate_cap_activation,inactive,0.0,2354.4086246761044,2354.4086246761044,0.0,,True,results/working/rate_limiter_mechanism_audit.csv,False,False,False
M5,FOODS_3_226__WI_3,family_frozen_parameter_recalibrated,ensemble_rate_limiting,rate_cap_activation,inactive,0.0,1354.238678345739,1354.238678345739,0.0,,True,results/working/rate_limiter_mechanism_audit.csv,False,False,False
M5,FOODS_3_234__CA_3,family_frozen_parameter_recalibrated,ensemble_rate_limiting,rate_cap_activation,active,0.32142857142857145,6581.563967600188,6581.563967600188,0.0,,True,results/working/rate_limiter_mechanism_audit.csv,False,False,True
M5,FOODS_3_234__WI_2,family_frozen_parameter_recalibrated,ensemble_rate_limiting,rate_cap_activation,active,0.2857142857142857,5415.056189711808,5415.056189711808,0.0,,True,results/working/rate_limiter_mechanism_audit.csv,False,False,True
M5,FOODS_3_234__WI_3,family_frozen_parameter_recalibrated,ensemble_rate_limiting,rate_cap_activation,active,0.03571428571428571,9938.677592704,9938.677592704,0.0,,True,results/working/rate_limiter_mechanism_audit.csv,False,False,True
M5,FOODS_3_252__CA_1,family_frozen_parameter_recalibrated,ensemble_rate_limiting,rate_cap_activation,inactive,0.0,4128.535505779756,4128.535505779756,0.0,,True,results/working/rate_limiter_mechanism_audit.csv,False,False,False
M5,FOODS_3_252__CA_2,family_frozen_parameter_recalibrated,ensemble_rate_limiting,rate_cap_activation,inactive,0.0,5432.337782986942,5432.337782986942,0.0,,True,results/working/rate_limiter_mechanism_audit.csv,False,False,False
M5,FOODS_3_252__CA_3,family_frozen_parameter_recalibrated,ensemble_rate_limiting,rate_cap_activation,inactive,0.0,4125.095695437974,4125.095695437974,0.0,,True,results/working/rate_limiter_mechanism_audit.csv,False,False,False
M5,FOODS_3_252__TX_1,family_frozen_parameter_recalibrated,ensemble_rate_limiting,rate_cap_activation,inactive,0.0,9833.97194042968,9833.97194042968,0.0,,True,results/working/rate_limiter_mechanism_audit.csv,False,False,False
M5,FOODS_3_252__TX_2,family_frozen_parameter_recalibrated,ensemble_rate_limiting,rate_cap_activation,inactive,0.0,6586.507072576983,6586.507072576983,0.0,,True,results/working/rate_limiter_mechanism_audit.csv,False,False,False
M5,FOODS_3_252__TX_3,family_frozen_parameter_recalibrated,ensemble_rate_limiting,rate_cap_activation,active,0.03571428571428571,5854.499365263305,5854.499365263305,0.0,,True,results/working/rate_limiter_mechanism_audit.csv,False,False,True
M5,FOODS_3_252__WI_3,family_frozen_parameter_recalibrated,ensemble_rate_limiting,rate_cap_activation,inactive,0.0,3241.580232318113,3241.580232318113,0.0,,True,results/working/rate_limiter_mechanism_audit.csv,False,False,False
M5,FOODS_3_281__CA_3,family_frozen_parameter_recalibrated,ensemble_rate_limiting,rate_cap_activation,active,0.07142857142857142,9875.48880199908,9875.48880199908,0.0,,True,results/working/rate_limiter_mechanism_audit.csv,False,False,True
M5,FOODS_3_282__CA_3,family_frozen_parameter_recalibrated,ensemble_rate_limiting,rate_cap_activation,inactive,0.0,12776.695057394008,12776.695057394008,0.0,,True,results/working/rate_limiter_mechanism_audit.csv,False,False,False
M5,FOODS_3_288__CA_3,family_frozen_parameter_recalibrated,ensemble_rate_limiting,rate_cap_activation,inactive,0.0,4685.567343218845,4685.567343218845,0.0,,True,results/working/rate_limiter_mechanism_audit.csv,False,False,False
M5,FOODS_3_318__CA_3,family_frozen_parameter_recalibrated,ensemble_rate_limiting,rate_cap_activation,inactive,0.0,4604.207302469701,4604.207302469701,0.0,,True,results/working/rate_limiter_mechanism_audit.csv,False,False,False
M5,FOODS_3_318__WI_3,family_frozen_parameter_recalibrated,ensemble_rate_limiting,rate_cap_activation,inactive,0.0,8983.674432480906,8983.674432480906,0.0,,True,results/working/rate_limiter_mechanism_audit.csv,False,False,False
M5,FOODS_3_319__CA_3,family_frozen_parameter_recalibrated,ensemble_rate_limiting,rate_cap_activation,inactive,0.0,1329.7196134471476,1329.7196134471476,0.0,,True,results/working/rate_limiter_mechanism_audit.csv,False,False,False
M5,FOODS_3_376__WI_2,family_frozen_parameter_recalibrated,ensemble_rate_limiting,rate_cap_activation,inactive,0.0,31082.972999273654,31082.972999273654,0.0,,True,results/working/rate_limiter_mechanism_audit.csv,False,False,False
M5,FOODS_3_377__TX_2,family_frozen_parameter_recalibrated,ensemble_rate_limiting,rate_cap_activation,inactive,0.0,1100.3241309422876,1100.3241309422876,0.0,,True,results/working/rate_limiter_mechanism_audit.csv,False,False,False
M5,FOODS_3_377__TX_3,family_frozen_parameter_recalibrated,ensemble_rate_limiting,rate_cap_activation,inactive,0.0,1388.5031873961154,1388.5031873961154,0.0,,True,results/working/rate_limiter_mechanism_audit.csv,False,False,False
M5,FOODS_3_412__WI_2,family_frozen_parameter_recalibrated,ensemble_rate_limiting,rate_cap_activation,active,0.17857142857142858,12100.769691539612,12100.769691539612,0.0,,True,results/working/rate_limiter_mechanism_audit.csv,False,False,True
M5,FOODS_3_462__WI_2,family_frozen_parameter_recalibrated,ensemble_rate_limiting,rate_cap_activation,inactive,0.0,6264.685387635777,6264.685387635777,0.0,,True,results/working/rate_limiter_mechanism_audit.csv,False,False,False
M5,FOODS_3_501__CA_3,family_frozen_parameter_recalibrated,ensemble_rate_limiting,rate_cap_activation,inactive,0.0,2242.933633330551,2242.933633330551,0.0,,True,results/working/rate_limiter_mechanism_audit.csv,False,False,False
M5,FOODS_3_541__CA_1,family_frozen_parameter_recalibrated,ensemble_rate_limiting,rate_cap_activation,inactive,0.0,147.83333472656219,147.83333472656219,0.0,,True,results/working/rate_limiter_mechanism_audit.csv,False,False,False
M5,FOODS_3_541__CA_3,family_frozen_parameter_recalibrated,ensemble_rate_limiting,rate_cap_activation,inactive,0.0,1212.878205961741,1212.878205961741,0.0,,True,results/working/rate_limiter_mechanism_audit.csv,False,False,False
M5,FOODS_3_547__WI_2,family_frozen_parameter_recalibrated,ensemble_rate_limiting,rate_cap_activation,active,0.21428571428571427,4568.475753335971,4568.475753335971,0.0,,True,results/working/rate_limiter_mechanism_audit.csv,False,False,True
M5,FOODS_3_555__CA_1,family_frozen_parameter_recalibrated,ensemble_rate_limiting,rate_cap_activation,inactive,0.0,1338.288815348624,1338.288815348624,0.0,,True,results/working/rate_limiter_mechanism_audit.csv,False,False,False
M5,FOODS_3_555__CA_3,family_frozen_parameter_recalibrated,ensemble_rate_limiting,rate_cap_activation,inactive,0.0,7030.0008729935325,7030.0008729935325,0.0,,True,results/working/rate_limiter_mechanism_audit.csv,False,False,False
M5,FOODS_3_555__TX_1,family_frozen_parameter_recalibrated,ensemble_rate_limiting,rate_cap_activation,inactive,0.0,6390.228472303868,6390.228472303868,0.0,,True,results/working/rate_limiter_mechanism_audit.csv,False,False,False
M5,FOODS_3_555__TX_2,family_frozen_parameter_recalibrated,ensemble_rate_limiting,rate_cap_activation,inactive,0.0,4858.649185355362,4858.649185355362,0.0,,True,results/working/rate_limiter_mechanism_audit.csv,False,False,False
M5,FOODS_3_555__TX_3,family_frozen_parameter_recalibrated,ensemble_rate_limiting,rate_cap_activation,inactive,0.0,2608.5467043332997,2608.5467043332997,0.0,,True,results/working/rate_limiter_mechanism_audit.csv,False,False,False
M5,FOODS_3_555__WI_3,family_frozen_parameter_recalibrated,ensemble_rate_limiting,rate_cap_activation,inactive,0.0,2282.410177684221,2282.410177684221,0.0,,True,results/working/rate_limiter_mechanism_audit.csv,False,False,False
M5,FOODS_3_586__CA_1,family_frozen_parameter_recalibrated,ensemble_rate_limiting,rate_cap_activation,inactive,0.0,5973.687578331774,5973.687578331774,0.0,,True,results/working/rate_limiter_mechanism_audit.csv,False,False,False
M5,FOODS_3_586__CA_2,family_frozen_parameter_recalibrated,ensemble_rate_limiting,rate_cap_activation,inactive,0.0,2941.7640414559255,2941.7640414559255,0.0,,True,results/working/rate_limiter_mechanism_audit.csv,False,False,False
M5,FOODS_3_586__CA_3,family_frozen_parameter_recalibrated,ensemble_rate_limiting,rate_cap_activation,inactive,0.0,2730.6327995109077,2730.6327995109077,0.0,,True,results/working/rate_limiter_mechanism_audit.csv,False,False,False
M5,FOODS_3_586__TX_1,family_frozen_parameter_recalibrated,ensemble_rate_limiting,rate_cap_activation,inactive,0.0,5178.003789299178,5178.003789299178,0.0,,True,results/working/rate_limiter_mechanism_audit.csv,False,False,False
M5,FOODS_3_586__TX_2,family_frozen_parameter_recalibrated,ensemble_rate_limiting,rate_cap_activation,inactive,0.0,8298.143836280095,8298.143836280095,0.0,,True,results/working/rate_limiter_mechanism_audit.csv,False,False,False
M5,FOODS_3_586__TX_3,family_frozen_parameter_recalibrated,ensemble_rate_limiting,rate_cap_activation,inactive,0.0,4877.11871242729,4877.11871242729,0.0,,True,results/working/rate_limiter_mechanism_audit.csv,False,False,False
M5,FOODS_3_586__WI_3,family_frozen_parameter_recalibrated,ensemble_rate_limiting,rate_cap_activation,inactive,0.0,1718.4532552962794,1718.4532552962794,0.0,,True,results/working/rate_limiter_mechanism_audit.csv,False,False,False
M5,FOODS_3_587__CA_1,family_frozen_parameter_recalibrated,ensemble_rate_limiting,rate_cap_activation,inactive,0.0,1257.9623830727928,1257.9623830727928,0.0,,True,results/working/rate_limiter_mechanism_audit.csv,False,False,False
M5,FOODS_3_587__CA_3,family_frozen_parameter_recalibrated,ensemble_rate_limiting,rate_cap_activation,inactive,0.0,2805.3218097832914,2805.3218097832914,0.0,,True,results/working/rate_limiter_mechanism_audit.csv,False,False,False
M5,FOODS_3_587__TX_1,family_frozen_parameter_recalibrated,ensemble_rate_limiting,rate_cap_activation,inactive,0.0,1368.7888093969802,1368.7888093969802,0.0,,True,results/working/rate_limiter_mechanism_audit.csv,False,False,False
M5,FOODS_3_587__TX_2,family_frozen_parameter_recalibrated,ensemble_rate_limiting,rate_cap_activation,inactive,0.0,2110.801459679568,2110.801459679568,0.0,,True,results/working/rate_limiter_mechanism_audit.csv,False,False,False
M5,FOODS_3_587__TX_3,family_frozen_parameter_recalibrated,ensemble_rate_limiting,rate_cap_activation,inactive,0.0,2502.338340955708,2502.338340955708,0.0,,True,results/working/rate_limiter_mechanism_audit.csv,False,False,False
M5,FOODS_3_587__WI_3,family_frozen_parameter_recalibrated,ensemble_rate_limiting,rate_cap_activation,inactive,0.0,17671.332797118288,17671.332797118288,0.0,,True,results/working/rate_limiter_mechanism_audit.csv,False,False,False
M5,FOODS_3_607__CA_3,family_frozen_parameter_recalibrated,ensemble_rate_limiting,rate_cap_activation,inactive,0.0,4729.957948329251,4729.957948329251,0.0,,True,results/working/rate_limiter_mechanism_audit.csv,False,False,False
M5,FOODS_3_635__CA_3,family_frozen_parameter_recalibrated,ensemble_rate_limiting,rate_cap_activation,inactive,0.0,2353.1281242812165,2353.1281242812165,0.0,,True,results/working/rate_limiter_mechanism_audit.csv,False,False,False
M5,FOODS_3_681__CA_3,family_frozen_parameter_recalibrated,ensemble_rate_limiting,rate_cap_activation,inactive,0.0,3374.903294591375,3374.903294591375,0.0,,True,results/working/rate_limiter_mechanism_audit.csv,False,False,False
M5,FOODS_3_681__WI_3,family_frozen_parameter_recalibrated,ensemble_rate_limiting,rate_cap_activation,inactive,0.0,14550.358304953557,14550.358304953557,0.0,,True,results/working/rate_limiter_mechanism_audit.csv,False,False,False
M5,FOODS_3_694__CA_3,family_frozen_parameter_recalibrated,ensemble_rate_limiting,rate_cap_activation,inactive,0.0,3865.196938776951,3865.196938776951,0.0,,True,results/working/rate_limiter_mechanism_audit.csv,False,False,False
M5,FOODS_3_694__WI_1,family_frozen_parameter_recalibrated,ensemble_rate_limiting,rate_cap_activation,inactive,0.0,3938.556090497356,3938.556090497356,0.0,,True,results/working/rate_limiter_mechanism_audit.csv,False,False,False
M5,FOODS_3_694__WI_2,family_frozen_parameter_recalibrated,ensemble_rate_limiting,rate_cap_activation,inactive,0.0,1822.1080640267694,1822.1080640267694,0.0,,True,results/working/rate_limiter_mechanism_audit.csv,False,False,False
M5,FOODS_3_694__WI_3,family_frozen_parameter_recalibrated,ensemble_rate_limiting,rate_cap_activation,inactive,0.0,2575.065308324023,2575.065308324023,0.0,,True,results/working/rate_limiter_mechanism_audit.csv,False,False,False
M5,FOODS_3_711__CA_3,family_frozen_parameter_recalibrated,ensemble_rate_limiting,rate_cap_activation,active,0.17857142857142858,1682.1348652734507,1690.6619160043426,8.52705073089237,,False,results/working/rate_limiter_mechanism_audit.csv,False,False,True
M5,FOODS_3_711__WI_2,family_frozen_parameter_recalibrated,ensemble_rate_limiting,rate_cap_activation,active,0.21428571428571427,3038.8346592423122,3131.433669165888,92.59900992357552,,False,results/working/rate_limiter_mechanism_audit.csv,False,True,True
M5,FOODS_3_714__CA_1,family_frozen_parameter_recalibrated,ensemble_rate_limiting,rate_cap_activation,inactive,0.0,7691.905302417217,7691.905302417217,0.0,,True,results/working/rate_limiter_mechanism_audit.csv,False,False,False
M5,FOODS_3_714__CA_3,family_frozen_parameter_recalibrated,ensemble_rate_limiting,rate_cap_activation,inactive,0.0,2211.06356753548,2211.06356753548,0.0,,True,results/working/rate_limiter_mechanism_audit.csv,False,False,False
M5,FOODS_3_714__TX_1,family_frozen_parameter_recalibrated,ensemble_rate_limiting,rate_cap_activation,inactive,0.0,2077.613852430292,2077.613852430292,0.0,,True,results/working/rate_limiter_mechanism_audit.csv,False,False,False
M5,FOODS_3_714__TX_2,family_frozen_parameter_recalibrated,ensemble_rate_limiting,rate_cap_activation,inactive,0.0,1371.6980551521115,1371.6980551521115,0.0,,True,results/working/rate_limiter_mechanism_audit.csv,False,False,False
M5,FOODS_3_714__TX_3,family_frozen_parameter_recalibrated,ensemble_rate_limiting,rate_cap_activation,inactive,0.0,2681.116310283313,2681.116310283313,0.0,,True,results/working/rate_limiter_mechanism_audit.csv,False,False,False
M5,FOODS_3_714__WI_3,family_frozen_parameter_recalibrated,ensemble_rate_limiting,rate_cap_activation,inactive,0.0,2396.874290632069,2396.874290632069,0.0,,True,results/working/rate_limiter_mechanism_audit.csv,False,False,False
M5,FOODS_3_723__CA_3,family_frozen_parameter_recalibrated,ensemble_rate_limiting,rate_cap_activation,active,0.03571428571428571,6192.395323555354,6192.395323555354,0.0,,True,results/working/rate_limiter_mechanism_audit.csv,False,False,True
M5,FOODS_3_723__WI_3,family_frozen_parameter_recalibrated,ensemble_rate_limiting,rate_cap_activation,inactive,0.0,5681.229029119641,5681.229029119641,0.0,,True,results/working/rate_limiter_mechanism_audit.csv,False,False,False
M5,FOODS_3_752__CA_3,family_frozen_parameter_recalibrated,ensemble_rate_limiting,rate_cap_activation,active,0.14285714285714285,5718.8452751551295,5718.8452751551295,0.0,,True,results/working/rate_limiter_mechanism_audit.csv,False,False,True
M5,FOODS_3_804__CA_3,family_frozen_parameter_recalibrated,ensemble_rate_limiting,rate_cap_activation,active,0.14285714285714285,4410.177283064339,4667.691883327661,257.51460026332364,,False,results/working/rate_limiter_mechanism_audit.csv,False,True,True
M5,FOODS_3_808__CA_1,family_frozen_parameter_recalibrated,ensemble_rate_limiting,rate_cap_activation,active,0.14285714285714285,1212.4175062350027,1212.4175062350027,0.0,,True,results/working/rate_limiter_mechanism_audit.csv,False,False,True
M5,FOODS_3_808__CA_3,family_frozen_parameter_recalibrated,ensemble_rate_limiting,rate_cap_activation,inactive,0.0,2343.4159565487907,2343.4159565487907,0.0,,True,results/working/rate_limiter_mechanism_audit.csv,False,False,False
M5,HOUSEHOLD_1_118__CA_3,family_frozen_parameter_recalibrated,ensemble_rate_limiting,rate_cap_activation,active,0.03571428571428571,3255.8949117117168,3255.8949117117168,0.0,,True,results/working/rate_limiter_mechanism_audit.csv,False,False,True
M5,HOUSEHOLD_1_334__CA_3,family_frozen_parameter_recalibrated,ensemble_rate_limiting,rate_cap_activation,inactive,0.0,10955.162142156609,10955.162142156609,0.0,,True,results/working/rate_limiter_mechanism_audit.csv,False,False,False
M5,HOUSEHOLD_1_459__CA_3,family_frozen_parameter_recalibrated,ensemble_rate_limiting,rate_cap_activation,inactive,0.0,7651.237768229005,7651.237768229005,0.0,,True,results/working/rate_limiter_mechanism_audit.csv,False,False,False
M5,FOODS_1_218__TX_2,fully_in_domain_tuned,ensemble_rate_limiting,rate_cap_activation,inactive,0.0,4684.608102880304,4684.608102880304,0.0,,True,results/working/rate_limiter_mechanism_audit.csv,False,False,False
M5,FOODS_2_197__CA_1,fully_in_domain_tuned,ensemble_rate_limiting,rate_cap_activation,active,0.03571428571428571,7666.131562846951,7666.131562846951,0.0,,True,results/working/rate_limiter_mechanism_audit.csv,False,False,True
M5,FOODS_2_197__CA_3,fully_in_domain_tuned,ensemble_rate_limiting,rate_cap_activation,inactive,0.0,953.2000977357941,953.2000977357941,0.0,,True,results/working/rate_limiter_mechanism_audit.csv,False,False,False
M5,FOODS_2_276__CA_3,fully_in_domain_tuned,ensemble_rate_limiting,rate_cap_activation,inactive,0.0,677.1796032868189,677.1796032868189,0.0,,True,results/working/rate_limiter_mechanism_audit.csv,False,False,False
M5,FOODS_2_360__CA_3,fully_in_domain_tuned,ensemble_rate_limiting,rate_cap_activation,inactive,0.0,6673.870891354579,6673.870891354579,0.0,,True,results/working/rate_limiter_mechanism_audit.csv,False,False,False
M5,FOODS_2_360__TX_3,fully_in_domain_tuned,ensemble_rate_limiting,rate_cap_activation,active,0.14285714285714285,10725.606558451933,10725.606558451933,0.0,,True,results/working/rate_limiter_mechanism_audit.csv,False,False,True
M5,FOODS_2_360__WI_2,fully_in_domain_tuned,ensemble_rate_limiting,rate_cap_activation,inactive,0.0,39078.206921751545,39078.206921751545,0.0,,True,results/working/rate_limiter_mechanism_audit.csv,False,False,False
M5,FOODS_3_007__WI_2,fully_in_domain_tuned,ensemble_rate_limiting,rate_cap_activation,active,0.25,52980.61249953883,52980.61249953883,0.0,,True,results/working/rate_limiter_mechanism_audit.csv,False,False,True
M5,FOODS_3_030__TX_2,fully_in_domain_tuned,ensemble_rate_limiting,rate_cap_activation,inactive,0.0,3724.752507091989,3724.752507091989,0.0,,True,results/working/rate_limiter_mechanism_audit.csv,False,False,False
M5,FOODS_3_030__TX_3,fully_in_domain_tuned,ensemble_rate_limiting,rate_cap_activation,inactive,0.0,769.0346034194812,769.0346034194812,0.0,,True,results/working/rate_limiter_mechanism_audit.csv,False,False,False
M5,FOODS_3_080__CA_1,fully_in_domain_tuned,ensemble_rate_limiting,rate_cap_activation,inactive,0.0,1512.4966472716076,1512.4966472716076,0.0,,True,results/working/rate_limiter_mechanism_audit.csv,False,False,False
M5,FOODS_3_080__TX_2,fully_in_domain_tuned,ensemble_rate_limiting,rate_cap_activation,inactive,0.0,721.1553770278898,721.1553770278898,0.0,,True,results/working/rate_limiter_mechanism_audit.csv,False,False,False
M5,FOODS_3_090__CA_1,fully_in_domain_tuned,ensemble_rate_limiting,rate_cap_activation,inactive,0.0,21169.984677053853,21169.984677053853,0.0,,True,results/working/rate_limiter_mechanism_audit.csv,False,False,False
M5,FOODS_3_090__CA_2,fully_in_domain_tuned,ensemble_rate_limiting,rate_cap_activation,inactive,0.0,5533.997829639623,5533.997829639623,0.0,,True,results/working/rate_limiter_mechanism_audit.csv,False,False,False
M5,FOODS_3_090__CA_3,fully_in_domain_tuned,ensemble_rate_limiting,rate_cap_activation,inactive,0.0,33589.527158976896,33589.527158976896,0.0,,True,results/working/rate_limiter_mechanism_audit.csv,False,False,False
M5,FOODS_3_090__CA_4,fully_in_domain_tuned,ensemble_rate_limiting,rate_cap_activation,inactive,0.0,9805.115258107517,9805.115258107517,0.0,,True,results/working/rate_limiter_mechanism_audit.csv,False,False,False
M5,FOODS_3_090__TX_1,fully_in_domain_tuned,ensemble_rate_limiting,rate_cap_activation,inactive,0.0,8273.476336040121,8273.476336040121,0.0,,True,results/working/rate_limiter_mechanism_audit.csv,False,False,False
M5,FOODS_3_090__TX_2,fully_in_domain_tuned,ensemble_rate_limiting,rate_cap_activation,inactive,0.0,15775.72715469546,15775.72715469546,0.0,,True,results/working/rate_limiter_mechanism_audit.csv,False,False,False
M5,FOODS_3_090__TX_3,fully_in_domain_tuned,ensemble_rate_limiting,rate_cap_activation,inactive,0.0,15795.73776881205,15795.73776881205,0.0,,True,results/working/rate_limiter_mechanism_audit.csv,False,False,False
M5,FOODS_3_090__WI_3,fully_in_domain_tuned,ensemble_rate_limiting,rate_cap_activation,inactive,0.0,22044.64490006168,22044.64490006168,0.0,,True,results/working/rate_limiter_mechanism_audit.csv,False,False,False
M5,FOODS_3_099__TX_2,fully_in_domain_tuned,ensemble_rate_limiting,rate_cap_activation,inactive,0.0,1247.0448115918873,1247.0448115918873,0.0,,True,results/working/rate_limiter_mechanism_audit.csv,False,False,False
M5,FOODS_3_120__CA_1,fully_in_domain_tuned,ensemble_rate_limiting,rate_cap_activation,active,0.10714285714285714,16302.393585982405,16302.393585982405,0.0,,True,results/working/rate_limiter_mechanism_audit.csv,False,False,True
M5,FOODS_3_120__CA_3,fully_in_domain_tuned,ensemble_rate_limiting,rate_cap_activation,inactive,0.0,37327.894909573995,37327.894909573995,0.0,,True,results/working/rate_limiter_mechanism_audit.csv,False,False,False
M5,FOODS_3_120__WI_3,fully_in_domain_tuned,ensemble_rate_limiting,rate_cap_activation,inactive,0.0,29615.304065112447,29615.304065112447,0.0,,True,results/working/rate_limiter_mechanism_audit.csv,False,False,False
M5,FOODS_3_202__CA_3,fully_in_domain_tuned,ensemble_rate_limiting,rate_cap_activation,inactive,0.0,13323.402349776434,13323.402349776434,0.0,,True,results/working/rate_limiter_mechanism_audit.csv,False,False,False
M5,FOODS_3_202__TX_1,fully_in_domain_tuned,ensemble_rate_limiting,rate_cap_activation,inactive,0.0,7792.780144093412,7792.780144093412,0.0,,True,results/working/rate_limiter_mechanism_audit.csv,False,False,False
M5,FOODS_3_202__TX_2,fully_in_domain_tuned,ensemble_rate_limiting,rate_cap_activation,inactive,0.0,7897.863575710394,7897.863575710394,0.0,,True,results/working/rate_limiter_mechanism_audit.csv,False,False,False
M5,FOODS_3_202__TX_3,fully_in_domain_tuned,ensemble_rate_limiting,rate_cap_activation,inactive,0.0,5592.008397756161,5592.008397756161,0.0,,True,results/working/rate_limiter_mechanism_audit.csv,False,False,False
M5,FOODS_3_226__WI_1,fully_in_domain_tuned,ensemble_rate_limiting,rate_cap_activation,inactive,0.0,3554.3098775268923,3554.3098775268923,0.0,,True,results/working/rate_limiter_mechanism_audit.csv,False,False,False
M5,FOODS_3_226__WI_2,fully_in_domain_tuned,ensemble_rate_limiting,rate_cap_activation,inactive,0.0,2354.4086246761044,2354.4086246761044,0.0,,True,results/working/rate_limiter_mechanism_audit.csv,False,False,False
M5,FOODS_3_226__WI_3,fully_in_domain_tuned,ensemble_rate_limiting,rate_cap_activation,inactive,0.0,1354.238678345739,1354.238678345739,0.0,,True,results/working/rate_limiter_mechanism_audit.csv,False,False,False
M5,FOODS_3_234__CA_3,fully_in_domain_tuned,ensemble_rate_limiting,rate_cap_activation,active,0.32142857142857145,6581.563967600188,6581.563967600188,0.0,,True,results/working/rate_limiter_mechanism_audit.csv,False,False,True
M5,FOODS_3_234__WI_2,fully_in_domain_tuned,ensemble_rate_limiting,rate_cap_activation,active,0.2857142857142857,5415.056189711808,5415.056189711808,0.0,,True,results/working/rate_limiter_mechanism_audit.csv,False,False,True
M5,FOODS_3_234__WI_3,fully_in_domain_tuned,ensemble_rate_limiting,rate_cap_activation,active,0.03571428571428571,9938.677592704,9938.677592704,0.0,,True,results/working/rate_limiter_mechanism_audit.csv,False,False,True
M5,FOODS_3_252__CA_1,fully_in_domain_tuned,ensemble_rate_limiting,rate_cap_activation,inactive,0.0,4128.535505779756,4128.535505779756,0.0,,True,results/working/rate_limiter_mechanism_audit.csv,False,False,False
M5,FOODS_3_252__CA_2,fully_in_domain_tuned,ensemble_rate_limiting,rate_cap_activation,inactive,0.0,5432.337782986942,5432.337782986942,0.0,,True,results/working/rate_limiter_mechanism_audit.csv,False,False,False
M5,FOODS_3_252__CA_3,fully_in_domain_tuned,ensemble_rate_limiting,rate_cap_activation,inactive,0.0,4125.095695437974,4125.095695437974,0.0,,True,results/working/rate_limiter_mechanism_audit.csv,False,False,False
M5,FOODS_3_252__TX_1,fully_in_domain_tuned,ensemble_rate_limiting,rate_cap_activation,inactive,0.0,9833.97194042968,9833.97194042968,0.0,,True,results/working/rate_limiter_mechanism_audit.csv,False,False,False
M5,FOODS_3_252__TX_2,fully_in_domain_tuned,ensemble_rate_limiting,rate_cap_activation,inactive,0.0,6586.507072576983,6586.507072576983,0.0,,True,results/working/rate_limiter_mechanism_audit.csv,False,False,False
M5,FOODS_3_252__TX_3,fully_in_domain_tuned,ensemble_rate_limiting,rate_cap_activation,active,0.03571428571428571,5854.499365263305,5854.499365263305,0.0,,True,results/working/rate_limiter_mechanism_audit.csv,False,False,True
M5,FOODS_3_252__WI_3,fully_in_domain_tuned,ensemble_rate_limiting,rate_cap_activation,inactive,0.0,3241.580232318113,3241.580232318113,0.0,,True,results/working/rate_limiter_mechanism_audit.csv,False,False,False
M5,FOODS_3_281__CA_3,fully_in_domain_tuned,ensemble_rate_limiting,rate_cap_activation,active,0.07142857142857142,9875.48880199908,9875.48880199908,0.0,,True,results/working/rate_limiter_mechanism_audit.csv,False,False,True
M5,FOODS_3_282__CA_3,fully_in_domain_tuned,ensemble_rate_limiting,rate_cap_activation,inactive,0.0,12776.695057394008,12776.695057394008,0.0,,True,results/working/rate_limiter_mechanism_audit.csv,False,False,False
M5,FOODS_3_288__CA_3,fully_in_domain_tuned,ensemble_rate_limiting,rate_cap_activation,inactive,0.0,4685.567343218845,4685.567343218845,0.0,,True,results/working/rate_limiter_mechanism_audit.csv,False,False,False
M5,FOODS_3_318__CA_3,fully_in_domain_tuned,ensemble_rate_limiting,rate_cap_activation,inactive,0.0,4604.207302469701,4604.207302469701,0.0,,True,results/working/rate_limiter_mechanism_audit.csv,False,False,False
M5,FOODS_3_318__WI_3,fully_in_domain_tuned,ensemble_rate_limiting,rate_cap_activation,inactive,0.0,8983.674432480906,8983.674432480906,0.0,,True,results/working/rate_limiter_mechanism_audit.csv,False,False,False
M5,FOODS_3_319__CA_3,fully_in_domain_tuned,ensemble_rate_limiting,rate_cap_activation,inactive,0.0,1329.7196134471476,1329.7196134471476,0.0,,True,results/working/rate_limiter_mechanism_audit.csv,False,False,False
M5,FOODS_3_376__WI_2,fully_in_domain_tuned,ensemble_rate_limiting,rate_cap_activation,inactive,0.0,31082.972999273654,31082.972999273654,0.0,,True,results/working/rate_limiter_mechanism_audit.csv,False,False,False
M5,FOODS_3_377__TX_2,fully_in_domain_tuned,ensemble_rate_limiting,rate_cap_activation,inactive,0.0,1100.3241309422876,1100.3241309422876,0.0,,True,results/working/rate_limiter_mechanism_audit.csv,False,False,False
M5,FOODS_3_377__TX_3,fully_in_domain_tuned,ensemble_rate_limiting,rate_cap_activation,inactive,0.0,1388.5031873961154,1388.5031873961154,0.0,,True,results/working/rate_limiter_mechanism_audit.csv,False,False,False
M5,FOODS_3_412__WI_2,fully_in_domain_tuned,ensemble_rate_limiting,rate_cap_activation,active,0.17857142857142858,12100.769691539612,12100.769691539612,0.0,,True,results/working/rate_limiter_mechanism_audit.csv,False,False,True
M5,FOODS_3_462__WI_2,fully_in_domain_tuned,ensemble_rate_limiting,rate_cap_activation,inactive,0.0,6264.685387635777,6264.685387635777,0.0,,True,results/working/rate_limiter_mechanism_audit.csv,False,False,False
M5,FOODS_3_501__CA_3,fully_in_domain_tuned,ensemble_rate_limiting,rate_cap_activation,inactive,0.0,2242.933633330551,2242.933633330551,0.0,,True,results/working/rate_limiter_mechanism_audit.csv,False,False,False
M5,FOODS_3_541__CA_1,fully_in_domain_tuned,ensemble_rate_limiting,rate_cap_activation,inactive,0.0,147.83333472656219,147.83333472656219,0.0,,True,results/working/rate_limiter_mechanism_audit.csv,False,False,False
M5,FOODS_3_541__CA_3,fully_in_domain_tuned,ensemble_rate_limiting,rate_cap_activation,inactive,0.0,1212.878205961741,1212.878205961741,0.0,,True,results/working/rate_limiter_mechanism_audit.csv,False,False,False
M5,FOODS_3_547__WI_2,fully_in_domain_tuned,ensemble_rate_limiting,rate_cap_activation,active,0.21428571428571427,4568.475753335971,4568.475753335971,0.0,,True,results/working/rate_limiter_mechanism_audit.csv,False,False,True
M5,FOODS_3_555__CA_1,fully_in_domain_tuned,ensemble_rate_limiting,rate_cap_activation,inactive,0.0,1338.288815348624,1338.288815348624,0.0,,True,results/working/rate_limiter_mechanism_audit.csv,False,False,False
M5,FOODS_3_555__CA_3,fully_in_domain_tuned,ensemble_rate_limiting,rate_cap_activation,inactive,0.0,7030.0008729935325,7030.0008729935325,0.0,,True,results/working/rate_limiter_mechanism_audit.csv,False,False,False
M5,FOODS_3_555__TX_1,fully_in_domain_tuned,ensemble_rate_limiting,rate_cap_activation,inactive,0.0,6390.228472303868,6390.228472303868,0.0,,True,results/working/rate_limiter_mechanism_audit.csv,False,False,False
M5,FOODS_3_555__TX_2,fully_in_domain_tuned,ensemble_rate_limiting,rate_cap_activation,inactive,0.0,4858.649185355362,4858.649185355362,0.0,,True,results/working/rate_limiter_mechanism_audit.csv,False,False,False
M5,FOODS_3_555__TX_3,fully_in_domain_tuned,ensemble_rate_limiting,rate_cap_activation,inactive,0.0,2608.5467043332997,2608.5467043332997,0.0,,True,results/working/rate_limiter_mechanism_audit.csv,False,False,False
M5,FOODS_3_555__WI_3,fully_in_domain_tuned,ensemble_rate_limiting,rate_cap_activation,inactive,0.0,2282.410177684221,2282.410177684221,0.0,,True,results/working/rate_limiter_mechanism_audit.csv,False,False,False
M5,FOODS_3_586__CA_1,fully_in_domain_tuned,ensemble_rate_limiting,rate_cap_activation,inactive,0.0,5973.687578331774,5973.687578331774,0.0,,True,results/working/rate_limiter_mechanism_audit.csv,False,False,False
M5,FOODS_3_586__CA_2,fully_in_domain_tuned,ensemble_rate_limiting,rate_cap_activation,inactive,0.0,2941.7640414559255,2941.7640414559255,0.0,,True,results/working/rate_limiter_mechanism_audit.csv,False,False,False
M5,FOODS_3_586__CA_3,fully_in_domain_tuned,ensemble_rate_limiting,rate_cap_activation,inactive,0.0,2730.6327995109077,2730.6327995109077,0.0,,True,results/working/rate_limiter_mechanism_audit.csv,False,False,False
M5,FOODS_3_586__TX_1,fully_in_domain_tuned,ensemble_rate_limiting,rate_cap_activation,inactive,0.0,5178.003789299178,5178.003789299178,0.0,,True,results/working/rate_limiter_mechanism_audit.csv,False,False,False
M5,FOODS_3_586__TX_2,fully_in_domain_tuned,ensemble_rate_limiting,rate_cap_activation,inactive,0.0,8298.143836280095,8298.143836280095,0.0,,True,results/working/rate_limiter_mechanism_audit.csv,False,False,False
M5,FOODS_3_586__TX_3,fully_in_domain_tuned,ensemble_rate_limiting,rate_cap_activation,inactive,0.0,4877.11871242729,4877.11871242729,0.0,,True,results/working/rate_limiter_mechanism_audit.csv,False,False,False
M5,FOODS_3_586__WI_3,fully_in_domain_tuned,ensemble_rate_limiting,rate_cap_activation,inactive,0.0,1718.4532552962794,1718.4532552962794,0.0,,True,results/working/rate_limiter_mechanism_audit.csv,False,False,False
M5,FOODS_3_587__CA_1,fully_in_domain_tuned,ensemble_rate_limiting,rate_cap_activation,inactive,0.0,1257.9623830727928,1257.9623830727928,0.0,,True,results/working/rate_limiter_mechanism_audit.csv,False,False,False
M5,FOODS_3_587__CA_3,fully_in_domain_tuned,ensemble_rate_limiting,rate_cap_activation,inactive,0.0,2805.3218097832914,2805.3218097832914,0.0,,True,results/working/rate_limiter_mechanism_audit.csv,False,False,False
M5,FOODS_3_587__TX_1,fully_in_domain_tuned,ensemble_rate_limiting,rate_cap_activation,inactive,0.0,1368.7888093969802,1368.7888093969802,0.0,,True,results/working/rate_limiter_mechanism_audit.csv,False,False,False
M5,FOODS_3_587__TX_2,fully_in_domain_tuned,ensemble_rate_limiting,rate_cap_activation,inactive,0.0,2110.801459679568,2110.801459679568,0.0,,True,results/working/rate_limiter_mechanism_audit.csv,False,False,False
M5,FOODS_3_587__TX_3,fully_in_domain_tuned,ensemble_rate_limiting,rate_cap_activation,inactive,0.0,2502.338340955708,2502.338340955708,0.0,,True,results/working/rate_limiter_mechanism_audit.csv,False,False,False
M5,FOODS_3_587__WI_3,fully_in_domain_tuned,ensemble_rate_limiting,rate_cap_activation,inactive,0.0,17671.332797118288,17671.332797118288,0.0,,True,results/working/rate_limiter_mechanism_audit.csv,False,False,False
M5,FOODS_3_607__CA_3,fully_in_domain_tuned,ensemble_rate_limiting,rate_cap_activation,inactive,0.0,4729.957948329251,4729.957948329251,0.0,,True,results/working/rate_limiter_mechanism_audit.csv,False,False,False
M5,FOODS_3_635__CA_3,fully_in_domain_tuned,ensemble_rate_limiting,rate_cap_activation,inactive,0.0,2353.1281242812165,2353.1281242812165,0.0,,True,results/working/rate_limiter_mechanism_audit.csv,False,False,False
M5,FOODS_3_681__CA_3,fully_in_domain_tuned,ensemble_rate_limiting,rate_cap_activation,inactive,0.0,3374.903294591375,3374.903294591375,0.0,,True,results/working/rate_limiter_mechanism_audit.csv,False,False,False
M5,FOODS_3_681__WI_3,fully_in_domain_tuned,ensemble_rate_limiting,rate_cap_activation,inactive,0.0,14550.358304953557,14550.358304953557,0.0,,True,results/working/rate_limiter_mechanism_audit.csv,False,False,False
M5,FOODS_3_694__CA_3,fully_in_domain_tuned,ensemble_rate_limiting,rate_cap_activation,inactive,0.0,3865.196938776951,3865.196938776951,0.0,,True,results/working/rate_limiter_mechanism_audit.csv,False,False,False
M5,FOODS_3_694__WI_1,fully_in_domain_tuned,ensemble_rate_limiting,rate_cap_activation,inactive,0.0,3938.556090497356,3938.556090497356,0.0,,True,results/working/rate_limiter_mechanism_audit.csv,False,False,False
M5,FOODS_3_694__WI_2,fully_in_domain_tuned,ensemble_rate_limiting,rate_cap_activation,inactive,0.0,1822.1080640267694,1822.1080640267694,0.0,,True,results/working/rate_limiter_mechanism_audit.csv,False,False,False
M5,FOODS_3_694__WI_3,fully_in_domain_tuned,ensemble_rate_limiting,rate_cap_activation,inactive,0.0,2575.065308324023,2575.065308324023,0.0,,True,results/working/rate_limiter_mechanism_audit.csv,False,False,False
M5,FOODS_3_711__CA_3,fully_in_domain_tuned,ensemble_rate_limiting,rate_cap_activation,active,0.17857142857142858,1682.1348652734507,1690.6619160043426,8.52705073089237,,False,results/working/rate_limiter_mechanism_audit.csv,False,False,True
M5,FOODS_3_711__WI_2,fully_in_domain_tuned,ensemble_rate_limiting,rate_cap_activation,active,0.21428571428571427,3038.8346592423122,3131.433669165888,92.59900992357552,,False,results/working/rate_limiter_mechanism_audit.csv,False,True,True
M5,FOODS_3_714__CA_1,fully_in_domain_tuned,ensemble_rate_limiting,rate_cap_activation,inactive,0.0,7691.905302417217,7691.905302417217,0.0,,True,results/working/rate_limiter_mechanism_audit.csv,False,False,False
M5,FOODS_3_714__CA_3,fully_in_domain_tuned,ensemble_rate_limiting,rate_cap_activation,inactive,0.0,2211.06356753548,2211.06356753548,0.0,,True,results/working/rate_limiter_mechanism_audit.csv,False,False,False
M5,FOODS_3_714__TX_1,fully_in_domain_tuned,ensemble_rate_limiting,rate_cap_activation,inactive,0.0,2077.613852430292,2077.613852430292,0.0,,True,results/working/rate_limiter_mechanism_audit.csv,False,False,False
M5,FOODS_3_714__TX_2,fully_in_domain_tuned,ensemble_rate_limiting,rate_cap_activation,inactive,0.0,1371.6980551521115,1371.6980551521115,0.0,,True,results/working/rate_limiter_mechanism_audit.csv,False,False,False
M5,FOODS_3_714__TX_3,fully_in_domain_tuned,ensemble_rate_limiting,rate_cap_activation,inactive,0.0,2681.116310283313,2681.116310283313,0.0,,True,results/working/rate_limiter_mechanism_audit.csv,False,False,False
M5,FOODS_3_714__WI_3,fully_in_domain_tuned,ensemble_rate_limiting,rate_cap_activation,inactive,0.0,2396.874290632069,2396.874290632069,0.0,,True,results/working/rate_limiter_mechanism_audit.csv,False,False,False
M5,FOODS_3_723__CA_3,fully_in_domain_tuned,ensemble_rate_limiting,rate_cap_activation,active,0.03571428571428571,6192.395323555354,6192.395323555354,0.0,,True,results/working/rate_limiter_mechanism_audit.csv,False,False,True
M5,FOODS_3_723__WI_3,fully_in_domain_tuned,ensemble_rate_limiting,rate_cap_activation,inactive,0.0,5681.229029119641,5681.229029119641,0.0,,True,results/working/rate_limiter_mechanism_audit.csv,False,False,False
M5,FOODS_3_752__CA_3,fully_in_domain_tuned,ensemble_rate_limiting,rate_cap_activation,active,0.14285714285714285,5718.8452751551295,5718.8452751551295,0.0,,True,results/working/rate_limiter_mechanism_audit.csv,False,False,True
M5,FOODS_3_804__CA_3,fully_in_domain_tuned,ensemble_rate_limiting,rate_cap_activation,active,0.14285714285714285,4410.177283064339,4667.691883327661,257.51460026332364,,False,results/working/rate_limiter_mechanism_audit.csv,False,True,True
M5,FOODS_3_808__CA_1,fully_in_domain_tuned,ensemble_rate_limiting,rate_cap_activation,active,0.14285714285714285,1212.4175062350027,1212.4175062350027,0.0,,True,results/working/rate_limiter_mechanism_audit.csv,False,False,True
M5,FOODS_3_808__CA_3,fully_in_domain_tuned,ensemble_rate_limiting,rate_cap_activation,inactive,0.0,2343.4159565487907,2343.4159565487907,0.0,,True,results/working/rate_limiter_mechanism_audit.csv,False,False,False
M5,HOUSEHOLD_1_118__CA_3,fully_in_domain_tuned,ensemble_rate_limiting,rate_cap_activation,active,0.03571428571428571,3255.8949117117168,3255.8949117117168,0.0,,True,results/working/rate_limiter_mechanism_audit.csv,False,False,True
M5,HOUSEHOLD_1_334__CA_3,fully_in_domain_tuned,ensemble_rate_limiting,rate_cap_activation,inactive,0.0,10955.162142156609,10955.162142156609,0.0,,True,results/working/rate_limiter_mechanism_audit.csv,False,False,False
M5,HOUSEHOLD_1_459__CA_3,fully_in_domain_tuned,ensemble_rate_limiting,rate_cap_activation,inactive,0.0,7651.237768229005,7651.237768229005,0.0,,True,results/working/rate_limiter_mechanism_audit.csv,False,False,False
M5,FOODS_1_218__TX_2,strict_frozen,ensemble_rate_limiting,rate_cap_activation,active,0.07142857142857142,4684.608102880304,4684.608102880304,0.0,,True,results/working/rate_limiter_mechanism_audit.csv,False,False,True
M5,FOODS_2_197__CA_1,strict_frozen,ensemble_rate_limiting,rate_cap_activation,active,0.14285714285714285,7666.131562846951,7666.131562846951,0.0,,True,results/working/rate_limiter_mechanism_audit.csv,False,False,True
M5,FOODS_2_197__CA_3,strict_frozen,ensemble_rate_limiting,rate_cap_activation,active,0.03571428571428571,953.2000977357941,953.2000977357941,0.0,,True,results/working/rate_limiter_mechanism_audit.csv,False,False,True
M5,FOODS_2_276__CA_3,strict_frozen,ensemble_rate_limiting,rate_cap_activation,active,0.03571428571428571,677.1796032868189,677.1796032868189,0.0,,True,results/working/rate_limiter_mechanism_audit.csv,False,False,True
M5,FOODS_2_360__CA_3,strict_frozen,ensemble_rate_limiting,rate_cap_activation,active,0.07142857142857142,6673.870891354579,6673.870891354579,0.0,,True,results/working/rate_limiter_mechanism_audit.csv,False,False,True
M5,FOODS_2_360__TX_3,strict_frozen,ensemble_rate_limiting,rate_cap_activation,active,0.35714285714285715,10725.606558451933,10725.606558451933,0.0,,True,results/working/rate_limiter_mechanism_audit.csv,False,False,True
M5,FOODS_2_360__WI_2,strict_frozen,ensemble_rate_limiting,rate_cap_activation,inactive,0.0,39078.206921751545,39078.206921751545,0.0,,True,results/working/rate_limiter_mechanism_audit.csv,False,False,False
M5,FOODS_3_007__WI_2,strict_frozen,ensemble_rate_limiting,rate_cap_activation,active,0.5714285714285714,52980.61249953883,52980.61249953883,0.0,,True,results/working/rate_limiter_mechanism_audit.csv,False,False,True
M5,FOODS_3_030__TX_2,strict_frozen,ensemble_rate_limiting,rate_cap_activation,active,0.07142857142857142,3724.752507091989,3724.752507091989,0.0,,True,results/working/rate_limiter_mechanism_audit.csv,False,False,True
M5,FOODS_3_030__TX_3,strict_frozen,ensemble_rate_limiting,rate_cap_activation,active,0.03571428571428571,769.0346034194812,769.0346034194812,0.0,,True,results/working/rate_limiter_mechanism_audit.csv,False,False,True
M5,FOODS_3_080__CA_1,strict_frozen,ensemble_rate_limiting,rate_cap_activation,inactive,0.0,1512.4966472716076,1512.4966472716076,0.0,,True,results/working/rate_limiter_mechanism_audit.csv,False,False,False
M5,FOODS_3_080__TX_2,strict_frozen,ensemble_rate_limiting,rate_cap_activation,active,0.03571428571428571,721.1553770278898,721.1553770278898,0.0,,True,results/working/rate_limiter_mechanism_audit.csv,False,False,True
M5,FOODS_3_090__CA_1,strict_frozen,ensemble_rate_limiting,rate_cap_activation,active,0.07142857142857142,21169.984677053853,21169.984677053853,0.0,,True,results/working/rate_limiter_mechanism_audit.csv,False,False,True
M5,FOODS_3_090__CA_2,strict_frozen,ensemble_rate_limiting,rate_cap_activation,active,0.03571428571428571,5533.997829639623,5533.997829639623,0.0,,True,results/working/rate_limiter_mechanism_audit.csv,False,False,True
M5,FOODS_3_090__CA_3,strict_frozen,ensemble_rate_limiting,rate_cap_activation,active,0.03571428571428571,33589.527158976896,33589.527158976896,0.0,,True,results/working/rate_limiter_mechanism_audit.csv,False,False,True
M5,FOODS_3_090__CA_4,strict_frozen,ensemble_rate_limiting,rate_cap_activation,active,0.14285714285714285,9805.115258107517,9805.115258107517,0.0,,True,results/working/rate_limiter_mechanism_audit.csv,False,False,True
M5,FOODS_3_090__TX_1,strict_frozen,ensemble_rate_limiting,rate_cap_activation,active,0.03571428571428571,8273.476336040121,8273.476336040121,0.0,,True,results/working/rate_limiter_mechanism_audit.csv,False,False,True
M5,FOODS_3_090__TX_2,strict_frozen,ensemble_rate_limiting,rate_cap_activation,active,0.07142857142857142,15775.72715469546,15775.72715469546,0.0,,True,results/working/rate_limiter_mechanism_audit.csv,False,False,True
M5,FOODS_3_090__TX_3,strict_frozen,ensemble_rate_limiting,rate_cap_activation,inactive,0.0,15795.73776881205,15795.73776881205,0.0,,True,results/working/rate_limiter_mechanism_audit.csv,False,False,False
M5,FOODS_3_090__WI_3,strict_frozen,ensemble_rate_limiting,rate_cap_activation,active,0.03571428571428571,22044.64490006168,22044.64490006168,0.0,,True,results/working/rate_limiter_mechanism_audit.csv,False,False,True
M5,FOODS_3_099__TX_2,strict_frozen,ensemble_rate_limiting,rate_cap_activation,active,0.03571428571428571,1247.0448115918873,1247.0448115918873,0.0,,True,results/working/rate_limiter_mechanism_audit.csv,False,False,True
M5,FOODS_3_120__CA_1,strict_frozen,ensemble_rate_limiting,rate_cap_activation,active,0.4642857142857143,16302.393585982405,16302.393585982405,0.0,,True,results/working/rate_limiter_mechanism_audit.csv,False,False,True
M5,FOODS_3_120__CA_3,strict_frozen,ensemble_rate_limiting,rate_cap_activation,inactive,0.0,37327.894909573995,37327.894909573995,0.0,,True,results/working/rate_limiter_mechanism_audit.csv,False,False,False
M5,FOODS_3_120__WI_3,strict_frozen,ensemble_rate_limiting,rate_cap_activation,active,0.07142857142857142,29615.304065112447,29615.304065112447,0.0,,True,results/working/rate_limiter_mechanism_audit.csv,False,False,True
M5,FOODS_3_202__CA_3,strict_frozen,ensemble_rate_limiting,rate_cap_activation,active,0.03571428571428571,13323.402349776434,13323.402349776434,0.0,,True,results/working/rate_limiter_mechanism_audit.csv,False,False,True
M5,FOODS_3_202__TX_1,strict_frozen,ensemble_rate_limiting,rate_cap_activation,active,0.03571428571428571,7792.780144093412,7792.780144093412,0.0,,True,results/working/rate_limiter_mechanism_audit.csv,False,False,True
M5,FOODS_3_202__TX_2,strict_frozen,ensemble_rate_limiting,rate_cap_activation,inactive,0.0,7897.863575710394,7897.863575710394,0.0,,True,results/working/rate_limiter_mechanism_audit.csv,False,False,False
M5,FOODS_3_202__TX_3,strict_frozen,ensemble_rate_limiting,rate_cap_activation,active,0.07142857142857142,5592.008397756161,5592.008397756161,0.0,,True,results/working/rate_limiter_mechanism_audit.csv,False,False,True
M5,FOODS_3_226__WI_1,strict_frozen,ensemble_rate_limiting,rate_cap_activation,inactive,0.0,3554.3098775268923,3554.3098775268923,0.0,,True,results/working/rate_limiter_mechanism_audit.csv,False,False,False
M5,FOODS_3_226__WI_2,strict_frozen,ensemble_rate_limiting,rate_cap_activation,inactive,0.0,2354.4086246761044,2354.4086246761044,0.0,,True,results/working/rate_limiter_mechanism_audit.csv,False,False,False
M5,FOODS_3_226__WI_3,strict_frozen,ensemble_rate_limiting,rate_cap_activation,inactive,0.0,1354.238678345739,1354.238678345739,0.0,,True,results/working/rate_limiter_mechanism_audit.csv,False,False,False
M5,FOODS_3_234__CA_3,strict_frozen,ensemble_rate_limiting,rate_cap_activation,active,0.5,6581.563967600188,6581.563967600188,0.0,,True,results/working/rate_limiter_mechanism_audit.csv,False,False,True
M5,FOODS_3_234__WI_2,strict_frozen,ensemble_rate_limiting,rate_cap_activation,active,0.2857142857142857,5415.056189711808,5415.056189711808,0.0,,True,results/working/rate_limiter_mechanism_audit.csv,False,False,True
M5,FOODS_3_234__WI_3,strict_frozen,ensemble_rate_limiting,rate_cap_activation,active,0.2857142857142857,9938.677592704,9938.677592704,0.0,,True,results/working/rate_limiter_mechanism_audit.csv,False,False,True
M5,FOODS_3_252__CA_1,strict_frozen,ensemble_rate_limiting,rate_cap_activation,active,0.03571428571428571,4128.535505779756,4128.535505779756,0.0,,True,results/working/rate_limiter_mechanism_audit.csv,False,False,True
M5,FOODS_3_252__CA_2,strict_frozen,ensemble_rate_limiting,rate_cap_activation,active,0.07142857142857142,5432.337782986942,5432.337782986942,0.0,,True,results/working/rate_limiter_mechanism_audit.csv,False,False,True
M5,FOODS_3_252__CA_3,strict_frozen,ensemble_rate_limiting,rate_cap_activation,inactive,0.0,4125.095695437974,4125.095695437974,0.0,,True,results/working/rate_limiter_mechanism_audit.csv,False,False,False
M5,FOODS_3_252__TX_1,strict_frozen,ensemble_rate_limiting,rate_cap_activation,active,0.03571428571428571,9833.97194042968,9833.97194042968,0.0,,True,results/working/rate_limiter_mechanism_audit.csv,False,False,True
M5,FOODS_3_252__TX_2,strict_frozen,ensemble_rate_limiting,rate_cap_activation,inactive,0.0,6586.507072576983,6586.507072576983,0.0,,True,results/working/rate_limiter_mechanism_audit.csv,False,False,False
M5,FOODS_3_252__TX_3,strict_frozen,ensemble_rate_limiting,rate_cap_activation,active,0.03571428571428571,5854.499365263305,5854.499365263305,0.0,,True,results/working/rate_limiter_mechanism_audit.csv,False,False,True
M5,FOODS_3_252__WI_3,strict_frozen,ensemble_rate_limiting,rate_cap_activation,active,0.14285714285714285,3241.580232318113,3241.580232318113,0.0,,True,results/working/rate_limiter_mechanism_audit.csv,False,False,True
M5,FOODS_3_281__CA_3,strict_frozen,ensemble_rate_limiting,rate_cap_activation,active,0.17857142857142858,9875.48880199908,9875.48880199908,0.0,,True,results/working/rate_limiter_mechanism_audit.csv,False,False,True
M5,FOODS_3_282__CA_3,strict_frozen,ensemble_rate_limiting,rate_cap_activation,inactive,0.0,12776.695057394008,12776.695057394008,0.0,,True,results/working/rate_limiter_mechanism_audit.csv,False,False,False
M5,FOODS_3_288__CA_3,strict_frozen,ensemble_rate_limiting,rate_cap_activation,inactive,0.0,4685.567343218845,4685.567343218845,0.0,,True,results/working/rate_limiter_mechanism_audit.csv,False,False,False
M5,FOODS_3_318__CA_3,strict_frozen,ensemble_rate_limiting,rate_cap_activation,active,0.14285714285714285,4604.207302469701,4604.207302469701,0.0,,True,results/working/rate_limiter_mechanism_audit.csv,False,False,True
M5,FOODS_3_318__WI_3,strict_frozen,ensemble_rate_limiting,rate_cap_activation,active,0.07142857142857142,8983.674432480906,8983.674432480906,0.0,,True,results/working/rate_limiter_mechanism_audit.csv,False,False,True
M5,FOODS_3_319__CA_3,strict_frozen,ensemble_rate_limiting,rate_cap_activation,active,0.14285714285714285,1329.7196134471476,1329.7196134471476,0.0,,True,results/working/rate_limiter_mechanism_audit.csv,False,False,True
M5,FOODS_3_376__WI_2,strict_frozen,ensemble_rate_limiting,rate_cap_activation,active,0.14285714285714285,31082.972999273654,31082.972999273654,0.0,,True,results/working/rate_limiter_mechanism_audit.csv,False,False,True
M5,FOODS_3_377__TX_2,strict_frozen,ensemble_rate_limiting,rate_cap_activation,inactive,0.0,1100.3241309422876,1100.3241309422876,0.0,,True,results/working/rate_limiter_mechanism_audit.csv,False,False,False
M5,FOODS_3_377__TX_3,strict_frozen,ensemble_rate_limiting,rate_cap_activation,inactive,0.0,1388.5031873961154,1388.5031873961154,0.0,,True,results/working/rate_limiter_mechanism_audit.csv,False,False,False
M5,FOODS_3_412__WI_2,strict_frozen,ensemble_rate_limiting,rate_cap_activation,active,0.32142857142857145,12100.769691539612,12100.769691539612,0.0,,True,results/working/rate_limiter_mechanism_audit.csv,False,False,True
M5,FOODS_3_462__WI_2,strict_frozen,ensemble_rate_limiting,rate_cap_activation,active,0.10714285714285714,6264.685387635777,6264.685387635777,0.0,,True,results/working/rate_limiter_mechanism_audit.csv,False,False,True
M5,FOODS_3_501__CA_3,strict_frozen,ensemble_rate_limiting,rate_cap_activation,active,0.03571428571428571,2242.933633330551,2242.933633330551,0.0,,True,results/working/rate_limiter_mechanism_audit.csv,False,False,True
M5,FOODS_3_541__CA_1,strict_frozen,ensemble_rate_limiting,rate_cap_activation,active,0.07142857142857142,147.83333472656219,147.83333472656219,0.0,,True,results/working/rate_limiter_mechanism_audit.csv,False,False,True
M5,FOODS_3_541__CA_3,strict_frozen,ensemble_rate_limiting,rate_cap_activation,active,0.03571428571428571,1212.878205961741,1212.878205961741,0.0,,True,results/working/rate_limiter_mechanism_audit.csv,False,False,True
M5,FOODS_3_547__WI_2,strict_frozen,ensemble_rate_limiting,rate_cap_activation,active,0.35714285714285715,4568.475753335971,4422.433764677306,-146.04198865866508,,False,results/working/rate_limiter_mechanism_audit.csv,True,False,False
M5,FOODS_3_555__CA_1,strict_frozen,ensemble_rate_limiting,rate_cap_activation,inactive,0.0,1338.288815348624,1338.288815348624,0.0,,True,results/working/rate_limiter_mechanism_audit.csv,False,False,False
M5,FOODS_3_555__CA_3,strict_frozen,ensemble_rate_limiting,rate_cap_activation,inactive,0.0,7030.0008729935325,7030.0008729935325,0.0,,True,results/working/rate_limiter_mechanism_audit.csv,False,False,False
M5,FOODS_3_555__TX_1,strict_frozen,ensemble_rate_limiting,rate_cap_activation,inactive,0.0,6390.228472303868,6390.228472303868,0.0,,True,results/working/rate_limiter_mechanism_audit.csv,False,False,False
M5,FOODS_3_555__TX_2,strict_frozen,ensemble_rate_limiting,rate_cap_activation,inactive,0.0,4858.649185355362,4858.649185355362,0.0,,True,results/working/rate_limiter_mechanism_audit.csv,False,False,False
M5,FOODS_3_555__TX_3,strict_frozen,ensemble_rate_limiting,rate_cap_activation,inactive,0.0,2608.5467043332997,2608.5467043332997,0.0,,True,results/working/rate_limiter_mechanism_audit.csv,False,False,False
M5,FOODS_3_555__WI_3,strict_frozen,ensemble_rate_limiting,rate_cap_activation,inactive,0.0,2282.410177684221,2282.410177684221,0.0,,True,results/working/rate_limiter_mechanism_audit.csv,False,False,False
M5,FOODS_3_586__CA_1,strict_frozen,ensemble_rate_limiting,rate_cap_activation,inactive,0.0,5973.687578331774,5973.687578331774,0.0,,True,results/working/rate_limiter_mechanism_audit.csv,False,False,False
M5,FOODS_3_586__CA_2,strict_frozen,ensemble_rate_limiting,rate_cap_activation,inactive,0.0,2941.7640414559255,2941.7640414559255,0.0,,True,results/working/rate_limiter_mechanism_audit.csv,False,False,False
M5,FOODS_3_586__CA_3,strict_frozen,ensemble_rate_limiting,rate_cap_activation,inactive,0.0,2730.6327995109077,2730.6327995109077,0.0,,True,results/working/rate_limiter_mechanism_audit.csv,False,False,False
M5,FOODS_3_586__TX_1,strict_frozen,ensemble_rate_limiting,rate_cap_activation,inactive,0.0,5178.003789299178,5178.003789299178,0.0,,True,results/working/rate_limiter_mechanism_audit.csv,False,False,False
M5,FOODS_3_586__TX_2,strict_frozen,ensemble_rate_limiting,rate_cap_activation,inactive,0.0,8298.143836280095,8298.143836280095,0.0,,True,results/working/rate_limiter_mechanism_audit.csv,False,False,False
M5,FOODS_3_586__TX_3,strict_frozen,ensemble_rate_limiting,rate_cap_activation,inactive,0.0,4877.11871242729,4877.11871242729,0.0,,True,results/working/rate_limiter_mechanism_audit.csv,False,False,False
M5,FOODS_3_586__WI_3,strict_frozen,ensemble_rate_limiting,rate_cap_activation,inactive,0.0,1718.4532552962794,1718.4532552962794,0.0,,True,results/working/rate_limiter_mechanism_audit.csv,False,False,False
M5,FOODS_3_587__CA_1,strict_frozen,ensemble_rate_limiting,rate_cap_activation,inactive,0.0,1257.9623830727928,1257.9623830727928,0.0,,True,results/working/rate_limiter_mechanism_audit.csv,False,False,False
M5,FOODS_3_587__CA_3,strict_frozen,ensemble_rate_limiting,rate_cap_activation,inactive,0.0,2805.3218097832914,2805.3218097832914,0.0,,True,results/working/rate_limiter_mechanism_audit.csv,False,False,False
M5,FOODS_3_587__TX_1,strict_frozen,ensemble_rate_limiting,rate_cap_activation,inactive,0.0,1368.7888093969802,1368.7888093969802,0.0,,True,results/working/rate_limiter_mechanism_audit.csv,False,False,False
M5,FOODS_3_587__TX_2,strict_frozen,ensemble_rate_limiting,rate_cap_activation,inactive,0.0,2110.801459679568,2110.801459679568,0.0,,True,results/working/rate_limiter_mechanism_audit.csv,False,False,False
M5,FOODS_3_587__TX_3,strict_frozen,ensemble_rate_limiting,rate_cap_activation,inactive,0.0,2502.338340955708,2502.338340955708,0.0,,True,results/working/rate_limiter_mechanism_audit.csv,False,False,False
M5,FOODS_3_587__WI_3,strict_frozen,ensemble_rate_limiting,rate_cap_activation,inactive,0.0,17671.332797118288,17671.332797118288,0.0,,True,results/working/rate_limiter_mechanism_audit.csv,False,False,False
M5,FOODS_3_607__CA_3,strict_frozen,ensemble_rate_limiting,rate_cap_activation,active,0.07142857142857142,4729.957948329251,4729.957948329251,0.0,,True,results/working/rate_limiter_mechanism_audit.csv,False,False,True
M5,FOODS_3_635__CA_3,strict_frozen,ensemble_rate_limiting,rate_cap_activation,active,0.10714285714285714,2353.1281242812165,2353.1281242812165,0.0,,True,results/working/rate_limiter_mechanism_audit.csv,False,False,True
M5,FOODS_3_681__CA_3,strict_frozen,ensemble_rate_limiting,rate_cap_activation,active,0.07142857142857142,3374.903294591375,3374.903294591375,0.0,,True,results/working/rate_limiter_mechanism_audit.csv,False,False,True
M5,FOODS_3_681__WI_3,strict_frozen,ensemble_rate_limiting,rate_cap_activation,active,0.03571428571428571,14550.358304953557,14550.358304953557,0.0,,True,results/working/rate_limiter_mechanism_audit.csv,False,False,True
M5,FOODS_3_694__CA_3,strict_frozen,ensemble_rate_limiting,rate_cap_activation,inactive,0.0,3865.196938776951,3865.196938776951,0.0,,True,results/working/rate_limiter_mechanism_audit.csv,False,False,False
M5,FOODS_3_694__WI_1,strict_frozen,ensemble_rate_limiting,rate_cap_activation,inactive,0.0,3938.556090497356,3938.556090497356,0.0,,True,results/working/rate_limiter_mechanism_audit.csv,False,False,False
M5,FOODS_3_694__WI_2,strict_frozen,ensemble_rate_limiting,rate_cap_activation,inactive,0.0,1822.1080640267694,1822.1080640267694,0.0,,True,results/working/rate_limiter_mechanism_audit.csv,False,False,False
M5,FOODS_3_694__WI_3,strict_frozen,ensemble_rate_limiting,rate_cap_activation,inactive,0.0,2575.065308324023,2575.065308324023,0.0,,True,results/working/rate_limiter_mechanism_audit.csv,False,False,False
M5,FOODS_3_711__CA_3,strict_frozen,ensemble_rate_limiting,rate_cap_activation,active,0.5357142857142857,1682.1348652734507,1706.9816086338294,24.846743360378923,,False,results/working/rate_limiter_mechanism_audit.csv,False,True,True
M5,FOODS_3_711__WI_2,strict_frozen,ensemble_rate_limiting,rate_cap_activation,active,0.42857142857142855,3038.8346592423122,3306.66130849408,267.82664925176783,,False,results/working/rate_limiter_mechanism_audit.csv,False,True,True
M5,FOODS_3_714__CA_1,strict_frozen,ensemble_rate_limiting,rate_cap_activation,active,0.03571428571428571,7691.905302417217,7691.905302417217,0.0,,True,results/working/rate_limiter_mechanism_audit.csv,False,False,True
M5,FOODS_3_714__CA_3,strict_frozen,ensemble_rate_limiting,rate_cap_activation,active,0.03571428571428571,2211.06356753548,2211.06356753548,0.0,,True,results/working/rate_limiter_mechanism_audit.csv,False,False,True
M5,FOODS_3_714__TX_1,strict_frozen,ensemble_rate_limiting,rate_cap_activation,inactive,0.0,2077.613852430292,2077.613852430292,0.0,,True,results/working/rate_limiter_mechanism_audit.csv,False,False,False
M5,FOODS_3_714__TX_2,strict_frozen,ensemble_rate_limiting,rate_cap_activation,active,0.03571428571428571,1371.6980551521115,1371.6980551521115,0.0,,True,results/working/rate_limiter_mechanism_audit.csv,False,False,True
M5,FOODS_3_714__TX_3,strict_frozen,ensemble_rate_limiting,rate_cap_activation,active,0.03571428571428571,2681.116310283313,2681.116310283313,0.0,,True,results/working/rate_limiter_mechanism_audit.csv,False,False,True
M5,FOODS_3_714__WI_3,strict_frozen,ensemble_rate_limiting,rate_cap_activation,active,0.10714285714285714,2396.874290632069,2053.1410486574428,-343.73324197462625,,False,results/working/rate_limiter_mechanism_audit.csv,True,False,False
M5,FOODS_3_723__CA_3,strict_frozen,ensemble_rate_limiting,rate_cap_activation,active,0.03571428571428571,6192.395323555354,6192.395323555354,0.0,,True,results/working/rate_limiter_mechanism_audit.csv,False,False,True
M5,FOODS_3_723__WI_3,strict_frozen,ensemble_rate_limiting,rate_cap_activation,active,0.03571428571428571,5681.229029119641,5681.229029119641,0.0,,True,results/working/rate_limiter_mechanism_audit.csv,False,False,True
M5,FOODS_3_752__CA_3,strict_frozen,ensemble_rate_limiting,rate_cap_activation,active,0.2857142857142857,5718.8452751551295,5718.8452751551295,0.0,,True,results/working/rate_limiter_mechanism_audit.csv,False,False,True
M5,FOODS_3_804__CA_3,strict_frozen,ensemble_rate_limiting,rate_cap_activation,active,0.3928571428571429,4410.177283064339,4667.691883327661,257.51460026332364,,False,results/working/rate_limiter_mechanism_audit.csv,False,True,True
M5,FOODS_3_808__CA_1,strict_frozen,ensemble_rate_limiting,rate_cap_activation,active,0.32142857142857145,1212.4175062350027,1212.4175062350027,0.0,,True,results/working/rate_limiter_mechanism_audit.csv,False,False,True
M5,FOODS_3_808__CA_3,strict_frozen,ensemble_rate_limiting,rate_cap_activation,active,0.07142857142857142,2343.4159565487907,2343.4159565487907,0.0,,True,results/working/rate_limiter_mechanism_audit.csv,False,False,True
M5,HOUSEHOLD_1_118__CA_3,strict_frozen,ensemble_rate_limiting,rate_cap_activation,active,0.07142857142857142,3255.8949117117168,3264.9321102095564,9.0371984978392,,False,results/working/rate_limiter_mechanism_audit.csv,False,False,True
M5,HOUSEHOLD_1_334__CA_3,strict_frozen,ensemble_rate_limiting,rate_cap_activation,active,0.10714285714285714,10955.162142156609,10955.162142156609,0.0,,True,results/working/rate_limiter_mechanism_audit.csv,False,False,True
M5,HOUSEHOLD_1_459__CA_3,strict_frozen,ensemble_rate_limiting,rate_cap_activation,inactive,0.0,7651.237768229005,7651.237768229005,0.0,,True,results/working/rate_limiter_mechanism_audit.csv,False,False,False
Walmart,store_001__dept_038,family_frozen_parameter_recalibrated,ensemble_rate_limiting,rate_cap_activation,inactive,0.0,363984.4884586836,363984.4884586836,0.0,,True,results/working/rate_limiter_mechanism_audit.csv,False,False,False
Walmart,store_001__dept_090,family_frozen_parameter_recalibrated,ensemble_rate_limiting,rate_cap_activation,inactive,0.0,649459.5878346611,649459.5878346611,0.0,,True,results/working/rate_limiter_mechanism_audit.csv,False,False,False
Walmart,store_001__dept_092,family_frozen_parameter_recalibrated,ensemble_rate_limiting,rate_cap_activation,inactive,0.0,1033059.790082484,1033059.790082484,0.0,,True,results/working/rate_limiter_mechanism_audit.csv,False,False,False
Walmart,store_001__dept_095,family_frozen_parameter_recalibrated,ensemble_rate_limiting,rate_cap_activation,inactive,0.0,767408.2492491393,767408.2492491393,0.0,,True,results/working/rate_limiter_mechanism_audit.csv,False,False,False
Walmart,store_001__dept_098,family_frozen_parameter_recalibrated,ensemble_rate_limiting,rate_cap_activation,inactive,0.0,203564.71335832268,203564.71335832268,0.0,,True,results/working/rate_limiter_mechanism_audit.csv,False,False,False
Walmart,store_002__dept_038,family_frozen_parameter_recalibrated,ensemble_rate_limiting,rate_cap_activation,inactive,0.0,446871.6193686005,446871.6193686005,0.0,,True,results/working/rate_limiter_mechanism_audit.csv,False,False,False
Walmart,store_002__dept_090,family_frozen_parameter_recalibrated,ensemble_rate_limiting,rate_cap_activation,inactive,0.0,708555.0411533698,708555.0411533698,0.0,,True,results/working/rate_limiter_mechanism_audit.csv,False,False,False
Walmart,store_002__dept_091,family_frozen_parameter_recalibrated,ensemble_rate_limiting,rate_cap_activation,inactive,0.0,387303.5023919775,387303.5023919775,0.0,,True,results/working/rate_limiter_mechanism_audit.csv,False,False,False
Walmart,store_002__dept_092,family_frozen_parameter_recalibrated,ensemble_rate_limiting,rate_cap_activation,inactive,0.0,1528675.076956186,1528675.076956186,0.0,,True,results/working/rate_limiter_mechanism_audit.csv,False,False,False
Walmart,store_002__dept_095,family_frozen_parameter_recalibrated,ensemble_rate_limiting,rate_cap_activation,inactive,0.0,871949.5389254754,871949.5389254754,0.0,,True,results/working/rate_limiter_mechanism_audit.csv,False,False,False
Walmart,store_003__dept_014,family_frozen_parameter_recalibrated,ensemble_rate_limiting,rate_cap_activation,inactive,0.0,36367.680412360976,36367.680412360976,0.0,,True,results/working/rate_limiter_mechanism_audit.csv,False,False,False
Walmart,store_003__dept_038,family_frozen_parameter_recalibrated,ensemble_rate_limiting,rate_cap_activation,inactive,0.0,710952.7831635086,710952.7831635086,0.0,,True,results/working/rate_limiter_mechanism_audit.csv,False,False,False
Walmart,store_004__dept_002,family_frozen_parameter_recalibrated,ensemble_rate_limiting,rate_cap_activation,inactive,0.0,793036.4889783913,793036.4889783913,0.0,,True,results/working/rate_limiter_mechanism_audit.csv,False,False,False
Walmart,store_004__dept_038,family_frozen_parameter_recalibrated,ensemble_rate_limiting,rate_cap_activation,inactive,0.0,372670.4270419632,372670.4270419632,0.0,,True,results/working/rate_limiter_mechanism_audit.csv,False,False,False
Walmart,store_004__dept_072,family_frozen_parameter_recalibrated,ensemble_rate_limiting,rate_cap_activation,inactive,0.0,1981038.65154438,1981038.65154438,0.0,,True,results/working/rate_limiter_mechanism_audit.csv,False,False,False
Walmart,store_004__dept_090,family_frozen_parameter_recalibrated,ensemble_rate_limiting,rate_cap_activation,inactive,0.0,640758.3124123869,640758.3124123869,0.0,,True,results/working/rate_limiter_mechanism_audit.csv,False,False,False
Walmart,store_004__dept_092,family_frozen_parameter_recalibrated,ensemble_rate_limiting,rate_cap_activation,inactive,0.0,1444672.461094777,1444672.461094777,0.0,,True,results/working/rate_limiter_mechanism_audit.csv,False,False,False
Walmart,store_004__dept_095,family_frozen_parameter_recalibrated,ensemble_rate_limiting,rate_cap_activation,inactive,0.0,1259907.5154809009,1259907.5154809009,0.0,,True,results/working/rate_limiter_mechanism_audit.csv,False,False,False
Walmart,store_006__dept_016,family_frozen_parameter_recalibrated,ensemble_rate_limiting,rate_cap_activation,inactive,0.0,514302.3258114277,514302.3258114277,0.0,,True,results/working/rate_limiter_mechanism_audit.csv,False,False,False
Walmart,store_006__dept_038,family_frozen_parameter_recalibrated,ensemble_rate_limiting,rate_cap_activation,inactive,0.0,644392.9859198715,644392.9859198715,0.0,,True,results/working/rate_limiter_mechanism_audit.csv,False,False,False
Walmart,store_006__dept_072,family_frozen_parameter_recalibrated,ensemble_rate_limiting,rate_cap_activation,inactive,0.0,446066.091831101,446066.091831101,0.0,,True,results/working/rate_limiter_mechanism_audit.csv,False,False,False
Walmart,store_006__dept_092,family_frozen_parameter_recalibrated,ensemble_rate_limiting,rate_cap_activation,inactive,0.0,595044.8548274522,595044.8548274522,0.0,,True,results/working/rate_limiter_mechanism_audit.csv,False,False,False
Walmart,store_006__dept_095,family_frozen_parameter_recalibrated,ensemble_rate_limiting,rate_cap_activation,inactive,0.0,753694.4106649384,753694.4106649384,0.0,,True,results/working/rate_limiter_mechanism_audit.csv,False,False,False
Walmart,store_009__dept_003,family_frozen_parameter_recalibrated,ensemble_rate_limiting,rate_cap_activation,inactive,0.0,3383153.914577829,3383153.914577829,0.0,,True,results/working/rate_limiter_mechanism_audit.csv,False,False,False
Walmart,store_009__dept_005,family_frozen_parameter_recalibrated,ensemble_rate_limiting,rate_cap_activation,inactive,0.0,951018.5228099085,951018.5228099085,0.0,,True,results/working/rate_limiter_mechanism_audit.csv,False,False,False
Walmart,store_009__dept_033,family_frozen_parameter_recalibrated,ensemble_rate_limiting,rate_cap_activation,inactive,0.0,108628.69134556627,108628.69134556627,0.0,,True,results/working/rate_limiter_mechanism_audit.csv,False,False,False
Walmart,store_009__dept_038,family_frozen_parameter_recalibrated,ensemble_rate_limiting,rate_cap_activation,inactive,0.0,808372.7950460046,808372.7950460046,0.0,,True,results/working/rate_limiter_mechanism_audit.csv,False,False,False
Walmart,store_010__dept_002,family_frozen_parameter_recalibrated,ensemble_rate_limiting,rate_cap_activation,inactive,0.0,471201.17878147366,471201.17878147366,0.0,,True,results/working/rate_limiter_mechanism_audit.csv,False,False,False
Walmart,store_010__dept_008,family_frozen_parameter_recalibrated,ensemble_rate_limiting,rate_cap_activation,inactive,0.0,432387.37664984853,432387.37664984853,0.0,,True,results/working/rate_limiter_mechanism_audit.csv,False,False,False
Walmart,store_010__dept_038,family_frozen_parameter_recalibrated,ensemble_rate_limiting,rate_cap_activation,inactive,0.0,703898.8508656325,703898.8508656325,0.0,,True,results/working/rate_limiter_mechanism_audit.csv,False,False,False
Walmart,store_010__dept_040,family_frozen_parameter_recalibrated,ensemble_rate_limiting,rate_cap_activation,inactive,0.0,724465.7625533831,724465.7625533831,0.0,,True,results/working/rate_limiter_mechanism_audit.csv,False,False,False
Walmart,store_010__dept_072,family_frozen_parameter_recalibrated,ensemble_rate_limiting,rate_cap_activation,inactive,0.0,1344372.7355874844,1344372.7355874844,0.0,,True,results/working/rate_limiter_mechanism_audit.csv,False,False,False
Walmart,store_013__dept_038,family_frozen_parameter_recalibrated,ensemble_rate_limiting,rate_cap_activation,inactive,0.0,401615.8834291686,401615.8834291686,0.0,,True,results/working/rate_limiter_mechanism_audit.csv,False,False,False
Walmart,store_013__dept_090,family_frozen_parameter_recalibrated,ensemble_rate_limiting,rate_cap_activation,inactive,0.0,1141423.4769213337,1141423.4769213337,0.0,,True,results/working/rate_limiter_mechanism_audit.csv,False,False,False
Walmart,store_013__dept_091,family_frozen_parameter_recalibrated,ensemble_rate_limiting,rate_cap_activation,inactive,0.0,494979.3401630807,494979.3401630807,0.0,,True,results/working/rate_limiter_mechanism_audit.csv,False,False,False
Walmart,store_013__dept_092,family_frozen_parameter_recalibrated,ensemble_rate_limiting,rate_cap_activation,inactive,0.0,1374914.788263648,1374914.788263648,0.0,,True,results/working/rate_limiter_mechanism_audit.csv,False,False,False
Walmart,store_013__dept_095,family_frozen_parameter_recalibrated,ensemble_rate_limiting,rate_cap_activation,inactive,0.0,1398157.67687914,1398157.67687914,0.0,,True,results/working/rate_limiter_mechanism_audit.csv,False,False,False
Walmart,store_014__dept_002,family_frozen_parameter_recalibrated,ensemble_rate_limiting,rate_cap_activation,inactive,0.0,523022.4128858356,523022.4128858356,0.0,,True,results/working/rate_limiter_mechanism_audit.csv,False,False,False
Walmart,store_014__dept_038,family_frozen_parameter_recalibrated,ensemble_rate_limiting,rate_cap_activation,inactive,0.0,755532.9563362538,755532.9563362538,0.0,,True,results/working/rate_limiter_mechanism_audit.csv,False,False,False
Walmart,store_014__dept_046,family_frozen_parameter_recalibrated,ensemble_rate_limiting,rate_cap_activation,inactive,0.0,281843.51734190545,281843.51734190545,0.0,,True,results/working/rate_limiter_mechanism_audit.csv,False,False,False
Walmart,store_014__dept_072,family_frozen_parameter_recalibrated,ensemble_rate_limiting,rate_cap_activation,inactive,0.0,1874474.5988048024,1874474.5988048024,0.0,,True,results/working/rate_limiter_mechanism_audit.csv,False,False,False
Walmart,store_014__dept_090,family_frozen_parameter_recalibrated,ensemble_rate_limiting,rate_cap_activation,inactive,0.0,1027059.9981775428,1027059.9981775428,0.0,,True,results/working/rate_limiter_mechanism_audit.csv,False,False,False
Walmart,store_014__dept_091,family_frozen_parameter_recalibrated,ensemble_rate_limiting,rate_cap_activation,inactive,0.0,445039.86825966695,445039.86825966695,0.0,,True,results/working/rate_limiter_mechanism_audit.csv,False,False,False
Walmart,store_014__dept_092,family_frozen_parameter_recalibrated,ensemble_rate_limiting,rate_cap_activation,inactive,0.0,1210187.3119896138,1210187.3119896138,0.0,,True,results/working/rate_limiter_mechanism_audit.csv,False,False,False
Walmart,store_014__dept_095,family_frozen_parameter_recalibrated,ensemble_rate_limiting,rate_cap_activation,inactive,0.0,1412131.3433889109,1412131.3433889109,0.0,,True,results/working/rate_limiter_mechanism_audit.csv,False,False,False
Walmart,store_015__dept_026,family_frozen_parameter_recalibrated,ensemble_rate_limiting,rate_cap_activation,inactive,0.0,444558.42720517993,444558.42720517993,0.0,,True,results/working/rate_limiter_mechanism_audit.csv,False,False,False
Walmart,store_016__dept_096,family_frozen_parameter_recalibrated,ensemble_rate_limiting,rate_cap_activation,inactive,0.0,3131.657510386964,3131.657510386964,0.0,,True,results/working/rate_limiter_mechanism_audit.csv,False,False,False
Walmart,store_019__dept_092,family_frozen_parameter_recalibrated,ensemble_rate_limiting,rate_cap_activation,inactive,0.0,1671408.8389036988,1671408.8389036988,0.0,,True,results/working/rate_limiter_mechanism_audit.csv,False,False,False
Walmart,store_019__dept_095,family_frozen_parameter_recalibrated,ensemble_rate_limiting,rate_cap_activation,inactive,0.0,1917738.757119659,1917738.757119659,0.0,,True,results/working/rate_limiter_mechanism_audit.csv,False,False,False
Walmart,store_020__dept_038,family_frozen_parameter_recalibrated,ensemble_rate_limiting,rate_cap_activation,inactive,0.0,685880.1269839305,685880.1269839305,0.0,,True,results/working/rate_limiter_mechanism_audit.csv,False,False,False
Walmart,store_020__dept_040,family_frozen_parameter_recalibrated,ensemble_rate_limiting,rate_cap_activation,inactive,0.0,501042.7354949946,501042.7354949946,0.0,,True,results/working/rate_limiter_mechanism_audit.csv,False,False,False
Walmart,store_020__dept_072,family_frozen_parameter_recalibrated,ensemble_rate_limiting,rate_cap_activation,inactive,0.0,7059601.436800137,7059601.436800137,0.0,,True,results/working/rate_limiter_mechanism_audit.csv,False,False,False
Walmart,store_020__dept_083,family_frozen_parameter_recalibrated,ensemble_rate_limiting,rate_cap_activation,inactive,0.0,39871.14224743257,39871.14224743257,0.0,,True,results/working/rate_limiter_mechanism_audit.csv,False,False,False
Walmart,store_020__dept_090,family_frozen_parameter_recalibrated,ensemble_rate_limiting,rate_cap_activation,inactive,0.0,731306.8890349084,731306.8890349084,0.0,,True,results/working/rate_limiter_mechanism_audit.csv,False,False,False
Walmart,store_020__dept_092,family_frozen_parameter_recalibrated,ensemble_rate_limiting,rate_cap_activation,inactive,0.0,1003437.3217231105,1003437.3217231105,0.0,,True,results/working/rate_limiter_mechanism_audit.csv,False,False,False
Walmart,store_020__dept_095,family_frozen_parameter_recalibrated,ensemble_rate_limiting,rate_cap_activation,inactive,0.0,1110991.217946553,1110991.217946553,0.0,,True,results/working/rate_limiter_mechanism_audit.csv,False,False,False
Walmart,store_022__dept_059,family_frozen_parameter_recalibrated,ensemble_rate_limiting,rate_cap_activation,inactive,0.0,8897.494087330078,8897.494087330078,0.0,,True,results/working/rate_limiter_mechanism_audit.csv,False,False,False
Walmart,store_023__dept_032,family_frozen_parameter_recalibrated,ensemble_rate_limiting,rate_cap_activation,inactive,0.0,122856.35443976305,122856.35443976305,0.0,,True,results/working/rate_limiter_mechanism_audit.csv,False,False,False
Walmart,store_023__dept_072,family_frozen_parameter_recalibrated,ensemble_rate_limiting,rate_cap_activation,inactive,0.0,2862534.8403255576,2862534.8403255576,0.0,,True,results/working/rate_limiter_mechanism_audit.csv,False,False,False
Walmart,store_024__dept_018,family_frozen_parameter_recalibrated,ensemble_rate_limiting,rate_cap_activation,active,0.6666666666666666,930522.8983680268,930596.5744027492,73.67603472224438,,False,results/working/rate_limiter_mechanism_audit.csv,False,False,True
Walmart,store_024__dept_040,family_frozen_parameter_recalibrated,ensemble_rate_limiting,rate_cap_activation,inactive,0.0,254703.61827860397,254703.61827860397,0.0,,True,results/working/rate_limiter_mechanism_audit.csv,False,False,False
Walmart,store_024__dept_092,family_frozen_parameter_recalibrated,ensemble_rate_limiting,rate_cap_activation,inactive,0.0,1011803.0152478829,1011803.0152478829,0.0,,True,results/working/rate_limiter_mechanism_audit.csv,False,False,False
Walmart,store_024__dept_095,family_frozen_parameter_recalibrated,ensemble_rate_limiting,rate_cap_activation,inactive,0.0,642078.6570727032,642078.6570727032,0.0,,True,results/working/rate_limiter_mechanism_audit.csv,False,False,False
Walmart,store_025__dept_018,family_frozen_parameter_recalibrated,ensemble_rate_limiting,rate_cap_activation,active,0.2307692307692308,938953.0717945652,938953.0717945652,0.0,,True,results/working/rate_limiter_mechanism_audit.csv,False,False,True
Walmart,store_026__dept_024,family_frozen_parameter_recalibrated,ensemble_rate_limiting,rate_cap_activation,inactive,0.0,457373.24410973565,457373.24410973565,0.0,,True,results/working/rate_limiter_mechanism_audit.csv,False,False,False
Walmart,store_026__dept_036,family_frozen_parameter_recalibrated,ensemble_rate_limiting,rate_cap_activation,inactive,0.0,67509.13865944842,67509.13865944842,0.0,,True,results/working/rate_limiter_mechanism_audit.csv,False,False,False
Walmart,store_026__dept_038,family_frozen_parameter_recalibrated,ensemble_rate_limiting,rate_cap_activation,inactive,0.0,816275.3761478955,816275.3761478955,0.0,,True,results/working/rate_limiter_mechanism_audit.csv,False,False,False
Walmart,store_026__dept_092,family_frozen_parameter_recalibrated,ensemble_rate_limiting,rate_cap_activation,inactive,0.0,855764.2917359669,855764.2917359669,0.0,,True,results/working/rate_limiter_mechanism_audit.csv,False,False,False
Walmart,store_027__dept_071,family_frozen_parameter_recalibrated,ensemble_rate_limiting,rate_cap_activation,inactive,0.0,159468.78064309465,159468.78064309465,0.0,,True,results/working/rate_limiter_mechanism_audit.csv,False,False,False
Walmart,store_027__dept_090,family_frozen_parameter_recalibrated,ensemble_rate_limiting,rate_cap_activation,inactive,0.0,1042391.7574177844,1042391.7574177844,0.0,,True,results/working/rate_limiter_mechanism_audit.csv,False,False,False
Walmart,store_027__dept_092,family_frozen_parameter_recalibrated,ensemble_rate_limiting,rate_cap_activation,inactive,0.0,2213505.64539326,2213505.64539326,0.0,,True,results/working/rate_limiter_mechanism_audit.csv,False,False,False
Walmart,store_027__dept_095,family_frozen_parameter_recalibrated,ensemble_rate_limiting,rate_cap_activation,inactive,0.0,1788716.9843141998,1788716.9843141998,0.0,,True,results/working/rate_limiter_mechanism_audit.csv,False,False,False
Walmart,store_028__dept_092,family_frozen_parameter_recalibrated,ensemble_rate_limiting,rate_cap_activation,inactive,0.0,1247363.845520925,1247363.845520925,0.0,,True,results/working/rate_limiter_mechanism_audit.csv,False,False,False
Walmart,store_028__dept_095,family_frozen_parameter_recalibrated,ensemble_rate_limiting,rate_cap_activation,inactive,0.0,601593.7442181904,601593.7442181904,0.0,,True,results/working/rate_limiter_mechanism_audit.csv,False,False,False
Walmart,store_029__dept_027,family_frozen_parameter_recalibrated,ensemble_rate_limiting,rate_cap_activation,inactive,0.0,32550.518996706338,32550.518996706338,0.0,,True,results/working/rate_limiter_mechanism_audit.csv,False,False,False
Walmart,store_030__dept_083,family_frozen_parameter_recalibrated,ensemble_rate_limiting,rate_cap_activation,inactive,0.0,10935.304660338938,10935.304660338938,0.0,,True,results/working/rate_limiter_mechanism_audit.csv,False,False,False
Walmart,store_031__dept_038,family_frozen_parameter_recalibrated,ensemble_rate_limiting,rate_cap_activation,inactive,0.0,573192.7215247445,573192.7215247445,0.0,,True,results/working/rate_limiter_mechanism_audit.csv,False,False,False
Walmart,store_031__dept_046,family_frozen_parameter_recalibrated,ensemble_rate_limiting,rate_cap_activation,inactive,0.0,169143.38072343878,169143.38072343878,0.0,,True,results/working/rate_limiter_mechanism_audit.csv,False,False,False
Walmart,store_031__dept_079,family_frozen_parameter_recalibrated,ensemble_rate_limiting,rate_cap_activation,inactive,0.0,256213.4997153777,256213.4997153777,0.0,,True,results/working/rate_limiter_mechanism_audit.csv,False,False,False
Walmart,store_031__dept_090,family_frozen_parameter_recalibrated,ensemble_rate_limiting,rate_cap_activation,inactive,0.0,509806.6752896412,509806.6752896412,0.0,,True,results/working/rate_limiter_mechanism_audit.csv,False,False,False
Walmart,store_031__dept_092,family_frozen_parameter_recalibrated,ensemble_rate_limiting,rate_cap_activation,inactive,0.0,1054891.53803054,1054891.53803054,0.0,,True,results/working/rate_limiter_mechanism_audit.csv,False,False,False
Walmart,store_031__dept_095,family_frozen_parameter_recalibrated,ensemble_rate_limiting,rate_cap_activation,inactive,0.0,700863.4728926889,700863.4728926889,0.0,,True,results/working/rate_limiter_mechanism_audit.csv,False,False,False
Walmart,store_032__dept_092,family_frozen_parameter_recalibrated,ensemble_rate_limiting,rate_cap_activation,inactive,0.0,1008834.3617791288,1008834.3617791288,0.0,,True,results/working/rate_limiter_mechanism_audit.csv,False,False,False
Walmart,store_032__dept_095,family_frozen_parameter_recalibrated,ensemble_rate_limiting,rate_cap_activation,inactive,0.0,693320.8391040012,693320.8391040012,0.0,,True,results/working/rate_limiter_mechanism_audit.csv,False,False,False
Walmart,store_033__dept_094,family_frozen_parameter_recalibrated,ensemble_rate_limiting,rate_cap_activation,inactive,0.0,145424.44216727198,145424.44216727198,0.0,,True,results/working/rate_limiter_mechanism_audit.csv,False,False,False
Walmart,store_035__dept_072,family_frozen_parameter_recalibrated,ensemble_rate_limiting,rate_cap_activation,inactive,0.0,1923482.106328716,1923482.106328716,0.0,,True,results/working/rate_limiter_mechanism_audit.csv,False,False,False
Walmart,store_036__dept_087,family_frozen_parameter_recalibrated,ensemble_rate_limiting,rate_cap_activation,inactive,0.0,6752.795593595403,6752.795593595403,0.0,,True,results/working/rate_limiter_mechanism_audit.csv,False,False,False
Walmart,store_038__dept_002,family_frozen_parameter_recalibrated,ensemble_rate_limiting,rate_cap_activation,inactive,0.0,62079.601772382186,62079.601772382186,0.0,,True,results/working/rate_limiter_mechanism_audit.csv,False,False,False
Walmart,store_039__dept_092,family_frozen_parameter_recalibrated,ensemble_rate_limiting,rate_cap_activation,inactive,0.0,1290918.8648593018,1290918.8648593018,0.0,,True,results/working/rate_limiter_mechanism_audit.csv,False,False,False
Walmart,store_039__dept_095,family_frozen_parameter_recalibrated,ensemble_rate_limiting,rate_cap_activation,inactive,0.0,1965556.017312855,1965556.017312855,0.0,,True,results/working/rate_limiter_mechanism_audit.csv,False,False,False
Walmart,store_040__dept_042,family_frozen_parameter_recalibrated,ensemble_rate_limiting,rate_cap_activation,inactive,0.0,31615.699999200937,31615.699999200937,0.0,,True,results/working/rate_limiter_mechanism_audit.csv,False,False,False
Walmart,store_040__dept_092,family_frozen_parameter_recalibrated,ensemble_rate_limiting,rate_cap_activation,inactive,0.0,672847.7971316852,672847.7971316852,0.0,,True,results/working/rate_limiter_mechanism_audit.csv,False,False,False
Walmart,store_041__dept_033,family_frozen_parameter_recalibrated,ensemble_rate_limiting,rate_cap_activation,inactive,0.0,615873.2855129213,615873.2855129213,0.0,,True,results/working/rate_limiter_mechanism_audit.csv,False,False,False
Walmart,store_041__dept_092,family_frozen_parameter_recalibrated,ensemble_rate_limiting,rate_cap_activation,inactive,0.0,1349767.7800442888,1349767.7800442888,0.0,,True,results/working/rate_limiter_mechanism_audit.csv,False,False,False
Walmart,store_041__dept_095,family_frozen_parameter_recalibrated,ensemble_rate_limiting,rate_cap_activation,inactive,0.0,892192.6464886769,892192.6464886769,0.0,,True,results/working/rate_limiter_mechanism_audit.csv,False,False,False
Walmart,store_041__dept_096,family_frozen_parameter_recalibrated,ensemble_rate_limiting,rate_cap_activation,inactive,0.0,62892.822300159016,62892.822300159016,0.0,,True,results/working/rate_limiter_mechanism_audit.csv,False,False,False
Walmart,store_042__dept_092,family_frozen_parameter_recalibrated,ensemble_rate_limiting,rate_cap_activation,inactive,0.0,730520.2753743031,730520.2753743031,0.0,,True,results/working/rate_limiter_mechanism_audit.csv,False,False,False
Walmart,store_043__dept_092,family_frozen_parameter_recalibrated,ensemble_rate_limiting,rate_cap_activation,inactive,0.0,656951.9735701093,656951.9735701093,0.0,,True,results/working/rate_limiter_mechanism_audit.csv,False,False,False
Walmart,store_044__dept_009,family_frozen_parameter_recalibrated,ensemble_rate_limiting,rate_cap_activation,inactive,0.0,5251.12737108742,5251.12737108742,0.0,,True,results/working/rate_limiter_mechanism_audit.csv,False,False,False
Walmart,store_044__dept_017,family_frozen_parameter_recalibrated,ensemble_rate_limiting,rate_cap_activation,inactive,0.0,8456.251303974543,8456.251303974543,0.0,,True,results/working/rate_limiter_mechanism_audit.csv,False,False,False
Walmart,store_001__dept_038,fully_in_domain_tuned,ensemble_rate_limiting,rate_cap_activation,inactive,0.0,363984.4884586836,363984.4884586836,0.0,,True,results/working/rate_limiter_mechanism_audit.csv,False,False,False
Walmart,store_001__dept_090,fully_in_domain_tuned,ensemble_rate_limiting,rate_cap_activation,inactive,0.0,649459.5878346611,649459.5878346611,0.0,,True,results/working/rate_limiter_mechanism_audit.csv,False,False,False
Walmart,store_001__dept_092,fully_in_domain_tuned,ensemble_rate_limiting,rate_cap_activation,inactive,0.0,1033059.790082484,1033059.790082484,0.0,,True,results/working/rate_limiter_mechanism_audit.csv,False,False,False
Walmart,store_001__dept_095,fully_in_domain_tuned,ensemble_rate_limiting,rate_cap_activation,inactive,0.0,767408.2492491393,767408.2492491393,0.0,,True,results/working/rate_limiter_mechanism_audit.csv,False,False,False
Walmart,store_001__dept_098,fully_in_domain_tuned,ensemble_rate_limiting,rate_cap_activation,inactive,0.0,203564.71335832268,203564.71335832268,0.0,,True,results/working/rate_limiter_mechanism_audit.csv,False,False,False
Walmart,store_002__dept_038,fully_in_domain_tuned,ensemble_rate_limiting,rate_cap_activation,inactive,0.0,446871.6193686005,446871.6193686005,0.0,,True,results/working/rate_limiter_mechanism_audit.csv,False,False,False
Walmart,store_002__dept_090,fully_in_domain_tuned,ensemble_rate_limiting,rate_cap_activation,inactive,0.0,708555.0411533698,708555.0411533698,0.0,,True,results/working/rate_limiter_mechanism_audit.csv,False,False,False
Walmart,store_002__dept_091,fully_in_domain_tuned,ensemble_rate_limiting,rate_cap_activation,inactive,0.0,387303.5023919775,387303.5023919775,0.0,,True,results/working/rate_limiter_mechanism_audit.csv,False,False,False
Walmart,store_002__dept_092,fully_in_domain_tuned,ensemble_rate_limiting,rate_cap_activation,inactive,0.0,1528675.076956186,1528675.076956186,0.0,,True,results/working/rate_limiter_mechanism_audit.csv,False,False,False
Walmart,store_002__dept_095,fully_in_domain_tuned,ensemble_rate_limiting,rate_cap_activation,inactive,0.0,871949.5389254754,871949.5389254754,0.0,,True,results/working/rate_limiter_mechanism_audit.csv,False,False,False
Walmart,store_003__dept_014,fully_in_domain_tuned,ensemble_rate_limiting,rate_cap_activation,inactive,0.0,36367.680412360976,36367.680412360976,0.0,,True,results/working/rate_limiter_mechanism_audit.csv,False,False,False
Walmart,store_003__dept_038,fully_in_domain_tuned,ensemble_rate_limiting,rate_cap_activation,inactive,0.0,710952.7831635086,710952.7831635086,0.0,,True,results/working/rate_limiter_mechanism_audit.csv,False,False,False
Walmart,store_004__dept_002,fully_in_domain_tuned,ensemble_rate_limiting,rate_cap_activation,inactive,0.0,793036.4889783913,793036.4889783913,0.0,,True,results/working/rate_limiter_mechanism_audit.csv,False,False,False
Walmart,store_004__dept_038,fully_in_domain_tuned,ensemble_rate_limiting,rate_cap_activation,inactive,0.0,372670.4270419632,372670.4270419632,0.0,,True,results/working/rate_limiter_mechanism_audit.csv,False,False,False
Walmart,store_004__dept_072,fully_in_domain_tuned,ensemble_rate_limiting,rate_cap_activation,inactive,0.0,1981038.65154438,1981038.65154438,0.0,,True,results/working/rate_limiter_mechanism_audit.csv,False,False,False
Walmart,store_004__dept_090,fully_in_domain_tuned,ensemble_rate_limiting,rate_cap_activation,inactive,0.0,640758.3124123869,640758.3124123869,0.0,,True,results/working/rate_limiter_mechanism_audit.csv,False,False,False
Walmart,store_004__dept_092,fully_in_domain_tuned,ensemble_rate_limiting,rate_cap_activation,inactive,0.0,1444672.461094777,1444672.461094777,0.0,,True,results/working/rate_limiter_mechanism_audit.csv,False,False,False
Walmart,store_004__dept_095,fully_in_domain_tuned,ensemble_rate_limiting,rate_cap_activation,inactive,0.0,1259907.5154809009,1259907.5154809009,0.0,,True,results/working/rate_limiter_mechanism_audit.csv,False,False,False
Walmart,store_006__dept_016,fully_in_domain_tuned,ensemble_rate_limiting,rate_cap_activation,inactive,0.0,514302.3258114277,514302.3258114277,0.0,,True,results/working/rate_limiter_mechanism_audit.csv,False,False,False
Walmart,store_006__dept_038,fully_in_domain_tuned,ensemble_rate_limiting,rate_cap_activation,inactive,0.0,644392.9859198715,644392.9859198715,0.0,,True,results/working/rate_limiter_mechanism_audit.csv,False,False,False
Walmart,store_006__dept_072,fully_in_domain_tuned,ensemble_rate_limiting,rate_cap_activation,inactive,0.0,446066.091831101,446066.091831101,0.0,,True,results/working/rate_limiter_mechanism_audit.csv,False,False,False
Walmart,store_006__dept_092,fully_in_domain_tuned,ensemble_rate_limiting,rate_cap_activation,inactive,0.0,595044.8548274522,595044.8548274522,0.0,,True,results/working/rate_limiter_mechanism_audit.csv,False,False,False
Walmart,store_006__dept_095,fully_in_domain_tuned,ensemble_rate_limiting,rate_cap_activation,inactive,0.0,753694.4106649384,753694.4106649384,0.0,,True,results/working/rate_limiter_mechanism_audit.csv,False,False,False
Walmart,store_009__dept_003,fully_in_domain_tuned,ensemble_rate_limiting,rate_cap_activation,inactive,0.0,3383153.914577829,3383153.914577829,0.0,,True,results/working/rate_limiter_mechanism_audit.csv,False,False,False
Walmart,store_009__dept_005,fully_in_domain_tuned,ensemble_rate_limiting,rate_cap_activation,inactive,0.0,951018.5228099085,951018.5228099085,0.0,,True,results/working/rate_limiter_mechanism_audit.csv,False,False,False
Walmart,store_009__dept_033,fully_in_domain_tuned,ensemble_rate_limiting,rate_cap_activation,inactive,0.0,108628.69134556627,108628.69134556627,0.0,,True,results/working/rate_limiter_mechanism_audit.csv,False,False,False
Walmart,store_009__dept_038,fully_in_domain_tuned,ensemble_rate_limiting,rate_cap_activation,inactive,0.0,808372.7950460046,808372.7950460046,0.0,,True,results/working/rate_limiter_mechanism_audit.csv,False,False,False
Walmart,store_010__dept_002,fully_in_domain_tuned,ensemble_rate_limiting,rate_cap_activation,inactive,0.0,471201.17878147366,471201.17878147366,0.0,,True,results/working/rate_limiter_mechanism_audit.csv,False,False,False
Walmart,store_010__dept_008,fully_in_domain_tuned,ensemble_rate_limiting,rate_cap_activation,inactive,0.0,432387.37664984853,432387.37664984853,0.0,,True,results/working/rate_limiter_mechanism_audit.csv,False,False,False
Walmart,store_010__dept_038,fully_in_domain_tuned,ensemble_rate_limiting,rate_cap_activation,inactive,0.0,703898.8508656325,703898.8508656325,0.0,,True,results/working/rate_limiter_mechanism_audit.csv,False,False,False
Walmart,store_010__dept_040,fully_in_domain_tuned,ensemble_rate_limiting,rate_cap_activation,inactive,0.0,724465.7625533831,724465.7625533831,0.0,,True,results/working/rate_limiter_mechanism_audit.csv,False,False,False
Walmart,store_010__dept_072,fully_in_domain_tuned,ensemble_rate_limiting,rate_cap_activation,inactive,0.0,1344372.7355874844,1344372.7355874844,0.0,,True,results/working/rate_limiter_mechanism_audit.csv,False,False,False
Walmart,store_013__dept_038,fully_in_domain_tuned,ensemble_rate_limiting,rate_cap_activation,inactive,0.0,401615.8834291686,401615.8834291686,0.0,,True,results/working/rate_limiter_mechanism_audit.csv,False,False,False
Walmart,store_013__dept_090,fully_in_domain_tuned,ensemble_rate_limiting,rate_cap_activation,inactive,0.0,1141423.4769213337,1141423.4769213337,0.0,,True,results/working/rate_limiter_mechanism_audit.csv,False,False,False
Walmart,store_013__dept_091,fully_in_domain_tuned,ensemble_rate_limiting,rate_cap_activation,inactive,0.0,494979.3401630807,494979.3401630807,0.0,,True,results/working/rate_limiter_mechanism_audit.csv,False,False,False
Walmart,store_013__dept_092,fully_in_domain_tuned,ensemble_rate_limiting,rate_cap_activation,inactive,0.0,1374914.788263648,1374914.788263648,0.0,,True,results/working/rate_limiter_mechanism_audit.csv,False,False,False
Walmart,store_013__dept_095,fully_in_domain_tuned,ensemble_rate_limiting,rate_cap_activation,inactive,0.0,1398157.67687914,1398157.67687914,0.0,,True,results/working/rate_limiter_mechanism_audit.csv,False,False,False
Walmart,store_014__dept_002,fully_in_domain_tuned,ensemble_rate_limiting,rate_cap_activation,inactive,0.0,523022.4128858356,523022.4128858356,0.0,,True,results/working/rate_limiter_mechanism_audit.csv,False,False,False
Walmart,store_014__dept_038,fully_in_domain_tuned,ensemble_rate_limiting,rate_cap_activation,inactive,0.0,755532.9563362538,755532.9563362538,0.0,,True,results/working/rate_limiter_mechanism_audit.csv,False,False,False
Walmart,store_014__dept_046,fully_in_domain_tuned,ensemble_rate_limiting,rate_cap_activation,inactive,0.0,281843.51734190545,281843.51734190545,0.0,,True,results/working/rate_limiter_mechanism_audit.csv,False,False,False
Walmart,store_014__dept_072,fully_in_domain_tuned,ensemble_rate_limiting,rate_cap_activation,inactive,0.0,1874474.5988048024,1874474.5988048024,0.0,,True,results/working/rate_limiter_mechanism_audit.csv,False,False,False
Walmart,store_014__dept_090,fully_in_domain_tuned,ensemble_rate_limiting,rate_cap_activation,inactive,0.0,1027059.9981775428,1027059.9981775428,0.0,,True,results/working/rate_limiter_mechanism_audit.csv,False,False,False
Walmart,store_014__dept_091,fully_in_domain_tuned,ensemble_rate_limiting,rate_cap_activation,inactive,0.0,445039.86825966695,445039.86825966695,0.0,,True,results/working/rate_limiter_mechanism_audit.csv,False,False,False
Walmart,store_014__dept_092,fully_in_domain_tuned,ensemble_rate_limiting,rate_cap_activation,inactive,0.0,1210187.3119896138,1210187.3119896138,0.0,,True,results/working/rate_limiter_mechanism_audit.csv,False,False,False
Walmart,store_014__dept_095,fully_in_domain_tuned,ensemble_rate_limiting,rate_cap_activation,inactive,0.0,1412131.3433889109,1412131.3433889109,0.0,,True,results/working/rate_limiter_mechanism_audit.csv,False,False,False
Walmart,store_015__dept_026,fully_in_domain_tuned,ensemble_rate_limiting,rate_cap_activation,inactive,0.0,444558.42720517993,444558.42720517993,0.0,,True,results/working/rate_limiter_mechanism_audit.csv,False,False,False
Walmart,store_016__dept_096,fully_in_domain_tuned,ensemble_rate_limiting,rate_cap_activation,inactive,0.0,3131.657510386964,3131.657510386964,0.0,,True,results/working/rate_limiter_mechanism_audit.csv,False,False,False
Walmart,store_019__dept_092,fully_in_domain_tuned,ensemble_rate_limiting,rate_cap_activation,inactive,0.0,1671408.8389036988,1671408.8389036988,0.0,,True,results/working/rate_limiter_mechanism_audit.csv,False,False,False
Walmart,store_019__dept_095,fully_in_domain_tuned,ensemble_rate_limiting,rate_cap_activation,inactive,0.0,1917738.757119659,1917738.757119659,0.0,,True,results/working/rate_limiter_mechanism_audit.csv,False,False,False
Walmart,store_020__dept_038,fully_in_domain_tuned,ensemble_rate_limiting,rate_cap_activation,inactive,0.0,685880.1269839305,685880.1269839305,0.0,,True,results/working/rate_limiter_mechanism_audit.csv,False,False,False
Walmart,store_020__dept_040,fully_in_domain_tuned,ensemble_rate_limiting,rate_cap_activation,inactive,0.0,501042.7354949946,501042.7354949946,0.0,,True,results/working/rate_limiter_mechanism_audit.csv,False,False,False
Walmart,store_020__dept_072,fully_in_domain_tuned,ensemble_rate_limiting,rate_cap_activation,inactive,0.0,7059601.436800137,7059601.436800137,0.0,,True,results/working/rate_limiter_mechanism_audit.csv,False,False,False
Walmart,store_020__dept_083,fully_in_domain_tuned,ensemble_rate_limiting,rate_cap_activation,inactive,0.0,39871.14224743257,39871.14224743257,0.0,,True,results/working/rate_limiter_mechanism_audit.csv,False,False,False
Walmart,store_020__dept_090,fully_in_domain_tuned,ensemble_rate_limiting,rate_cap_activation,inactive,0.0,731306.8890349084,731306.8890349084,0.0,,True,results/working/rate_limiter_mechanism_audit.csv,False,False,False
Walmart,store_020__dept_092,fully_in_domain_tuned,ensemble_rate_limiting,rate_cap_activation,inactive,0.0,1003437.3217231105,1003437.3217231105,0.0,,True,results/working/rate_limiter_mechanism_audit.csv,False,False,False
Walmart,store_020__dept_095,fully_in_domain_tuned,ensemble_rate_limiting,rate_cap_activation,inactive,0.0,1110991.217946553,1110991.217946553,0.0,,True,results/working/rate_limiter_mechanism_audit.csv,False,False,False
Walmart,store_022__dept_059,fully_in_domain_tuned,ensemble_rate_limiting,rate_cap_activation,inactive,0.0,8897.494087330078,8897.494087330078,0.0,,True,results/working/rate_limiter_mechanism_audit.csv,False,False,False
Walmart,store_023__dept_032,fully_in_domain_tuned,ensemble_rate_limiting,rate_cap_activation,inactive,0.0,122856.35443976305,122856.35443976305,0.0,,True,results/working/rate_limiter_mechanism_audit.csv,False,False,False
Walmart,store_023__dept_072,fully_in_domain_tuned,ensemble_rate_limiting,rate_cap_activation,inactive,0.0,2862534.8403255576,2862534.8403255576,0.0,,True,results/working/rate_limiter_mechanism_audit.csv,False,False,False
Walmart,store_024__dept_018,fully_in_domain_tuned,ensemble_rate_limiting,rate_cap_activation,active,0.6666666666666666,930522.8983680268,930596.5744027492,73.67603472224438,,False,results/working/rate_limiter_mechanism_audit.csv,False,False,True
Walmart,store_024__dept_040,fully_in_domain_tuned,ensemble_rate_limiting,rate_cap_activation,inactive,0.0,254703.61827860397,254703.61827860397,0.0,,True,results/working/rate_limiter_mechanism_audit.csv,False,False,False
Walmart,store_024__dept_092,fully_in_domain_tuned,ensemble_rate_limiting,rate_cap_activation,inactive,0.0,1011803.0152478829,1011803.0152478829,0.0,,True,results/working/rate_limiter_mechanism_audit.csv,False,False,False
Walmart,store_024__dept_095,fully_in_domain_tuned,ensemble_rate_limiting,rate_cap_activation,inactive,0.0,642078.6570727032,642078.6570727032,0.0,,True,results/working/rate_limiter_mechanism_audit.csv,False,False,False
Walmart,store_025__dept_018,fully_in_domain_tuned,ensemble_rate_limiting,rate_cap_activation,active,0.2307692307692308,938953.0717945652,938953.0717945652,0.0,,True,results/working/rate_limiter_mechanism_audit.csv,False,False,True
Walmart,store_026__dept_024,fully_in_domain_tuned,ensemble_rate_limiting,rate_cap_activation,inactive,0.0,457373.24410973565,457373.24410973565,0.0,,True,results/working/rate_limiter_mechanism_audit.csv,False,False,False
Walmart,store_026__dept_036,fully_in_domain_tuned,ensemble_rate_limiting,rate_cap_activation,inactive,0.0,67509.13865944842,67509.13865944842,0.0,,True,results/working/rate_limiter_mechanism_audit.csv,False,False,False
Walmart,store_026__dept_038,fully_in_domain_tuned,ensemble_rate_limiting,rate_cap_activation,inactive,0.0,816275.3761478955,816275.3761478955,0.0,,True,results/working/rate_limiter_mechanism_audit.csv,False,False,False
Walmart,store_026__dept_092,fully_in_domain_tuned,ensemble_rate_limiting,rate_cap_activation,inactive,0.0,855764.2917359669,855764.2917359669,0.0,,True,results/working/rate_limiter_mechanism_audit.csv,False,False,False
Walmart,store_027__dept_071,fully_in_domain_tuned,ensemble_rate_limiting,rate_cap_activation,inactive,0.0,159468.78064309465,159468.78064309465,0.0,,True,results/working/rate_limiter_mechanism_audit.csv,False,False,False
Walmart,store_027__dept_090,fully_in_domain_tuned,ensemble_rate_limiting,rate_cap_activation,inactive,0.0,1042391.7574177844,1042391.7574177844,0.0,,True,results/working/rate_limiter_mechanism_audit.csv,False,False,False
Walmart,store_027__dept_092,fully_in_domain_tuned,ensemble_rate_limiting,rate_cap_activation,inactive,0.0,2213505.64539326,2213505.64539326,0.0,,True,results/working/rate_limiter_mechanism_audit.csv,False,False,False
Walmart,store_027__dept_095,fully_in_domain_tuned,ensemble_rate_limiting,rate_cap_activation,inactive,0.0,1788716.9843141998,1788716.9843141998,0.0,,True,results/working/rate_limiter_mechanism_audit.csv,False,False,False
Walmart,store_028__dept_092,fully_in_domain_tuned,ensemble_rate_limiting,rate_cap_activation,inactive,0.0,1247363.845520925,1247363.845520925,0.0,,True,results/working/rate_limiter_mechanism_audit.csv,False,False,False
Walmart,store_028__dept_095,fully_in_domain_tuned,ensemble_rate_limiting,rate_cap_activation,inactive,0.0,601593.7442181904,601593.7442181904,0.0,,True,results/working/rate_limiter_mechanism_audit.csv,False,False,False
Walmart,store_029__dept_027,fully_in_domain_tuned,ensemble_rate_limiting,rate_cap_activation,inactive,0.0,32550.518996706338,32550.518996706338,0.0,,True,results/working/rate_limiter_mechanism_audit.csv,False,False,False
Walmart,store_030__dept_083,fully_in_domain_tuned,ensemble_rate_limiting,rate_cap_activation,inactive,0.0,10935.304660338938,10935.304660338938,0.0,,True,results/working/rate_limiter_mechanism_audit.csv,False,False,False
Walmart,store_031__dept_038,fully_in_domain_tuned,ensemble_rate_limiting,rate_cap_activation,inactive,0.0,573192.7215247445,573192.7215247445,0.0,,True,results/working/rate_limiter_mechanism_audit.csv,False,False,False
Walmart,store_031__dept_046,fully_in_domain_tuned,ensemble_rate_limiting,rate_cap_activation,inactive,0.0,169143.38072343878,169143.38072343878,0.0,,True,results/working/rate_limiter_mechanism_audit.csv,False,False,False
Walmart,store_031__dept_079,fully_in_domain_tuned,ensemble_rate_limiting,rate_cap_activation,inactive,0.0,256213.4997153777,256213.4997153777,0.0,,True,results/working/rate_limiter_mechanism_audit.csv,False,False,False
Walmart,store_031__dept_090,fully_in_domain_tuned,ensemble_rate_limiting,rate_cap_activation,inactive,0.0,509806.6752896412,509806.6752896412,0.0,,True,results/working/rate_limiter_mechanism_audit.csv,False,False,False
Walmart,store_031__dept_092,fully_in_domain_tuned,ensemble_rate_limiting,rate_cap_activation,inactive,0.0,1054891.53803054,1054891.53803054,0.0,,True,results/working/rate_limiter_mechanism_audit.csv,False,False,False
Walmart,store_031__dept_095,fully_in_domain_tuned,ensemble_rate_limiting,rate_cap_activation,inactive,0.0,700863.4728926889,700863.4728926889,0.0,,True,results/working/rate_limiter_mechanism_audit.csv,False,False,False
Walmart,store_032__dept_092,fully_in_domain_tuned,ensemble_rate_limiting,rate_cap_activation,inactive,0.0,1008834.3617791288,1008834.3617791288,0.0,,True,results/working/rate_limiter_mechanism_audit.csv,False,False,False
Walmart,store_032__dept_095,fully_in_domain_tuned,ensemble_rate_limiting,rate_cap_activation,inactive,0.0,693320.8391040012,693320.8391040012,0.0,,True,results/working/rate_limiter_mechanism_audit.csv,False,False,False
Walmart,store_033__dept_094,fully_in_domain_tuned,ensemble_rate_limiting,rate_cap_activation,inactive,0.0,145424.44216727198,145424.44216727198,0.0,,True,results/working/rate_limiter_mechanism_audit.csv,False,False,False
Walmart,store_035__dept_072,fully_in_domain_tuned,ensemble_rate_limiting,rate_cap_activation,inactive,0.0,1923482.106328716,1923482.106328716,0.0,,True,results/working/rate_limiter_mechanism_audit.csv,False,False,False
Walmart,store_036__dept_087,fully_in_domain_tuned,ensemble_rate_limiting,rate_cap_activation,inactive,0.0,6752.795593595403,6752.795593595403,0.0,,True,results/working/rate_limiter_mechanism_audit.csv,False,False,False
Walmart,store_038__dept_002,fully_in_domain_tuned,ensemble_rate_limiting,rate_cap_activation,inactive,0.0,62079.601772382186,62079.601772382186,0.0,,True,results/working/rate_limiter_mechanism_audit.csv,False,False,False
Walmart,store_039__dept_092,fully_in_domain_tuned,ensemble_rate_limiting,rate_cap_activation,inactive,0.0,1290918.8648593018,1290918.8648593018,0.0,,True,results/working/rate_limiter_mechanism_audit.csv,False,False,False
Walmart,store_039__dept_095,fully_in_domain_tuned,ensemble_rate_limiting,rate_cap_activation,inactive,0.0,1965556.017312855,1965556.017312855,0.0,,True,results/working/rate_limiter_mechanism_audit.csv,False,False,False
Walmart,store_040__dept_042,fully_in_domain_tuned,ensemble_rate_limiting,rate_cap_activation,inactive,0.0,31615.699999200937,31615.699999200937,0.0,,True,results/working/rate_limiter_mechanism_audit.csv,False,False,False
Walmart,store_040__dept_092,fully_in_domain_tuned,ensemble_rate_limiting,rate_cap_activation,inactive,0.0,672847.7971316852,672847.7971316852,0.0,,True,results/working/rate_limiter_mechanism_audit.csv,False,False,False
Walmart,store_041__dept_033,fully_in_domain_tuned,ensemble_rate_limiting,rate_cap_activation,inactive,0.0,615873.2855129213,615873.2855129213,0.0,,True,results/working/rate_limiter_mechanism_audit.csv,False,False,False
Walmart,store_041__dept_092,fully_in_domain_tuned,ensemble_rate_limiting,rate_cap_activation,inactive,0.0,1349767.7800442888,1349767.7800442888,0.0,,True,results/working/rate_limiter_mechanism_audit.csv,False,False,False
Walmart,store_041__dept_095,fully_in_domain_tuned,ensemble_rate_limiting,rate_cap_activation,inactive,0.0,892192.6464886769,892192.6464886769,0.0,,True,results/working/rate_limiter_mechanism_audit.csv,False,False,False
Walmart,store_041__dept_096,fully_in_domain_tuned,ensemble_rate_limiting,rate_cap_activation,inactive,0.0,62892.822300159016,62892.822300159016,0.0,,True,results/working/rate_limiter_mechanism_audit.csv,False,False,False
Walmart,store_042__dept_092,fully_in_domain_tuned,ensemble_rate_limiting,rate_cap_activation,inactive,0.0,730520.2753743031,730520.2753743031,0.0,,True,results/working/rate_limiter_mechanism_audit.csv,False,False,False
Walmart,store_043__dept_092,fully_in_domain_tuned,ensemble_rate_limiting,rate_cap_activation,inactive,0.0,656951.9735701093,656951.9735701093,0.0,,True,results/working/rate_limiter_mechanism_audit.csv,False,False,False
Walmart,store_044__dept_009,fully_in_domain_tuned,ensemble_rate_limiting,rate_cap_activation,inactive,0.0,5251.12737108742,5251.12737108742,0.0,,True,results/working/rate_limiter_mechanism_audit.csv,False,False,False
Walmart,store_044__dept_017,fully_in_domain_tuned,ensemble_rate_limiting,rate_cap_activation,inactive,0.0,8456.251303974543,8456.251303974543,0.0,,True,results/working/rate_limiter_mechanism_audit.csv,False,False,False
Walmart,store_001__dept_038,strict_frozen,ensemble_rate_limiting,rate_cap_activation,inactive,0.0,363984.4884586836,363984.4884586836,0.0,,True,results/working/rate_limiter_mechanism_audit.csv,False,False,False
Walmart,store_001__dept_090,strict_frozen,ensemble_rate_limiting,rate_cap_activation,inactive,0.0,649459.5878346611,649459.5878346611,0.0,,True,results/working/rate_limiter_mechanism_audit.csv,False,False,False
Walmart,store_001__dept_092,strict_frozen,ensemble_rate_limiting,rate_cap_activation,inactive,0.0,1033059.790082484,1033059.790082484,0.0,,True,results/working/rate_limiter_mechanism_audit.csv,False,False,False
Walmart,store_001__dept_095,strict_frozen,ensemble_rate_limiting,rate_cap_activation,inactive,0.0,767408.2492491393,767408.2492491393,0.0,,True,results/working/rate_limiter_mechanism_audit.csv,False,False,False
Walmart,store_001__dept_098,strict_frozen,ensemble_rate_limiting,rate_cap_activation,inactive,0.0,203564.71335832268,203564.71335832268,0.0,,True,results/working/rate_limiter_mechanism_audit.csv,False,False,False
Walmart,store_002__dept_038,strict_frozen,ensemble_rate_limiting,rate_cap_activation,inactive,0.0,446871.6193686005,446871.6193686005,0.0,,True,results/working/rate_limiter_mechanism_audit.csv,False,False,False
Walmart,store_002__dept_090,strict_frozen,ensemble_rate_limiting,rate_cap_activation,inactive,0.0,708555.0411533698,708555.0411533698,0.0,,True,results/working/rate_limiter_mechanism_audit.csv,False,False,False
Walmart,store_002__dept_091,strict_frozen,ensemble_rate_limiting,rate_cap_activation,inactive,0.0,387303.5023919775,387303.5023919775,0.0,,True,results/working/rate_limiter_mechanism_audit.csv,False,False,False
Walmart,store_002__dept_092,strict_frozen,ensemble_rate_limiting,rate_cap_activation,inactive,0.0,1528675.076956186,1528675.076956186,0.0,,True,results/working/rate_limiter_mechanism_audit.csv,False,False,False
Walmart,store_002__dept_095,strict_frozen,ensemble_rate_limiting,rate_cap_activation,inactive,0.0,871949.5389254754,871949.5389254754,0.0,,True,results/working/rate_limiter_mechanism_audit.csv,False,False,False
Walmart,store_003__dept_014,strict_frozen,ensemble_rate_limiting,rate_cap_activation,inactive,0.0,36367.680412360976,36367.680412360976,0.0,,True,results/working/rate_limiter_mechanism_audit.csv,False,False,False
Walmart,store_003__dept_038,strict_frozen,ensemble_rate_limiting,rate_cap_activation,inactive,0.0,710952.7831635086,710952.7831635086,0.0,,True,results/working/rate_limiter_mechanism_audit.csv,False,False,False
Walmart,store_004__dept_002,strict_frozen,ensemble_rate_limiting,rate_cap_activation,inactive,0.0,793036.4889783913,793036.4889783913,0.0,,True,results/working/rate_limiter_mechanism_audit.csv,False,False,False
Walmart,store_004__dept_038,strict_frozen,ensemble_rate_limiting,rate_cap_activation,inactive,0.0,372670.4270419632,372670.4270419632,0.0,,True,results/working/rate_limiter_mechanism_audit.csv,False,False,False
Walmart,store_004__dept_072,strict_frozen,ensemble_rate_limiting,rate_cap_activation,inactive,0.0,1981038.65154438,1981038.65154438,0.0,,True,results/working/rate_limiter_mechanism_audit.csv,False,False,False
Walmart,store_004__dept_090,strict_frozen,ensemble_rate_limiting,rate_cap_activation,inactive,0.0,640758.3124123869,640758.3124123869,0.0,,True,results/working/rate_limiter_mechanism_audit.csv,False,False,False
Walmart,store_004__dept_092,strict_frozen,ensemble_rate_limiting,rate_cap_activation,inactive,0.0,1444672.461094777,1444672.461094777,0.0,,True,results/working/rate_limiter_mechanism_audit.csv,False,False,False
Walmart,store_004__dept_095,strict_frozen,ensemble_rate_limiting,rate_cap_activation,inactive,0.0,1259907.5154809009,1259907.5154809009,0.0,,True,results/working/rate_limiter_mechanism_audit.csv,False,False,False
Walmart,store_006__dept_016,strict_frozen,ensemble_rate_limiting,rate_cap_activation,inactive,0.0,514302.3258114277,514302.3258114277,0.0,,True,results/working/rate_limiter_mechanism_audit.csv,False,False,False
Walmart,store_006__dept_038,strict_frozen,ensemble_rate_limiting,rate_cap_activation,inactive,0.0,644392.9859198715,644392.9859198715,0.0,,True,results/working/rate_limiter_mechanism_audit.csv,False,False,False
Walmart,store_006__dept_072,strict_frozen,ensemble_rate_limiting,rate_cap_activation,inactive,0.0,446066.091831101,446066.091831101,0.0,,True,results/working/rate_limiter_mechanism_audit.csv,False,False,False
Walmart,store_006__dept_092,strict_frozen,ensemble_rate_limiting,rate_cap_activation,inactive,0.0,595044.8548274522,595044.8548274522,0.0,,True,results/working/rate_limiter_mechanism_audit.csv,False,False,False
Walmart,store_006__dept_095,strict_frozen,ensemble_rate_limiting,rate_cap_activation,inactive,0.0,753694.4106649384,753694.4106649384,0.0,,True,results/working/rate_limiter_mechanism_audit.csv,False,False,False
Walmart,store_009__dept_003,strict_frozen,ensemble_rate_limiting,rate_cap_activation,active,0.15384615384615385,3383153.914577829,3383153.914577829,0.0,,True,results/working/rate_limiter_mechanism_audit.csv,False,False,True
Walmart,store_009__dept_005,strict_frozen,ensemble_rate_limiting,rate_cap_activation,inactive,0.0,951018.5228099085,951018.5228099085,0.0,,True,results/working/rate_limiter_mechanism_audit.csv,False,False,False
Walmart,store_009__dept_033,strict_frozen,ensemble_rate_limiting,rate_cap_activation,inactive,0.0,108628.69134556627,108628.69134556627,0.0,,True,results/working/rate_limiter_mechanism_audit.csv,False,False,False
Walmart,store_009__dept_038,strict_frozen,ensemble_rate_limiting,rate_cap_activation,inactive,0.0,808372.7950460046,808372.7950460046,0.0,,True,results/working/rate_limiter_mechanism_audit.csv,False,False,False
Walmart,store_010__dept_002,strict_frozen,ensemble_rate_limiting,rate_cap_activation,inactive,0.0,471201.17878147366,471201.17878147366,0.0,,True,results/working/rate_limiter_mechanism_audit.csv,False,False,False
Walmart,store_010__dept_008,strict_frozen,ensemble_rate_limiting,rate_cap_activation,inactive,0.0,432387.37664984853,432387.37664984853,0.0,,True,results/working/rate_limiter_mechanism_audit.csv,False,False,False
Walmart,store_010__dept_038,strict_frozen,ensemble_rate_limiting,rate_cap_activation,inactive,0.0,703898.8508656325,703898.8508656325,0.0,,True,results/working/rate_limiter_mechanism_audit.csv,False,False,False
Walmart,store_010__dept_040,strict_frozen,ensemble_rate_limiting,rate_cap_activation,inactive,0.0,724465.7625533831,724465.7625533831,0.0,,True,results/working/rate_limiter_mechanism_audit.csv,False,False,False
Walmart,store_010__dept_072,strict_frozen,ensemble_rate_limiting,rate_cap_activation,inactive,0.0,1344372.7355874844,1344372.7355874844,0.0,,True,results/working/rate_limiter_mechanism_audit.csv,False,False,False
Walmart,store_013__dept_038,strict_frozen,ensemble_rate_limiting,rate_cap_activation,inactive,0.0,401615.8834291686,401615.8834291686,0.0,,True,results/working/rate_limiter_mechanism_audit.csv,False,False,False
Walmart,store_013__dept_090,strict_frozen,ensemble_rate_limiting,rate_cap_activation,inactive,0.0,1141423.4769213337,1141423.4769213337,0.0,,True,results/working/rate_limiter_mechanism_audit.csv,False,False,False
Walmart,store_013__dept_091,strict_frozen,ensemble_rate_limiting,rate_cap_activation,inactive,0.0,494979.3401630807,494979.3401630807,0.0,,True,results/working/rate_limiter_mechanism_audit.csv,False,False,False
Walmart,store_013__dept_092,strict_frozen,ensemble_rate_limiting,rate_cap_activation,inactive,0.0,1374914.788263648,1374914.788263648,0.0,,True,results/working/rate_limiter_mechanism_audit.csv,False,False,False
Walmart,store_013__dept_095,strict_frozen,ensemble_rate_limiting,rate_cap_activation,inactive,0.0,1398157.67687914,1398157.67687914,0.0,,True,results/working/rate_limiter_mechanism_audit.csv,False,False,False
Walmart,store_014__dept_002,strict_frozen,ensemble_rate_limiting,rate_cap_activation,inactive,0.0,523022.4128858356,523022.4128858356,0.0,,True,results/working/rate_limiter_mechanism_audit.csv,False,False,False
Walmart,store_014__dept_038,strict_frozen,ensemble_rate_limiting,rate_cap_activation,inactive,0.0,755532.9563362538,755532.9563362538,0.0,,True,results/working/rate_limiter_mechanism_audit.csv,False,False,False
Walmart,store_014__dept_046,strict_frozen,ensemble_rate_limiting,rate_cap_activation,inactive,0.0,281843.51734190545,281843.51734190545,0.0,,True,results/working/rate_limiter_mechanism_audit.csv,False,False,False
Walmart,store_014__dept_072,strict_frozen,ensemble_rate_limiting,rate_cap_activation,inactive,0.0,1874474.5988048024,1874474.5988048024,0.0,,True,results/working/rate_limiter_mechanism_audit.csv,False,False,False
Walmart,store_014__dept_090,strict_frozen,ensemble_rate_limiting,rate_cap_activation,inactive,0.0,1027059.9981775428,1027059.9981775428,0.0,,True,results/working/rate_limiter_mechanism_audit.csv,False,False,False
Walmart,store_014__dept_091,strict_frozen,ensemble_rate_limiting,rate_cap_activation,inactive,0.0,445039.86825966695,445039.86825966695,0.0,,True,results/working/rate_limiter_mechanism_audit.csv,False,False,False
Walmart,store_014__dept_092,strict_frozen,ensemble_rate_limiting,rate_cap_activation,inactive,0.0,1210187.3119896138,1210187.3119896138,0.0,,True,results/working/rate_limiter_mechanism_audit.csv,False,False,False
Walmart,store_014__dept_095,strict_frozen,ensemble_rate_limiting,rate_cap_activation,inactive,0.0,1412131.3433889109,1412131.3433889109,0.0,,True,results/working/rate_limiter_mechanism_audit.csv,False,False,False
Walmart,store_015__dept_026,strict_frozen,ensemble_rate_limiting,rate_cap_activation,inactive,0.0,444558.42720517993,444558.42720517993,0.0,,True,results/working/rate_limiter_mechanism_audit.csv,False,False,False
Walmart,store_016__dept_096,strict_frozen,ensemble_rate_limiting,rate_cap_activation,inactive,0.0,3131.657510386964,3131.657510386964,0.0,,True,results/working/rate_limiter_mechanism_audit.csv,False,False,False
Walmart,store_019__dept_092,strict_frozen,ensemble_rate_limiting,rate_cap_activation,inactive,0.0,1671408.8389036988,1671408.8389036988,0.0,,True,results/working/rate_limiter_mechanism_audit.csv,False,False,False
Walmart,store_019__dept_095,strict_frozen,ensemble_rate_limiting,rate_cap_activation,inactive,0.0,1917738.757119659,1917738.757119659,0.0,,True,results/working/rate_limiter_mechanism_audit.csv,False,False,False
Walmart,store_020__dept_038,strict_frozen,ensemble_rate_limiting,rate_cap_activation,inactive,0.0,685880.1269839305,685880.1269839305,0.0,,True,results/working/rate_limiter_mechanism_audit.csv,False,False,False
Walmart,store_020__dept_040,strict_frozen,ensemble_rate_limiting,rate_cap_activation,inactive,0.0,501042.7354949946,501042.7354949946,0.0,,True,results/working/rate_limiter_mechanism_audit.csv,False,False,False
Walmart,store_020__dept_072,strict_frozen,ensemble_rate_limiting,rate_cap_activation,inactive,0.0,7059601.436800137,7059601.436800137,0.0,,True,results/working/rate_limiter_mechanism_audit.csv,False,False,False
Walmart,store_020__dept_083,strict_frozen,ensemble_rate_limiting,rate_cap_activation,inactive,0.0,39871.14224743257,39871.14224743257,0.0,,True,results/working/rate_limiter_mechanism_audit.csv,False,False,False
Walmart,store_020__dept_090,strict_frozen,ensemble_rate_limiting,rate_cap_activation,inactive,0.0,731306.8890349084,731306.8890349084,0.0,,True,results/working/rate_limiter_mechanism_audit.csv,False,False,False
Walmart,store_020__dept_092,strict_frozen,ensemble_rate_limiting,rate_cap_activation,inactive,0.0,1003437.3217231105,1003437.3217231105,0.0,,True,results/working/rate_limiter_mechanism_audit.csv,False,False,False
Walmart,store_020__dept_095,strict_frozen,ensemble_rate_limiting,rate_cap_activation,inactive,0.0,1110991.217946553,1110991.217946553,0.0,,True,results/working/rate_limiter_mechanism_audit.csv,False,False,False
Walmart,store_022__dept_059,strict_frozen,ensemble_rate_limiting,rate_cap_activation,inactive,0.0,8897.494087330078,8897.494087330078,0.0,,True,results/working/rate_limiter_mechanism_audit.csv,False,False,False
Walmart,store_023__dept_032,strict_frozen,ensemble_rate_limiting,rate_cap_activation,inactive,0.0,122856.35443976305,122856.35443976305,0.0,,True,results/working/rate_limiter_mechanism_audit.csv,False,False,False
Walmart,store_023__dept_072,strict_frozen,ensemble_rate_limiting,rate_cap_activation,inactive,0.0,2862534.8403255576,2862534.8403255576,0.0,,True,results/working/rate_limiter_mechanism_audit.csv,False,False,False
Walmart,store_024__dept_018,strict_frozen,ensemble_rate_limiting,rate_cap_activation,active,0.9166666666666666,930522.8983680268,930596.5744027492,73.67603472224438,,False,results/working/rate_limiter_mechanism_audit.csv,False,False,True
Walmart,store_024__dept_040,strict_frozen,ensemble_rate_limiting,rate_cap_activation,inactive,0.0,254703.61827860397,254703.61827860397,0.0,,True,results/working/rate_limiter_mechanism_audit.csv,False,False,False
Walmart,store_024__dept_092,strict_frozen,ensemble_rate_limiting,rate_cap_activation,inactive,0.0,1011803.0152478829,1011803.0152478829,0.0,,True,results/working/rate_limiter_mechanism_audit.csv,False,False,False
Walmart,store_024__dept_095,strict_frozen,ensemble_rate_limiting,rate_cap_activation,inactive,0.0,642078.6570727032,642078.6570727032,0.0,,True,results/working/rate_limiter_mechanism_audit.csv,False,False,False
Walmart,store_025__dept_018,strict_frozen,ensemble_rate_limiting,rate_cap_activation,active,0.6153846153846154,938953.0717945652,938953.0717945652,0.0,,True,results/working/rate_limiter_mechanism_audit.csv,False,False,True
Walmart,store_026__dept_024,strict_frozen,ensemble_rate_limiting,rate_cap_activation,inactive,0.0,457373.24410973565,457373.24410973565,0.0,,True,results/working/rate_limiter_mechanism_audit.csv,False,False,False
Walmart,store_026__dept_036,strict_frozen,ensemble_rate_limiting,rate_cap_activation,active,0.15384615384615385,67509.13865944842,67509.13865944842,0.0,,True,results/working/rate_limiter_mechanism_audit.csv,False,False,True
Walmart,store_026__dept_038,strict_frozen,ensemble_rate_limiting,rate_cap_activation,inactive,0.0,816275.3761478955,816275.3761478955,0.0,,True,results/working/rate_limiter_mechanism_audit.csv,False,False,False
Walmart,store_026__dept_092,strict_frozen,ensemble_rate_limiting,rate_cap_activation,inactive,0.0,855764.2917359669,855764.2917359669,0.0,,True,results/working/rate_limiter_mechanism_audit.csv,False,False,False
Walmart,store_027__dept_071,strict_frozen,ensemble_rate_limiting,rate_cap_activation,inactive,0.0,159468.78064309465,159468.78064309465,0.0,,True,results/working/rate_limiter_mechanism_audit.csv,False,False,False
Walmart,store_027__dept_090,strict_frozen,ensemble_rate_limiting,rate_cap_activation,inactive,0.0,1042391.7574177844,1042391.7574177844,0.0,,True,results/working/rate_limiter_mechanism_audit.csv,False,False,False
Walmart,store_027__dept_092,strict_frozen,ensemble_rate_limiting,rate_cap_activation,inactive,0.0,2213505.64539326,2213505.64539326,0.0,,True,results/working/rate_limiter_mechanism_audit.csv,False,False,False
Walmart,store_027__dept_095,strict_frozen,ensemble_rate_limiting,rate_cap_activation,inactive,0.0,1788716.9843141998,1788716.9843141998,0.0,,True,results/working/rate_limiter_mechanism_audit.csv,False,False,False
Walmart,store_028__dept_092,strict_frozen,ensemble_rate_limiting,rate_cap_activation,inactive,0.0,1247363.845520925,1247363.845520925,0.0,,True,results/working/rate_limiter_mechanism_audit.csv,False,False,False
Walmart,store_028__dept_095,strict_frozen,ensemble_rate_limiting,rate_cap_activation,inactive,0.0,601593.7442181904,601593.7442181904,0.0,,True,results/working/rate_limiter_mechanism_audit.csv,False,False,False
Walmart,store_029__dept_027,strict_frozen,ensemble_rate_limiting,rate_cap_activation,inactive,0.0,32550.518996706338,32550.518996706338,0.0,,True,results/working/rate_limiter_mechanism_audit.csv,False,False,False
Walmart,store_030__dept_083,strict_frozen,ensemble_rate_limiting,rate_cap_activation,inactive,0.0,10935.304660338938,10935.304660338938,0.0,,True,results/working/rate_limiter_mechanism_audit.csv,False,False,False
Walmart,store_031__dept_038,strict_frozen,ensemble_rate_limiting,rate_cap_activation,inactive,0.0,573192.7215247445,573192.7215247445,0.0,,True,results/working/rate_limiter_mechanism_audit.csv,False,False,False
Walmart,store_031__dept_046,strict_frozen,ensemble_rate_limiting,rate_cap_activation,inactive,0.0,169143.38072343878,169143.38072343878,0.0,,True,results/working/rate_limiter_mechanism_audit.csv,False,False,False
Walmart,store_031__dept_079,strict_frozen,ensemble_rate_limiting,rate_cap_activation,inactive,0.0,256213.4997153777,256213.4997153777,0.0,,True,results/working/rate_limiter_mechanism_audit.csv,False,False,False
Walmart,store_031__dept_090,strict_frozen,ensemble_rate_limiting,rate_cap_activation,inactive,0.0,509806.6752896412,509806.6752896412,0.0,,True,results/working/rate_limiter_mechanism_audit.csv,False,False,False
Walmart,store_031__dept_092,strict_frozen,ensemble_rate_limiting,rate_cap_activation,inactive,0.0,1054891.53803054,1054891.53803054,0.0,,True,results/working/rate_limiter_mechanism_audit.csv,False,False,False
Walmart,store_031__dept_095,strict_frozen,ensemble_rate_limiting,rate_cap_activation,inactive,0.0,700863.4728926889,700863.4728926889,0.0,,True,results/working/rate_limiter_mechanism_audit.csv,False,False,False
Walmart,store_032__dept_092,strict_frozen,ensemble_rate_limiting,rate_cap_activation,inactive,0.0,1008834.3617791288,1008834.3617791288,0.0,,True,results/working/rate_limiter_mechanism_audit.csv,False,False,False
Walmart,store_032__dept_095,strict_frozen,ensemble_rate_limiting,rate_cap_activation,inactive,0.0,693320.8391040012,693320.8391040012,0.0,,True,results/working/rate_limiter_mechanism_audit.csv,False,False,False
Walmart,store_033__dept_094,strict_frozen,ensemble_rate_limiting,rate_cap_activation,inactive,0.0,145424.44216727198,145424.44216727198,0.0,,True,results/working/rate_limiter_mechanism_audit.csv,False,False,False
Walmart,store_035__dept_072,strict_frozen,ensemble_rate_limiting,rate_cap_activation,inactive,0.0,1923482.106328716,1923482.106328716,0.0,,True,results/working/rate_limiter_mechanism_audit.csv,False,False,False
Walmart,store_036__dept_087,strict_frozen,ensemble_rate_limiting,rate_cap_activation,active,0.16666666666666666,6752.795593595403,6752.795593595403,0.0,,True,results/working/rate_limiter_mechanism_audit.csv,False,False,True
Walmart,store_038__dept_002,strict_frozen,ensemble_rate_limiting,rate_cap_activation,inactive,0.0,62079.601772382186,62079.601772382186,0.0,,True,results/working/rate_limiter_mechanism_audit.csv,False,False,False
Walmart,store_039__dept_092,strict_frozen,ensemble_rate_limiting,rate_cap_activation,inactive,0.0,1290918.8648593018,1290918.8648593018,0.0,,True,results/working/rate_limiter_mechanism_audit.csv,False,False,False
Walmart,store_039__dept_095,strict_frozen,ensemble_rate_limiting,rate_cap_activation,inactive,0.0,1965556.017312855,1965556.017312855,0.0,,True,results/working/rate_limiter_mechanism_audit.csv,False,False,False
Walmart,store_040__dept_042,strict_frozen,ensemble_rate_limiting,rate_cap_activation,inactive,0.0,31615.699999200937,31615.699999200937,0.0,,True,results/working/rate_limiter_mechanism_audit.csv,False,False,False
Walmart,store_040__dept_092,strict_frozen,ensemble_rate_limiting,rate_cap_activation,inactive,0.0,672847.7971316852,672847.7971316852,0.0,,True,results/working/rate_limiter_mechanism_audit.csv,False,False,False
Walmart,store_041__dept_033,strict_frozen,ensemble_rate_limiting,rate_cap_activation,inactive,0.0,615873.2855129213,615873.2855129213,0.0,,True,results/working/rate_limiter_mechanism_audit.csv,False,False,False
Walmart,store_041__dept_092,strict_frozen,ensemble_rate_limiting,rate_cap_activation,inactive,0.0,1349767.7800442888,1349767.7800442888,0.0,,True,results/working/rate_limiter_mechanism_audit.csv,False,False,False
Walmart,store_041__dept_095,strict_frozen,ensemble_rate_limiting,rate_cap_activation,inactive,0.0,892192.6464886769,892192.6464886769,0.0,,True,results/working/rate_limiter_mechanism_audit.csv,False,False,False
Walmart,store_041__dept_096,strict_frozen,ensemble_rate_limiting,rate_cap_activation,inactive,0.0,62892.822300159016,62892.822300159016,0.0,,True,results/working/rate_limiter_mechanism_audit.csv,False,False,False
Walmart,store_042__dept_092,strict_frozen,ensemble_rate_limiting,rate_cap_activation,inactive,0.0,730520.2753743031,730520.2753743031,0.0,,True,results/working/rate_limiter_mechanism_audit.csv,False,False,False
Walmart,store_043__dept_092,strict_frozen,ensemble_rate_limiting,rate_cap_activation,inactive,0.0,656951.9735701093,656951.9735701093,0.0,,True,results/working/rate_limiter_mechanism_audit.csv,False,False,False
Walmart,store_044__dept_009,strict_frozen,ensemble_rate_limiting,rate_cap_activation,inactive,0.0,5251.12737108742,5251.12737108742,0.0,,True,results/working/rate_limiter_mechanism_audit.csv,False,False,False
Walmart,store_044__dept_017,strict_frozen,ensemble_rate_limiting,rate_cap_activation,inactive,0.0,8456.251303974543,8456.251303974543,0.0,,True,results/working/rate_limiter_mechanism_audit.csv,False,False,False
M5,FOODS_1_218__TX_2,frozen_horizon,governance_aware_dp,switch_budget_binding,inactive,0.0,2570.8785044897572,2570.8785044897572,0.0,0.0,True,results/working/switch_budget_mechanism_audit.csv,False,False,False
M5,FOODS_2_197__CA_1,frozen_horizon,governance_aware_dp,switch_budget_binding,inactive,0.0,5932.310386377302,5932.310386377302,0.0,0.0,True,results/working/switch_budget_mechanism_audit.csv,False,False,False
M5,FOODS_2_197__CA_3,frozen_horizon,governance_aware_dp,switch_budget_binding,inactive,0.0,354.919051829753,354.919051829753,0.0,0.0,True,results/working/switch_budget_mechanism_audit.csv,False,False,False
M5,FOODS_2_276__CA_3,frozen_horizon,governance_aware_dp,switch_budget_binding,inactive,0.0,412.010113850104,412.010113850104,0.0,0.0,True,results/working/switch_budget_mechanism_audit.csv,False,False,False
M5,FOODS_2_360__CA_3,frozen_horizon,governance_aware_dp,switch_budget_binding,active,3.0,6456.290560403,6928.544642857148,472.25408245414565,3.0,False,results/working/switch_budget_mechanism_audit.csv,False,True,True
M5,FOODS_2_360__TX_3,frozen_horizon,governance_aware_dp,switch_budget_binding,inactive,0.0,8081.0642096425745,8081.0642096425745,0.0,0.0,True,results/working/switch_budget_mechanism_audit.csv,False,False,False
M5,FOODS_2_360__WI_2,frozen_horizon,governance_aware_dp,switch_budget_binding,active,1.0,31189.58372079956,31189.08372079956,-0.5,1.0,True,results/working/switch_budget_mechanism_audit.csv,False,False,True
M5,FOODS_3_007__WI_2,frozen_horizon,governance_aware_dp,switch_budget_binding,active,2.0,52705.6125,52704.6125,-1.0,2.0,True,results/working/switch_budget_mechanism_audit.csv,False,False,True
M5,FOODS_3_030__TX_2,frozen_horizon,governance_aware_dp,switch_budget_binding,inactive,0.0,861.2937480567149,861.2937480567149,0.0,0.0,True,results/working/switch_budget_mechanism_audit.csv,False,False,False
M5,FOODS_3_030__TX_3,frozen_horizon,governance_aware_dp,switch_budget_binding,active,1.0,490.30911562507276,441.4776759273633,-48.83143969770946,1.0,False,results/working/switch_budget_mechanism_audit.csv,True,False,False
M5,FOODS_3_080__CA_1,frozen_horizon,governance_aware_dp,switch_budget_binding,inactive,0.0,629.2514189486717,629.2514189486717,0.0,0.0,True,results/working/switch_budget_mechanism_audit.csv,False,False,False
M5,FOODS_3_080__TX_2,frozen_horizon,governance_aware_dp,switch_budget_binding,inactive,0.0,709.6394930812378,709.6394930812378,0.0,0.0,True,results/working/switch_budget_mechanism_audit.csv,False,False,False
M5,FOODS_3_090__CA_1,frozen_horizon,governance_aware_dp,switch_budget_binding,inactive,0.0,2622.594053519633,2622.594053519633,0.0,0.0,True,results/working/switch_budget_mechanism_audit.csv,False,False,False
M5,FOODS_3_090__CA_2,frozen_horizon,governance_aware_dp,switch_budget_binding,inactive,0.0,3954.671496809437,3954.671496809437,0.0,0.0,True,results/working/switch_budget_mechanism_audit.csv,False,False,False
M5,FOODS_3_090__CA_3,frozen_horizon,governance_aware_dp,switch_budget_binding,active,1.0,9132.149202132456,4888.121578954346,-4244.02762317811,1.0,False,results/working/switch_budget_mechanism_audit.csv,True,False,False
M5,FOODS_3_090__CA_4,frozen_horizon,governance_aware_dp,switch_budget_binding,inactive,0.0,1015.2670206363316,1015.2670206363316,0.0,0.0,True,results/working/switch_budget_mechanism_audit.csv,False,False,False
M5,FOODS_3_090__TX_1,frozen_horizon,governance_aware_dp,switch_budget_binding,active,1.0,5841.814886876647,1721.5447010610044,-4120.270185815642,1.0,False,results/working/switch_budget_mechanism_audit.csv,True,False,False
M5,FOODS_3_090__TX_2,frozen_horizon,governance_aware_dp,switch_budget_binding,inactive,0.0,3523.5217269526484,3523.5217269526484,0.0,0.0,True,results/working/switch_budget_mechanism_audit.csv,False,False,False
M5,FOODS_3_090__TX_3,frozen_horizon,governance_aware_dp,switch_budget_binding,inactive,0.0,5290.3480907558505,5290.3480907558505,0.0,0.0,True,results/working/switch_budget_mechanism_audit.csv,False,False,False
M5,FOODS_3_090__WI_3,frozen_horizon,governance_aware_dp,switch_budget_binding,inactive,0.0,5870.954972102876,5870.954972102876,0.0,0.0,True,results/working/switch_budget_mechanism_audit.csv,False,False,False
M5,FOODS_3_099__TX_2,frozen_horizon,governance_aware_dp,switch_budget_binding,inactive,0.0,441.3826773459871,441.3826773459871,0.0,0.0,True,results/working/switch_budget_mechanism_audit.csv,False,False,False
M5,FOODS_3_120__CA_1,frozen_horizon,governance_aware_dp,switch_budget_binding,active,4.0,16367.35903257137,16365.35903257137,-2.0,4.0,True,results/working/switch_budget_mechanism_audit.csv,False,False,True
M5,FOODS_3_120__CA_3,frozen_horizon,governance_aware_dp,switch_budget_binding,active,5.0,41935.05803571429,41932.55803571429,-2.5,5.0,True,results/working/switch_budget_mechanism_audit.csv,False,False,True
M5,FOODS_3_120__WI_3,frozen_horizon,governance_aware_dp,switch_budget_binding,active,5.0,22321.65119965708,22319.15119965708,-2.5,5.0,True,results/working/switch_budget_mechanism_audit.csv,False,False,True
M5,FOODS_3_202__CA_3,frozen_horizon,governance_aware_dp,switch_budget_binding,active,1.0,5544.411255185368,4199.7813620379075,-1344.6298931474585,1.0,False,results/working/switch_budget_mechanism_audit.csv,True,False,False
M5,FOODS_3_202__TX_1,frozen_horizon,governance_aware_dp,switch_budget_binding,active,1.0,3525.640374341601,2564.4578601792605,-961.1825141623403,1.0,False,results/working/switch_budget_mechanism_audit.csv,True,False,False
M5,FOODS_3_202__TX_2,frozen_horizon,governance_aware_dp,switch_budget_binding,inactive,0.0,1265.7195724617648,1265.7195724617648,0.0,0.0,True,results/working/switch_budget_mechanism_audit.csv,False,False,False
M5,FOODS_3_202__TX_3,frozen_horizon,governance_aware_dp,switch_budget_binding,active,1.0,1217.1224168590952,1003.317895623112,-213.8045212359832,1.0,False,results/working/switch_budget_mechanism_audit.csv,True,False,False
M5,FOODS_3_226__WI_1,frozen_horizon,governance_aware_dp,switch_budget_binding,active,1.0,3390.0127631952723,1394.6427061289246,-1995.370057066348,1.0,False,results/working/switch_budget_mechanism_audit.csv,True,False,False
M5,FOODS_3_226__WI_2,frozen_horizon,governance_aware_dp,switch_budget_binding,active,1.0,2071.8017277992285,2055.5347865022027,-16.266941297025824,1.0,False,results/working/switch_budget_mechanism_audit.csv,False,False,True
M5,FOODS_3_226__WI_3,frozen_horizon,governance_aware_dp,switch_budget_binding,active,1.0,729.510645939564,724.0985760993029,-5.412069840260984,1.0,False,results/working/switch_budget_mechanism_audit.csv,False,False,True
M5,FOODS_3_234__CA_3,frozen_horizon,governance_aware_dp,switch_budget_binding,inactive,0.0,4509.693794176299,4509.693794176299,0.0,0.0,True,results/working/switch_budget_mechanism_audit.csv,False,False,False
M5,FOODS_3_234__WI_2,frozen_horizon,governance_aware_dp,switch_budget_binding,active,2.0,5387.6125,5383.4937998992655,-4.1187001007347135,2.0,False,results/working/switch_budget_mechanism_audit.csv,False,False,True
M5,FOODS_3_234__WI_3,frozen_horizon,governance_aware_dp,switch_budget_binding,inactive,0.0,7934.090970524789,7934.090970524789,0.0,0.0,True,results/working/switch_budget_mechanism_audit.csv,False,False,False
M5,FOODS_3_252__CA_1,frozen_horizon,governance_aware_dp,switch_budget_binding,active,1.0,3833.662573458032,2785.5462353531957,-1048.116338104836,1.0,False,results/working/switch_budget_mechanism_audit.csv,True,False,False
M5,FOODS_3_252__CA_2,frozen_horizon,governance_aware_dp,switch_budget_binding,active,1.0,4246.090223315247,4673.6107496335435,427.5205263182961,1.0,False,results/working/switch_budget_mechanism_audit.csv,False,True,True
M5,FOODS_3_252__CA_3,frozen_horizon,governance_aware_dp,switch_budget_binding,active,1.0,8793.740499998212,3258.81665552803,-5534.923844470182,1.0,False,results/working/switch_budget_mechanism_audit.csv,True,False,False
M5,FOODS_3_252__TX_1,frozen_horizon,governance_aware_dp,switch_budget_binding,inactive,0.0,1156.4309802234898,1156.4309802234898,0.0,0.0,True,results/working/switch_budget_mechanism_audit.csv,False,False,False
M5,FOODS_3_252__TX_2,frozen_horizon,governance_aware_dp,switch_budget_binding,inactive,0.0,1770.5171728005676,1770.5171728005676,0.0,0.0,True,results/working/switch_budget_mechanism_audit.csv,False,False,False
M5,FOODS_3_252__TX_3,frozen_horizon,governance_aware_dp,switch_budget_binding,inactive,0.0,1085.163880121859,1085.163880121859,0.0,0.0,True,results/working/switch_budget_mechanism_audit.csv,False,False,False
M5,FOODS_3_252__WI_3,frozen_horizon,governance_aware_dp,switch_budget_binding,inactive,0.0,2240.224239709364,2240.224239709364,0.0,0.0,True,results/working/switch_budget_mechanism_audit.csv,False,False,False
M5,FOODS_3_281__CA_3,frozen_horizon,governance_aware_dp,switch_budget_binding,active,4.0,11609.484375000005,11607.484375000005,-2.0,4.0,True,results/working/switch_budget_mechanism_audit.csv,False,False,True
M5,FOODS_3_282__CA_3,frozen_horizon,governance_aware_dp,switch_budget_binding,inactive,0.0,1656.6327692794196,1656.6327692794196,0.0,0.0,True,results/working/switch_budget_mechanism_audit.csv,False,False,False
M5,FOODS_3_288__CA_3,frozen_horizon,governance_aware_dp,switch_budget_binding,active,1.0,1874.1960819870965,1453.6603891388725,-420.5356928482242,1.0,False,results/working/switch_budget_mechanism_audit.csv,True,False,False
M5,FOODS_3_318__CA_3,frozen_horizon,governance_aware_dp,switch_budget_binding,active,1.0,1842.441145760989,3122.2728572306846,1279.8317114696954,1.0,False,results/working/switch_budget_mechanism_audit.csv,False,True,True
M5,FOODS_3_318__WI_3,frozen_horizon,governance_aware_dp,switch_budget_binding,inactive,0.0,1407.6981772040729,1407.6981772040729,0.0,0.0,True,results/working/switch_budget_mechanism_audit.csv,False,False,False
M5,FOODS_3_319__CA_3,frozen_horizon,governance_aware_dp,switch_budget_binding,inactive,0.0,1560.5401449514995,1560.5401449514995,0.0,0.0,True,results/working/switch_budget_mechanism_audit.csv,False,False,False
M5,FOODS_3_376__WI_2,frozen_horizon,governance_aware_dp,switch_budget_binding,active,1.0,21062.011792010057,21061.511792010057,-0.5,1.0,True,results/working/switch_budget_mechanism_audit.csv,False,False,True
M5,FOODS_3_377__TX_2,frozen_horizon,governance_aware_dp,switch_budget_binding,inactive,0.0,956.9864551491808,956.9864551491808,0.0,0.0,True,results/working/switch_budget_mechanism_audit.csv,False,False,False
M5,FOODS_3_377__TX_3,frozen_horizon,governance_aware_dp,switch_budget_binding,active,1.0,790.2397982560159,786.6098875417302,-3.629910714285984,1.0,False,results/working/switch_budget_mechanism_audit.csv,False,False,True
M5,FOODS_3_412__WI_2,frozen_horizon,governance_aware_dp,switch_budget_binding,active,1.0,11350.90545856543,11350.40545856543,-0.5,1.0,True,results/working/switch_budget_mechanism_audit.csv,False,False,True
M5,FOODS_3_462__WI_2,frozen_horizon,governance_aware_dp,switch_budget_binding,active,1.0,3272.241250071431,3241.491967474841,-30.74928259658873,1.0,False,results/working/switch_budget_mechanism_audit.csv,False,False,True
M5,FOODS_3_501__CA_3,frozen_horizon,governance_aware_dp,switch_budget_binding,inactive,0.0,629.6014669851983,629.6014669851983,0.0,0.0,True,results/working/switch_budget_mechanism_audit.csv,False,False,False
M5,FOODS_3_541__CA_1,frozen_horizon,governance_aware_dp,switch_budget_binding,active,1.0,113.1671476116053,107.94951045981732,-5.217637151787969,1.0,False,results/working/switch_budget_mechanism_audit.csv,True,False,False
M5,FOODS_3_541__CA_3,frozen_horizon,governance_aware_dp,switch_budget_binding,inactive,0.0,1465.623046875,1465.623046875,0.0,0.0,True,results/working/switch_budget_mechanism_audit.csv,False,False,False
M5,FOODS_3_547__WI_2,frozen_horizon,governance_aware_dp,switch_budget_binding,active,1.0,4622.731319577865,4622.231319577865,-0.5,1.0,True,results/working/switch_budget_mechanism_audit.csv,False,False,True
M5,FOODS_3_555__CA_1,frozen_horizon,governance_aware_dp,switch_budget_binding,active,1.0,1121.8375017859153,1045.9665653755098,-75.87093641040542,1.0,False,results/working/switch_budget_mechanism_audit.csv,True,False,False
M5,FOODS_3_555__CA_3,frozen_horizon,governance_aware_dp,switch_budget_binding,inactive,0.0,3310.759680985981,3310.759680985981,0.0,0.0,True,results/working/switch_budget_mechanism_audit.csv,False,False,False
M5,FOODS_3_555__TX_1,frozen_horizon,governance_aware_dp,switch_budget_binding,inactive,0.0,1351.5691228932415,1351.5691228932415,0.0,0.0,True,results/working/switch_budget_mechanism_audit.csv,False,False,False
M5,FOODS_3_555__TX_2,frozen_horizon,governance_aware_dp,switch_budget_binding,inactive,0.0,1596.3277857297635,1596.3277857297635,0.0,0.0,True,results/working/switch_budget_mechanism_audit.csv,False,False,False
M5,FOODS_3_555__TX_3,frozen_horizon,governance_aware_dp,switch_budget_binding,active,1.0,2624.5836697196096,2023.5562947284168,-601.0273749911928,1.0,False,results/working/switch_budget_mechanism_audit.csv,True,False,False
M5,FOODS_3_555__WI_3,frozen_horizon,governance_aware_dp,switch_budget_binding,active,1.0,1936.162693436376,1853.863603152745,-82.2990902836309,1.0,False,results/working/switch_budget_mechanism_audit.csv,True,False,False
M5,FOODS_3_586__CA_1,frozen_horizon,governance_aware_dp,switch_budget_binding,active,1.0,3792.6168205031604,1647.288150410573,-2145.328670092587,1.0,False,results/working/switch_budget_mechanism_audit.csv,True,False,False
M5,FOODS_3_586__CA_2,frozen_horizon,governance_aware_dp,switch_budget_binding,active,2.0,2098.0239413805757,930.6784230167548,-1167.3455183638205,2.0,False,results/working/switch_budget_mechanism_audit.csv,True,False,False
M5,FOODS_3_586__CA_3,frozen_horizon,governance_aware_dp,switch_budget_binding,active,1.0,2748.89332506638,2216.9851426189803,-531.9081824474001,1.0,False,results/working/switch_budget_mechanism_audit.csv,True,False,False
M5,FOODS_3_586__TX_1,frozen_horizon,governance_aware_dp,switch_budget_binding,active,1.0,5735.429858901608,3283.2349262255952,-2452.1949326760127,1.0,False,results/working/switch_budget_mechanism_audit.csv,True,False,False
M5,FOODS_3_586__TX_2,frozen_horizon,governance_aware_dp,switch_budget_binding,inactive,0.0,1789.0208068163474,1789.0208068163474,0.0,0.0,True,results/working/switch_budget_mechanism_audit.csv,False,False,False
M5,FOODS_3_586__TX_3,frozen_horizon,governance_aware_dp,switch_budget_binding,active,1.0,1578.7371285494376,1232.7096686752284,-346.0274598742089,1.0,False,results/working/switch_budget_mechanism_audit.csv,True,False,False
M5,FOODS_3_586__WI_3,frozen_horizon,governance_aware_dp,switch_budget_binding,inactive,0.0,1337.5556301053555,1337.5556301053555,0.0,0.0,True,results/working/switch_budget_mechanism_audit.csv,False,False,False
M5,FOODS_3_587__CA_1,frozen_horizon,governance_aware_dp,switch_budget_binding,active,1.0,941.9417345185831,867.4433378048067,-74.49839671377629,1.0,False,results/working/switch_budget_mechanism_audit.csv,True,False,False
M5,FOODS_3_587__CA_3,frozen_horizon,governance_aware_dp,switch_budget_binding,inactive,0.0,1740.0108824628117,1740.0108824628117,0.0,0.0,True,results/working/switch_budget_mechanism_audit.csv,False,False,False
M5,FOODS_3_587__TX_1,frozen_horizon,governance_aware_dp,switch_budget_binding,inactive,0.0,779.1157226870504,779.1157226870504,0.0,0.0,True,results/working/switch_budget_mechanism_audit.csv,False,False,False
M5,FOODS_3_587__TX_2,frozen_horizon,governance_aware_dp,switch_budget_binding,inactive,0.0,978.1804453781656,978.1804453781656,0.0,0.0,True,results/working/switch_budget_mechanism_audit.csv,False,False,False
M5,FOODS_3_587__TX_3,frozen_horizon,governance_aware_dp,switch_budget_binding,inactive,0.0,1889.8047266416684,1889.8047266416684,0.0,0.0,True,results/working/switch_budget_mechanism_audit.csv,False,False,False
M5,FOODS_3_587__WI_3,frozen_horizon,governance_aware_dp,switch_budget_binding,active,4.0,21179.057726932628,21177.057726932628,-2.0,4.0,True,results/working/switch_budget_mechanism_audit.csv,False,False,True
M5,FOODS_3_607__CA_3,frozen_horizon,governance_aware_dp,switch_budget_binding,active,1.0,1731.7506058423928,640.0039300039293,-1091.7466758384635,1.0,False,results/working/switch_budget_mechanism_audit.csv,True,False,False
M5,FOODS_3_635__CA_3,frozen_horizon,governance_aware_dp,switch_budget_binding,inactive,0.0,2472.4261830149962,2472.4261830149962,0.0,0.0,True,results/working/switch_budget_mechanism_audit.csv,False,False,False
M5,FOODS_3_681__CA_3,frozen_horizon,governance_aware_dp,switch_budget_binding,inactive,0.0,1629.6379594485309,1629.6379594485309,0.0,0.0,True,results/working/switch_budget_mechanism_audit.csv,False,False,False
M5,FOODS_3_681__WI_3,frozen_horizon,governance_aware_dp,switch_budget_binding,inactive,0.0,5703.788070535748,5703.788070535748,0.0,0.0,True,results/working/switch_budget_mechanism_audit.csv,False,False,False
M5,FOODS_3_694__CA_3,frozen_horizon,governance_aware_dp,switch_budget_binding,active,1.0,2611.8559389017983,2402.007628216525,-209.84831068527316,1.0,False,results/working/switch_budget_mechanism_audit.csv,True,False,False
M5,FOODS_3_694__WI_1,frozen_horizon,governance_aware_dp,switch_budget_binding,active,1.0,1461.8769982984077,1371.0281740011735,-90.84882429723392,1.0,False,results/working/switch_budget_mechanism_audit.csv,True,False,False
M5,FOODS_3_694__WI_2,frozen_horizon,governance_aware_dp,switch_budget_binding,inactive,0.0,947.114137216367,947.114137216367,0.0,0.0,True,results/working/switch_budget_mechanism_audit.csv,False,False,False
M5,FOODS_3_694__WI_3,frozen_horizon,governance_aware_dp,switch_budget_binding,active,1.0,1559.2660019299115,1566.4761099398982,7.210108009986469,1.0,False,results/working/switch_budget_mechanism_audit.csv,False,False,True
M5,FOODS_3_711__CA_3,frozen_horizon,governance_aware_dp,switch_budget_binding,inactive,0.0,1183.5503698522446,1183.5503698522446,0.0,0.0,True,results/working/switch_budget_mechanism_audit.csv,False,False,False
M5,FOODS_3_711__WI_2,frozen_horizon,governance_aware_dp,switch_budget_binding,inactive,0.0,2780.486654830519,2780.486654830519,0.0,0.0,True,results/working/switch_budget_mechanism_audit.csv,False,False,False
M5,FOODS_3_714__CA_1,frozen_horizon,governance_aware_dp,switch_budget_binding,inactive,0.0,3122.3576643496563,3122.3576643496563,0.0,0.0,True,results/working/switch_budget_mechanism_audit.csv,False,False,False
M5,FOODS_3_714__CA_3,frozen_horizon,governance_aware_dp,switch_budget_binding,active,1.0,1534.397802108058,1429.5418798832586,-104.85592222479907,1.0,False,results/working/switch_budget_mechanism_audit.csv,True,False,False
M5,FOODS_3_714__TX_1,frozen_horizon,governance_aware_dp,switch_budget_binding,inactive,0.0,1507.9898932302524,1507.9898932302524,0.0,0.0,True,results/working/switch_budget_mechanism_audit.csv,False,False,False
M5,FOODS_3_714__TX_2,frozen_horizon,governance_aware_dp,switch_budget_binding,inactive,0.0,814.4352903176123,814.4352903176123,0.0,0.0,True,results/working/switch_budget_mechanism_audit.csv,False,False,False
M5,FOODS_3_714__TX_3,frozen_horizon,governance_aware_dp,switch_budget_binding,inactive,0.0,1760.1161409715576,1760.1161409715576,0.0,0.0,True,results/working/switch_budget_mechanism_audit.csv,False,False,False
M5,FOODS_3_714__WI_3,frozen_horizon,governance_aware_dp,switch_budget_binding,inactive,0.0,1252.945479790072,1252.945479790072,0.0,0.0,True,results/working/switch_budget_mechanism_audit.csv,False,False,False
M5,FOODS_3_723__CA_3,frozen_horizon,governance_aware_dp,switch_budget_binding,inactive,0.0,1917.2089078549307,1917.2089078549307,0.0,0.0,True,results/working/switch_budget_mechanism_audit.csv,False,False,False
M5,FOODS_3_723__WI_3,frozen_horizon,governance_aware_dp,switch_budget_binding,active,1.0,1213.7513896051096,862.3614222328198,-351.3899673722899,1.0,False,results/working/switch_budget_mechanism_audit.csv,True,False,False
M5,FOODS_3_752__CA_3,frozen_horizon,governance_aware_dp,switch_budget_binding,active,2.0,5573.726974993916,5531.022294677161,-42.70468031675682,2.0,False,results/working/switch_budget_mechanism_audit.csv,False,False,True
M5,FOODS_3_804__CA_3,frozen_horizon,governance_aware_dp,switch_budget_binding,inactive,0.0,2875.3012810976106,2875.3012810976106,0.0,0.0,True,results/working/switch_budget_mechanism_audit.csv,False,False,False
M5,FOODS_3_808__CA_1,frozen_horizon,governance_aware_dp,switch_budget_binding,active,2.0,1292.3519335870888,1340.202232626988,47.850299039899255,2.0,False,results/working/switch_budget_mechanism_audit.csv,False,True,True
M5,FOODS_3_808__CA_3,frozen_horizon,governance_aware_dp,switch_budget_binding,inactive,0.0,3217.9917287054327,3217.9917287054327,0.0,0.0,True,results/working/switch_budget_mechanism_audit.csv,False,False,False
M5,HOUSEHOLD_1_118__CA_3,frozen_horizon,governance_aware_dp,switch_budget_binding,inactive,0.0,2391.7980972091173,2391.7980972091173,0.0,0.0,True,results/working/switch_budget_mechanism_audit.csv,False,False,False
M5,HOUSEHOLD_1_334__CA_3,frozen_horizon,governance_aware_dp,switch_budget_binding,active,1.0,7750.167857142859,7749.667857142859,-0.5,1.0,True,results/working/switch_budget_mechanism_audit.csv,False,False,True
M5,HOUSEHOLD_1_459__CA_3,frozen_horizon,governance_aware_dp,switch_budget_binding,active,1.0,6632.701997921067,6632.201997921067,-0.5,1.0,True,results/working/switch_budget_mechanism_audit.csv,False,False,True
M5,FOODS_1_218__TX_2,governance_fixed_K2,governance_aware_dp,switch_budget_binding,inactive,-1.0,3437.5491428841297,3437.5491428841297,0.0,0.0,True,results/working/switch_budget_mechanism_audit.csv,False,False,False
M5,FOODS_2_197__CA_1,governance_fixed_K2,governance_aware_dp,switch_budget_binding,active,3.0,6720.693244022868,6971.3716369427475,250.6783929198782,3.0,False,results/working/switch_budget_mechanism_audit.csv,False,True,True
M5,FOODS_2_197__CA_3,governance_fixed_K2,governance_aware_dp,switch_budget_binding,inactive,-2.0,453.7172268955658,453.7172268955658,0.0,0.0,True,results/working/switch_budget_mechanism_audit.csv,False,False,False
M5,FOODS_2_276__CA_3,governance_fixed_K2,governance_aware_dp,switch_budget_binding,inactive,0.0,524.0024118867922,524.0024118867922,0.0,0.0,True,results/working/switch_budget_mechanism_audit.csv,False,False,False
M5,FOODS_2_360__CA_3,governance_fixed_K2,governance_aware_dp,switch_budget_binding,active,11.0,7345.6187688648515,6766.336626007707,-579.2821428571407,11.0,False,results/working/switch_budget_mechanism_audit.csv,True,False,False
M5,FOODS_2_360__TX_3,governance_fixed_K2,governance_aware_dp,switch_budget_binding,active,12.0,8499.62732922708,8264.891116306704,-234.73621292037566,12.0,False,results/working/switch_budget_mechanism_audit.csv,True,False,False
M5,FOODS_2_360__WI_2,governance_fixed_K2,governance_aware_dp,switch_budget_binding,active,3.0,33044.56037371664,33043.06037371664,-1.5,3.0,True,results/working/switch_budget_mechanism_audit.csv,False,False,True
M5,FOODS_3_007__WI_2,governance_fixed_K2,governance_aware_dp,switch_budget_binding,active,4.0,52816.6125,52814.6125,-2.0,4.0,True,results/working/switch_budget_mechanism_audit.csv,False,False,True
M5,FOODS_3_030__TX_2,governance_fixed_K2,governance_aware_dp,switch_budget_binding,active,3.0,3819.2436136897936,3817.0128101183655,-2.2308035714286234,4.0,False,results/working/switch_budget_mechanism_audit.csv,False,False,True
M5,FOODS_3_030__TX_3,governance_fixed_K2,governance_aware_dp,switch_budget_binding,active,2.0,873.7695000992537,847.5911235604034,-26.178376538850447,2.0,False,results/working/switch_budget_mechanism_audit.csv,True,False,False
M5,FOODS_3_080__CA_1,governance_fixed_K2,governance_aware_dp,switch_budget_binding,inactive,-1.0,802.0049948759039,802.0049948759039,0.0,0.0,True,results/working/switch_budget_mechanism_audit.csv,False,False,False
M5,FOODS_3_080__TX_2,governance_fixed_K2,governance_aware_dp,switch_budget_binding,inactive,0.0,729.0980019172557,729.0980019172557,0.0,0.0,True,results/working/switch_budget_mechanism_audit.csv,False,False,False
M5,FOODS_3_090__CA_1,governance_fixed_K2,governance_aware_dp,switch_budget_binding,active,1.0,8575.688896455507,8574.688896455507,-1.0,2.0,True,results/working/switch_budget_mechanism_audit.csv,False,False,True
M5,FOODS_3_090__CA_2,governance_fixed_K2,governance_aware_dp,switch_budget_binding,inactive,-1.0,6218.350494441446,6218.350494441446,0.0,0.0,True,results/working/switch_budget_mechanism_audit.csv,False,False,False
M5,FOODS_3_090__CA_3,governance_fixed_K2,governance_aware_dp,switch_budget_binding,active,3.0,8964.116404608983,8962.616404608983,-1.5,3.0,True,results/working/switch_budget_mechanism_audit.csv,False,False,True
M5,FOODS_3_090__CA_4,governance_fixed_K2,governance_aware_dp,switch_budget_binding,active,6.0,1452.3647044271515,1506.337943788346,53.9732393611946,7.0,False,results/working/switch_budget_mechanism_audit.csv,False,True,True
M5,FOODS_3_090__TX_1,governance_fixed_K2,governance_aware_dp,switch_budget_binding,active,7.0,4115.317025731605,4110.552740017319,-4.764285714286416,8.0,False,results/working/switch_budget_mechanism_audit.csv,False,False,True
M5,FOODS_3_090__TX_2,governance_fixed_K2,governance_aware_dp,switch_budget_binding,active,1.0,5359.869746102605,3596.682575901682,-1763.1871702009228,1.0,False,results/working/switch_budget_mechanism_audit.csv,True,False,False
M5,FOODS_3_090__TX_3,governance_fixed_K2,governance_aware_dp,switch_budget_binding,inactive,0.0,3705.3746087385966,3705.3746087385966,0.0,0.0,True,results/working/switch_budget_mechanism_audit.csv,False,False,False
M5,FOODS_3_090__WI_3,governance_fixed_K2,governance_aware_dp,switch_budget_binding,inactive,0.0,6721.6807139981265,6721.6807139981265,0.0,0.0,True,results/working/switch_budget_mechanism_audit.csv,False,False,False
M5,FOODS_3_099__TX_2,governance_fixed_K2,governance_aware_dp,switch_budget_binding,inactive,0.0,655.673606659337,655.673606659337,0.0,0.0,True,results/working/switch_budget_mechanism_audit.csv,False,False,False
M5,FOODS_3_120__CA_1,governance_fixed_K2,governance_aware_dp,switch_budget_binding,active,13.0,18395.217405603493,18388.717405603493,-6.5,13.0,True,results/working/switch_budget_mechanism_audit.csv,False,False,True
M5,FOODS_3_120__CA_3,governance_fixed_K2,governance_aware_dp,switch_budget_binding,active,15.0,40184.63679515237,43732.915178571435,3548.278383419063,15.0,False,results/working/switch_budget_mechanism_audit.csv,False,True,True
M5,FOODS_3_120__WI_3,governance_fixed_K2,governance_aware_dp,switch_budget_binding,active,12.0,23315.00630264024,23309.00630264024,-6.0,12.0,True,results/working/switch_budget_mechanism_audit.csv,False,False,True
M5,FOODS_3_202__CA_3,governance_fixed_K2,governance_aware_dp,switch_budget_binding,active,2.0,9310.733346228244,5270.257223611382,-4040.476122616864,2.0,False,results/working/switch_budget_mechanism_audit.csv,True,False,False
M5,FOODS_3_202__TX_1,governance_fixed_K2,governance_aware_dp,switch_budget_binding,inactive,-2.0,2993.606444004934,2993.606444004934,0.0,0.0,True,results/working/switch_budget_mechanism_audit.csv,False,False,False
M5,FOODS_3_202__TX_2,governance_fixed_K2,governance_aware_dp,switch_budget_binding,active,2.0,2177.8312396361803,2176.8312396361803,-1.0,2.0,True,results/working/switch_budget_mechanism_audit.csv,False,False,True
M5,FOODS_3_202__TX_3,governance_fixed_K2,governance_aware_dp,switch_budget_binding,active,2.0,1558.3182313075067,1553.838069054891,-4.480162252615628,2.0,False,results/working/switch_budget_mechanism_audit.csv,False,False,True
M5,FOODS_3_226__WI_1,governance_fixed_K2,governance_aware_dp,switch_budget_binding,active,2.0,1591.2103412411511,1589.9765386321787,-1.2338026089723826,2.0,False,results/working/switch_budget_mechanism_audit.csv,False,False,True
M5,FOODS_3_226__WI_2,governance_fixed_K2,governance_aware_dp,switch_budget_binding,active,3.0,2920.0472790153963,2949.194854495672,29.14757548027637,3.0,False,results/working/switch_budget_mechanism_audit.csv,False,False,True
M5,FOODS_3_226__WI_3,governance_fixed_K2,governance_aware_dp,switch_budget_binding,active,3.0,1319.9504360449496,1276.0618685516545,-43.888567493294886,3.0,False,results/working/switch_budget_mechanism_audit.csv,True,False,False
M5,FOODS_3_234__CA_3,governance_fixed_K2,governance_aware_dp,switch_budget_binding,active,4.0,5684.335171405816,5682.335171405816,-2.0,4.0,True,results/working/switch_budget_mechanism_audit.csv,False,False,True
M5,FOODS_3_234__WI_2,governance_fixed_K2,governance_aware_dp,switch_budget_binding,active,4.0,5395.874015094765,5393.320860343282,-2.5531547514829067,4.0,False,results/working/switch_budget_mechanism_audit.csv,False,False,True
M5,FOODS_3_234__WI_3,governance_fixed_K2,governance_aware_dp,switch_budget_binding,active,4.0,9658.870525091519,9656.870525091519,-2.0,4.0,True,results/working/switch_budget_mechanism_audit.csv,False,False,True
M5,FOODS_3_252__CA_1,governance_fixed_K2,governance_aware_dp,switch_budget_binding,inactive,0.0,4334.970307856218,4334.970307856218,0.0,0.0,True,results/working/switch_budget_mechanism_audit.csv,False,False,False
M5,FOODS_3_252__CA_2,governance_fixed_K2,governance_aware_dp,switch_budget_binding,active,4.0,4888.82789755901,5235.535610516511,346.7077129575018,4.0,False,results/working/switch_budget_mechanism_audit.csv,False,True,True
M5,FOODS_3_252__CA_3,governance_fixed_K2,governance_aware_dp,switch_budget_binding,active,2.0,11346.671099162832,9841.522409490344,-1505.1486896724894,3.0,False,results/working/switch_budget_mechanism_audit.csv,True,False,False
M5,FOODS_3_252__TX_1,governance_fixed_K2,governance_aware_dp,switch_budget_binding,inactive,-1.0,3712.7580157508064,3712.7580157508064,0.0,0.0,True,results/working/switch_budget_mechanism_audit.csv,False,False,False
M5,FOODS_3_252__TX_2,governance_fixed_K2,governance_aware_dp,switch_budget_binding,active,3.0,3377.554581717572,3229.4581308915576,-148.09645082601446,4.0,False,results/working/switch_budget_mechanism_audit.csv,True,False,False
M5,FOODS_3_252__TX_3,governance_fixed_K2,governance_aware_dp,switch_budget_binding,active,5.0,1512.9263569047534,1500.4835219182862,-12.442834986467233,5.0,False,results/working/switch_budget_mechanism_audit.csv,False,False,True
M5,FOODS_3_252__WI_3,governance_fixed_K2,governance_aware_dp,switch_budget_binding,active,1.0,2481.649085784874,2480.649085784874,-1.0,2.0,True,results/working/switch_budget_mechanism_audit.csv,False,False,True
M5,FOODS_3_281__CA_3,governance_fixed_K2,governance_aware_dp,switch_budget_binding,active,14.0,9817.573660714292,9810.573660714292,-7.0,14.0,True,results/working/switch_budget_mechanism_audit.csv,False,False,True
M5,FOODS_3_282__CA_3,governance_fixed_K2,governance_aware_dp,switch_budget_binding,inactive,-1.0,2653.2737526257424,2653.2737526257424,0.0,0.0,True,results/working/switch_budget_mechanism_audit.csv,False,False,False
M5,FOODS_3_288__CA_3,governance_fixed_K2,governance_aware_dp,switch_budget_binding,inactive,-1.0,1250.790259920158,1250.790259920158,0.0,0.0,True,results/working/switch_budget_mechanism_audit.csv,False,False,False
M5,FOODS_3_318__CA_3,governance_fixed_K2,governance_aware_dp,switch_budget_binding,active,1.0,2206.057095030469,2205.557095030469,-0.5,1.0,True,results/working/switch_budget_mechanism_audit.csv,False,False,True
M5,FOODS_3_318__WI_3,governance_fixed_K2,governance_aware_dp,switch_budget_binding,active,5.0,3451.458230297736,3448.458230297736,-3.0,6.0,True,results/working/switch_budget_mechanism_audit.csv,False,False,True
M5,FOODS_3_319__CA_3,governance_fixed_K2,governance_aware_dp,switch_budget_binding,inactive,-2.0,2126.64454477356,2126.64454477356,0.0,0.0,True,results/working/switch_budget_mechanism_audit.csv,False,False,False
M5,FOODS_3_376__WI_2,governance_fixed_K2,governance_aware_dp,switch_budget_binding,active,2.0,27760.080094223656,23593.6499081946,-4166.430186029054,2.0,False,results/working/switch_budget_mechanism_audit.csv,True,False,False
M5,FOODS_3_377__TX_2,governance_fixed_K2,governance_aware_dp,switch_budget_binding,active,2.0,1349.6764760759995,1379.1904520612302,29.513975985230218,2.0,False,results/working/switch_budget_mechanism_audit.csv,False,True,True
M5,FOODS_3_377__TX_3,governance_fixed_K2,governance_aware_dp,switch_budget_binding,active,2.0,1219.3809384429835,1204.771011088225,-14.609927354758836,2.0,False,results/working/switch_budget_mechanism_audit.csv,True,False,False
M5,FOODS_3_412__WI_2,governance_fixed_K2,governance_aware_dp,switch_budget_binding,active,4.0,8150.983258928572,10281.850635659528,2130.8673767309565,4.0,False,results/working/switch_budget_mechanism_audit.csv,False,True,True
M5,FOODS_3_462__WI_2,governance_fixed_K2,governance_aware_dp,switch_budget_binding,active,2.0,3793.356091814569,3904.378384349704,111.02229253513542,2.0,False,results/working/switch_budget_mechanism_audit.csv,False,True,True
M5,FOODS_3_501__CA_3,governance_fixed_K2,governance_aware_dp,switch_budget_binding,inactive,0.0,1346.636557880513,1346.636557880513,0.0,0.0,True,results/working/switch_budget_mechanism_audit.csv,False,False,False
M5,FOODS_3_541__CA_1,governance_fixed_K2,governance_aware_dp,switch_budget_binding,inactive,-2.0,162.12727360810956,162.12727360810956,0.0,0.0,True,results/working/switch_budget_mechanism_audit.csv,False,False,False
M5,FOODS_3_541__CA_3,governance_fixed_K2,governance_aware_dp,switch_budget_binding,inactive,-1.0,2311.984528195734,2311.984528195734,0.0,0.0,True,results/working/switch_budget_mechanism_audit.csv,False,False,False
M5,FOODS_3_547__WI_2,governance_fixed_K2,governance_aware_dp,switch_budget_binding,active,3.0,1862.1762025015687,2399.4072265625,537.2310240609307,3.0,False,results/working/switch_budget_mechanism_audit.csv,False,True,True
M5,FOODS_3_555__CA_1,governance_fixed_K2,governance_aware_dp,switch_budget_binding,inactive,-1.0,1305.8109759532754,1305.8109759532754,0.0,0.0,True,results/working/switch_budget_mechanism_audit.csv,False,False,False
M5,FOODS_3_555__CA_3,governance_fixed_K2,governance_aware_dp,switch_budget_binding,active,4.0,6682.031975446434,6679.531975446434,-2.5,5.0,True,results/working/switch_budget_mechanism_audit.csv,False,False,True
M5,FOODS_3_555__TX_1,governance_fixed_K2,governance_aware_dp,switch_budget_binding,active,2.0,6104.10059988839,6102.60059988839,-1.5,3.0,True,results/working/switch_budget_mechanism_audit.csv,False,False,True
M5,FOODS_3_555__TX_2,governance_fixed_K2,governance_aware_dp,switch_budget_binding,active,1.0,3511.249464624552,3510.007500338838,-1.241964285713948,1.0,False,results/working/switch_budget_mechanism_audit.csv,False,False,True
M5,FOODS_3_555__TX_3,governance_fixed_K2,governance_aware_dp,switch_budget_binding,active,1.0,3910.985714285716,3909.985714285716,-1.0,2.0,True,results/working/switch_budget_mechanism_audit.csv,False,False,True
M5,FOODS_3_555__WI_3,governance_fixed_K2,governance_aware_dp,switch_budget_binding,inactive,-1.0,2398.2642159270936,2398.2642159270936,0.0,0.0,True,results/working/switch_budget_mechanism_audit.csv,False,False,False
M5,FOODS_3_586__CA_1,governance_fixed_K2,governance_aware_dp,switch_budget_binding,inactive,0.0,3962.354127847299,3962.354127847299,0.0,0.0,True,results/working/switch_budget_mechanism_audit.csv,False,False,False
M5,FOODS_3_586__CA_2,governance_fixed_K2,governance_aware_dp,switch_budget_binding,active,2.0,2396.906571871112,2388.123536156826,-8.783035714285687,2.0,False,results/working/switch_budget_mechanism_audit.csv,False,False,True
M5,FOODS_3_586__CA_3,governance_fixed_K2,governance_aware_dp,switch_budget_binding,inactive,-1.0,3926.037353127857,3926.037353127857,0.0,0.0,True,results/working/switch_budget_mechanism_audit.csv,False,False,False
M5,FOODS_3_586__TX_1,governance_fixed_K2,governance_aware_dp,switch_budget_binding,active,7.0,8064.372245884795,8855.895200185125,791.5229543003297,7.0,False,results/working/switch_budget_mechanism_audit.csv,False,True,True
M5,FOODS_3_586__TX_2,governance_fixed_K2,governance_aware_dp,switch_budget_binding,active,2.0,2686.85911280278,2686.394827088495,-0.4642857142853245,2.0,False,results/working/switch_budget_mechanism_audit.csv,False,False,True
M5,FOODS_3_586__TX_3,governance_fixed_K2,governance_aware_dp,switch_budget_binding,inactive,0.0,3893.843701985315,3893.843701985315,0.0,0.0,True,results/working/switch_budget_mechanism_audit.csv,False,False,False
M5,FOODS_3_586__WI_3,governance_fixed_K2,governance_aware_dp,switch_budget_binding,inactive,0.0,1578.441746394879,1578.441746394879,0.0,0.0,True,results/working/switch_budget_mechanism_audit.csv,False,False,False
M5,FOODS_3_587__CA_1,governance_fixed_K2,governance_aware_dp,switch_budget_binding,active,1.0,1460.2152952878967,1459.2152952878967,-1.0,2.0,True,results/working/switch_budget_mechanism_audit.csv,False,False,True
M5,FOODS_3_587__CA_3,governance_fixed_K2,governance_aware_dp,switch_budget_binding,active,5.0,1244.4931827178445,1541.7210786489593,297.227895931115,5.0,False,results/working/switch_budget_mechanism_audit.csv,False,True,True
M5,FOODS_3_587__TX_1,governance_fixed_K2,governance_aware_dp,switch_budget_binding,active,4.0,1479.2435910455265,1464.3243685086493,-14.919222536876989,5.0,False,results/working/switch_budget_mechanism_audit.csv,True,False,False
M5,FOODS_3_587__TX_2,governance_fixed_K2,governance_aware_dp,switch_budget_binding,inactive,0.0,1270.094978524767,1270.094978524767,0.0,0.0,True,results/working/switch_budget_mechanism_audit.csv,False,False,False
M5,FOODS_3_587__TX_3,governance_fixed_K2,governance_aware_dp,switch_budget_binding,active,2.0,2540.956652524077,2504.9897668058225,-35.966885718254154,2.0,False,results/working/switch_budget_mechanism_audit.csv,True,False,False
M5,FOODS_3_587__WI_3,governance_fixed_K2,governance_aware_dp,switch_budget_binding,active,14.0,19598.651624334976,19591.651624334976,-7.0,14.0,True,results/working/switch_budget_mechanism_audit.csv,False,False,True
M5,FOODS_3_607__CA_3,governance_fixed_K2,governance_aware_dp,switch_budget_binding,active,1.0,1102.6013875891724,1101.433753660601,-1.167633928571604,2.0,False,results/working/switch_budget_mechanism_audit.csv,False,False,True
M5,FOODS_3_635__CA_3,governance_fixed_K2,governance_aware_dp,switch_budget_binding,inactive,-1.0,3627.1579241071418,3627.1579241071418,0.0,0.0,True,results/working/switch_budget_mechanism_audit.csv,False,False,False
M5,FOODS_3_681__CA_3,governance_fixed_K2,governance_aware_dp,switch_budget_binding,inactive,-1.0,3207.2023694002364,3207.2023694002364,0.0,0.0,True,results/working/switch_budget_mechanism_audit.csv,False,False,False
M5,FOODS_3_681__WI_3,governance_fixed_K2,governance_aware_dp,switch_budget_binding,inactive,-1.0,4335.890320655304,4335.890320655304,0.0,0.0,True,results/working/switch_budget_mechanism_audit.csv,False,False,False
M5,FOODS_3_694__CA_3,governance_fixed_K2,governance_aware_dp,switch_budget_binding,active,17.0,2908.353295244801,4901.9348214285665,1993.5815261837665,18.0,False,results/working/switch_budget_mechanism_audit.csv,False,True,True
M5,FOODS_3_694__WI_1,governance_fixed_K2,governance_aware_dp,switch_budget_binding,inactive,-1.0,1249.5176428249188,1249.5176428249188,0.0,0.0,True,results/working/switch_budget_mechanism_audit.csv,False,False,False
M5,FOODS_3_694__WI_2,governance_fixed_K2,governance_aware_dp,switch_budget_binding,active,1.0,1303.5156404998634,1303.0156404998634,-0.5,1.0,True,results/working/switch_budget_mechanism_audit.csv,False,False,True
M5,FOODS_3_694__WI_3,governance_fixed_K2,governance_aware_dp,switch_budget_binding,active,2.0,2144.963390253933,2143.963390253933,-1.0,2.0,True,results/working/switch_budget_mechanism_audit.csv,False,False,True
M5,FOODS_3_711__CA_3,governance_fixed_K2,governance_aware_dp,switch_budget_binding,inactive,-1.0,1559.1304586447545,1559.1304586447545,0.0,0.0,True,results/working/switch_budget_mechanism_audit.csv,False,False,False
M5,FOODS_3_711__WI_2,governance_fixed_K2,governance_aware_dp,switch_budget_binding,active,1.0,2699.189636565975,2702.7463323865068,3.556695820531786,1.0,False,results/working/switch_budget_mechanism_audit.csv,False,False,True
M5,FOODS_3_714__CA_1,governance_fixed_K2,governance_aware_dp,switch_budget_binding,inactive,-1.0,2971.878931950455,2971.878931950455,0.0,0.0,True,results/working/switch_budget_mechanism_audit.csv,False,False,False
M5,FOODS_3_714__CA_3,governance_fixed_K2,governance_aware_dp,switch_budget_binding,active,1.0,1952.0237725709173,1951.0237725709173,-1.0,2.0,True,results/working/switch_budget_mechanism_audit.csv,False,False,True
M5,FOODS_3_714__TX_1,governance_fixed_K2,governance_aware_dp,switch_budget_binding,inactive,-2.0,2115.509224003717,2115.509224003717,0.0,0.0,True,results/working/switch_budget_mechanism_audit.csv,False,False,False
M5,FOODS_3_714__TX_2,governance_fixed_K2,governance_aware_dp,switch_budget_binding,inactive,0.0,793.8861858233416,793.8861858233416,0.0,0.0,True,results/working/switch_budget_mechanism_audit.csv,False,False,False
M5,FOODS_3_714__TX_3,governance_fixed_K2,governance_aware_dp,switch_budget_binding,inactive,0.0,2226.0505021458257,2226.0505021458257,0.0,0.0,True,results/working/switch_budget_mechanism_audit.csv,False,False,False
M5,FOODS_3_714__WI_3,governance_fixed_K2,governance_aware_dp,switch_budget_binding,active,2.0,1923.026895911043,1922.026895911043,-1.0,2.0,True,results/working/switch_budget_mechanism_audit.csv,False,False,True
M5,FOODS_3_723__CA_3,governance_fixed_K2,governance_aware_dp,switch_budget_binding,active,1.0,5286.678836495534,5285.663705618699,-1.0151308768345189,2.0,False,results/working/switch_budget_mechanism_audit.csv,False,False,True
M5,FOODS_3_723__WI_3,governance_fixed_K2,governance_aware_dp,switch_budget_binding,active,3.0,1261.2954139498922,1256.9288960927495,-4.366517857142753,3.0,False,results/working/switch_budget_mechanism_audit.csv,False,False,True
M5,FOODS_3_752__CA_3,governance_fixed_K2,governance_aware_dp,switch_budget_binding,active,8.0,6009.9520601564745,6099.17093050024,89.21887034376324,8.0,False,results/working/switch_budget_mechanism_audit.csv,False,True,True
M5,FOODS_3_804__CA_3,governance_fixed_K2,governance_aware_dp,switch_budget_binding,inactive,-1.0,2534.888242657865,2534.888242657865,0.0,0.0,True,results/working/switch_budget_mechanism_audit.csv,False,False,False
M5,FOODS_3_808__CA_1,governance_fixed_K2,governance_aware_dp,switch_budget_binding,active,5.0,1373.4547485098853,1411.4999655550141,38.04521704512899,5.0,False,results/working/switch_budget_mechanism_audit.csv,False,True,True
M5,FOODS_3_808__CA_3,governance_fixed_K2,governance_aware_dp,switch_budget_binding,inactive,-1.0,4345.994144112723,4345.994144112723,0.0,0.0,True,results/working/switch_budget_mechanism_audit.csv,False,False,False
M5,HOUSEHOLD_1_118__CA_3,governance_fixed_K2,governance_aware_dp,switch_budget_binding,inactive,-1.0,3030.428163897491,3030.428163897491,0.0,0.0,True,results/working/switch_budget_mechanism_audit.csv,False,False,False
M5,HOUSEHOLD_1_334__CA_3,governance_fixed_K2,governance_aware_dp,switch_budget_binding,active,9.0,6135.095179624125,8413.900000000003,2278.804820375878,9.0,False,results/working/switch_budget_mechanism_audit.csv,False,True,True
M5,HOUSEHOLD_1_459__CA_3,governance_fixed_K2,governance_aware_dp,switch_budget_binding,active,8.0,8201.690288823958,7765.9680710817065,-435.7222177422509,8.0,False,results/working/switch_budget_mechanism_audit.csv,True,False,False
M5,FOODS_1_218__TX_2,governance_validation_q25,governance_aware_dp,switch_budget_binding,inactive,-1.0,3437.5491428841297,3437.5491428841297,0.0,0.0,True,results/working/switch_budget_mechanism_audit.csv,False,False,False
M5,FOODS_2_197__CA_1,governance_validation_q25,governance_aware_dp,switch_budget_binding,active,3.0,6720.693244022868,6971.3716369427475,250.6783929198782,3.0,False,results/working/switch_budget_mechanism_audit.csv,False,True,True
M5,FOODS_2_197__CA_3,governance_validation_q25,governance_aware_dp,switch_budget_binding,inactive,-2.0,453.7172268955658,453.7172268955658,0.0,0.0,True,results/working/switch_budget_mechanism_audit.csv,False,False,False
M5,FOODS_2_276__CA_3,governance_validation_q25,governance_aware_dp,switch_budget_binding,inactive,0.0,524.0024118867922,524.0024118867922,0.0,0.0,True,results/working/switch_budget_mechanism_audit.csv,False,False,False
M5,FOODS_2_360__CA_3,governance_validation_q25,governance_aware_dp,switch_budget_binding,active,11.0,7345.6187688648515,6766.336626007707,-579.2821428571407,11.0,False,results/working/switch_budget_mechanism_audit.csv,True,False,False
M5,FOODS_2_360__TX_3,governance_validation_q25,governance_aware_dp,switch_budget_binding,active,12.0,8499.62732922708,8264.891116306704,-234.73621292037566,12.0,False,results/working/switch_budget_mechanism_audit.csv,True,False,False
M5,FOODS_2_360__WI_2,governance_validation_q25,governance_aware_dp,switch_budget_binding,active,3.0,33044.56037371664,33043.06037371664,-1.5,3.0,True,results/working/switch_budget_mechanism_audit.csv,False,False,True
M5,FOODS_3_007__WI_2,governance_validation_q25,governance_aware_dp,switch_budget_binding,active,4.0,52816.6125,52814.6125,-2.0,4.0,True,results/working/switch_budget_mechanism_audit.csv,False,False,True
M5,FOODS_3_030__TX_2,governance_validation_q25,governance_aware_dp,switch_budget_binding,active,3.0,3819.2436136897936,3817.0128101183655,-2.2308035714286234,4.0,False,results/working/switch_budget_mechanism_audit.csv,False,False,True
M5,FOODS_3_030__TX_3,governance_validation_q25,governance_aware_dp,switch_budget_binding,active,2.0,873.7695000992537,847.5911235604034,-26.178376538850447,2.0,False,results/working/switch_budget_mechanism_audit.csv,True,False,False
M5,FOODS_3_080__CA_1,governance_validation_q25,governance_aware_dp,switch_budget_binding,inactive,-1.0,802.0049948759039,802.0049948759039,0.0,0.0,True,results/working/switch_budget_mechanism_audit.csv,False,False,False
M5,FOODS_3_080__TX_2,governance_validation_q25,governance_aware_dp,switch_budget_binding,inactive,0.0,729.0980019172557,729.0980019172557,0.0,0.0,True,results/working/switch_budget_mechanism_audit.csv,False,False,False
M5,FOODS_3_090__CA_1,governance_validation_q25,governance_aware_dp,switch_budget_binding,active,1.0,8575.688896455507,8574.688896455507,-1.0,2.0,True,results/working/switch_budget_mechanism_audit.csv,False,False,True
M5,FOODS_3_090__CA_2,governance_validation_q25,governance_aware_dp,switch_budget_binding,inactive,-1.0,6218.350494441446,6218.350494441446,0.0,0.0,True,results/working/switch_budget_mechanism_audit.csv,False,False,False
M5,FOODS_3_090__CA_3,governance_validation_q25,governance_aware_dp,switch_budget_binding,active,3.0,8964.116404608983,8962.616404608983,-1.5,3.0,True,results/working/switch_budget_mechanism_audit.csv,False,False,True
M5,FOODS_3_090__CA_4,governance_validation_q25,governance_aware_dp,switch_budget_binding,active,6.0,1452.3647044271515,1506.337943788346,53.9732393611946,7.0,False,results/working/switch_budget_mechanism_audit.csv,False,True,True
M5,FOODS_3_090__TX_1,governance_validation_q25,governance_aware_dp,switch_budget_binding,active,7.0,4115.317025731605,4110.552740017319,-4.764285714286416,8.0,False,results/working/switch_budget_mechanism_audit.csv,False,False,True
M5,FOODS_3_090__TX_2,governance_validation_q25,governance_aware_dp,switch_budget_binding,active,1.0,5359.869746102605,3596.682575901682,-1763.1871702009228,1.0,False,results/working/switch_budget_mechanism_audit.csv,True,False,False
M5,FOODS_3_090__TX_3,governance_validation_q25,governance_aware_dp,switch_budget_binding,inactive,0.0,3705.3746087385966,3705.3746087385966,0.0,0.0,True,results/working/switch_budget_mechanism_audit.csv,False,False,False
M5,FOODS_3_090__WI_3,governance_validation_q25,governance_aware_dp,switch_budget_binding,inactive,0.0,6721.6807139981265,6721.6807139981265,0.0,0.0,True,results/working/switch_budget_mechanism_audit.csv,False,False,False
M5,FOODS_3_099__TX_2,governance_validation_q25,governance_aware_dp,switch_budget_binding,inactive,0.0,655.673606659337,655.673606659337,0.0,0.0,True,results/working/switch_budget_mechanism_audit.csv,False,False,False
M5,FOODS_3_120__CA_1,governance_validation_q25,governance_aware_dp,switch_budget_binding,active,13.0,18395.217405603493,18388.717405603493,-6.5,13.0,True,results/working/switch_budget_mechanism_audit.csv,False,False,True
M5,FOODS_3_120__CA_3,governance_validation_q25,governance_aware_dp,switch_budget_binding,active,15.0,40184.63679515237,43732.915178571435,3548.278383419063,15.0,False,results/working/switch_budget_mechanism_audit.csv,False,True,True
M5,FOODS_3_120__WI_3,governance_validation_q25,governance_aware_dp,switch_budget_binding,active,12.0,23315.00630264024,23309.00630264024,-6.0,12.0,True,results/working/switch_budget_mechanism_audit.csv,False,False,True
M5,FOODS_3_202__CA_3,governance_validation_q25,governance_aware_dp,switch_budget_binding,active,2.0,9310.733346228244,5270.257223611382,-4040.476122616864,2.0,False,results/working/switch_budget_mechanism_audit.csv,True,False,False
M5,FOODS_3_202__TX_1,governance_validation_q25,governance_aware_dp,switch_budget_binding,inactive,-2.0,2993.606444004934,2993.606444004934,0.0,0.0,True,results/working/switch_budget_mechanism_audit.csv,False,False,False
M5,FOODS_3_202__TX_2,governance_validation_q25,governance_aware_dp,switch_budget_binding,active,2.0,2177.8312396361803,2176.8312396361803,-1.0,2.0,True,results/working/switch_budget_mechanism_audit.csv,False,False,True
M5,FOODS_3_202__TX_3,governance_validation_q25,governance_aware_dp,switch_budget_binding,active,2.0,1558.3182313075067,1553.838069054891,-4.480162252615628,2.0,False,results/working/switch_budget_mechanism_audit.csv,False,False,True
M5,FOODS_3_226__WI_1,governance_validation_q25,governance_aware_dp,switch_budget_binding,active,2.0,1591.2103412411511,1589.9765386321787,-1.2338026089723826,2.0,False,results/working/switch_budget_mechanism_audit.csv,False,False,True
M5,FOODS_3_226__WI_2,governance_validation_q25,governance_aware_dp,switch_budget_binding,active,3.0,2920.0472790153963,2949.194854495672,29.14757548027637,3.0,False,results/working/switch_budget_mechanism_audit.csv,False,False,True
M5,FOODS_3_226__WI_3,governance_validation_q25,governance_aware_dp,switch_budget_binding,active,3.0,1319.9504360449496,1276.0618685516545,-43.888567493294886,3.0,False,results/working/switch_budget_mechanism_audit.csv,True,False,False
M5,FOODS_3_234__CA_3,governance_validation_q25,governance_aware_dp,switch_budget_binding,active,4.0,5684.335171405816,5682.335171405816,-2.0,4.0,True,results/working/switch_budget_mechanism_audit.csv,False,False,True
M5,FOODS_3_234__WI_2,governance_validation_q25,governance_aware_dp,switch_budget_binding,active,4.0,5395.874015094765,5393.320860343282,-2.5531547514829067,4.0,False,results/working/switch_budget_mechanism_audit.csv,False,False,True
M5,FOODS_3_234__WI_3,governance_validation_q25,governance_aware_dp,switch_budget_binding,active,4.0,9658.870525091519,9656.870525091519,-2.0,4.0,True,results/working/switch_budget_mechanism_audit.csv,False,False,True
M5,FOODS_3_252__CA_1,governance_validation_q25,governance_aware_dp,switch_budget_binding,inactive,0.0,4334.970307856218,4334.970307856218,0.0,0.0,True,results/working/switch_budget_mechanism_audit.csv,False,False,False
M5,FOODS_3_252__CA_2,governance_validation_q25,governance_aware_dp,switch_budget_binding,active,4.0,4888.82789755901,5235.535610516511,346.7077129575018,4.0,False,results/working/switch_budget_mechanism_audit.csv,False,True,True
M5,FOODS_3_252__CA_3,governance_validation_q25,governance_aware_dp,switch_budget_binding,active,2.0,11346.671099162832,9841.522409490344,-1505.1486896724894,3.0,False,results/working/switch_budget_mechanism_audit.csv,True,False,False
M5,FOODS_3_252__TX_1,governance_validation_q25,governance_aware_dp,switch_budget_binding,inactive,-1.0,3712.7580157508064,3712.7580157508064,0.0,0.0,True,results/working/switch_budget_mechanism_audit.csv,False,False,False
M5,FOODS_3_252__TX_2,governance_validation_q25,governance_aware_dp,switch_budget_binding,active,3.0,3377.554581717572,3229.4581308915576,-148.09645082601446,4.0,False,results/working/switch_budget_mechanism_audit.csv,True,False,False
M5,FOODS_3_252__TX_3,governance_validation_q25,governance_aware_dp,switch_budget_binding,active,5.0,1512.9263569047534,1500.4835219182862,-12.442834986467233,5.0,False,results/working/switch_budget_mechanism_audit.csv,False,False,True
M5,FOODS_3_252__WI_3,governance_validation_q25,governance_aware_dp,switch_budget_binding,active,1.0,2481.649085784874,2480.649085784874,-1.0,2.0,True,results/working/switch_budget_mechanism_audit.csv,False,False,True
M5,FOODS_3_281__CA_3,governance_validation_q25,governance_aware_dp,switch_budget_binding,active,14.0,9817.573660714292,9810.573660714292,-7.0,14.0,True,results/working/switch_budget_mechanism_audit.csv,False,False,True
M5,FOODS_3_282__CA_3,governance_validation_q25,governance_aware_dp,switch_budget_binding,inactive,-1.0,2653.2737526257424,2653.2737526257424,0.0,0.0,True,results/working/switch_budget_mechanism_audit.csv,False,False,False
M5,FOODS_3_288__CA_3,governance_validation_q25,governance_aware_dp,switch_budget_binding,inactive,-1.0,1250.790259920158,1250.790259920158,0.0,0.0,True,results/working/switch_budget_mechanism_audit.csv,False,False,False
M5,FOODS_3_318__CA_3,governance_validation_q25,governance_aware_dp,switch_budget_binding,active,1.0,2206.057095030469,2205.557095030469,-0.5,1.0,True,results/working/switch_budget_mechanism_audit.csv,False,False,True
M5,FOODS_3_318__WI_3,governance_validation_q25,governance_aware_dp,switch_budget_binding,active,5.0,3451.458230297736,3448.458230297736,-3.0,6.0,True,results/working/switch_budget_mechanism_audit.csv,False,False,True
M5,FOODS_3_319__CA_3,governance_validation_q25,governance_aware_dp,switch_budget_binding,inactive,-2.0,2126.64454477356,2126.64454477356,0.0,0.0,True,results/working/switch_budget_mechanism_audit.csv,False,False,False
M5,FOODS_3_376__WI_2,governance_validation_q25,governance_aware_dp,switch_budget_binding,active,2.0,27760.080094223656,23593.6499081946,-4166.430186029054,2.0,False,results/working/switch_budget_mechanism_audit.csv,True,False,False
M5,FOODS_3_377__TX_2,governance_validation_q25,governance_aware_dp,switch_budget_binding,active,2.0,1349.6764760759995,1379.1904520612302,29.513975985230218,2.0,False,results/working/switch_budget_mechanism_audit.csv,False,True,True
M5,FOODS_3_377__TX_3,governance_validation_q25,governance_aware_dp,switch_budget_binding,active,2.0,1219.3809384429835,1204.771011088225,-14.609927354758836,2.0,False,results/working/switch_budget_mechanism_audit.csv,True,False,False
M5,FOODS_3_412__WI_2,governance_validation_q25,governance_aware_dp,switch_budget_binding,active,4.0,8150.983258928572,10281.850635659528,2130.8673767309565,4.0,False,results/working/switch_budget_mechanism_audit.csv,False,True,True
M5,FOODS_3_462__WI_2,governance_validation_q25,governance_aware_dp,switch_budget_binding,active,2.0,3793.356091814569,3904.378384349704,111.02229253513542,2.0,False,results/working/switch_budget_mechanism_audit.csv,False,True,True
M5,FOODS_3_501__CA_3,governance_validation_q25,governance_aware_dp,switch_budget_binding,inactive,0.0,1346.636557880513,1346.636557880513,0.0,0.0,True,results/working/switch_budget_mechanism_audit.csv,False,False,False
M5,FOODS_3_541__CA_1,governance_validation_q25,governance_aware_dp,switch_budget_binding,inactive,-2.0,162.12727360810956,162.12727360810956,0.0,0.0,True,results/working/switch_budget_mechanism_audit.csv,False,False,False
M5,FOODS_3_541__CA_3,governance_validation_q25,governance_aware_dp,switch_budget_binding,inactive,-1.0,2311.984528195734,2311.984528195734,0.0,0.0,True,results/working/switch_budget_mechanism_audit.csv,False,False,False
M5,FOODS_3_547__WI_2,governance_validation_q25,governance_aware_dp,switch_budget_binding,active,3.0,1862.1762025015687,2399.4072265625,537.2310240609307,3.0,False,results/working/switch_budget_mechanism_audit.csv,False,True,True
M5,FOODS_3_555__CA_1,governance_validation_q25,governance_aware_dp,switch_budget_binding,inactive,-1.0,1305.8109759532754,1305.8109759532754,0.0,0.0,True,results/working/switch_budget_mechanism_audit.csv,False,False,False
M5,FOODS_3_555__CA_3,governance_validation_q25,governance_aware_dp,switch_budget_binding,active,4.0,6682.031975446434,6679.531975446434,-2.5,5.0,True,results/working/switch_budget_mechanism_audit.csv,False,False,True
M5,FOODS_3_555__TX_1,governance_validation_q25,governance_aware_dp,switch_budget_binding,active,2.0,6104.10059988839,6102.60059988839,-1.5,3.0,True,results/working/switch_budget_mechanism_audit.csv,False,False,True
M5,FOODS_3_555__TX_2,governance_validation_q25,governance_aware_dp,switch_budget_binding,active,1.0,3511.249464624552,3510.007500338838,-1.241964285713948,1.0,False,results/working/switch_budget_mechanism_audit.csv,False,False,True
M5,FOODS_3_555__TX_3,governance_validation_q25,governance_aware_dp,switch_budget_binding,active,1.0,3910.985714285716,3909.985714285716,-1.0,2.0,True,results/working/switch_budget_mechanism_audit.csv,False,False,True
M5,FOODS_3_555__WI_3,governance_validation_q25,governance_aware_dp,switch_budget_binding,inactive,-1.0,2398.2642159270936,2398.2642159270936,0.0,0.0,True,results/working/switch_budget_mechanism_audit.csv,False,False,False
M5,FOODS_3_586__CA_1,governance_validation_q25,governance_aware_dp,switch_budget_binding,inactive,0.0,3962.354127847299,3962.354127847299,0.0,0.0,True,results/working/switch_budget_mechanism_audit.csv,False,False,False
M5,FOODS_3_586__CA_2,governance_validation_q25,governance_aware_dp,switch_budget_binding,active,2.0,2396.906571871112,2388.123536156826,-8.783035714285687,2.0,False,results/working/switch_budget_mechanism_audit.csv,False,False,True
M5,FOODS_3_586__CA_3,governance_validation_q25,governance_aware_dp,switch_budget_binding,inactive,-1.0,3926.037353127857,3926.037353127857,0.0,0.0,True,results/working/switch_budget_mechanism_audit.csv,False,False,False
M5,FOODS_3_586__TX_1,governance_validation_q25,governance_aware_dp,switch_budget_binding,active,7.0,8064.372245884795,8855.895200185125,791.5229543003297,7.0,False,results/working/switch_budget_mechanism_audit.csv,False,True,True
M5,FOODS_3_586__TX_2,governance_validation_q25,governance_aware_dp,switch_budget_binding,active,2.0,2686.85911280278,2686.394827088495,-0.4642857142853245,2.0,False,results/working/switch_budget_mechanism_audit.csv,False,False,True
M5,FOODS_3_586__TX_3,governance_validation_q25,governance_aware_dp,switch_budget_binding,inactive,0.0,3893.843701985315,3893.843701985315,0.0,0.0,True,results/working/switch_budget_mechanism_audit.csv,False,False,False
M5,FOODS_3_586__WI_3,governance_validation_q25,governance_aware_dp,switch_budget_binding,inactive,0.0,1578.441746394879,1578.441746394879,0.0,0.0,True,results/working/switch_budget_mechanism_audit.csv,False,False,False
M5,FOODS_3_587__CA_1,governance_validation_q25,governance_aware_dp,switch_budget_binding,active,1.0,1460.2152952878967,1459.2152952878967,-1.0,2.0,True,results/working/switch_budget_mechanism_audit.csv,False,False,True
M5,FOODS_3_587__CA_3,governance_validation_q25,governance_aware_dp,switch_budget_binding,active,5.0,1244.4931827178445,1541.7210786489593,297.227895931115,5.0,False,results/working/switch_budget_mechanism_audit.csv,False,True,True
M5,FOODS_3_587__TX_1,governance_validation_q25,governance_aware_dp,switch_budget_binding,active,4.0,1479.2435910455265,1464.3243685086493,-14.919222536876989,5.0,False,results/working/switch_budget_mechanism_audit.csv,True,False,False
M5,FOODS_3_587__TX_2,governance_validation_q25,governance_aware_dp,switch_budget_binding,inactive,0.0,1270.094978524767,1270.094978524767,0.0,0.0,True,results/working/switch_budget_mechanism_audit.csv,False,False,False
M5,FOODS_3_587__TX_3,governance_validation_q25,governance_aware_dp,switch_budget_binding,active,2.0,2540.956652524077,2504.9897668058225,-35.966885718254154,2.0,False,results/working/switch_budget_mechanism_audit.csv,True,False,False
M5,FOODS_3_587__WI_3,governance_validation_q25,governance_aware_dp,switch_budget_binding,active,14.0,19598.651624334976,19591.651624334976,-7.0,14.0,True,results/working/switch_budget_mechanism_audit.csv,False,False,True
M5,FOODS_3_607__CA_3,governance_validation_q25,governance_aware_dp,switch_budget_binding,active,1.0,1102.6013875891724,1101.433753660601,-1.167633928571604,2.0,False,results/working/switch_budget_mechanism_audit.csv,False,False,True
M5,FOODS_3_635__CA_3,governance_validation_q25,governance_aware_dp,switch_budget_binding,inactive,-1.0,3627.1579241071418,3627.1579241071418,0.0,0.0,True,results/working/switch_budget_mechanism_audit.csv,False,False,False
M5,FOODS_3_681__CA_3,governance_validation_q25,governance_aware_dp,switch_budget_binding,inactive,-1.0,3207.2023694002364,3207.2023694002364,0.0,0.0,True,results/working/switch_budget_mechanism_audit.csv,False,False,False
M5,FOODS_3_681__WI_3,governance_validation_q25,governance_aware_dp,switch_budget_binding,inactive,-1.0,4335.890320655304,4335.890320655304,0.0,0.0,True,results/working/switch_budget_mechanism_audit.csv,False,False,False
M5,FOODS_3_694__CA_3,governance_validation_q25,governance_aware_dp,switch_budget_binding,active,17.0,2908.353295244801,4901.9348214285665,1993.5815261837665,18.0,False,results/working/switch_budget_mechanism_audit.csv,False,True,True
M5,FOODS_3_694__WI_1,governance_validation_q25,governance_aware_dp,switch_budget_binding,inactive,-1.0,1249.5176428249188,1249.5176428249188,0.0,0.0,True,results/working/switch_budget_mechanism_audit.csv,False,False,False
M5,FOODS_3_694__WI_2,governance_validation_q25,governance_aware_dp,switch_budget_binding,active,1.0,1303.5156404998634,1303.0156404998634,-0.5,1.0,True,results/working/switch_budget_mechanism_audit.csv,False,False,True
M5,FOODS_3_694__WI_3,governance_validation_q25,governance_aware_dp,switch_budget_binding,active,2.0,2144.963390253933,2143.963390253933,-1.0,2.0,True,results/working/switch_budget_mechanism_audit.csv,False,False,True
M5,FOODS_3_711__CA_3,governance_validation_q25,governance_aware_dp,switch_budget_binding,inactive,-1.0,1559.1304586447545,1559.1304586447545,0.0,0.0,True,results/working/switch_budget_mechanism_audit.csv,False,False,False
M5,FOODS_3_711__WI_2,governance_validation_q25,governance_aware_dp,switch_budget_binding,active,1.0,2699.189636565975,2702.7463323865068,3.556695820531786,1.0,False,results/working/switch_budget_mechanism_audit.csv,False,False,True
M5,FOODS_3_714__CA_1,governance_validation_q25,governance_aware_dp,switch_budget_binding,inactive,-1.0,2971.878931950455,2971.878931950455,0.0,0.0,True,results/working/switch_budget_mechanism_audit.csv,False,False,False
M5,FOODS_3_714__CA_3,governance_validation_q25,governance_aware_dp,switch_budget_binding,active,1.0,1952.0237725709173,1951.0237725709173,-1.0,2.0,True,results/working/switch_budget_mechanism_audit.csv,False,False,True
M5,FOODS_3_714__TX_1,governance_validation_q25,governance_aware_dp,switch_budget_binding,inactive,-2.0,2115.509224003717,2115.509224003717,0.0,0.0,True,results/working/switch_budget_mechanism_audit.csv,False,False,False
M5,FOODS_3_714__TX_2,governance_validation_q25,governance_aware_dp,switch_budget_binding,inactive,0.0,793.8861858233416,793.8861858233416,0.0,0.0,True,results/working/switch_budget_mechanism_audit.csv,False,False,False
M5,FOODS_3_714__TX_3,governance_validation_q25,governance_aware_dp,switch_budget_binding,inactive,0.0,2226.0505021458257,2226.0505021458257,0.0,0.0,True,results/working/switch_budget_mechanism_audit.csv,False,False,False
M5,FOODS_3_714__WI_3,governance_validation_q25,governance_aware_dp,switch_budget_binding,active,2.0,1923.026895911043,1922.026895911043,-1.0,2.0,True,results/working/switch_budget_mechanism_audit.csv,False,False,True
M5,FOODS_3_723__CA_3,governance_validation_q25,governance_aware_dp,switch_budget_binding,active,1.0,5286.678836495534,5285.663705618699,-1.0151308768345189,2.0,False,results/working/switch_budget_mechanism_audit.csv,False,False,True
M5,FOODS_3_723__WI_3,governance_validation_q25,governance_aware_dp,switch_budget_binding,active,3.0,1261.2954139498922,1256.9288960927495,-4.366517857142753,3.0,False,results/working/switch_budget_mechanism_audit.csv,False,False,True
M5,FOODS_3_752__CA_3,governance_validation_q25,governance_aware_dp,switch_budget_binding,active,8.0,6009.9520601564745,6099.17093050024,89.21887034376324,8.0,False,results/working/switch_budget_mechanism_audit.csv,False,True,True
M5,FOODS_3_804__CA_3,governance_validation_q25,governance_aware_dp,switch_budget_binding,inactive,-1.0,2534.888242657865,2534.888242657865,0.0,0.0,True,results/working/switch_budget_mechanism_audit.csv,False,False,False
M5,FOODS_3_808__CA_1,governance_validation_q25,governance_aware_dp,switch_budget_binding,active,5.0,1373.4547485098853,1411.4999655550141,38.04521704512899,5.0,False,results/working/switch_budget_mechanism_audit.csv,False,True,True
M5,FOODS_3_808__CA_3,governance_validation_q25,governance_aware_dp,switch_budget_binding,inactive,-1.0,4345.994144112723,4345.994144112723,0.0,0.0,True,results/working/switch_budget_mechanism_audit.csv,False,False,False
M5,HOUSEHOLD_1_118__CA_3,governance_validation_q25,governance_aware_dp,switch_budget_binding,inactive,-1.0,3030.428163897491,3030.428163897491,0.0,0.0,True,results/working/switch_budget_mechanism_audit.csv,False,False,False
M5,HOUSEHOLD_1_334__CA_3,governance_validation_q25,governance_aware_dp,switch_budget_binding,active,9.0,6135.095179624125,8413.900000000003,2278.804820375878,9.0,False,results/working/switch_budget_mechanism_audit.csv,False,True,True
M5,HOUSEHOLD_1_459__CA_3,governance_validation_q25,governance_aware_dp,switch_budget_binding,active,8.0,8201.690288823958,7765.9680710817065,-435.7222177422509,8.0,False,results/working/switch_budget_mechanism_audit.csv,True,False,False
M5,FOODS_1_218__TX_2,high_switch_cost,governance_aware_dp,switch_budget_binding,inactive,0.0,3283.5737732804128,3283.5737732804128,0.0,0.0,True,results/working/switch_budget_mechanism_audit.csv,False,False,False
M5,FOODS_2_197__CA_1,high_switch_cost,governance_aware_dp,switch_budget_binding,inactive,0.0,5954.9072930372495,5954.9072930372495,0.0,0.0,True,results/working/switch_budget_mechanism_audit.csv,False,False,False
M5,FOODS_2_197__CA_3,high_switch_cost,governance_aware_dp,switch_budget_binding,inactive,-1.0,354.919051829753,354.919051829753,0.0,0.0,True,results/working/switch_budget_mechanism_audit.csv,False,False,False
M5,FOODS_2_276__CA_3,high_switch_cost,governance_aware_dp,switch_budget_binding,inactive,0.0,452.18719001920283,452.18719001920283,0.0,0.0,True,results/working/switch_budget_mechanism_audit.csv,False,False,False
M5,FOODS_2_360__CA_3,high_switch_cost,governance_aware_dp,switch_budget_binding,active,11.0,6478.790560403,6930.544642857148,451.75408245414565,11.0,False,results/working/switch_budget_mechanism_audit.csv,False,True,True
M5,FOODS_2_360__TX_3,high_switch_cost,governance_aware_dp,switch_budget_binding,active,8.0,8099.0642096425745,8083.0642096425745,-16.0,8.0,True,results/working/switch_budget_mechanism_audit.csv,False,False,True
M5,FOODS_2_360__WI_2,high_switch_cost,governance_aware_dp,switch_budget_binding,inactive,0.0,31191.08372079956,31191.08372079956,0.0,0.0,True,results/working/switch_budget_mechanism_audit.csv,False,False,False
M5,FOODS_3_007__WI_2,high_switch_cost,governance_aware_dp,switch_budget_binding,active,5.0,52716.6125,52706.6125,-10.0,5.0,True,results/working/switch_budget_mechanism_audit.csv,False,False,True
M5,FOODS_3_030__TX_2,high_switch_cost,governance_aware_dp,switch_budget_binding,inactive,0.0,3540.6758113522937,3540.6758113522937,0.0,0.0,True,results/working/switch_budget_mechanism_audit.csv,False,False,False
M5,FOODS_3_030__TX_3,high_switch_cost,governance_aware_dp,switch_budget_binding,inactive,0.0,491.80911562507276,491.80911562507276,0.0,0.0,True,results/working/switch_budget_mechanism_audit.csv,False,False,False
M5,FOODS_3_080__CA_1,high_switch_cost,governance_aware_dp,switch_budget_binding,inactive,0.0,643.4354718813735,643.4354718813735,0.0,0.0,True,results/working/switch_budget_mechanism_audit.csv,False,False,False
M5,FOODS_3_080__TX_2,high_switch_cost,governance_aware_dp,switch_budget_binding,inactive,-1.0,709.6394930812378,709.6394930812378,0.0,0.0,True,results/working/switch_budget_mechanism_audit.csv,False,False,False
M5,FOODS_3_090__CA_1,high_switch_cost,governance_aware_dp,switch_budget_binding,active,2.0,8784.259518607601,8780.259518607601,-4.0,2.0,True,results/working/switch_budget_mechanism_audit.csv,False,False,True
M5,FOODS_3_090__CA_2,high_switch_cost,governance_aware_dp,switch_budget_binding,inactive,0.0,3560.8851090707744,3560.8851090707744,0.0,0.0,True,results/working/switch_budget_mechanism_audit.csv,False,False,False
M5,FOODS_3_090__CA_3,high_switch_cost,governance_aware_dp,switch_budget_binding,active,1.0,9135.649202132456,9133.649202132456,-2.0,1.0,True,results/working/switch_budget_mechanism_audit.csv,False,False,True
M5,FOODS_3_090__CA_4,high_switch_cost,governance_aware_dp,switch_budget_binding,active,1.0,1708.1178489722595,1706.0160632579739,-2.1017857142858247,1.0,False,results/working/switch_budget_mechanism_audit.csv,False,False,True
M5,FOODS_3_090__TX_1,high_switch_cost,governance_aware_dp,switch_budget_binding,active,2.0,4317.322246315158,4313.260639172301,-4.061607142856701,2.0,False,results/working/switch_budget_mechanism_audit.csv,False,False,True
M5,FOODS_3_090__TX_2,high_switch_cost,governance_aware_dp,switch_budget_binding,inactive,0.0,5955.889011077104,5955.889011077104,0.0,0.0,True,results/working/switch_budget_mechanism_audit.csv,False,False,False
M5,FOODS_3_090__TX_3,high_switch_cost,governance_aware_dp,switch_budget_binding,active,2.0,3343.673312690782,3339.673312690782,-4.0,2.0,True,results/working/switch_budget_mechanism_audit.csv,False,False,True
M5,FOODS_3_090__WI_3,high_switch_cost,governance_aware_dp,switch_budget_binding,inactive,0.0,6895.7564029770265,6895.7564029770265,0.0,0.0,True,results/working/switch_budget_mechanism_audit.csv,False,False,False
M5,FOODS_3_099__TX_2,high_switch_cost,governance_aware_dp,switch_budget_binding,inactive,0.0,453.4327536172505,453.4327536172505,0.0,0.0,True,results/working/switch_budget_mechanism_audit.csv,False,False,False
M5,FOODS_3_120__CA_1,high_switch_cost,governance_aware_dp,switch_budget_binding,active,18.0,17404.562157571367,16367.35903257137,-1037.2031249999964,18.0,False,results/working/switch_budget_mechanism_audit.csv,True,False,False
M5,FOODS_3_120__CA_3,high_switch_cost,governance_aware_dp,switch_budget_binding,active,15.0,39112.49574241696,39082.49574241696,-30.0,15.0,True,results/working/switch_budget_mechanism_audit.csv,False,False,True
M5,FOODS_3_120__WI_3,high_switch_cost,governance_aware_dp,switch_budget_binding,active,13.0,22347.15119965708,22321.15119965708,-26.0,13.0,True,results/working/switch_budget_mechanism_audit.csv,False,False,True
M5,FOODS_3_202__CA_3,high_switch_cost,governance_aware_dp,switch_budget_binding,inactive,0.0,5315.980463414624,5315.980463414624,0.0,0.0,True,results/working/switch_budget_mechanism_audit.csv,False,False,False
M5,FOODS_3_202__TX_1,high_switch_cost,governance_aware_dp,switch_budget_binding,inactive,0.0,3527.140374341601,3527.140374341601,0.0,0.0,True,results/working/switch_budget_mechanism_audit.csv,False,False,False
M5,FOODS_3_202__TX_2,high_switch_cost,governance_aware_dp,switch_budget_binding,inactive,0.0,4037.5360176972795,4037.5360176972795,0.0,0.0,True,results/working/switch_budget_mechanism_audit.csv,False,False,False
M5,FOODS_3_202__TX_3,high_switch_cost,governance_aware_dp,switch_budget_binding,inactive,0.0,1047.0337966853922,1047.0337966853922,0.0,0.0,True,results/working/switch_budget_mechanism_audit.csv,False,False,False
M5,FOODS_3_226__WI_1,high_switch_cost,governance_aware_dp,switch_budget_binding,active,2.0,1378.9962911611774,1379.652094732606,0.6558035714283506,2.0,False,results/working/switch_budget_mechanism_audit.csv,False,False,True
M5,FOODS_3_226__WI_2,high_switch_cost,governance_aware_dp,switch_budget_binding,active,2.0,2062.182666937782,2057.5347865022027,-4.647880435579282,2.0,False,results/working/switch_budget_mechanism_audit.csv,False,False,True
M5,FOODS_3_226__WI_3,high_switch_cost,governance_aware_dp,switch_budget_binding,inactive,0.0,721.355167160877,721.355167160877,0.0,0.0,True,results/working/switch_budget_mechanism_audit.csv,False,False,False
M5,FOODS_3_234__CA_3,high_switch_cost,governance_aware_dp,switch_budget_binding,inactive,-1.0,4509.693794176299,4509.693794176299,0.0,0.0,True,results/working/switch_budget_mechanism_audit.csv,False,False,False
M5,FOODS_3_234__WI_2,high_switch_cost,governance_aware_dp,switch_budget_binding,inactive,0.0,5362.065972599064,5362.065972599064,0.0,0.0,True,results/working/switch_budget_mechanism_audit.csv,False,False,False
M5,FOODS_3_234__WI_3,high_switch_cost,governance_aware_dp,switch_budget_binding,inactive,-1.0,7934.090970524789,7934.090970524789,0.0,0.0,True,results/working/switch_budget_mechanism_audit.csv,False,False,False
M5,FOODS_3_252__CA_1,high_switch_cost,governance_aware_dp,switch_budget_binding,inactive,0.0,3720.930048861735,3720.930048861735,0.0,0.0,True,results/working/switch_budget_mechanism_audit.csv,False,False,False
M5,FOODS_3_252__CA_2,high_switch_cost,governance_aware_dp,switch_budget_binding,inactive,0.0,4537.702335199241,4537.702335199241,0.0,0.0,True,results/working/switch_budget_mechanism_audit.csv,False,False,False
M5,FOODS_3_252__CA_3,high_switch_cost,governance_aware_dp,switch_budget_binding,inactive,0.0,8795.240499998212,8795.240499998212,0.0,0.0,True,results/working/switch_budget_mechanism_audit.csv,False,False,False
M5,FOODS_3_252__TX_1,high_switch_cost,governance_aware_dp,switch_budget_binding,inactive,0.0,3195.4602874782545,3195.4602874782545,0.0,0.0,True,results/working/switch_budget_mechanism_audit.csv,False,False,False
M5,FOODS_3_252__TX_2,high_switch_cost,governance_aware_dp,switch_budget_binding,inactive,0.0,1776.3463391074652,1776.3463391074652,0.0,0.0,True,results/working/switch_budget_mechanism_audit.csv,False,False,False
M5,FOODS_3_252__TX_3,high_switch_cost,governance_aware_dp,switch_budget_binding,active,2.0,1182.3012731181966,1207.3954695467678,25.094196428571426,2.0,False,results/working/switch_budget_mechanism_audit.csv,False,True,True
M5,FOODS_3_252__WI_3,high_switch_cost,governance_aware_dp,switch_budget_binding,inactive,0.0,2251.801692016327,2251.801692016327,0.0,0.0,True,results/working/switch_budget_mechanism_audit.csv,False,False,False
M5,FOODS_3_281__CA_3,high_switch_cost,governance_aware_dp,switch_budget_binding,active,9.0,9095.511160714295,11609.484375000005,2513.973214285712,9.0,False,results/working/switch_budget_mechanism_audit.csv,False,True,True
M5,FOODS_3_282__CA_3,high_switch_cost,governance_aware_dp,switch_budget_binding,inactive,0.0,1696.2886117219668,1696.2886117219668,0.0,0.0,True,results/working/switch_budget_mechanism_audit.csv,False,False,False
M5,FOODS_3_288__CA_3,high_switch_cost,governance_aware_dp,switch_budget_binding,inactive,0.0,1875.6960819870965,1875.6960819870965,0.0,0.0,True,results/working/switch_budget_mechanism_audit.csv,False,False,False
M5,FOODS_3_318__CA_3,high_switch_cost,governance_aware_dp,switch_budget_binding,inactive,0.0,1843.941145760989,1843.941145760989,0.0,0.0,True,results/working/switch_budget_mechanism_audit.csv,False,False,False
M5,FOODS_3_318__WI_3,high_switch_cost,governance_aware_dp,switch_budget_binding,inactive,0.0,3662.3913578363945,3662.3913578363945,0.0,0.0,True,results/working/switch_budget_mechanism_audit.csv,False,False,False
M5,FOODS_3_319__CA_3,high_switch_cost,governance_aware_dp,switch_budget_binding,inactive,-1.0,1560.5401449514995,1560.5401449514995,0.0,0.0,True,results/working/switch_budget_mechanism_audit.csv,False,False,False
M5,FOODS_3_376__WI_2,high_switch_cost,governance_aware_dp,switch_budget_binding,active,4.0,25444.4045956946,21063.511792010057,-4380.892803684543,4.0,False,results/working/switch_budget_mechanism_audit.csv,True,False,False
M5,FOODS_3_377__TX_2,high_switch_cost,governance_aware_dp,switch_budget_binding,inactive,-1.0,956.9864551491808,956.9864551491808,0.0,0.0,True,results/working/switch_budget_mechanism_audit.csv,False,False,False
M5,FOODS_3_377__TX_3,high_switch_cost,governance_aware_dp,switch_budget_binding,active,1.0,790.4960482560159,788.6098875417302,-1.8861607142857792,1.0,False,results/working/switch_budget_mechanism_audit.csv,False,False,True
M5,FOODS_3_412__WI_2,high_switch_cost,governance_aware_dp,switch_budget_binding,inactive,0.0,11352.40545856543,11352.40545856543,0.0,0.0,True,results/working/switch_budget_mechanism_audit.csv,False,False,False
M5,FOODS_3_462__WI_2,high_switch_cost,governance_aware_dp,switch_budget_binding,inactive,0.0,3274.0007197210057,3274.0007197210057,0.0,0.0,True,results/working/switch_budget_mechanism_audit.csv,False,False,False
M5,FOODS_3_501__CA_3,high_switch_cost,governance_aware_dp,switch_budget_binding,inactive,0.0,619.8083343242431,619.8083343242431,0.0,0.0,True,results/working/switch_budget_mechanism_audit.csv,False,False,False
M5,FOODS_3_541__CA_1,high_switch_cost,governance_aware_dp,switch_budget_binding,inactive,0.0,109.94951045981732,109.94951045981732,0.0,0.0,True,results/working/switch_budget_mechanism_audit.csv,False,False,False
M5,FOODS_3_541__CA_3,high_switch_cost,governance_aware_dp,switch_budget_binding,inactive,0.0,1659.672796720331,1659.672796720331,0.0,0.0,True,results/working/switch_budget_mechanism_audit.csv,False,False,False
M5,FOODS_3_547__WI_2,high_switch_cost,governance_aware_dp,switch_budget_binding,active,1.0,4626.231319577865,4624.231319577865,-2.0,1.0,True,results/working/switch_budget_mechanism_audit.csv,False,False,True
M5,FOODS_3_555__CA_1,high_switch_cost,governance_aware_dp,switch_budget_binding,inactive,0.0,1059.5526385205474,1059.5526385205474,0.0,0.0,True,results/working/switch_budget_mechanism_audit.csv,False,False,False
M5,FOODS_3_555__CA_3,high_switch_cost,governance_aware_dp,switch_budget_binding,inactive,0.0,2753.4087012283503,2753.4087012283503,0.0,0.0,True,results/working/switch_budget_mechanism_audit.csv,False,False,False
M5,FOODS_3_555__TX_1,high_switch_cost,governance_aware_dp,switch_budget_binding,inactive,0.0,2390.0909194353785,2390.0909194353785,0.0,0.0,True,results/working/switch_budget_mechanism_audit.csv,False,False,False
M5,FOODS_3_555__TX_2,high_switch_cost,governance_aware_dp,switch_budget_binding,active,1.0,1790.7188821239472,1788.0037035525186,-2.715178571428396,1.0,False,results/working/switch_budget_mechanism_audit.csv,False,False,True
M5,FOODS_3_555__TX_3,high_switch_cost,governance_aware_dp,switch_budget_binding,inactive,0.0,2626.0836697196096,2626.0836697196096,0.0,0.0,True,results/working/switch_budget_mechanism_audit.csv,False,False,False
M5,FOODS_3_555__WI_3,high_switch_cost,governance_aware_dp,switch_budget_binding,inactive,0.0,1937.662693436376,1937.662693436376,0.0,0.0,True,results/working/switch_budget_mechanism_audit.csv,False,False,False
M5,FOODS_3_586__CA_1,high_switch_cost,governance_aware_dp,switch_budget_binding,inactive,0.0,2383.47553904958,2383.47553904958,0.0,0.0,True,results/working/switch_budget_mechanism_audit.csv,False,False,False
M5,FOODS_3_586__CA_2,high_switch_cost,governance_aware_dp,switch_budget_binding,active,1.0,1856.6743236399768,1852.6513135421344,-4.023010097842189,1.0,False,results/working/switch_budget_mechanism_audit.csv,False,False,True
M5,FOODS_3_586__CA_3,high_switch_cost,governance_aware_dp,switch_budget_binding,inactive,0.0,2697.018986802135,2697.018986802135,0.0,0.0,True,results/working/switch_budget_mechanism_audit.csv,False,False,False
M5,FOODS_3_586__TX_1,high_switch_cost,governance_aware_dp,switch_budget_binding,active,2.0,3592.6758160801082,5736.929858901608,2144.2540428215007,2.0,False,results/working/switch_budget_mechanism_audit.csv,False,True,True
M5,FOODS_3_586__TX_2,high_switch_cost,governance_aware_dp,switch_budget_binding,active,2.0,1845.8627801728367,1841.918863107059,-3.943917065777441,2.0,False,results/working/switch_budget_mechanism_audit.csv,False,False,True
M5,FOODS_3_586__TX_3,high_switch_cost,governance_aware_dp,switch_budget_binding,active,2.0,1312.869242228537,1307.537099371394,-5.332142857142799,2.0,False,results/working/switch_budget_mechanism_audit.csv,False,False,True
M5,FOODS_3_586__WI_3,high_switch_cost,governance_aware_dp,switch_budget_binding,active,1.0,1342.204737248213,1337.5556301053555,-4.649107142857247,2.0,False,results/working/switch_budget_mechanism_audit.csv,False,False,True
M5,FOODS_3_587__CA_1,high_switch_cost,governance_aware_dp,switch_budget_binding,active,2.0,947.4417345185831,943.4417345185831,-4.0,2.0,True,results/working/switch_budget_mechanism_audit.csv,False,False,True
M5,FOODS_3_587__CA_3,high_switch_cost,governance_aware_dp,switch_budget_binding,inactive,0.0,2225.9703980722056,2225.9703980722056,0.0,0.0,True,results/working/switch_budget_mechanism_audit.csv,False,False,False
M5,FOODS_3_587__TX_1,high_switch_cost,governance_aware_dp,switch_budget_binding,inactive,0.0,781.1157226870504,781.1157226870504,0.0,0.0,True,results/working/switch_budget_mechanism_audit.csv,False,False,False
M5,FOODS_3_587__TX_2,high_switch_cost,governance_aware_dp,switch_budget_binding,inactive,0.0,980.1804453781656,980.1804453781656,0.0,0.0,True,results/working/switch_budget_mechanism_audit.csv,False,False,False
M5,FOODS_3_587__TX_3,high_switch_cost,governance_aware_dp,switch_budget_binding,active,1.0,1894.27704807024,1891.8047266416684,-2.472321428571604,1.0,False,results/working/switch_budget_mechanism_audit.csv,False,False,True
M5,FOODS_3_587__WI_3,high_switch_cost,governance_aware_dp,switch_budget_binding,active,12.0,18769.527037473257,21179.057726932628,2409.5306894593705,12.0,False,results/working/switch_budget_mechanism_audit.csv,False,True,True
M5,FOODS_3_607__CA_3,high_switch_cost,governance_aware_dp,switch_budget_binding,inactive,0.0,927.8169888297646,927.8169888297646,0.0,0.0,True,results/working/switch_budget_mechanism_audit.csv,False,False,False
M5,FOODS_3_635__CA_3,high_switch_cost,governance_aware_dp,switch_budget_binding,inactive,0.0,2474.4261830149962,2474.4261830149962,0.0,0.0,True,results/working/switch_budget_mechanism_audit.csv,False,False,False
M5,FOODS_3_681__CA_3,high_switch_cost,governance_aware_dp,switch_budget_binding,inactive,0.0,1551.4328301490198,1551.4328301490198,0.0,0.0,True,results/working/switch_budget_mechanism_audit.csv,False,False,False
M5,FOODS_3_681__WI_3,high_switch_cost,governance_aware_dp,switch_budget_binding,active,1.0,5707.788070535748,5705.788070535748,-2.0,1.0,True,results/working/switch_budget_mechanism_audit.csv,False,False,True
M5,FOODS_3_694__CA_3,high_switch_cost,governance_aware_dp,switch_budget_binding,inactive,0.0,2613.3559389017983,2613.3559389017983,0.0,0.0,True,results/working/switch_budget_mechanism_audit.csv,False,False,False
M5,FOODS_3_694__WI_1,high_switch_cost,governance_aware_dp,switch_budget_binding,inactive,0.0,1373.0281740011735,1373.0281740011735,0.0,0.0,True,results/working/switch_budget_mechanism_audit.csv,False,False,False
M5,FOODS_3_694__WI_2,high_switch_cost,governance_aware_dp,switch_budget_binding,inactive,-1.0,947.114137216367,947.114137216367,0.0,0.0,True,results/working/switch_budget_mechanism_audit.csv,False,False,False
M5,FOODS_3_694__WI_3,high_switch_cost,governance_aware_dp,switch_budget_binding,active,1.0,1562.8356447870544,1560.7660019299115,-2.069642857142981,1.0,False,results/working/switch_budget_mechanism_audit.csv,False,False,True
M5,FOODS_3_711__CA_3,high_switch_cost,governance_aware_dp,switch_budget_binding,active,1.0,944.5468564977632,1183.5503698522446,239.00351335448147,2.0,False,results/working/switch_budget_mechanism_audit.csv,False,True,True
M5,FOODS_3_711__WI_2,high_switch_cost,governance_aware_dp,switch_budget_binding,inactive,-1.0,2780.486654830519,2780.486654830519,0.0,0.0,True,results/working/switch_budget_mechanism_audit.csv,False,False,False
M5,FOODS_3_714__CA_1,high_switch_cost,governance_aware_dp,switch_budget_binding,inactive,0.0,3105.472001569814,3105.472001569814,0.0,0.0,True,results/working/switch_budget_mechanism_audit.csv,False,False,False
M5,FOODS_3_714__CA_3,high_switch_cost,governance_aware_dp,switch_budget_binding,inactive,0.0,1379.3342265251936,1379.3342265251936,0.0,0.0,True,results/working/switch_budget_mechanism_audit.csv,False,False,False
M5,FOODS_3_714__TX_1,high_switch_cost,governance_aware_dp,switch_budget_binding,inactive,-1.0,1507.9898932302524,1507.9898932302524,0.0,0.0,True,results/working/switch_budget_mechanism_audit.csv,False,False,False
M5,FOODS_3_714__TX_2,high_switch_cost,governance_aware_dp,switch_budget_binding,inactive,0.0,814.6107336364495,814.6107336364495,0.0,0.0,True,results/working/switch_budget_mechanism_audit.csv,False,False,False
M5,FOODS_3_714__TX_3,high_switch_cost,governance_aware_dp,switch_budget_binding,active,1.0,1764.2867882929866,1760.1161409715576,-4.1706473214285325,2.0,False,results/working/switch_budget_mechanism_audit.csv,False,False,True
M5,FOODS_3_714__WI_3,high_switch_cost,governance_aware_dp,switch_budget_binding,active,2.0,1246.9516318931344,1242.9516318931344,-4.0,2.0,False,results/working/switch_budget_mechanism_audit.csv,False,False,True
M5,FOODS_3_723__CA_3,high_switch_cost,governance_aware_dp,switch_budget_binding,inactive,0.0,5074.751260549302,5074.751260549302,0.0,0.0,True,results/working/switch_budget_mechanism_audit.csv,False,False,False
M5,FOODS_3_723__WI_3,high_switch_cost,governance_aware_dp,switch_budget_binding,inactive,0.0,1215.2513896051096,1215.2513896051096,0.0,0.0,True,results/working/switch_budget_mechanism_audit.csv,False,False,False
M5,FOODS_3_752__CA_3,high_switch_cost,governance_aware_dp,switch_budget_binding,active,2.0,5529.10814974394,5533.022294677161,3.9141449332191764,2.0,False,results/working/switch_budget_mechanism_audit.csv,False,False,True
M5,FOODS_3_804__CA_3,high_switch_cost,governance_aware_dp,switch_budget_binding,inactive,0.0,3361.8395263525904,3361.8395263525904,0.0,0.0,True,results/working/switch_budget_mechanism_audit.csv,False,False,False
M5,FOODS_3_808__CA_1,high_switch_cost,governance_aware_dp,switch_budget_binding,active,4.0,1350.202232626988,1403.328125,53.125892373011986,4.0,False,results/working/switch_budget_mechanism_audit.csv,False,True,True
M5,FOODS_3_808__CA_3,high_switch_cost,governance_aware_dp,switch_budget_binding,active,1.0,2814.784322684153,2812.784322684153,-2.0,1.0,True,results/working/switch_budget_mechanism_audit.csv,False,False,True
M5,HOUSEHOLD_1_118__CA_3,high_switch_cost,governance_aware_dp,switch_budget_binding,inactive,-1.0,2391.7980972091173,2391.7980972091173,0.0,0.0,True,results/working/switch_budget_mechanism_audit.csv,False,False,False
M5,HOUSEHOLD_1_334__CA_3,high_switch_cost,governance_aware_dp,switch_budget_binding,active,2.0,9157.75466157662,7751.667857142859,-1406.0868044337585,2.0,False,results/working/switch_budget_mechanism_audit.csv,True,False,False
M5,HOUSEHOLD_1_459__CA_3,high_switch_cost,governance_aware_dp,switch_budget_binding,active,5.0,6832.019675972876,6634.201997921067,-197.81767805180883,5.0,False,results/working/switch_budget_mechanism_audit.csv,True,False,False
M5,FOODS_1_218__TX_2,long_lead,governance_aware_dp,switch_budget_binding,active,6.0,3673.6263939479622,2507.322209821428,-1166.304184126534,6.0,False,results/working/switch_budget_mechanism_audit.csv,True,False,False
M5,FOODS_2_197__CA_1,long_lead,governance_aware_dp,switch_budget_binding,active,6.0,8327.169333378795,8476.407576563173,149.238243184378,6.0,False,results/working/switch_budget_mechanism_audit.csv,False,True,True
M5,FOODS_2_197__CA_3,long_lead,governance_aware_dp,switch_budget_binding,inactive,-1.0,636.0450703894769,631.9517021541551,-4.093368235321692,2.0,False,results/working/switch_budget_mechanism_audit.csv,False,False,False
M5,FOODS_2_276__CA_3,long_lead,governance_aware_dp,switch_budget_binding,active,1.0,700.0805775900806,699.6167383043663,-0.4638392857140161,2.0,False,results/working/switch_budget_mechanism_audit.csv,False,False,True
M5,FOODS_2_360__CA_3,long_lead,governance_aware_dp,switch_budget_binding,active,12.0,8156.270727108003,8081.660012822287,-74.61071428571631,12.0,False,results/working/switch_budget_mechanism_audit.csv,False,False,True
M5,FOODS_2_360__TX_3,long_lead,governance_aware_dp,switch_budget_binding,active,11.0,9011.142161539965,9083.52168633592,72.37952479595697,11.0,False,results/working/switch_budget_mechanism_audit.csv,False,False,True
M5,FOODS_2_360__WI_2,long_lead,governance_aware_dp,switch_budget_binding,active,5.0,35787.9380124489,35856.2255124489,68.28749999999854,5.0,False,results/working/switch_budget_mechanism_audit.csv,False,False,True
M5,FOODS_3_007__WI_2,long_lead,governance_aware_dp,switch_budget_binding,active,1.0,52784.3625,52784.1125,-0.25,1.0,True,results/working/switch_budget_mechanism_audit.csv,False,False,True
M5,FOODS_3_030__TX_2,long_lead,governance_aware_dp,switch_budget_binding,active,7.0,4095.6119368732648,4051.837375644259,-43.77456122900549,8.0,False,results/working/switch_budget_mechanism_audit.csv,True,False,False
M5,FOODS_3_030__TX_3,long_lead,governance_aware_dp,switch_budget_binding,active,2.0,1365.4061850520104,1601.2930230901582,235.88683803814732,3.0,False,results/working/switch_budget_mechanism_audit.csv,False,True,True
M5,FOODS_3_080__CA_1,long_lead,governance_aware_dp,switch_budget_binding,inactive,-2.0,1002.6445481776796,1002.6445481776796,0.0,0.0,True,results/working/switch_budget_mechanism_audit.csv,False,False,False
M5,FOODS_3_080__TX_2,long_lead,governance_aware_dp,switch_budget_binding,inactive,-5.0,1129.0874184494885,1129.0874184494885,0.0,0.0,True,results/working/switch_budget_mechanism_audit.csv,False,False,False
M5,FOODS_3_090__CA_1,long_lead,governance_aware_dp,switch_budget_binding,inactive,0.0,8327.72485710885,8327.72485710885,0.0,0.0,True,results/working/switch_budget_mechanism_audit.csv,False,False,False
M5,FOODS_3_090__CA_2,long_lead,governance_aware_dp,switch_budget_binding,inactive,-2.0,7782.827382688004,7782.827382688004,0.0,0.0,True,results/working/switch_budget_mechanism_audit.csv,False,False,False
M5,FOODS_3_090__CA_3,long_lead,governance_aware_dp,switch_budget_binding,active,2.0,12106.649169440163,12106.149169440163,-0.5,2.0,True,results/working/switch_budget_mechanism_audit.csv,False,False,True
M5,FOODS_3_090__CA_4,long_lead,governance_aware_dp,switch_budget_binding,active,6.0,1744.4437498196842,1730.3073649876233,-14.136384832060912,6.0,False,results/working/switch_budget_mechanism_audit.csv,False,False,True
M5,FOODS_3_090__TX_1,long_lead,governance_aware_dp,switch_budget_binding,active,4.0,2584.923074047724,2581.9581860004096,-2.9648880473146164,4.0,False,results/working/switch_budget_mechanism_audit.csv,False,False,True
M5,FOODS_3_090__TX_2,long_lead,governance_aware_dp,switch_budget_binding,inactive,-3.0,4896.694041897671,4896.694041897671,0.0,0.0,True,results/working/switch_budget_mechanism_audit.csv,False,False,False
M5,FOODS_3_090__TX_3,long_lead,governance_aware_dp,switch_budget_binding,inactive,-1.0,8418.864183345693,8418.864183345693,0.0,0.0,True,results/working/switch_budget_mechanism_audit.csv,False,False,False
M5,FOODS_3_090__WI_3,long_lead,governance_aware_dp,switch_budget_binding,inactive,-1.0,11410.253569802137,11409.716851052137,-0.5367187499996362,0.0,False,results/working/switch_budget_mechanism_audit.csv,False,False,False
M5,FOODS_3_099__TX_2,long_lead,governance_aware_dp,switch_budget_binding,inactive,-2.0,1190.3868848530851,1190.3868848530851,0.0,0.0,True,results/working/switch_budget_mechanism_audit.csv,False,False,False
M5,FOODS_3_120__CA_1,long_lead,governance_aware_dp,switch_budget_binding,active,8.0,21015.224273187374,21128.57025533024,113.3459821428587,8.0,False,results/working/switch_budget_mechanism_audit.csv,False,False,True
M5,FOODS_3_120__CA_3,long_lead,governance_aware_dp,switch_budget_binding,active,12.0,42153.932374847405,45956.995535714275,3803.0631608668846,12.0,False,results/working/switch_budget_mechanism_audit.csv,False,True,True
M5,FOODS_3_120__WI_3,long_lead,governance_aware_dp,switch_budget_binding,active,12.0,25529.673724705284,25526.673724705284,-3.0,12.0,True,results/working/switch_budget_mechanism_audit.csv,False,False,True
M5,FOODS_3_202__CA_3,long_lead,governance_aware_dp,switch_budget_binding,active,6.0,11187.924335312806,8668.68076171875,-2519.243573594056,6.0,False,results/working/switch_budget_mechanism_audit.csv,True,False,False
M5,FOODS_3_202__TX_1,long_lead,governance_aware_dp,switch_budget_binding,inactive,0.0,4090.837332213165,4090.837332213165,0.0,0.0,True,results/working/switch_budget_mechanism_audit.csv,False,False,False
M5,FOODS_3_202__TX_2,long_lead,governance_aware_dp,switch_budget_binding,inactive,-1.0,4059.203540862306,4059.350112043621,0.14657118131390234,-1.0,False,results/working/switch_budget_mechanism_audit.csv,False,False,False
M5,FOODS_3_202__TX_3,long_lead,governance_aware_dp,switch_budget_binding,active,2.0,1914.116994211634,1947.232425965495,33.115431753860776,2.0,False,results/working/switch_budget_mechanism_audit.csv,False,True,True
M5,FOODS_3_226__WI_1,long_lead,governance_aware_dp,switch_budget_binding,active,5.0,2566.569779833436,2703.3175343424564,136.74775450902007,5.0,False,results/working/switch_budget_mechanism_audit.csv,False,True,True
M5,FOODS_3_226__WI_2,long_lead,governance_aware_dp,switch_budget_binding,active,10.0,4749.250587145838,4877.589446344086,128.33885919824934,10.0,False,results/working/switch_budget_mechanism_audit.csv,False,True,True
M5,FOODS_3_226__WI_3,long_lead,governance_aware_dp,switch_budget_binding,active,2.0,2442.156505305173,2439.4908519609544,-2.6656533442182986,2.0,False,results/working/switch_budget_mechanism_audit.csv,False,False,True
M5,FOODS_3_234__CA_3,long_lead,governance_aware_dp,switch_budget_binding,inactive,-1.0,7779.975948660716,7779.975948660716,0.0,0.0,True,results/working/switch_budget_mechanism_audit.csv,False,False,False
M5,FOODS_3_234__WI_2,long_lead,governance_aware_dp,switch_budget_binding,inactive,0.0,5365.0125,5365.0125,0.0,0.0,True,results/working/switch_budget_mechanism_audit.csv,False,False,False
M5,FOODS_3_234__WI_3,long_lead,governance_aware_dp,switch_budget_binding,active,4.0,12362.061377430897,12361.060260669858,-1.0011167610355187,4.0,False,results/working/switch_budget_mechanism_audit.csv,False,False,True
M5,FOODS_3_252__CA_1,long_lead,governance_aware_dp,switch_budget_binding,active,3.0,5460.1031120832395,5459.3531120832395,-0.75,3.0,True,results/working/switch_budget_mechanism_audit.csv,False,False,True
M5,FOODS_3_252__CA_2,long_lead,governance_aware_dp,switch_budget_binding,active,2.0,4315.379330858461,4316.615938001318,1.236607142856883,3.0,False,results/working/switch_budget_mechanism_audit.csv,False,False,True
M5,FOODS_3_252__CA_3,long_lead,governance_aware_dp,switch_budget_binding,active,11.0,14268.580717442459,14125.555789620537,-143.0249278219253,11.0,False,results/working/switch_budget_mechanism_audit.csv,True,False,False
M5,FOODS_3_252__TX_1,long_lead,governance_aware_dp,switch_budget_binding,active,3.0,3920.3783456273713,3919.493300984514,-0.8850446428573377,3.0,False,results/working/switch_budget_mechanism_audit.csv,False,False,True
M5,FOODS_3_252__TX_2,long_lead,governance_aware_dp,switch_budget_binding,inactive,-5.0,3569.1747510703967,3569.1747510703967,0.0,0.0,True,results/working/switch_budget_mechanism_audit.csv,False,False,False
M5,FOODS_3_252__TX_3,long_lead,governance_aware_dp,switch_budget_binding,active,6.0,2460.4902822757144,2451.81550549,-8.67477678571413,6.0,False,results/working/switch_budget_mechanism_audit.csv,False,False,True
M5,FOODS_3_252__WI_3,long_lead,governance_aware_dp,switch_budget_binding,inactive,0.0,3054.1505225450537,3049.4719511164826,-4.678571428571559,2.0,False,results/working/switch_budget_mechanism_audit.csv,False,False,False
M5,FOODS_3_281__CA_3,long_lead,governance_aware_dp,switch_budget_binding,active,12.0,10238.222996500375,10234.770987571805,-3.452008928570649,12.0,False,results/working/switch_budget_mechanism_audit.csv,False,False,True
M5,FOODS_3_282__CA_3,long_lead,governance_aware_dp,switch_budget_binding,inactive,-4.0,4584.045331112437,4584.045331112437,0.0,0.0,True,results/working/switch_budget_mechanism_audit.csv,False,False,False
M5,FOODS_3_288__CA_3,long_lead,governance_aware_dp,switch_budget_binding,inactive,-1.0,2051.597855985485,2051.597855985485,0.0,0.0,True,results/working/switch_budget_mechanism_audit.csv,False,False,False
M5,FOODS_3_318__CA_3,long_lead,governance_aware_dp,switch_budget_binding,active,2.0,4643.9625835313545,3124.241427769542,-1519.721155761813,2.0,False,results/working/switch_budget_mechanism_audit.csv,True,False,False
M5,FOODS_3_318__WI_3,long_lead,governance_aware_dp,switch_budget_binding,active,1.0,3653.1605798480027,3670.075223537237,16.914643689233348,5.0,False,results/working/switch_budget_mechanism_audit.csv,False,False,True
M5,FOODS_3_319__CA_3,long_lead,governance_aware_dp,switch_budget_binding,inactive,-5.0,3203.7207873637944,3203.7207873637944,0.0,0.0,True,results/working/switch_budget_mechanism_audit.csv,False,False,False
M5,FOODS_3_376__WI_2,long_lead,governance_aware_dp,switch_budget_binding,active,3.0,30037.095075334822,30036.345075334822,-0.75,3.0,True,results/working/switch_budget_mechanism_audit.csv,False,False,True
M5,FOODS_3_377__TX_2,long_lead,governance_aware_dp,switch_budget_binding,inactive,-1.0,2229.928985236622,2239.1648495172813,9.235864280659369,2.0,False,results/working/switch_budget_mechanism_audit.csv,False,False,False
M5,FOODS_3_377__TX_3,long_lead,governance_aware_dp,switch_budget_binding,active,5.0,1935.0984506474206,1959.4265947409945,24.32814409357343,6.0,False,results/working/switch_budget_mechanism_audit.csv,False,True,True
M5,FOODS_3_412__WI_2,long_lead,governance_aware_dp,switch_budget_binding,inactive,-1.0,7859.956281872954,7859.956281872954,0.0,0.0,True,results/working/switch_budget_mechanism_audit.csv,False,False,False
M5,FOODS_3_462__WI_2,long_lead,governance_aware_dp,switch_budget_binding,active,4.0,6493.135541712378,6492.135541712378,-1.0,4.0,True,results/working/switch_budget_mechanism_audit.csv,False,False,True
M5,FOODS_3_501__CA_3,long_lead,governance_aware_dp,switch_budget_binding,inactive,-1.0,1642.4601922483155,1642.4601922483155,0.0,0.0,True,results/working/switch_budget_mechanism_audit.csv,False,False,False
M5,FOODS_3_541__CA_1,long_lead,governance_aware_dp,switch_budget_binding,inactive,-4.0,232.01542773000443,232.01542773000443,0.0,0.0,True,results/working/switch_budget_mechanism_audit.csv,False,False,False
M5,FOODS_3_541__CA_3,long_lead,governance_aware_dp,switch_budget_binding,inactive,-3.0,3340.967689732144,3340.967689732144,0.0,0.0,True,results/working/switch_budget_mechanism_audit.csv,False,False,False
M5,FOODS_3_547__WI_2,long_lead,governance_aware_dp,switch_budget_binding,inactive,0.0,2710.285087717062,2710.285087717062,0.0,0.0,True,results/working/switch_budget_mechanism_audit.csv,False,False,False
M5,FOODS_3_555__CA_1,long_lead,governance_aware_dp,switch_budget_binding,inactive,-3.0,2698.429558948129,2698.429558948129,0.0,0.0,True,results/working/switch_budget_mechanism_audit.csv,False,False,False
M5,FOODS_3_555__CA_3,long_lead,governance_aware_dp,switch_budget_binding,active,3.0,7728.479101562506,6202.581153814754,-1525.8979477477533,3.0,False,results/working/switch_budget_mechanism_audit.csv,True,False,False
M5,FOODS_3_555__TX_1,long_lead,governance_aware_dp,switch_budget_binding,active,1.0,2750.6933395634587,2750.1933395634587,-0.5,2.0,True,results/working/switch_budget_mechanism_audit.csv,False,False,True
M5,FOODS_3_555__TX_2,long_lead,governance_aware_dp,switch_budget_binding,inactive,-1.0,2848.4934210643046,2848.4934210643046,0.0,0.0,True,results/working/switch_budget_mechanism_audit.csv,False,False,False
M5,FOODS_3_555__TX_3,long_lead,governance_aware_dp,switch_budget_binding,active,4.0,5015.163342259537,5116.396398604094,101.23305634455757,4.0,False,results/working/switch_budget_mechanism_audit.csv,False,True,True
M5,FOODS_3_555__WI_3,long_lead,governance_aware_dp,switch_budget_binding,active,5.0,2833.972273126593,2842.521215619128,8.548942492534023,6.0,False,results/working/switch_budget_mechanism_audit.csv,False,False,True
M5,FOODS_3_586__CA_1,long_lead,governance_aware_dp,switch_budget_binding,active,3.0,6189.928439057308,6189.178439057308,-0.75,3.0,True,results/working/switch_budget_mechanism_audit.csv,False,False,True
M5,FOODS_3_586__CA_2,long_lead,governance_aware_dp,switch_budget_binding,active,5.0,2375.771910645749,2368.360303502893,-7.411607142857065,5.0,False,results/working/switch_budget_mechanism_audit.csv,False,False,True
M5,FOODS_3_586__CA_3,long_lead,governance_aware_dp,switch_budget_binding,active,6.0,9919.1178423063,9917.99453220025,-1.1233101060497577,6.0,False,results/working/switch_budget_mechanism_audit.csv,False,False,True
M5,FOODS_3_586__TX_1,long_lead,governance_aware_dp,switch_budget_binding,active,9.0,14477.259442015691,10510.820144274405,-3966.439297741285,9.0,False,results/working/switch_budget_mechanism_audit.csv,True,False,False
M5,FOODS_3_586__TX_2,long_lead,governance_aware_dp,switch_budget_binding,active,1.0,7232.027319541176,7232.195176684035,0.1678571428565192,1.0,False,results/working/switch_budget_mechanism_audit.csv,False,False,True
M5,FOODS_3_586__TX_3,long_lead,governance_aware_dp,switch_budget_binding,inactive,-1.0,3329.349457923157,3329.349457923157,0.0,0.0,True,results/working/switch_budget_mechanism_audit.csv,False,False,False
M5,FOODS_3_586__WI_3,long_lead,governance_aware_dp,switch_budget_binding,active,4.0,2455.5223009835545,2483.463456692558,27.941155709003855,5.0,False,results/working/switch_budget_mechanism_audit.csv,False,True,True
M5,FOODS_3_587__CA_1,long_lead,governance_aware_dp,switch_budget_binding,inactive,-3.0,2460.177753648521,2460.677753648521,0.5,-2.0,True,results/working/switch_budget_mechanism_audit.csv,False,False,False
M5,FOODS_3_587__CA_3,long_lead,governance_aware_dp,switch_budget_binding,active,5.0,2168.3126661699202,2257.314122665462,89.00145649554224,6.0,False,results/working/switch_budget_mechanism_audit.csv,False,True,True
M5,FOODS_3_587__TX_1,long_lead,governance_aware_dp,switch_budget_binding,active,4.0,2722.3830276227523,2601.197067360292,-121.18596026245905,4.0,False,results/working/switch_budget_mechanism_audit.csv,True,False,False
M5,FOODS_3_587__TX_2,long_lead,governance_aware_dp,switch_budget_binding,active,5.0,2429.7928303724684,2402.823288570502,-26.969541801966443,5.0,False,results/working/switch_budget_mechanism_audit.csv,True,False,False
M5,FOODS_3_587__TX_3,long_lead,governance_aware_dp,switch_budget_binding,active,1.0,3497.984122943553,3497.734122943553,-0.25,1.0,True,results/working/switch_budget_mechanism_audit.csv,False,False,True
M5,FOODS_3_587__WI_3,long_lead,governance_aware_dp,switch_budget_binding,active,8.0,20855.807042846613,20853.807042846613,-2.0,8.0,True,results/working/switch_budget_mechanism_audit.csv,False,False,True
M5,FOODS_3_607__CA_3,long_lead,governance_aware_dp,switch_budget_binding,active,1.0,1308.4435648177741,1307.9435648177741,-0.5,2.0,True,results/working/switch_budget_mechanism_audit.csv,False,False,True
M5,FOODS_3_635__CA_3,long_lead,governance_aware_dp,switch_budget_binding,inactive,-4.0,5544.685717052358,5544.685717052358,0.0,0.0,True,results/working/switch_budget_mechanism_audit.csv,False,False,False
M5,FOODS_3_681__CA_3,long_lead,governance_aware_dp,switch_budget_binding,active,1.0,4561.7367993652615,4561.2367993652615,-0.5,2.0,True,results/working/switch_budget_mechanism_audit.csv,False,False,True
M5,FOODS_3_681__WI_3,long_lead,governance_aware_dp,switch_budget_binding,inactive,-2.0,8025.31029794999,8025.31029794999,0.0,0.0,True,results/working/switch_budget_mechanism_audit.csv,False,False,False
M5,FOODS_3_694__CA_3,long_lead,governance_aware_dp,switch_budget_binding,active,11.0,3653.522384350954,4869.437908879782,1215.9155245288284,11.0,False,results/working/switch_budget_mechanism_audit.csv,False,True,True
M5,FOODS_3_694__WI_1,long_lead,governance_aware_dp,switch_budget_binding,active,1.0,2106.704309772634,2091.9007383440626,-14.803571428571555,1.0,False,results/working/switch_budget_mechanism_audit.csv,False,False,True
M5,FOODS_3_694__WI_2,long_lead,governance_aware_dp,switch_budget_binding,active,6.0,1941.1044936792057,1930.866983799527,-10.23750987967901,6.0,False,results/working/switch_budget_mechanism_audit.csv,False,False,True
M5,FOODS_3_694__WI_3,long_lead,governance_aware_dp,switch_budget_binding,active,7.0,3107.778869156911,3383.555246885819,275.7763777289083,7.0,False,results/working/switch_budget_mechanism_audit.csv,False,True,True
M5,FOODS_3_711__CA_3,long_lead,governance_aware_dp,switch_budget_binding,active,1.0,2232.821809155745,2232.3335499332998,-0.4882592224453219,2.0,False,results/working/switch_budget_mechanism_audit.csv,False,False,True
M5,FOODS_3_711__WI_2,long_lead,governance_aware_dp,switch_budget_binding,inactive,0.0,3273.093821943341,3273.1813219433416,0.08750000000009095,0.0,False,results/working/switch_budget_mechanism_audit.csv,False,False,False
M5,FOODS_3_714__CA_1,long_lead,governance_aware_dp,switch_budget_binding,active,2.0,3230.714859852275,3229.964859852275,-0.75,3.0,True,results/working/switch_budget_mechanism_audit.csv,False,False,True
M5,FOODS_3_714__CA_3,long_lead,governance_aware_dp,switch_budget_binding,active,12.0,3405.088196595152,2644.2739878910643,-760.8142087040887,12.0,False,results/working/switch_budget_mechanism_audit.csv,True,False,False
M5,FOODS_3_714__TX_1,long_lead,governance_aware_dp,switch_budget_binding,active,2.0,3798.0007229861353,3797.5007229861353,-0.5,2.0,True,results/working/switch_budget_mechanism_audit.csv,False,False,True
M5,FOODS_3_714__TX_2,long_lead,governance_aware_dp,switch_budget_binding,inactive,-1.0,1542.5670265640658,1542.5670265640658,0.0,0.0,True,results/working/switch_budget_mechanism_audit.csv,False,False,False
M5,FOODS_3_714__TX_3,long_lead,governance_aware_dp,switch_budget_binding,active,4.0,2789.399683868885,2788.298344583171,-1.1013392857144026,5.0,False,results/working/switch_budget_mechanism_audit.csv,False,False,True
M5,FOODS_3_714__WI_3,long_lead,governance_aware_dp,switch_budget_binding,inactive,-1.0,2999.155794719414,2999.155794719414,0.0,0.0,True,results/working/switch_budget_mechanism_audit.csv,False,False,False
M5,FOODS_3_723__CA_3,long_lead,governance_aware_dp,switch_budget_binding,inactive,-1.0,2412.339473182812,2412.339473182812,0.0,0.0,True,results/working/switch_budget_mechanism_audit.csv,False,False,False
M5,FOODS_3_723__WI_3,long_lead,governance_aware_dp,switch_budget_binding,active,4.0,1755.1707689632146,1745.5721599115154,-9.598609051699214,4.0,False,results/working/switch_budget_mechanism_audit.csv,False,False,True
M5,FOODS_3_752__CA_3,long_lead,governance_aware_dp,switch_budget_binding,active,9.0,6827.8850226007435,7613.1585159043225,785.2734933035798,9.0,False,results/working/switch_budget_mechanism_audit.csv,False,True,True
M5,FOODS_3_804__CA_3,long_lead,governance_aware_dp,switch_budget_binding,inactive,-3.0,1894.4836431806962,1816.375731749216,-78.10791143148003,-3.0,False,results/working/switch_budget_mechanism_audit.csv,True,False,True
M5,FOODS_3_808__CA_1,long_lead,governance_aware_dp,switch_budget_binding,active,3.0,1273.3351013979575,1320.1513808734655,46.816279475508054,3.0,False,results/working/switch_budget_mechanism_audit.csv,False,True,True
M5,FOODS_3_808__CA_3,long_lead,governance_aware_dp,switch_budget_binding,inactive,-4.0,6647.80887625558,6647.80887625558,0.0,0.0,True,results/working/switch_budget_mechanism_audit.csv,False,False,False
M5,HOUSEHOLD_1_118__CA_3,long_lead,governance_aware_dp,switch_budget_binding,inactive,-1.0,3958.8417680385246,3958.8417680385246,0.0,0.0,True,results/working/switch_budget_mechanism_audit.csv,False,False,False
M5,HOUSEHOLD_1_334__CA_3,long_lead,governance_aware_dp,switch_budget_binding,active,8.0,5916.464542799951,5914.464542799951,-2.0,8.0,True,results/working/switch_budget_mechanism_audit.csv,False,False,True
M5,HOUSEHOLD_1_459__CA_3,long_lead,governance_aware_dp,switch_budget_binding,active,10.0,10664.735642587935,8591.701352984004,-2073.034289603931,10.0,False,results/working/switch_budget_mechanism_audit.csv,True,False,False
M5,FOODS_1_218__TX_2,persistent_backlog,governance_aware_dp,switch_budget_binding,inactive,0.0,8092.531374999998,8092.531374999998,0.0,0.0,True,results/working/switch_budget_mechanism_audit.csv,False,False,False
M5,FOODS_2_197__CA_1,persistent_backlog,governance_aware_dp,switch_budget_binding,active,1.0,12814.716801743127,12814.216801743127,-0.5,1.0,True,results/working/switch_budget_mechanism_audit.csv,False,False,True
M5,FOODS_2_197__CA_3,persistent_backlog,governance_aware_dp,switch_budget_binding,active,1.0,3664.546890392856,3664.046890392856,-0.5,1.0,True,results/working/switch_budget_mechanism_audit.csv,False,False,True
M5,FOODS_2_276__CA_3,persistent_backlog,governance_aware_dp,switch_budget_binding,inactive,-1.0,2858.7665507772213,2858.7665507772213,0.0,0.0,True,results/working/switch_budget_mechanism_audit.csv,False,False,False
M5,FOODS_2_360__CA_3,persistent_backlog,governance_aware_dp,switch_budget_binding,active,2.0,15657.962142857152,15656.962142857152,-1.0,2.0,True,results/working/switch_budget_mechanism_audit.csv,False,False,True
M5,FOODS_2_360__TX_3,persistent_backlog,governance_aware_dp,switch_budget_binding,active,7.0,13596.247944280538,13401.947944280539,-194.29999999999745,7.0,False,results/working/switch_budget_mechanism_audit.csv,True,False,False
M5,FOODS_2_360__WI_2,persistent_backlog,governance_aware_dp,switch_budget_binding,inactive,-3.0,57161.78351066838,57161.78351066838,0.0,0.0,True,results/working/switch_budget_mechanism_audit.csv,False,False,False
M5,FOODS_3_007__WI_2,persistent_backlog,governance_aware_dp,switch_budget_binding,inactive,-8.0,52987.9875,52987.9875,0.0,0.0,True,results/working/switch_budget_mechanism_audit.csv,False,False,False
M5,FOODS_3_030__TX_2,persistent_backlog,governance_aware_dp,switch_budget_binding,active,1.0,9053.340986607143,9052.840986607143,-0.5,1.0,True,results/working/switch_budget_mechanism_audit.csv,False,False,True
M5,FOODS_3_030__TX_3,persistent_backlog,governance_aware_dp,switch_budget_binding,active,4.0,3031.4254690263188,3015.912519458816,-15.512949567503258,4.0,False,results/working/switch_budget_mechanism_audit.csv,False,False,True
M5,FOODS_3_080__CA_1,persistent_backlog,governance_aware_dp,switch_budget_binding,active,6.0,5681.293749999999,6604.182330357141,922.888580357142,6.0,False,results/working/switch_budget_mechanism_audit.csv,False,True,True
M5,FOODS_3_080__TX_2,persistent_backlog,governance_aware_dp,switch_budget_binding,active,9.0,4372.209901718159,4010.938651718157,-361.2712500000016,9.0,False,results/working/switch_budget_mechanism_audit.csv,True,False,False
M5,FOODS_3_090__CA_1,persistent_backlog,governance_aware_dp,switch_budget_binding,active,8.0,21686.13805065885,20263.25674080499,-1422.8813098538628,8.0,False,results/working/switch_budget_mechanism_audit.csv,True,False,False
M5,FOODS_3_090__CA_2,persistent_backlog,governance_aware_dp,switch_budget_binding,active,5.0,19217.821818161585,18415.633624109243,-802.1881940523417,5.0,False,results/working/switch_budget_mechanism_audit.csv,True,False,False
M5,FOODS_3_090__CA_3,persistent_backlog,governance_aware_dp,switch_budget_binding,active,5.0,43740.73944047323,46588.19687063216,2847.4574301589314,5.0,False,results/working/switch_budget_mechanism_audit.csv,False,True,True
M5,FOODS_3_090__CA_4,persistent_backlog,governance_aware_dp,switch_budget_binding,active,1.0,8018.805428802019,10456.55336425234,2437.747935450321,1.0,False,results/working/switch_budget_mechanism_audit.csv,False,True,True
M5,FOODS_3_090__TX_1,persistent_backlog,governance_aware_dp,switch_budget_binding,active,4.0,15503.96671465465,15501.96671465465,-2.0,4.0,True,results/working/switch_budget_mechanism_audit.csv,False,False,True
M5,FOODS_3_090__TX_2,persistent_backlog,governance_aware_dp,switch_budget_binding,active,5.0,24962.398554919204,24959.898554919204,-2.5,5.0,True,results/working/switch_budget_mechanism_audit.csv,False,False,True
M5,FOODS_3_090__TX_3,persistent_backlog,governance_aware_dp,switch_budget_binding,active,3.0,20865.099239600026,20863.599239600026,-1.5,3.0,True,results/working/switch_budget_mechanism_audit.csv,False,False,True
M5,FOODS_3_090__WI_3,persistent_backlog,governance_aware_dp,switch_budget_binding,inactive,0.0,45580.50840020277,45580.50840020277,0.0,0.0,True,results/working/switch_budget_mechanism_audit.csv,False,False,False
M5,FOODS_3_099__TX_2,persistent_backlog,governance_aware_dp,switch_budget_binding,inactive,-1.0,2536.7428538610393,2536.7428538610393,0.0,0.0,True,results/working/switch_budget_mechanism_audit.csv,False,False,False
M5,FOODS_3_120__CA_1,persistent_backlog,governance_aware_dp,switch_budget_binding,active,2.0,34952.81773214286,34951.81773214286,-1.0,2.0,True,results/working/switch_budget_mechanism_audit.csv,False,False,True
M5,FOODS_3_120__CA_3,persistent_backlog,governance_aware_dp,switch_budget_binding,active,4.0,64513.11125000001,64511.11125000001,-2.0,4.0,True,results/working/switch_budget_mechanism_audit.csv,False,False,True
M5,FOODS_3_120__WI_3,persistent_backlog,governance_aware_dp,switch_budget_binding,active,8.0,31684.74030519963,31680.74030519963,-4.0,8.0,True,results/working/switch_budget_mechanism_audit.csv,False,False,True
M5,FOODS_3_202__CA_3,persistent_backlog,governance_aware_dp,switch_budget_binding,inactive,-2.0,16354.974760257006,16354.974760257006,0.0,0.0,True,results/working/switch_budget_mechanism_audit.csv,False,False,False
M5,FOODS_3_202__TX_1,persistent_backlog,governance_aware_dp,switch_budget_binding,inactive,0.0,13036.520322428933,13036.520322428933,0.0,0.0,True,results/working/switch_budget_mechanism_audit.csv,False,False,False
M5,FOODS_3_202__TX_2,persistent_backlog,governance_aware_dp,switch_budget_binding,active,3.0,7174.637357289915,8547.061851092189,1372.4244938022741,3.0,False,results/working/switch_budget_mechanism_audit.csv,False,True,True
M5,FOODS_3_202__TX_3,persistent_backlog,governance_aware_dp,switch_budget_binding,inactive,-1.0,8555.969061840864,8555.969061840864,0.0,0.0,True,results/working/switch_budget_mechanism_audit.csv,False,False,False
M5,FOODS_3_226__WI_1,persistent_backlog,governance_aware_dp,switch_budget_binding,active,2.0,11297.96390544574,11296.96390544574,-1.0,2.0,True,results/working/switch_budget_mechanism_audit.csv,False,False,True
M5,FOODS_3_226__WI_2,persistent_backlog,governance_aware_dp,switch_budget_binding,active,7.0,17627.37400956983,17623.87400956983,-3.5,7.0,True,results/working/switch_budget_mechanism_audit.csv,False,False,True
M5,FOODS_3_226__WI_3,persistent_backlog,governance_aware_dp,switch_budget_binding,active,4.0,7550.220086213206,8023.133839803949,472.913753590743,4.0,False,results/working/switch_budget_mechanism_audit.csv,False,True,True
M5,FOODS_3_234__CA_3,persistent_backlog,governance_aware_dp,switch_budget_binding,active,2.0,9948.204764977809,9947.204764977809,-1.0,2.0,True,results/working/switch_budget_mechanism_audit.csv,False,False,True
M5,FOODS_3_234__WI_2,persistent_backlog,governance_aware_dp,switch_budget_binding,inactive,-9.0,5401.192824964015,5401.192824964015,0.0,0.0,True,results/working/switch_budget_mechanism_audit.csv,False,False,False
M5,FOODS_3_234__WI_3,persistent_backlog,governance_aware_dp,switch_budget_binding,active,2.0,21129.83048444369,21128.83048444369,-1.0,2.0,True,results/working/switch_budget_mechanism_audit.csv,False,False,True
M5,FOODS_3_252__CA_1,persistent_backlog,governance_aware_dp,switch_budget_binding,inactive,0.0,19962.67805875376,19962.67805875376,0.0,0.0,True,results/working/switch_budget_mechanism_audit.csv,False,False,False
M5,FOODS_3_252__CA_2,persistent_backlog,governance_aware_dp,switch_budget_binding,active,3.0,17784.473770052296,17782.973770052296,-1.5,3.0,True,results/working/switch_budget_mechanism_audit.csv,False,False,True
M5,FOODS_3_252__CA_3,persistent_backlog,governance_aware_dp,switch_budget_binding,active,4.0,23052.740430646212,23050.740430646212,-2.0,4.0,True,results/working/switch_budget_mechanism_audit.csv,False,False,True
M5,FOODS_3_252__TX_1,persistent_backlog,governance_aware_dp,switch_budget_binding,active,4.0,14340.125525008923,15264.563495624743,924.4379706158195,4.0,False,results/working/switch_budget_mechanism_audit.csv,False,True,True
M5,FOODS_3_252__TX_2,persistent_backlog,governance_aware_dp,switch_budget_binding,active,4.0,18399.02593983059,11918.632973665182,-6480.3929661654065,4.0,False,results/working/switch_budget_mechanism_audit.csv,True,False,False
M5,FOODS_3_252__TX_3,persistent_backlog,governance_aware_dp,switch_budget_binding,inactive,-2.0,7026.3329991967,7026.3329991967,0.0,0.0,True,results/working/switch_budget_mechanism_audit.csv,False,False,False
M5,FOODS_3_252__WI_3,persistent_backlog,governance_aware_dp,switch_budget_binding,active,5.0,6684.261622031158,6550.774045204436,-133.48757682672294,5.0,False,results/working/switch_budget_mechanism_audit.csv,True,False,False
M5,FOODS_3_281__CA_3,persistent_backlog,governance_aware_dp,switch_budget_binding,inactive,0.0,20751.64598214287,20751.64598214287,0.0,0.0,True,results/working/switch_budget_mechanism_audit.csv,False,False,False
M5,FOODS_3_282__CA_3,persistent_backlog,governance_aware_dp,switch_budget_binding,active,2.0,2972.450788119881,2971.7858693698804,-0.6649187500001972,2.0,False,results/working/switch_budget_mechanism_audit.csv,False,False,True
M5,FOODS_3_288__CA_3,persistent_backlog,governance_aware_dp,switch_budget_binding,active,6.0,11356.24562053572,11352.74562053572,-3.5,7.0,True,results/working/switch_budget_mechanism_audit.csv,False,False,True
M5,FOODS_3_318__CA_3,persistent_backlog,governance_aware_dp,switch_budget_binding,active,4.0,7421.090363633928,7419.090363633928,-2.0,4.0,True,results/working/switch_budget_mechanism_audit.csv,False,False,True
M5,FOODS_3_318__WI_3,persistent_backlog,governance_aware_dp,switch_budget_binding,active,2.0,5974.093300801946,5973.093300801946,-1.0,2.0,True,results/working/switch_budget_mechanism_audit.csv,False,False,True
M5,FOODS_3_319__CA_3,persistent_backlog,governance_aware_dp,switch_budget_binding,inactive,-10.0,2051.379131530357,2051.379131530357,0.0,0.0,True,results/working/switch_budget_mechanism_audit.csv,False,False,False
M5,FOODS_3_376__WI_2,persistent_backlog,governance_aware_dp,switch_budget_binding,inactive,0.0,36572.52181923845,36572.52181923845,0.0,0.0,True,results/working/switch_budget_mechanism_audit.csv,False,False,False
M5,FOODS_3_377__TX_2,persistent_backlog,governance_aware_dp,switch_budget_binding,active,2.0,8894.955371887028,8893.955371887028,-1.0,2.0,True,results/working/switch_budget_mechanism_audit.csv,False,False,True
M5,FOODS_3_377__TX_3,persistent_backlog,governance_aware_dp,switch_budget_binding,active,3.0,15458.757108980102,14342.563367140627,-1116.1937418394737,3.0,False,results/working/switch_budget_mechanism_audit.csv,True,False,False
M5,FOODS_3_412__WI_2,persistent_backlog,governance_aware_dp,switch_budget_binding,inactive,-13.0,8981.902725942859,8981.902725942859,0.0,0.0,True,results/working/switch_budget_mechanism_audit.csv,False,False,False
M5,FOODS_3_462__WI_2,persistent_backlog,governance_aware_dp,switch_budget_binding,active,2.0,17028.034559254284,17027.034559254284,-1.0,2.0,True,results/working/switch_budget_mechanism_audit.csv,False,False,True
M5,FOODS_3_501__CA_3,persistent_backlog,governance_aware_dp,switch_budget_binding,active,3.0,4728.621829074511,4727.121829074511,-1.5,3.0,True,results/working/switch_budget_mechanism_audit.csv,False,False,True
M5,FOODS_3_541__CA_1,persistent_backlog,governance_aware_dp,switch_budget_binding,inactive,-14.0,163.65083662460643,163.65083662460643,0.0,0.0,True,results/working/switch_budget_mechanism_audit.csv,False,False,False
M5,FOODS_3_541__CA_3,persistent_backlog,governance_aware_dp,switch_budget_binding,inactive,-13.0,2266.946279569643,2266.946279569643,0.0,0.0,True,results/working/switch_budget_mechanism_audit.csv,False,False,False
M5,FOODS_3_547__WI_2,persistent_backlog,governance_aware_dp,switch_budget_binding,inactive,-9.0,1718.8548058328852,1718.8548058328852,0.0,0.0,True,results/working/switch_budget_mechanism_audit.csv,False,False,False
M5,FOODS_3_555__CA_1,persistent_backlog,governance_aware_dp,switch_budget_binding,active,3.0,8788.446698795033,8786.946698795033,-1.5,3.0,True,results/working/switch_budget_mechanism_audit.csv,False,False,True
M5,FOODS_3_555__CA_3,persistent_backlog,governance_aware_dp,switch_budget_binding,inactive,-3.0,15194.57329706055,15194.57329706055,0.0,0.0,True,results/working/switch_budget_mechanism_audit.csv,False,False,False
M5,FOODS_3_555__TX_1,persistent_backlog,governance_aware_dp,switch_budget_binding,active,5.0,13314.74525446428,13312.24525446428,-2.5,5.0,True,results/working/switch_budget_mechanism_audit.csv,False,False,True
M5,FOODS_3_555__TX_2,persistent_backlog,governance_aware_dp,switch_budget_binding,inactive,-1.0,10370.948502922958,10370.948502922958,0.0,0.0,True,results/working/switch_budget_mechanism_audit.csv,False,False,False
M5,FOODS_3_555__TX_3,persistent_backlog,governance_aware_dp,switch_budget_binding,active,4.0,14108.689375000007,14106.689375000007,-2.0,4.0,True,results/working/switch_budget_mechanism_audit.csv,False,False,True
M5,FOODS_3_555__WI_3,persistent_backlog,governance_aware_dp,switch_budget_binding,active,4.0,12799.342719181876,12566.701143654664,-232.64157552721193,5.0,False,results/working/switch_budget_mechanism_audit.csv,True,False,False
M5,FOODS_3_586__CA_1,persistent_backlog,governance_aware_dp,switch_budget_binding,active,7.0,16329.091878660745,16880.449140291952,551.3572616312067,7.0,False,results/working/switch_budget_mechanism_audit.csv,False,True,True
M5,FOODS_3_586__CA_2,persistent_backlog,governance_aware_dp,switch_budget_binding,active,3.0,7057.630989285716,7056.130989285716,-1.5,3.0,True,results/working/switch_budget_mechanism_audit.csv,False,False,True
M5,FOODS_3_586__CA_3,persistent_backlog,governance_aware_dp,switch_budget_binding,active,1.0,27197.21871416836,27196.71871416836,-0.5,1.0,True,results/working/switch_budget_mechanism_audit.csv,False,False,True
M5,FOODS_3_586__TX_1,persistent_backlog,governance_aware_dp,switch_budget_binding,inactive,0.0,26910.633535714296,26910.633535714296,0.0,0.0,True,results/working/switch_budget_mechanism_audit.csv,False,False,False
M5,FOODS_3_586__TX_2,persistent_backlog,governance_aware_dp,switch_budget_binding,active,1.0,27866.845983767616,27866.345983767616,-0.5,1.0,True,results/working/switch_budget_mechanism_audit.csv,False,False,True
M5,FOODS_3_586__TX_3,persistent_backlog,governance_aware_dp,switch_budget_binding,active,2.0,15117.837431811953,19920.2161956518,4802.378763839846,2.0,False,results/working/switch_budget_mechanism_audit.csv,False,True,True
M5,FOODS_3_586__WI_3,persistent_backlog,governance_aware_dp,switch_budget_binding,inactive,-1.0,8044.5598507782,8201.524829966085,156.96497918788558,-1.0,False,results/working/switch_budget_mechanism_audit.csv,False,True,True
M5,FOODS_3_587__CA_1,persistent_backlog,governance_aware_dp,switch_budget_binding,active,3.0,2115.866917177219,1897.3922103388088,-218.47470683840996,3.0,False,results/working/switch_budget_mechanism_audit.csv,True,False,False
M5,FOODS_3_587__CA_3,persistent_backlog,governance_aware_dp,switch_budget_binding,active,3.0,13715.951250000006,13714.451250000006,-1.5,3.0,True,results/working/switch_budget_mechanism_audit.csv,False,False,True
M5,FOODS_3_587__TX_1,persistent_backlog,governance_aware_dp,switch_budget_binding,inactive,-1.0,6935.726219866707,6935.726219866707,0.0,0.0,True,results/working/switch_budget_mechanism_audit.csv,False,False,False
M5,FOODS_3_587__TX_2,persistent_backlog,governance_aware_dp,switch_budget_binding,active,5.0,5552.482570627181,5549.982570627181,-2.5,5.0,True,results/working/switch_budget_mechanism_audit.csv,False,False,True
M5,FOODS_3_587__TX_3,persistent_backlog,governance_aware_dp,switch_budget_binding,inactive,-9.0,2038.2786922849066,2038.2786922849066,0.0,0.0,True,results/working/switch_budget_mechanism_audit.csv,False,False,False
M5,FOODS_3_587__WI_3,persistent_backlog,governance_aware_dp,switch_budget_binding,inactive,0.0,36150.906250000015,36150.906250000015,0.0,0.0,True,results/working/switch_budget_mechanism_audit.csv,False,False,False
M5,FOODS_3_607__CA_3,persistent_backlog,governance_aware_dp,switch_budget_binding,inactive,-1.0,4026.423216549856,4026.423216549856,0.0,0.0,True,results/working/switch_budget_mechanism_audit.csv,False,False,False
M5,FOODS_3_635__CA_3,persistent_backlog,governance_aware_dp,switch_budget_binding,inactive,-7.0,3803.680183206786,3803.680183206786,0.0,0.0,True,results/working/switch_budget_mechanism_audit.csv,False,False,False
M5,FOODS_3_681__CA_3,persistent_backlog,governance_aware_dp,switch_budget_binding,active,7.0,16548.168229547122,17257.142273012498,708.9740434653759,7.0,False,results/working/switch_budget_mechanism_audit.csv,False,True,True
M5,FOODS_3_681__WI_3,persistent_backlog,governance_aware_dp,switch_budget_binding,inactive,0.0,22489.42972465201,22489.42972465201,0.0,0.0,True,results/working/switch_budget_mechanism_audit.csv,False,False,False
M5,FOODS_3_694__CA_3,persistent_backlog,governance_aware_dp,switch_budget_binding,active,1.0,12435.641428571422,12434.641428571422,-1.0,2.0,True,results/working/switch_budget_mechanism_audit.csv,False,False,True
M5,FOODS_3_694__WI_1,persistent_backlog,governance_aware_dp,switch_budget_binding,active,3.0,8723.255043566314,8939.247788697767,215.9927451314525,3.0,False,results/working/switch_budget_mechanism_audit.csv,False,True,True
M5,FOODS_3_694__WI_2,persistent_backlog,governance_aware_dp,switch_budget_binding,active,2.0,11023.068000000001,11022.068000000001,-1.0,2.0,True,results/working/switch_budget_mechanism_audit.csv,False,False,True
M5,FOODS_3_694__WI_3,persistent_backlog,governance_aware_dp,switch_budget_binding,active,3.0,13483.88570527586,12623.104509322542,-860.7811959533154,3.0,False,results/working/switch_budget_mechanism_audit.csv,True,False,False
M5,FOODS_3_711__CA_3,persistent_backlog,governance_aware_dp,switch_budget_binding,inactive,-5.0,2423.9208577182485,2423.9208577182485,0.0,0.0,True,results/working/switch_budget_mechanism_audit.csv,False,False,False
M5,FOODS_3_711__WI_2,persistent_backlog,governance_aware_dp,switch_budget_binding,inactive,-9.0,2683.542162692411,2683.542162692411,0.0,0.0,True,results/working/switch_budget_mechanism_audit.csv,False,False,False
M5,FOODS_3_714__CA_1,persistent_backlog,governance_aware_dp,switch_budget_binding,inactive,-3.0,8737.95572223175,8737.95572223175,0.0,0.0,True,results/working/switch_budget_mechanism_audit.csv,False,False,False
M5,FOODS_3_714__CA_3,persistent_backlog,governance_aware_dp,switch_budget_binding,active,5.0,15294.485383737878,15291.985383737878,-2.5,5.0,True,results/working/switch_budget_mechanism_audit.csv,False,False,True
M5,FOODS_3_714__TX_1,persistent_backlog,governance_aware_dp,switch_budget_binding,active,7.0,10387.632607142856,10384.132607142856,-3.5,7.0,True,results/working/switch_budget_mechanism_audit.csv,False,False,True
M5,FOODS_3_714__TX_2,persistent_backlog,governance_aware_dp,switch_budget_binding,active,5.0,4347.90642846151,4344.90642846151,-3.0,6.0,True,results/working/switch_budget_mechanism_audit.csv,False,False,True
M5,FOODS_3_714__TX_3,persistent_backlog,governance_aware_dp,switch_budget_binding,active,5.0,10309.380799999997,10271.780799999997,-37.599999999998545,5.0,False,results/working/switch_budget_mechanism_audit.csv,False,False,True
M5,FOODS_3_714__WI_3,persistent_backlog,governance_aware_dp,switch_budget_binding,active,4.0,3653.3815319348814,4029.656160223273,376.27462828839134,4.0,False,results/working/switch_budget_mechanism_audit.csv,False,True,True
M5,FOODS_3_723__CA_3,persistent_backlog,governance_aware_dp,switch_budget_binding,active,5.0,11888.343075892852,11885.843075892852,-2.5,5.0,True,results/working/switch_budget_mechanism_audit.csv,False,False,True
M5,FOODS_3_723__WI_3,persistent_backlog,governance_aware_dp,switch_budget_binding,inactive,-1.0,6513.040269015195,6513.040269015195,0.0,0.0,True,results/working/switch_budget_mechanism_audit.csv,False,False,False
M5,FOODS_3_752__CA_3,persistent_backlog,governance_aware_dp,switch_budget_binding,active,8.0,10986.403281249997,11239.556584821428,253.15330357143105,8.0,False,results/working/switch_budget_mechanism_audit.csv,False,True,True
M5,FOODS_3_804__CA_3,persistent_backlog,governance_aware_dp,switch_budget_binding,inactive,-10.0,2314.319933619769,2314.319933619769,0.0,0.0,True,results/working/switch_budget_mechanism_audit.csv,False,False,False
M5,FOODS_3_808__CA_1,persistent_backlog,governance_aware_dp,switch_budget_binding,inactive,-8.0,1926.8365625,1926.8365625,0.0,0.0,True,results/working/switch_budget_mechanism_audit.csv,False,False,False
M5,FOODS_3_808__CA_3,persistent_backlog,governance_aware_dp,switch_budget_binding,inactive,-11.0,4665.6962505377005,4665.6962505377005,0.0,0.0,True,results/working/switch_budget_mechanism_audit.csv,False,False,False
M5,HOUSEHOLD_1_118__CA_3,persistent_backlog,governance_aware_dp,switch_budget_binding,inactive,0.0,13239.412912607575,13239.412912607575,0.0,0.0,True,results/working/switch_budget_mechanism_audit.csv,False,False,False
M5,HOUSEHOLD_1_334__CA_3,persistent_backlog,governance_aware_dp,switch_budget_binding,active,6.0,16633.929534433595,16630.929534433595,-3.0,6.0,True,results/working/switch_budget_mechanism_audit.csv,False,False,True
M5,HOUSEHOLD_1_459__CA_3,persistent_backlog,governance_aware_dp,switch_budget_binding,active,3.0,19112.181160714288,19110.681160714288,-1.5,3.0,True,results/working/switch_budget_mechanism_audit.csv,False,False,True
M5,FOODS_1_218__TX_2,strict_switch_budget,governance_aware_dp,switch_budget_binding,inactive,-1.0,3282.0737732804128,3282.0737732804128,0.0,0.0,True,results/working/switch_budget_mechanism_audit.csv,False,False,False
M5,FOODS_2_197__CA_1,strict_switch_budget,governance_aware_dp,switch_budget_binding,inactive,-1.0,5953.4072930372495,5953.4072930372495,0.0,0.0,True,results/working/switch_budget_mechanism_audit.csv,False,False,False
M5,FOODS_2_197__CA_3,strict_switch_budget,governance_aware_dp,switch_budget_binding,inactive,-2.0,354.919051829753,354.919051829753,0.0,0.0,True,results/working/switch_budget_mechanism_audit.csv,False,False,False
M5,FOODS_2_276__CA_3,strict_switch_budget,governance_aware_dp,switch_budget_binding,inactive,-1.0,450.68719001920283,450.68719001920283,0.0,0.0,True,results/working/switch_budget_mechanism_audit.csv,False,False,False
M5,FOODS_2_360__CA_3,strict_switch_budget,governance_aware_dp,switch_budget_binding,active,10.0,6460.790560403,6929.544642857148,468.75408245414565,10.0,False,results/working/switch_budget_mechanism_audit.csv,False,True,True
M5,FOODS_2_360__TX_3,strict_switch_budget,governance_aware_dp,switch_budget_binding,active,7.0,8085.5642096425745,8082.0642096425745,-3.5,7.0,True,results/working/switch_budget_mechanism_audit.csv,False,False,True
M5,FOODS_2_360__WI_2,strict_switch_budget,governance_aware_dp,switch_budget_binding,active,1.0,31190.58372079956,31189.58372079956,-1.0,2.0,True,results/working/switch_budget_mechanism_audit.csv,False,False,True
M5,FOODS_3_007__WI_2,strict_switch_budget,governance_aware_dp,switch_budget_binding,active,4.0,52707.6125,52705.6125,-2.0,4.0,True,results/working/switch_budget_mechanism_audit.csv,False,False,True
M5,FOODS_3_030__TX_2,strict_switch_budget,governance_aware_dp,switch_budget_binding,inactive,0.0,3539.6758113522937,3539.6758113522937,0.0,0.0,True,results/working/switch_budget_mechanism_audit.csv,False,False,False
M5,FOODS_3_030__TX_3,strict_switch_budget,governance_aware_dp,switch_budget_binding,inactive,0.0,490.8263212165006,490.8263212165006,0.0,0.0,True,results/working/switch_budget_mechanism_audit.csv,False,False,False
M5,FOODS_3_080__CA_1,strict_switch_budget,governance_aware_dp,switch_budget_binding,active,1.0,642.5940295333098,641.9354718813735,-0.6585576519362348,2.0,False,results/working/switch_budget_mechanism_audit.csv,False,False,True
M5,FOODS_3_080__TX_2,strict_switch_budget,governance_aware_dp,switch_budget_binding,inactive,-2.0,709.6394930812378,709.6394930812378,0.0,0.0,True,results/working/switch_budget_mechanism_audit.csv,False,False,False
M5,FOODS_3_090__CA_1,strict_switch_budget,governance_aware_dp,switch_budget_binding,active,2.0,8780.259518607601,8778.759518607601,-1.5,3.0,True,results/working/switch_budget_mechanism_audit.csv,False,False,True
M5,FOODS_3_090__CA_2,strict_switch_budget,governance_aware_dp,switch_budget_binding,inactive,0.0,3559.8851090707744,3559.8851090707744,0.0,0.0,True,results/working/switch_budget_mechanism_audit.csv,False,False,False
M5,FOODS_3_090__CA_3,strict_switch_budget,governance_aware_dp,switch_budget_binding,active,3.0,9142.870630703885,9132.649202132456,-10.221428571428987,3.0,False,results/working/switch_budget_mechanism_audit.csv,False,False,True
M5,FOODS_3_090__CA_4,strict_switch_budget,governance_aware_dp,switch_budget_binding,inactive,0.0,1705.1178489722595,1705.1178489722595,0.0,0.0,True,results/working/switch_budget_mechanism_audit.csv,False,False,False
M5,FOODS_3_090__TX_1,strict_switch_budget,governance_aware_dp,switch_budget_binding,active,1.0,4312.822246315158,4311.760639172301,-1.0616071428567009,2.0,False,results/working/switch_budget_mechanism_audit.csv,False,False,True
M5,FOODS_3_090__TX_2,strict_switch_budget,governance_aware_dp,switch_budget_binding,inactive,-1.0,5954.389011077104,5954.389011077104,0.0,0.0,True,results/working/switch_budget_mechanism_audit.csv,False,False,False
M5,FOODS_3_090__TX_3,strict_switch_budget,governance_aware_dp,switch_budget_binding,active,1.0,3339.173312690782,3338.173312690782,-1.0,2.0,True,results/working/switch_budget_mechanism_audit.csv,False,False,True
M5,FOODS_3_090__WI_3,strict_switch_budget,governance_aware_dp,switch_budget_binding,inactive,-1.0,6894.2564029770265,6894.2564029770265,0.0,0.0,True,results/working/switch_budget_mechanism_audit.csv,False,False,False
M5,FOODS_3_099__TX_2,strict_switch_budget,governance_aware_dp,switch_budget_binding,active,1.0,452.9327536172505,451.9327536172505,-1.0,2.0,True,results/working/switch_budget_mechanism_audit.csv,False,False,True
M5,FOODS_3_120__CA_1,strict_switch_budget,governance_aware_dp,switch_budget_binding,active,17.0,17376.062157571367,16366.35903257137,-1009.7031249999964,17.0,False,results/working/switch_budget_mechanism_audit.csv,True,False,False
M5,FOODS_3_120__CA_3,strict_switch_budget,governance_aware_dp,switch_budget_binding,active,15.0,39088.99574241696,41933.55803571429,2844.562293297335,15.0,False,results/working/switch_budget_mechanism_audit.csv,False,True,True
M5,FOODS_3_120__WI_3,strict_switch_budget,governance_aware_dp,switch_budget_binding,active,12.0,22326.15119965708,22320.15119965708,-6.0,12.0,True,results/working/switch_budget_mechanism_audit.csv,False,False,True
M5,FOODS_3_202__CA_3,strict_switch_budget,governance_aware_dp,switch_budget_binding,inactive,-1.0,5314.480463414624,5314.480463414624,0.0,0.0,True,results/working/switch_budget_mechanism_audit.csv,False,False,False
M5,FOODS_3_202__TX_1,strict_switch_budget,governance_aware_dp,switch_budget_binding,inactive,0.0,3526.140374341601,3526.140374341601,0.0,0.0,True,results/working/switch_budget_mechanism_audit.csv,False,False,False
M5,FOODS_3_202__TX_2,strict_switch_budget,governance_aware_dp,switch_budget_binding,inactive,0.0,4036.5360176972795,4036.5360176972795,0.0,0.0,True,results/working/switch_budget_mechanism_audit.csv,False,False,False
M5,FOODS_3_202__TX_3,strict_switch_budget,governance_aware_dp,switch_budget_binding,inactive,0.0,1358.3956812292654,1358.3956812292654,0.0,0.0,True,results/working/switch_budget_mechanism_audit.csv,False,False,False
M5,FOODS_3_226__WI_1,strict_switch_budget,governance_aware_dp,switch_budget_binding,active,1.0,1374.4962911611774,1378.9141483040344,4.417857142856973,1.0,False,results/working/switch_budget_mechanism_audit.csv,False,False,True
M5,FOODS_3_226__WI_2,strict_switch_budget,governance_aware_dp,switch_budget_binding,active,3.0,2040.2148097949246,2057.927214688945,17.712404894020892,3.0,False,results/working/switch_budget_mechanism_audit.csv,False,False,True
M5,FOODS_3_226__WI_3,strict_switch_budget,governance_aware_dp,switch_budget_binding,inactive,-1.0,719.855167160877,719.855167160877,0.0,0.0,True,results/working/switch_budget_mechanism_audit.csv,False,False,False
M5,FOODS_3_234__CA_3,strict_switch_budget,governance_aware_dp,switch_budget_binding,inactive,-2.0,4509.693794176299,4509.693794176299,0.0,0.0,True,results/working/switch_budget_mechanism_audit.csv,False,False,False
M5,FOODS_3_234__WI_2,strict_switch_budget,governance_aware_dp,switch_budget_binding,active,2.0,5373.6625,5360.565972599064,-13.096527400937704,3.0,False,results/working/switch_budget_mechanism_audit.csv,False,False,True
M5,FOODS_3_234__WI_3,strict_switch_budget,governance_aware_dp,switch_budget_binding,inactive,-2.0,7934.090970524789,7934.090970524789,0.0,0.0,True,results/working/switch_budget_mechanism_audit.csv,False,False,False
M5,FOODS_3_252__CA_1,strict_switch_budget,governance_aware_dp,switch_budget_binding,inactive,0.0,3719.930048861735,3719.930048861735,0.0,0.0,True,results/working/switch_budget_mechanism_audit.csv,False,False,False
M5,FOODS_3_252__CA_2,strict_switch_budget,governance_aware_dp,switch_budget_binding,inactive,0.0,4536.702335199241,4536.702335199241,0.0,0.0,True,results/working/switch_budget_mechanism_audit.csv,False,False,False
M5,FOODS_3_252__CA_3,strict_switch_budget,governance_aware_dp,switch_budget_binding,inactive,-1.0,8793.740499998212,8793.740499998212,0.0,0.0,True,results/working/switch_budget_mechanism_audit.csv,False,False,False
M5,FOODS_3_252__TX_1,strict_switch_budget,governance_aware_dp,switch_budget_binding,inactive,-1.0,3193.9602874782545,3193.9602874782545,0.0,0.0,True,results/working/switch_budget_mechanism_audit.csv,False,False,False
M5,FOODS_3_252__TX_2,strict_switch_budget,governance_aware_dp,switch_budget_binding,inactive,-1.0,1774.8463391074652,1774.8463391074652,0.0,0.0,True,results/working/switch_budget_mechanism_audit.csv,False,False,False
M5,FOODS_3_252__TX_3,strict_switch_budget,governance_aware_dp,switch_budget_binding,active,3.0,1183.9747864679111,1057.0696836932877,-126.90510277462342,3.0,False,results/working/switch_budget_mechanism_audit.csv,True,False,False
M5,FOODS_3_252__WI_3,strict_switch_budget,governance_aware_dp,switch_budget_binding,active,1.0,2251.301692016327,2250.301692016327,-1.0,2.0,True,results/working/switch_budget_mechanism_audit.csv,False,False,True
M5,FOODS_3_281__CA_3,strict_switch_budget,governance_aware_dp,switch_budget_binding,active,10.0,9081.511160714295,9076.511160714295,-5.0,10.0,True,results/working/switch_budget_mechanism_audit.csv,False,False,True
M5,FOODS_3_282__CA_3,strict_switch_budget,governance_aware_dp,switch_budget_binding,inactive,-1.0,1694.7886117219668,1694.7886117219668,0.0,0.0,True,results/working/switch_budget_mechanism_audit.csv,False,False,False
M5,FOODS_3_288__CA_3,strict_switch_budget,governance_aware_dp,switch_budget_binding,inactive,-1.0,1874.1960819870965,1874.1960819870965,0.0,0.0,True,results/working/switch_budget_mechanism_audit.csv,False,False,False
M5,FOODS_3_318__CA_3,strict_switch_budget,governance_aware_dp,switch_budget_binding,active,1.0,1843.3677219871781,1842.7942844871786,-0.5734374999997272,1.0,False,results/working/switch_budget_mechanism_audit.csv,False,False,True
M5,FOODS_3_318__WI_3,strict_switch_budget,governance_aware_dp,switch_budget_binding,inactive,-1.0,3660.8913578363945,3660.8913578363945,0.0,0.0,True,results/working/switch_budget_mechanism_audit.csv,False,False,False
M5,FOODS_3_319__CA_3,strict_switch_budget,governance_aware_dp,switch_budget_binding,inactive,-2.0,1560.5401449514995,1560.5401449514995,0.0,0.0,True,results/working/switch_budget_mechanism_audit.csv,False,False,False
M5,FOODS_3_376__WI_2,strict_switch_budget,governance_aware_dp,switch_budget_binding,active,3.0,25436.9045956946,21062.511792010057,-4374.392803684543,3.0,False,results/working/switch_budget_mechanism_audit.csv,True,False,False
M5,FOODS_3_377__TX_2,strict_switch_budget,governance_aware_dp,switch_budget_binding,inactive,0.0,957.9864551491806,957.9864551491806,0.0,0.0,True,results/working/switch_budget_mechanism_audit.csv,False,False,False
M5,FOODS_3_377__TX_3,strict_switch_budget,governance_aware_dp,switch_budget_binding,inactive,0.0,787.4960482560159,787.4960482560159,0.0,0.0,True,results/working/switch_budget_mechanism_audit.csv,False,False,False
M5,FOODS_3_412__WI_2,strict_switch_budget,governance_aware_dp,switch_budget_binding,inactive,-1.0,11350.90545856543,11350.90545856543,0.0,0.0,True,results/working/switch_budget_mechanism_audit.csv,False,False,False
M5,FOODS_3_462__WI_2,strict_switch_budget,governance_aware_dp,switch_budget_binding,inactive,-1.0,3272.5007197210057,3272.5007197210057,0.0,0.0,True,results/working/switch_budget_mechanism_audit.csv,False,False,False
M5,FOODS_3_501__CA_3,strict_switch_budget,governance_aware_dp,switch_budget_binding,inactive,0.0,618.8083343242431,618.8083343242431,0.0,0.0,True,results/working/switch_budget_mechanism_audit.csv,False,False,False
M5,FOODS_3_541__CA_1,strict_switch_budget,governance_aware_dp,switch_budget_binding,inactive,-1.0,108.44951045981732,108.44951045981732,0.0,0.0,True,results/working/switch_budget_mechanism_audit.csv,False,False,False
M5,FOODS_3_541__CA_3,strict_switch_budget,governance_aware_dp,switch_budget_binding,inactive,-1.0,1658.172796720331,1658.172796720331,0.0,0.0,True,results/working/switch_budget_mechanism_audit.csv,False,False,False
M5,FOODS_3_547__WI_2,strict_switch_budget,governance_aware_dp,switch_budget_binding,active,1.0,2734.418123717237,4623.231319577865,1888.813195860628,1.0,False,results/working/switch_budget_mechanism_audit.csv,False,True,True
M5,FOODS_3_555__CA_1,strict_switch_budget,governance_aware_dp,switch_budget_binding,inactive,-1.0,1058.0526385205474,1058.0526385205474,0.0,0.0,True,results/working/switch_budget_mechanism_audit.csv,False,False,False
M5,FOODS_3_555__CA_3,strict_switch_budget,governance_aware_dp,switch_budget_binding,inactive,0.0,2752.540844085493,2752.540844085493,0.0,0.0,True,results/working/switch_budget_mechanism_audit.csv,False,False,False
M5,FOODS_3_555__TX_1,strict_switch_budget,governance_aware_dp,switch_budget_binding,active,1.0,2389.5909194353785,2388.5909194353785,-1.0,2.0,False,results/working/switch_budget_mechanism_audit.csv,False,False,True
M5,FOODS_3_555__TX_2,strict_switch_budget,governance_aware_dp,switch_budget_binding,inactive,0.0,1787.7188821239472,1787.7188821239472,0.0,0.0,True,results/working/switch_budget_mechanism_audit.csv,False,False,False
M5,FOODS_3_555__TX_3,strict_switch_budget,governance_aware_dp,switch_budget_binding,inactive,-1.0,2624.5836697196096,2624.5836697196096,0.0,0.0,True,results/working/switch_budget_mechanism_audit.csv,False,False,False
M5,FOODS_3_555__WI_3,strict_switch_budget,governance_aware_dp,switch_budget_binding,inactive,-1.0,1936.162693436376,1936.162693436376,0.0,0.0,True,results/working/switch_budget_mechanism_audit.csv,False,False,False
M5,FOODS_3_586__CA_1,strict_switch_budget,governance_aware_dp,switch_budget_binding,inactive,0.0,2382.562146192437,2382.562146192437,0.0,0.0,True,results/working/switch_budget_mechanism_audit.csv,False,False,False
M5,FOODS_3_586__CA_2,strict_switch_budget,governance_aware_dp,switch_budget_binding,inactive,0.0,1853.6743236399768,1853.6743236399768,0.0,0.0,True,results/working/switch_budget_mechanism_audit.csv,False,False,False
M5,FOODS_3_586__CA_3,strict_switch_budget,governance_aware_dp,switch_budget_binding,active,4.0,2386.888804968492,2696.4069332307063,309.5181282622143,4.0,False,results/working/switch_budget_mechanism_audit.csv,False,True,True
M5,FOODS_3_586__TX_1,strict_switch_budget,governance_aware_dp,switch_budget_binding,active,1.0,3588.1758160801082,5735.929858901608,2147.7540428215007,1.0,False,results/working/switch_budget_mechanism_audit.csv,False,True,True
M5,FOODS_3_586__TX_2,strict_switch_budget,governance_aware_dp,switch_budget_binding,active,1.0,1841.3627801728367,1841.1842087442649,-0.1785714285715585,1.0,False,results/working/switch_budget_mechanism_audit.csv,False,False,True
M5,FOODS_3_586__TX_3,strict_switch_budget,governance_aware_dp,switch_budget_binding,active,1.0,1308.369242228537,1307.2469207999654,-1.1223214285714675,1.0,False,results/working/switch_budget_mechanism_audit.csv,False,False,True
M5,FOODS_3_586__WI_3,strict_switch_budget,governance_aware_dp,switch_budget_binding,inactive,0.0,1339.204737248213,1339.204737248213,0.0,0.0,True,results/working/switch_budget_mechanism_audit.csv,False,False,False
M5,FOODS_3_587__CA_1,strict_switch_budget,governance_aware_dp,switch_budget_binding,active,1.0,942.9417345185831,941.9417345185831,-1.0,2.0,True,results/working/switch_budget_mechanism_audit.csv,False,False,True
M5,FOODS_3_587__CA_3,strict_switch_budget,governance_aware_dp,switch_budget_binding,active,3.0,2166.6990004239933,2224.4703980722056,57.77139764821186,4.0,False,results/working/switch_budget_mechanism_audit.csv,False,True,True
M5,FOODS_3_587__TX_1,strict_switch_budget,governance_aware_dp,switch_budget_binding,inactive,-1.0,779.6157226870504,779.6157226870504,0.0,0.0,True,results/working/switch_budget_mechanism_audit.csv,False,False,False
M5,FOODS_3_587__TX_2,strict_switch_budget,governance_aware_dp,switch_budget_binding,inactive,0.0,979.1804453781656,979.1804453781656,0.0,0.0,True,results/working/switch_budget_mechanism_audit.csv,False,False,False
M5,FOODS_3_587__TX_3,strict_switch_budget,governance_aware_dp,switch_budget_binding,active,2.0,1911.9191571751064,1891.27704807024,-20.64210910486645,2.0,False,results/working/switch_budget_mechanism_audit.csv,True,False,False
M5,FOODS_3_587__WI_3,strict_switch_budget,governance_aware_dp,switch_budget_binding,active,13.0,18751.027037473257,18744.527037473257,-6.5,13.0,True,results/working/switch_budget_mechanism_audit.csv,False,False,True
M5,FOODS_3_607__CA_3,strict_switch_budget,governance_aware_dp,switch_budget_binding,inactive,-1.0,926.3169888297646,926.3169888297646,0.0,0.0,True,results/working/switch_budget_mechanism_audit.csv,False,False,False
M5,FOODS_3_635__CA_3,strict_switch_budget,governance_aware_dp,switch_budget_binding,inactive,-1.0,2472.9261830149962,2472.9261830149962,0.0,0.0,True,results/working/switch_budget_mechanism_audit.csv,False,False,False
M5,FOODS_3_681__CA_3,strict_switch_budget,governance_aware_dp,switch_budget_binding,active,1.0,1638.0115338464007,1549.9328301490198,-88.07870369738113,2.0,False,results/working/switch_budget_mechanism_audit.csv,True,False,False
M5,FOODS_3_681__WI_3,strict_switch_budget,governance_aware_dp,switch_budget_binding,inactive,0.0,5704.788070535748,5704.788070535748,0.0,0.0,True,results/working/switch_budget_mechanism_audit.csv,False,False,False
M5,FOODS_3_694__CA_3,strict_switch_budget,governance_aware_dp,switch_budget_binding,inactive,-1.0,2611.8559389017983,2611.8559389017983,0.0,0.0,True,results/working/switch_budget_mechanism_audit.csv,False,False,False
M5,FOODS_3_694__WI_1,strict_switch_budget,governance_aware_dp,switch_budget_binding,inactive,-1.0,1371.5281740011735,1371.5281740011735,0.0,0.0,True,results/working/switch_budget_mechanism_audit.csv,False,False,False
M5,FOODS_3_694__WI_2,strict_switch_budget,governance_aware_dp,switch_budget_binding,inactive,-1.0,947.614137216367,947.614137216367,0.0,0.0,True,results/working/switch_budget_mechanism_audit.csv,False,False,False
M5,FOODS_3_694__WI_3,strict_switch_budget,governance_aware_dp,switch_budget_binding,inactive,0.0,1559.8356447870544,1559.8356447870544,0.0,0.0,True,results/working/switch_budget_mechanism_audit.csv,False,False,False
M5,FOODS_3_711__CA_3,strict_switch_budget,governance_aware_dp,switch_budget_binding,inactive,0.0,941.5468564977632,941.5468564977632,0.0,0.0,True,results/working/switch_budget_mechanism_audit.csv,False,False,False
M5,FOODS_3_711__WI_2,strict_switch_budget,governance_aware_dp,switch_budget_binding,inactive,-2.0,2780.486654830519,2780.486654830519,0.0,0.0,True,results/working/switch_budget_mechanism_audit.csv,False,False,False
M5,FOODS_3_714__CA_1,strict_switch_budget,governance_aware_dp,switch_budget_binding,inactive,-1.0,3103.972001569814,3103.972001569814,0.0,0.0,True,results/working/switch_budget_mechanism_audit.csv,False,False,False
M5,FOODS_3_714__CA_3,strict_switch_budget,governance_aware_dp,switch_budget_binding,inactive,-1.0,1377.8342265251936,1377.8342265251936,0.0,0.0,True,results/working/switch_budget_mechanism_audit.csv,False,False,False
M5,FOODS_3_714__TX_1,strict_switch_budget,governance_aware_dp,switch_budget_binding,inactive,0.0,1508.9898932302522,1508.9898932302522,0.0,0.0,True,results/working/switch_budget_mechanism_audit.csv,False,False,False
M5,FOODS_3_714__TX_2,strict_switch_budget,governance_aware_dp,switch_budget_binding,inactive,0.0,813.6107336364495,813.6107336364495,0.0,0.0,True,results/working/switch_budget_mechanism_audit.csv,False,False,False
M5,FOODS_3_714__TX_3,strict_switch_budget,governance_aware_dp,switch_budget_binding,inactive,0.0,1761.2867882929866,1761.2867882929866,0.0,0.0,True,results/working/switch_budget_mechanism_audit.csv,False,False,False
M5,FOODS_3_714__WI_3,strict_switch_budget,governance_aware_dp,switch_budget_binding,active,1.0,1242.4516318931344,1241.4516318931344,-1.0,2.0,False,results/working/switch_budget_mechanism_audit.csv,False,False,True
M5,FOODS_3_723__CA_3,strict_switch_budget,governance_aware_dp,switch_budget_binding,active,2.0,5059.451260549301,5073.251260549302,13.800000000001091,3.0,False,results/working/switch_budget_mechanism_audit.csv,False,False,True
M5,FOODS_3_723__WI_3,strict_switch_budget,governance_aware_dp,switch_budget_binding,active,1.0,1201.631678970058,1214.2513896051096,12.619710635051431,1.0,False,results/working/switch_budget_mechanism_audit.csv,False,True,True
M5,FOODS_3_752__CA_3,strict_switch_budget,governance_aware_dp,switch_budget_binding,active,1.0,5524.60814974394,5532.022294677161,7.414144933219178,1.0,False,results/working/switch_budget_mechanism_audit.csv,False,False,True
M5,FOODS_3_804__CA_3,strict_switch_budget,governance_aware_dp,switch_budget_binding,inactive,-1.0,3360.3395263525904,3360.3395263525904,0.0,0.0,True,results/working/switch_budget_mechanism_audit.csv,False,False,False
M5,FOODS_3_808__CA_1,strict_switch_budget,governance_aware_dp,switch_budget_binding,active,5.0,1343.702232626988,1287.202232626988,-56.5,5.0,False,results/working/switch_budget_mechanism_audit.csv,True,False,False
M5,FOODS_3_808__CA_3,strict_switch_budget,governance_aware_dp,switch_budget_binding,inactive,0.0,2811.784322684153,2811.784322684153,0.0,0.0,True,results/working/switch_budget_mechanism_audit.csv,False,False,False
M5,HOUSEHOLD_1_118__CA_3,strict_switch_budget,governance_aware_dp,switch_budget_binding,inactive,-2.0,2391.7980972091173,2391.7980972091173,0.0,0.0,True,results/working/switch_budget_mechanism_audit.csv,False,False,False
M5,HOUSEHOLD_1_334__CA_3,strict_switch_budget,governance_aware_dp,switch_budget_binding,active,3.0,8573.355703173149,7750.667857142859,-822.6878460302887,3.0,False,results/working/switch_budget_mechanism_audit.csv,True,False,False
M5,HOUSEHOLD_1_459__CA_3,strict_switch_budget,governance_aware_dp,switch_budget_binding,active,4.0,6823.019675972876,6633.201997921067,-189.81767805180883,4.0,False,results/working/switch_budget_mechanism_audit.csv,True,False,False
M5,FOODS_1_218__TX_2,tight_capacity,governance_aware_dp,switch_budget_binding,active,1.0,6950.876633258926,6950.376633258926,-0.5,1.0,True,results/working/switch_budget_mechanism_audit.csv,False,False,True
M5,FOODS_2_197__CA_1,tight_capacity,governance_aware_dp,switch_budget_binding,active,2.0,12248.698214285709,12247.698214285709,-1.0,2.0,True,results/working/switch_budget_mechanism_audit.csv,False,False,True
M5,FOODS_2_197__CA_3,tight_capacity,governance_aware_dp,switch_budget_binding,active,2.0,3195.8344881992134,3194.8344881992134,-1.0,2.0,True,results/working/switch_budget_mechanism_audit.csv,False,False,True
M5,FOODS_2_276__CA_3,tight_capacity,governance_aware_dp,switch_budget_binding,active,3.0,3651.326866885328,3649.826866885328,-1.5,3.0,True,results/working/switch_budget_mechanism_audit.csv,False,False,True
M5,FOODS_2_360__CA_3,tight_capacity,governance_aware_dp,switch_budget_binding,active,4.0,15223.787678571438,15221.787678571438,-2.0,4.0,True,results/working/switch_budget_mechanism_audit.csv,False,False,True
M5,FOODS_2_360__TX_3,tight_capacity,governance_aware_dp,switch_budget_binding,inactive,-1.0,13337.593143136168,13337.593143136168,0.0,0.0,True,results/working/switch_budget_mechanism_audit.csv,False,False,False
M5,FOODS_2_360__WI_2,tight_capacity,governance_aware_dp,switch_budget_binding,inactive,-1.0,58122.032017495476,58122.032017495476,0.0,0.0,True,results/working/switch_budget_mechanism_audit.csv,False,False,False
M5,FOODS_3_007__WI_2,tight_capacity,governance_aware_dp,switch_budget_binding,inactive,-2.0,52891.8375,52891.8375,0.0,0.0,True,results/working/switch_budget_mechanism_audit.csv,False,False,False
M5,FOODS_3_030__TX_2,tight_capacity,governance_aware_dp,switch_budget_binding,inactive,0.0,7898.523035189373,7898.523035189373,0.0,0.0,True,results/working/switch_budget_mechanism_audit.csv,False,False,False
M5,FOODS_3_030__TX_3,tight_capacity,governance_aware_dp,switch_budget_binding,active,2.0,2641.599760914063,2215.421069941169,-426.1786909728929,2.0,False,results/working/switch_budget_mechanism_audit.csv,True,False,False
M5,FOODS_3_080__CA_1,tight_capacity,governance_aware_dp,switch_budget_binding,inactive,-1.0,4904.445499999999,4904.445499999999,0.0,0.0,True,results/working/switch_budget_mechanism_audit.csv,False,False,False
M5,FOODS_3_080__TX_2,tight_capacity,governance_aware_dp,switch_budget_binding,active,2.0,4573.250903633377,4124.968280049392,-448.28262358398484,2.0,False,results/working/switch_budget_mechanism_audit.csv,True,False,False
M5,FOODS_3_090__CA_1,tight_capacity,governance_aware_dp,switch_budget_binding,active,2.0,14998.242672353628,14997.242672353628,-1.0,2.0,True,results/working/switch_budget_mechanism_audit.csv,False,False,True
M5,FOODS_3_090__CA_2,tight_capacity,governance_aware_dp,switch_budget_binding,active,3.0,19737.972156366508,18373.29752909016,-1364.6746272763448,3.0,False,results/working/switch_budget_mechanism_audit.csv,True,False,False
M5,FOODS_3_090__CA_3,tight_capacity,governance_aware_dp,switch_budget_binding,active,4.0,35507.554548302345,35505.554548302345,-2.0,4.0,True,results/working/switch_budget_mechanism_audit.csv,False,False,True
M5,FOODS_3_090__CA_4,tight_capacity,governance_aware_dp,switch_budget_binding,active,1.0,4719.825062569206,4719.325062569206,-0.5,1.0,True,results/working/switch_budget_mechanism_audit.csv,False,False,True
M5,FOODS_3_090__TX_1,tight_capacity,governance_aware_dp,switch_budget_binding,active,4.0,16267.641688792783,13004.978192763692,-3262.6634960290917,4.0,False,results/working/switch_budget_mechanism_audit.csv,True,False,False
M5,FOODS_3_090__TX_2,tight_capacity,governance_aware_dp,switch_budget_binding,active,1.0,21678.730991907087,21678.230991907087,-0.5,1.0,True,results/working/switch_budget_mechanism_audit.csv,False,False,True
M5,FOODS_3_090__TX_3,tight_capacity,governance_aware_dp,switch_budget_binding,active,3.0,20755.135513002035,20753.635513002035,-1.5,3.0,True,results/working/switch_budget_mechanism_audit.csv,False,False,True
M5,FOODS_3_090__WI_3,tight_capacity,governance_aware_dp,switch_budget_binding,active,4.0,24246.566298307567,24244.566298307567,-2.0,4.0,True,results/working/switch_budget_mechanism_audit.csv,False,False,True
M5,FOODS_3_099__TX_2,tight_capacity,governance_aware_dp,switch_budget_binding,active,1.0,3010.995096942351,3010.495096942351,-0.5,1.0,True,results/working/switch_budget_mechanism_audit.csv,False,False,True
M5,FOODS_3_120__CA_1,tight_capacity,governance_aware_dp,switch_budget_binding,inactive,-1.0,33541.016776785706,33541.016776785706,0.0,0.0,True,results/working/switch_budget_mechanism_audit.csv,False,False,False
M5,FOODS_3_120__CA_3,tight_capacity,governance_aware_dp,switch_budget_binding,inactive,-2.0,63878.22232142858,63878.22232142858,0.0,0.0,True,results/working/switch_budget_mechanism_audit.csv,False,False,False
M5,FOODS_3_120__WI_3,tight_capacity,governance_aware_dp,switch_budget_binding,active,2.0,31234.628503303586,31233.628503303586,-1.0,2.0,True,results/working/switch_budget_mechanism_audit.csv,False,False,True
M5,FOODS_3_202__CA_3,tight_capacity,governance_aware_dp,switch_budget_binding,active,2.0,14195.555566386716,12724.889718749995,-1470.6658476367193,2.0,False,results/working/switch_budget_mechanism_audit.csv,True,False,False
M5,FOODS_3_202__TX_1,tight_capacity,governance_aware_dp,switch_budget_binding,active,2.0,11014.188485108334,11013.188485108334,-1.0,2.0,True,results/working/switch_budget_mechanism_audit.csv,False,False,True
M5,FOODS_3_202__TX_2,tight_capacity,governance_aware_dp,switch_budget_binding,active,1.0,7758.958629802425,7758.458629802425,-0.5,1.0,True,results/working/switch_budget_mechanism_audit.csv,False,False,True
M5,FOODS_3_202__TX_3,tight_capacity,governance_aware_dp,switch_budget_binding,active,4.0,9147.273011679543,8665.543482877347,-481.72952880219594,4.0,False,results/working/switch_budget_mechanism_audit.csv,True,False,False
M5,FOODS_3_226__WI_1,tight_capacity,governance_aware_dp,switch_budget_binding,active,3.0,9741.167933225877,9303.741872613291,-437.4260606125881,3.0,False,results/working/switch_budget_mechanism_audit.csv,True,False,False
M5,FOODS_3_226__WI_2,tight_capacity,governance_aware_dp,switch_budget_binding,active,2.0,16760.947929423513,16759.947929423513,-1.0,2.0,True,results/working/switch_budget_mechanism_audit.csv,False,False,True
M5,FOODS_3_226__WI_3,tight_capacity,governance_aware_dp,switch_budget_binding,active,2.0,6310.215981686944,6309.215981686944,-1.0,2.0,True,results/working/switch_budget_mechanism_audit.csv,False,False,True
M5,FOODS_3_234__CA_3,tight_capacity,governance_aware_dp,switch_budget_binding,active,2.0,8903.616065212056,8902.616065212056,-1.0,2.0,True,results/working/switch_budget_mechanism_audit.csv,False,False,True
M5,FOODS_3_234__WI_2,tight_capacity,governance_aware_dp,switch_budget_binding,inactive,-3.0,5391.852499999999,5391.852499999999,0.0,0.0,True,results/working/switch_budget_mechanism_audit.csv,False,False,False
M5,FOODS_3_234__WI_3,tight_capacity,governance_aware_dp,switch_budget_binding,active,2.0,18959.111860265082,18958.111860265082,-1.0,2.0,True,results/working/switch_budget_mechanism_audit.csv,False,False,True
M5,FOODS_3_252__CA_1,tight_capacity,governance_aware_dp,switch_budget_binding,active,1.0,20666.109243749324,18884.546774793533,-1781.5624689557917,1.0,False,results/working/switch_budget_mechanism_audit.csv,True,False,False
M5,FOODS_3_252__CA_2,tight_capacity,governance_aware_dp,switch_budget_binding,active,1.0,15583.148628041288,15582.648628041288,-0.5,1.0,True,results/working/switch_budget_mechanism_audit.csv,False,False,True
M5,FOODS_3_252__CA_3,tight_capacity,governance_aware_dp,switch_budget_binding,active,1.0,21514.84139787946,21582.70636969865,67.86497181919549,1.0,False,results/working/switch_budget_mechanism_audit.csv,False,False,True
M5,FOODS_3_252__TX_1,tight_capacity,governance_aware_dp,switch_budget_binding,active,3.0,10210.092791169085,10208.592791169085,-1.5,3.0,True,results/working/switch_budget_mechanism_audit.csv,False,False,True
M5,FOODS_3_252__TX_2,tight_capacity,governance_aware_dp,switch_budget_binding,active,2.0,12800.993103949324,12799.993103949324,-1.0,2.0,True,results/working/switch_budget_mechanism_audit.csv,False,False,True
M5,FOODS_3_252__TX_3,tight_capacity,governance_aware_dp,switch_budget_binding,inactive,0.0,7029.2205623392665,7029.2205623392665,0.0,0.0,True,results/working/switch_budget_mechanism_audit.csv,False,False,False
M5,FOODS_3_252__WI_3,tight_capacity,governance_aware_dp,switch_budget_binding,inactive,0.0,6968.1853677516465,6968.1853677516465,0.0,0.0,True,results/working/switch_budget_mechanism_audit.csv,False,False,False
M5,FOODS_3_281__CA_3,tight_capacity,governance_aware_dp,switch_budget_binding,inactive,-1.0,20487.716517857152,20487.716517857152,0.0,0.0,True,results/working/switch_budget_mechanism_audit.csv,False,False,False
M5,FOODS_3_282__CA_3,tight_capacity,governance_aware_dp,switch_budget_binding,active,2.0,4868.217425554529,4867.1302360456,-1.0871895089285315,2.0,False,results/working/switch_budget_mechanism_audit.csv,False,False,True
M5,FOODS_3_288__CA_3,tight_capacity,governance_aware_dp,switch_budget_binding,active,4.0,11238.371519035627,11236.371519035627,-2.0,4.0,True,results/working/switch_budget_mechanism_audit.csv,False,False,True
M5,FOODS_3_318__CA_3,tight_capacity,governance_aware_dp,switch_budget_binding,active,2.0,4724.5797028827865,4723.5797028827865,-1.0,2.0,True,results/working/switch_budget_mechanism_audit.csv,False,False,True
M5,FOODS_3_318__WI_3,tight_capacity,governance_aware_dp,switch_budget_binding,active,2.0,9188.650334038835,6933.170223820779,-2255.4801102180622,3.0,False,results/working/switch_budget_mechanism_audit.csv,True,False,False
M5,FOODS_3_319__CA_3,tight_capacity,governance_aware_dp,switch_budget_binding,inactive,-8.0,2576.4761177963346,2576.4761177963346,0.0,0.0,True,results/working/switch_budget_mechanism_audit.csv,False,False,False
M5,FOODS_3_376__WI_2,tight_capacity,governance_aware_dp,switch_budget_binding,inactive,0.0,38047.106247153395,38047.106247153395,0.0,0.0,True,results/working/switch_budget_mechanism_audit.csv,False,False,False
M5,FOODS_3_377__TX_2,tight_capacity,governance_aware_dp,switch_budget_binding,inactive,0.0,8498.655040619615,8498.655040619615,0.0,0.0,True,results/working/switch_budget_mechanism_audit.csv,False,False,False
M5,FOODS_3_377__TX_3,tight_capacity,governance_aware_dp,switch_budget_binding,active,4.0,12589.017016546826,12587.017016546826,-2.0,4.0,True,results/working/switch_budget_mechanism_audit.csv,False,False,True
M5,FOODS_3_412__WI_2,tight_capacity,governance_aware_dp,switch_budget_binding,inactive,-7.0,6498.873043118045,6498.873043118045,0.0,0.0,True,results/working/switch_budget_mechanism_audit.csv,False,False,False
M5,FOODS_3_462__WI_2,tight_capacity,governance_aware_dp,switch_budget_binding,active,3.0,16546.7840625,16545.2840625,-1.5,3.0,True,results/working/switch_budget_mechanism_audit.csv,False,False,True
M5,FOODS_3_501__CA_3,tight_capacity,governance_aware_dp,switch_budget_binding,active,4.0,3259.442616056145,3058.9999382347637,-200.44267782138058,4.0,False,results/working/switch_budget_mechanism_audit.csv,True,False,False
M5,FOODS_3_541__CA_1,tight_capacity,governance_aware_dp,switch_budget_binding,inactive,-8.0,184.86785714285716,184.86785714285716,0.0,0.0,True,results/working/switch_budget_mechanism_audit.csv,False,False,False
M5,FOODS_3_541__CA_3,tight_capacity,governance_aware_dp,switch_budget_binding,inactive,-8.0,2759.079963363631,2759.079963363631,0.0,0.0,True,results/working/switch_budget_mechanism_audit.csv,False,False,False
M5,FOODS_3_547__WI_2,tight_capacity,governance_aware_dp,switch_budget_binding,inactive,-4.0,2076.9450468887608,2076.9450468887608,0.0,0.0,True,results/working/switch_budget_mechanism_audit.csv,False,False,False
M5,FOODS_3_555__CA_1,tight_capacity,governance_aware_dp,switch_budget_binding,active,3.0,8605.670223214283,8647.971959821425,42.30173660714172,3.0,False,results/working/switch_budget_mechanism_audit.csv,False,False,True
M5,FOODS_3_555__CA_3,tight_capacity,governance_aware_dp,switch_budget_binding,inactive,0.0,14798.952779863559,14798.952779863559,0.0,0.0,True,results/working/switch_budget_mechanism_audit.csv,False,False,False
M5,FOODS_3_555__TX_1,tight_capacity,governance_aware_dp,switch_budget_binding,active,2.0,12044.107377603235,12043.107377603235,-1.0,2.0,True,results/working/switch_budget_mechanism_audit.csv,False,False,True
M5,FOODS_3_555__TX_2,tight_capacity,governance_aware_dp,switch_budget_binding,active,1.0,9153.231862610231,9152.731862610231,-0.5,1.0,True,results/working/switch_budget_mechanism_audit.csv,False,False,True
M5,FOODS_3_555__TX_3,tight_capacity,governance_aware_dp,switch_budget_binding,active,2.0,13792.019758928576,13791.019758928576,-1.0,2.0,True,results/working/switch_budget_mechanism_audit.csv,False,False,True
M5,FOODS_3_555__WI_3,tight_capacity,governance_aware_dp,switch_budget_binding,active,2.0,9756.932066122548,11309.641260862114,1552.7091947395654,2.0,False,results/working/switch_budget_mechanism_audit.csv,False,True,True
M5,FOODS_3_586__CA_1,tight_capacity,governance_aware_dp,switch_budget_binding,active,2.0,15422.053578292958,15421.053578292958,-1.0,2.0,True,results/working/switch_budget_mechanism_audit.csv,False,False,True
M5,FOODS_3_586__CA_2,tight_capacity,governance_aware_dp,switch_budget_binding,active,1.0,9010.371001468051,9009.871001468051,-0.5,1.0,True,results/working/switch_budget_mechanism_audit.csv,False,False,True
M5,FOODS_3_586__CA_3,tight_capacity,governance_aware_dp,switch_budget_binding,active,1.0,23900.52734582025,23900.02734582025,-0.5,1.0,True,results/working/switch_budget_mechanism_audit.csv,False,False,True
M5,FOODS_3_586__TX_1,tight_capacity,governance_aware_dp,switch_budget_binding,inactive,0.0,27636.06135640419,27636.06135640419,0.0,0.0,True,results/working/switch_budget_mechanism_audit.csv,False,False,False
M5,FOODS_3_586__TX_2,tight_capacity,governance_aware_dp,switch_budget_binding,active,3.0,18835.67407053032,18834.17407053032,-1.5,3.0,True,results/working/switch_budget_mechanism_audit.csv,False,False,True
M5,FOODS_3_586__TX_3,tight_capacity,governance_aware_dp,switch_budget_binding,active,3.0,17919.82119729268,15040.446328661044,-2879.3748686316358,3.0,False,results/working/switch_budget_mechanism_audit.csv,True,False,False
M5,FOODS_3_586__WI_3,tight_capacity,governance_aware_dp,switch_budget_binding,active,3.0,9222.082714290389,8087.034884053474,-1135.047830236915,3.0,False,results/working/switch_budget_mechanism_audit.csv,True,False,False
M5,FOODS_3_587__CA_1,tight_capacity,governance_aware_dp,switch_budget_binding,active,2.0,2810.9126806180016,3104.464745343075,293.5520647250728,3.0,False,results/working/switch_budget_mechanism_audit.csv,False,True,True
M5,FOODS_3_587__CA_3,tight_capacity,governance_aware_dp,switch_budget_binding,active,1.0,13597.176919642863,13257.77376785715,-339.4031517857129,1.0,False,results/working/switch_budget_mechanism_audit.csv,True,False,False
M5,FOODS_3_587__TX_1,tight_capacity,governance_aware_dp,switch_budget_binding,inactive,-1.0,5188.55376337359,5188.55376337359,0.0,0.0,True,results/working/switch_budget_mechanism_audit.csv,False,False,False
M5,FOODS_3_587__TX_2,tight_capacity,governance_aware_dp,switch_budget_binding,active,2.0,5906.085183599616,5106.791139966998,-799.2940436326188,2.0,False,results/working/switch_budget_mechanism_audit.csv,True,False,False
M5,FOODS_3_587__TX_3,tight_capacity,governance_aware_dp,switch_budget_binding,inactive,-6.0,4640.852764343676,4640.852764343676,0.0,0.0,True,results/working/switch_budget_mechanism_audit.csv,False,False,False
M5,FOODS_3_587__WI_3,tight_capacity,governance_aware_dp,switch_budget_binding,active,1.0,35730.43303571429,35729.43303571429,-1.0,2.0,True,results/working/switch_budget_mechanism_audit.csv,False,False,True
M5,FOODS_3_607__CA_3,tight_capacity,governance_aware_dp,switch_budget_binding,active,1.0,3572.8240231719374,3250.3328450753747,-322.49117809656263,1.0,False,results/working/switch_budget_mechanism_audit.csv,True,False,False
M5,FOODS_3_635__CA_3,tight_capacity,governance_aware_dp,switch_budget_binding,inactive,-7.0,4686.56005566719,4686.56005566719,0.0,0.0,True,results/working/switch_budget_mechanism_audit.csv,False,False,False
M5,FOODS_3_681__CA_3,tight_capacity,governance_aware_dp,switch_budget_binding,active,4.0,15067.486480378,15065.486480378,-2.0,4.0,True,results/working/switch_budget_mechanism_audit.csv,False,False,True
M5,FOODS_3_681__WI_3,tight_capacity,governance_aware_dp,switch_budget_binding,active,2.0,19074.668551822168,19073.668551822168,-1.0,2.0,True,results/working/switch_budget_mechanism_audit.csv,False,False,True
M5,FOODS_3_694__CA_3,tight_capacity,governance_aware_dp,switch_budget_binding,inactive,-1.0,11854.84178571428,11854.84178571428,0.0,0.0,True,results/working/switch_budget_mechanism_audit.csv,False,False,False
M5,FOODS_3_694__WI_1,tight_capacity,governance_aware_dp,switch_budget_binding,active,3.0,6861.001778736048,6859.501778736048,-1.5,3.0,True,results/working/switch_budget_mechanism_audit.csv,False,False,True
M5,FOODS_3_694__WI_2,tight_capacity,governance_aware_dp,switch_budget_binding,inactive,0.0,10369.226892007817,10369.226892007817,0.0,0.0,True,results/working/switch_budget_mechanism_audit.csv,False,False,False
M5,FOODS_3_694__WI_3,tight_capacity,governance_aware_dp,switch_budget_binding,active,2.0,13521.110925808984,13520.110925808984,-1.0,2.0,True,results/working/switch_budget_mechanism_audit.csv,False,False,True
M5,FOODS_3_711__CA_3,tight_capacity,governance_aware_dp,switch_budget_binding,inactive,-3.0,1632.8949670413688,1632.8949670413688,0.0,0.0,True,results/working/switch_budget_mechanism_audit.csv,False,False,False
M5,FOODS_3_711__WI_2,tight_capacity,governance_aware_dp,switch_budget_binding,inactive,-5.0,2788.939074735317,2788.939074735317,0.0,0.0,True,results/working/switch_budget_mechanism_audit.csv,False,False,False
M5,FOODS_3_714__CA_1,tight_capacity,governance_aware_dp,switch_budget_binding,active,2.0,7579.666131937356,7578.666131937356,-1.0,2.0,True,results/working/switch_budget_mechanism_audit.csv,False,False,True
M5,FOODS_3_714__CA_3,tight_capacity,governance_aware_dp,switch_budget_binding,active,2.0,14413.096437499995,14964.426135937498,551.3296984375012,2.0,False,results/working/switch_budget_mechanism_audit.csv,False,True,True
M5,FOODS_3_714__TX_1,tight_capacity,governance_aware_dp,switch_budget_binding,inactive,0.0,10257.903666567978,10257.903666567978,0.0,0.0,True,results/working/switch_budget_mechanism_audit.csv,False,False,False
M5,FOODS_3_714__TX_2,tight_capacity,governance_aware_dp,switch_budget_binding,active,3.0,4476.771932356854,2657.4910392117167,-1819.2808931451386,3.0,False,results/working/switch_budget_mechanism_audit.csv,True,False,False
M5,FOODS_3_714__TX_3,tight_capacity,governance_aware_dp,switch_budget_binding,active,1.0,11627.807454271911,11627.307454271911,-0.5,1.0,True,results/working/switch_budget_mechanism_audit.csv,False,False,True
M5,FOODS_3_714__WI_3,tight_capacity,governance_aware_dp,switch_budget_binding,inactive,-1.0,4726.225959485842,4726.225959485842,0.0,0.0,True,results/working/switch_budget_mechanism_audit.csv,False,False,False
M5,FOODS_3_723__CA_3,tight_capacity,governance_aware_dp,switch_budget_binding,active,3.0,10453.707740348771,10452.207740348771,-1.5,3.0,True,results/working/switch_budget_mechanism_audit.csv,False,False,True
M5,FOODS_3_723__WI_3,tight_capacity,governance_aware_dp,switch_budget_binding,inactive,-1.0,5141.021984443253,5141.021984443253,0.0,0.0,True,results/working/switch_budget_mechanism_audit.csv,False,False,False
M5,FOODS_3_752__CA_3,tight_capacity,governance_aware_dp,switch_budget_binding,active,2.0,10407.660184089502,10406.660184089502,-1.0,2.0,True,results/working/switch_budget_mechanism_audit.csv,False,False,True
M5,FOODS_3_804__CA_3,tight_capacity,governance_aware_dp,switch_budget_binding,inactive,-5.0,1739.41196956763,1739.41196956763,0.0,0.0,True,results/working/switch_budget_mechanism_audit.csv,False,False,False
M5,FOODS_3_808__CA_1,tight_capacity,governance_aware_dp,switch_budget_binding,active,4.0,1910.5150859375,1908.5300859375,-1.9850000000001276,4.0,False,results/working/switch_budget_mechanism_audit.csv,False,False,True
M5,FOODS_3_808__CA_3,tight_capacity,governance_aware_dp,switch_budget_binding,inactive,-7.0,5622.879144766604,5622.879144766604,0.0,0.0,True,results/working/switch_budget_mechanism_audit.csv,False,False,False
M5,HOUSEHOLD_1_118__CA_3,tight_capacity,governance_aware_dp,switch_budget_binding,inactive,-1.0,11771.109268750002,11771.109268750002,0.0,0.0,True,results/working/switch_budget_mechanism_audit.csv,False,False,False
M5,HOUSEHOLD_1_334__CA_3,tight_capacity,governance_aware_dp,switch_budget_binding,inactive,0.0,14357.751142857149,14357.751142857149,0.0,0.0,True,results/working/switch_budget_mechanism_audit.csv,False,False,False
M5,HOUSEHOLD_1_459__CA_3,tight_capacity,governance_aware_dp,switch_budget_binding,active,2.0,19295.821846261173,18308.856696428582,-986.9651498325912,2.0,False,results/working/switch_budget_mechanism_audit.csv,True,False,False
Walmart,store_001__dept_038,frozen_horizon,governance_aware_dp,switch_budget_binding,active,2.0,334938.56184650696,350751.2672576447,15812.705411137722,2.0,False,results/working/switch_budget_mechanism_audit.csv,False,True,True
Walmart,store_001__dept_090,frozen_horizon,governance_aware_dp,switch_budget_binding,active,1.0,471648.1760777061,490566.8741991256,18918.698121419584,1.0,False,results/working/switch_budget_mechanism_audit.csv,False,True,True
Walmart,store_001__dept_092,frozen_horizon,governance_aware_dp,switch_budget_binding,active,1.0,953571.32620786,954035.8740924756,464.547884615371,1.0,False,results/working/switch_budget_mechanism_audit.csv,False,False,True
Walmart,store_001__dept_095,frozen_horizon,governance_aware_dp,switch_budget_binding,active,1.0,813607.9481372911,779301.9299774959,-34306.01815979509,1.0,False,results/working/switch_budget_mechanism_audit.csv,True,False,False
Walmart,store_001__dept_098,frozen_horizon,governance_aware_dp,switch_budget_binding,active,1.0,154295.5753550746,124141.25702119693,-30154.31833387764,2.0,False,results/working/switch_budget_mechanism_audit.csv,True,False,False
Walmart,store_002__dept_038,frozen_horizon,governance_aware_dp,switch_budget_binding,active,1.0,444596.4439036664,444551.8510575125,-44.59284615382785,1.0,False,results/working/switch_budget_mechanism_audit.csv,False,False,True
Walmart,store_002__dept_090,frozen_horizon,governance_aware_dp,switch_budget_binding,inactive,0.0,732778.1644154461,732778.1644154461,0.0,0.0,True,results/working/switch_budget_mechanism_audit.csv,False,False,False
Walmart,store_002__dept_091,frozen_horizon,governance_aware_dp,switch_budget_binding,active,1.0,325131.1619917039,328208.00812466803,3076.8461329640704,1.0,False,results/working/switch_budget_mechanism_audit.csv,False,False,True
Walmart,store_002__dept_092,frozen_horizon,governance_aware_dp,switch_budget_binding,inactive,0.0,1535868.591365419,1535868.591365419,0.0,0.0,True,results/working/switch_budget_mechanism_audit.csv,False,False,False
Walmart,store_002__dept_095,frozen_horizon,governance_aware_dp,switch_budget_binding,active,1.0,762536.3318717855,744177.1453351616,-18359.186536623864,1.0,False,results/working/switch_budget_mechanism_audit.csv,True,False,False
Walmart,store_003__dept_014,frozen_horizon,governance_aware_dp,switch_budget_binding,active,1.0,31587.902099607796,31587.402099607796,-0.5,1.0,True,results/working/switch_budget_mechanism_audit.csv,False,False,True
Walmart,store_003__dept_038,frozen_horizon,governance_aware_dp,switch_budget_binding,active,2.0,720446.4288544385,741534.0474825227,21087.618628084198,2.0,False,results/working/switch_budget_mechanism_audit.csv,False,True,True
Walmart,store_004__dept_002,frozen_horizon,governance_aware_dp,switch_budget_binding,inactive,0.0,671100.9660385661,671100.9660385661,0.0,0.0,True,results/working/switch_budget_mechanism_audit.csv,False,False,False
Walmart,store_004__dept_038,frozen_horizon,governance_aware_dp,switch_budget_binding,active,1.0,382226.6284468121,382405.88730053033,179.25885371823097,1.0,False,results/working/switch_budget_mechanism_audit.csv,False,False,True
Walmart,store_004__dept_072,frozen_horizon,governance_aware_dp,switch_budget_binding,inactive,0.0,1919538.1869418856,1919538.1869418856,0.0,0.0,True,results/working/switch_budget_mechanism_audit.csv,False,False,False
Walmart,store_004__dept_090,frozen_horizon,governance_aware_dp,switch_budget_binding,inactive,0.0,600857.4021778735,600857.4021778735,0.0,0.0,True,results/working/switch_budget_mechanism_audit.csv,False,False,False
Walmart,store_004__dept_092,frozen_horizon,governance_aware_dp,switch_budget_binding,active,1.0,1314106.093770416,1339193.2302890404,25087.13651862438,1.0,False,results/working/switch_budget_mechanism_audit.csv,False,True,True
Walmart,store_004__dept_095,frozen_horizon,governance_aware_dp,switch_budget_binding,active,2.0,984745.0899520431,998741.0719150631,13995.981963019934,2.0,False,results/working/switch_budget_mechanism_audit.csv,False,True,True
Walmart,store_006__dept_016,frozen_horizon,governance_aware_dp,switch_budget_binding,inactive,-1.0,746284.2613958352,746284.2613958352,0.0,0.0,True,results/working/switch_budget_mechanism_audit.csv,False,False,False
Walmart,store_006__dept_038,frozen_horizon,governance_aware_dp,switch_budget_binding,active,1.0,461632.86239629507,461441.14805014135,-191.71434615383626,1.0,False,results/working/switch_budget_mechanism_audit.csv,False,False,True
Walmart,store_006__dept_072,frozen_horizon,governance_aware_dp,switch_budget_binding,active,2.0,438111.59669111157,427321.3067042407,-10790.289986870892,2.0,False,results/working/switch_budget_mechanism_audit.csv,True,False,False
Walmart,store_006__dept_092,frozen_horizon,governance_aware_dp,switch_budget_binding,active,2.0,503443.0744328157,509310.4614345582,5867.387001742552,2.0,False,results/working/switch_budget_mechanism_audit.csv,False,True,True
Walmart,store_006__dept_095,frozen_horizon,governance_aware_dp,switch_budget_binding,active,1.0,623351.0406351645,563631.5361877596,-59719.50444740487,1.0,False,results/working/switch_budget_mechanism_audit.csv,True,False,False
Walmart,store_009__dept_003,frozen_horizon,governance_aware_dp,switch_budget_binding,active,1.0,3614885.4968749983,3614884.9968749983,-0.5,1.0,True,results/working/switch_budget_mechanism_audit.csv,False,False,True
Walmart,store_009__dept_005,frozen_horizon,governance_aware_dp,switch_budget_binding,active,1.0,403805.9834735756,425717.94964665704,21911.966173081422,2.0,False,results/working/switch_budget_mechanism_audit.csv,False,True,True
Walmart,store_009__dept_033,frozen_horizon,governance_aware_dp,switch_budget_binding,active,1.0,57206.64407437098,57206.14407437098,-0.5,1.0,True,results/working/switch_budget_mechanism_audit.csv,False,False,True
Walmart,store_009__dept_038,frozen_horizon,governance_aware_dp,switch_budget_binding,active,1.0,512238.5196492416,512800.38193343714,561.8622841954348,1.0,False,results/working/switch_budget_mechanism_audit.csv,False,False,True
Walmart,store_010__dept_002,frozen_horizon,governance_aware_dp,switch_budget_binding,inactive,0.0,502787.5852105144,502787.5852105144,0.0,0.0,True,results/working/switch_budget_mechanism_audit.csv,False,False,False
Walmart,store_010__dept_008,frozen_horizon,governance_aware_dp,switch_budget_binding,active,2.0,380245.62294857315,393651.015533184,13405.392584610903,2.0,False,results/working/switch_budget_mechanism_audit.csv,False,True,True
Walmart,store_010__dept_038,frozen_horizon,governance_aware_dp,switch_budget_binding,active,2.0,754441.8794567701,689482.4155448416,-64959.4639119287,2.0,False,results/working/switch_budget_mechanism_audit.csv,True,False,False
Walmart,store_010__dept_040,frozen_horizon,governance_aware_dp,switch_budget_binding,inactive,0.0,668714.4856342517,668714.4856342517,0.0,0.0,True,results/working/switch_budget_mechanism_audit.csv,False,False,False
Walmart,store_010__dept_072,frozen_horizon,governance_aware_dp,switch_budget_binding,active,1.0,1341990.9313425012,1342130.2133655546,139.28202305338345,1.0,False,results/working/switch_budget_mechanism_audit.csv,False,False,True
Walmart,store_013__dept_038,frozen_horizon,governance_aware_dp,switch_budget_binding,inactive,0.0,445858.6009298464,445858.6009298464,0.0,0.0,True,results/working/switch_budget_mechanism_audit.csv,False,False,False
Walmart,store_013__dept_090,frozen_horizon,governance_aware_dp,switch_budget_binding,active,1.0,1215318.3520254777,1215006.2105254778,-312.14149999991065,1.0,False,results/working/switch_budget_mechanism_audit.csv,False,False,True
Walmart,store_013__dept_091,frozen_horizon,governance_aware_dp,switch_budget_binding,active,2.0,479848.40138935845,451007.560617842,-28840.840771516378,2.0,False,results/working/switch_budget_mechanism_audit.csv,True,False,False
Walmart,store_013__dept_092,frozen_horizon,governance_aware_dp,switch_budget_binding,inactive,0.0,1365455.0150420964,1365455.0150420964,0.0,0.0,True,results/working/switch_budget_mechanism_audit.csv,False,False,False
Walmart,store_013__dept_095,frozen_horizon,governance_aware_dp,switch_budget_binding,active,1.0,1006563.9809041419,1005628.9007342685,-935.0801698734283,1.0,False,results/working/switch_budget_mechanism_audit.csv,False,False,True
Walmart,store_014__dept_002,frozen_horizon,governance_aware_dp,switch_budget_binding,active,2.0,427763.77841631783,430700.34157164034,2936.5631553224516,2.0,False,results/working/switch_budget_mechanism_audit.csv,False,False,True
Walmart,store_014__dept_038,frozen_horizon,governance_aware_dp,switch_budget_binding,active,2.0,516049.1965394325,540427.7323860831,24378.53584665066,2.0,False,results/working/switch_budget_mechanism_audit.csv,False,True,True
Walmart,store_014__dept_046,frozen_horizon,governance_aware_dp,switch_budget_binding,inactive,0.0,323673.7337900253,323673.7337900253,0.0,0.0,True,results/working/switch_budget_mechanism_audit.csv,False,False,False
Walmart,store_014__dept_072,frozen_horizon,governance_aware_dp,switch_budget_binding,inactive,0.0,1638251.703146856,1638251.703146856,0.0,0.0,True,results/working/switch_budget_mechanism_audit.csv,False,False,False
Walmart,store_014__dept_090,frozen_horizon,governance_aware_dp,switch_budget_binding,active,1.0,615418.1944451361,613491.8857580543,-1926.3086870819095,1.0,False,results/working/switch_budget_mechanism_audit.csv,False,False,True
Walmart,store_014__dept_091,frozen_horizon,governance_aware_dp,switch_budget_binding,active,1.0,425575.6746234975,431155.0731521572,5579.398528659658,1.0,False,results/working/switch_budget_mechanism_audit.csv,False,True,True
Walmart,store_014__dept_092,frozen_horizon,governance_aware_dp,switch_budget_binding,inactive,0.0,913880.2801472498,913880.2801472498,0.0,0.0,True,results/working/switch_budget_mechanism_audit.csv,False,False,False
Walmart,store_014__dept_095,frozen_horizon,governance_aware_dp,switch_budget_binding,active,1.0,751368.7871594059,723687.9639494136,-27680.82320999226,1.0,False,results/working/switch_budget_mechanism_audit.csv,True,False,False
Walmart,store_015__dept_026,frozen_horizon,governance_aware_dp,switch_budget_binding,active,1.0,356833.0034567308,356832.0034567308,-1.0,2.0,True,results/working/switch_budget_mechanism_audit.csv,False,False,True
Walmart,store_016__dept_096,frozen_horizon,governance_aware_dp,switch_budget_binding,active,1.0,2263.2704160460157,2449.746223329986,186.47580728397045,2.0,False,results/working/switch_budget_mechanism_audit.csv,False,True,True
Walmart,store_019__dept_092,frozen_horizon,governance_aware_dp,switch_budget_binding,inactive,0.0,1263273.5293292035,1263273.5293292035,0.0,0.0,True,results/working/switch_budget_mechanism_audit.csv,False,False,False
Walmart,store_019__dept_095,frozen_horizon,governance_aware_dp,switch_budget_binding,inactive,0.0,1168407.8720286589,1168407.8720286589,0.0,0.0,True,results/working/switch_budget_mechanism_audit.csv,False,False,False
Walmart,store_020__dept_038,frozen_horizon,governance_aware_dp,switch_budget_binding,active,1.0,553738.011520674,553769.6928668278,31.681346153840426,1.0,False,results/working/switch_budget_mechanism_audit.csv,False,False,True
Walmart,store_020__dept_040,frozen_horizon,governance_aware_dp,switch_budget_binding,active,1.0,528229.0691420517,528272.866622821,43.7974807692226,1.0,False,results/working/switch_budget_mechanism_audit.csv,False,False,True
Walmart,store_020__dept_072,frozen_horizon,governance_aware_dp,switch_budget_binding,active,2.0,2558067.1583386785,2919133.2529481836,361066.0946095049,2.0,False,results/working/switch_budget_mechanism_audit.csv,False,True,True
Walmart,store_020__dept_083,frozen_horizon,governance_aware_dp,switch_budget_binding,inactive,0.0,44892.42617961833,44892.42617961833,0.0,0.0,True,results/working/switch_budget_mechanism_audit.csv,False,False,False
Walmart,store_020__dept_090,frozen_horizon,governance_aware_dp,switch_budget_binding,inactive,0.0,488352.49808701046,488352.49808701046,0.0,0.0,True,results/working/switch_budget_mechanism_audit.csv,False,False,False
Walmart,store_020__dept_092,frozen_horizon,governance_aware_dp,switch_budget_binding,active,2.0,845087.2951314426,815499.963124897,-29587.332006545505,2.0,False,results/working/switch_budget_mechanism_audit.csv,True,False,False
Walmart,store_020__dept_095,frozen_horizon,governance_aware_dp,switch_budget_binding,active,1.0,813346.5809019255,774967.2539871443,-38379.326914781006,1.0,False,results/working/switch_budget_mechanism_audit.csv,True,False,False
Walmart,store_022__dept_059,frozen_horizon,governance_aware_dp,switch_budget_binding,inactive,-1.0,6869.283525859253,6869.283525859253,0.0,0.0,True,results/working/switch_budget_mechanism_audit.csv,False,False,False
Walmart,store_023__dept_032,frozen_horizon,governance_aware_dp,switch_budget_binding,active,1.0,64319.278326142354,78589.2101819018,14269.931855759467,1.0,False,results/working/switch_budget_mechanism_audit.csv,False,True,True
Walmart,store_023__dept_072,frozen_horizon,governance_aware_dp,switch_budget_binding,active,1.0,3222309.21365385,3222308.71365385,-0.5,1.0,True,results/working/switch_budget_mechanism_audit.csv,False,False,True
Walmart,store_024__dept_018,frozen_horizon,governance_aware_dp,switch_budget_binding,inactive,0.0,969305.7048888891,969305.7048888891,0.0,0.0,True,results/working/switch_budget_mechanism_audit.csv,False,False,False
Walmart,store_024__dept_040,frozen_horizon,governance_aware_dp,switch_budget_binding,active,2.0,226079.92891470683,229161.20891238077,3081.279997673933,2.0,False,results/working/switch_budget_mechanism_audit.csv,False,True,True
Walmart,store_024__dept_092,frozen_horizon,governance_aware_dp,switch_budget_binding,active,2.0,979866.136028806,1074513.2135961263,94647.07756732033,2.0,False,results/working/switch_budget_mechanism_audit.csv,False,True,True
Walmart,store_024__dept_095,frozen_horizon,governance_aware_dp,switch_budget_binding,active,1.0,607432.3234647801,723728.8403264959,116296.51686171595,1.0,False,results/working/switch_budget_mechanism_audit.csv,False,True,True
Walmart,store_025__dept_018,frozen_horizon,governance_aware_dp,switch_budget_binding,inactive,0.0,998934.095125,998934.095125,0.0,0.0,True,results/working/switch_budget_mechanism_audit.csv,False,False,False
Walmart,store_026__dept_024,frozen_horizon,governance_aware_dp,switch_budget_binding,active,1.0,489951.5431249998,489951.0431249998,-0.5,1.0,True,results/working/switch_budget_mechanism_audit.csv,False,False,True
Walmart,store_026__dept_036,frozen_horizon,governance_aware_dp,switch_budget_binding,active,1.0,56478.81102940017,56478.31102940017,-0.5,1.0,True,results/working/switch_budget_mechanism_audit.csv,False,False,True
Walmart,store_026__dept_038,frozen_horizon,governance_aware_dp,switch_budget_binding,active,1.0,671286.8387891912,670819.4837010643,-467.35508812696213,1.0,False,results/working/switch_budget_mechanism_audit.csv,False,False,True
Walmart,store_026__dept_092,frozen_horizon,governance_aware_dp,switch_budget_binding,active,1.0,533677.0582724077,533723.5824935616,46.52422115392982,1.0,False,results/working/switch_budget_mechanism_audit.csv,False,False,True
Walmart,store_027__dept_071,frozen_horizon,governance_aware_dp,switch_budget_binding,inactive,-1.0,146982.7998685677,146982.7998685677,0.0,0.0,True,results/working/switch_budget_mechanism_audit.csv,False,False,False
Walmart,store_027__dept_090,frozen_horizon,governance_aware_dp,switch_budget_binding,inactive,0.0,790643.2776178763,790643.2776178763,0.0,0.0,True,results/working/switch_budget_mechanism_audit.csv,False,False,False
Walmart,store_027__dept_092,frozen_horizon,governance_aware_dp,switch_budget_binding,active,1.0,2105989.3759848983,2106034.496754129,45.120769231114544,1.0,False,results/working/switch_budget_mechanism_audit.csv,False,False,True
Walmart,store_027__dept_095,frozen_horizon,governance_aware_dp,switch_budget_binding,active,2.0,1090169.0516852557,1098054.1351958734,7885.083510617726,2.0,False,results/working/switch_budget_mechanism_audit.csv,False,False,True
Walmart,store_028__dept_092,frozen_horizon,governance_aware_dp,switch_budget_binding,active,1.0,671050.4811570417,700102.7893685923,29052.308211550586,1.0,False,results/working/switch_budget_mechanism_audit.csv,False,True,True
Walmart,store_028__dept_095,frozen_horizon,governance_aware_dp,switch_budget_binding,active,1.0,567661.3659971907,553997.1542840772,-13664.211713113471,1.0,False,results/working/switch_budget_mechanism_audit.csv,True,False,False
Walmart,store_029__dept_027,frozen_horizon,governance_aware_dp,switch_budget_binding,inactive,0.0,36007.708829372896,36007.708829372896,0.0,0.0,True,results/working/switch_budget_mechanism_audit.csv,False,False,False
Walmart,store_030__dept_083,frozen_horizon,governance_aware_dp,switch_budget_binding,inactive,0.0,14723.307528269388,14723.307528269388,0.0,0.0,True,results/working/switch_budget_mechanism_audit.csv,False,False,False
Walmart,store_031__dept_038,frozen_horizon,governance_aware_dp,switch_budget_binding,active,2.0,567167.1613944863,673114.5742117718,105947.41281728564,2.0,False,results/working/switch_budget_mechanism_audit.csv,False,True,True
Walmart,store_031__dept_046,frozen_horizon,governance_aware_dp,switch_budget_binding,active,1.0,160093.38804234046,163352.56459924814,3259.1765569077397,1.0,False,results/working/switch_budget_mechanism_audit.csv,False,True,True
Walmart,store_031__dept_079,frozen_horizon,governance_aware_dp,switch_budget_binding,inactive,0.0,317526.2795431125,317526.2795431125,0.0,0.0,True,results/working/switch_budget_mechanism_audit.csv,False,False,False
Walmart,store_031__dept_090,frozen_horizon,governance_aware_dp,switch_budget_binding,active,1.0,492307.6310373472,492311.77280832885,4.141770981601439,1.0,False,results/working/switch_budget_mechanism_audit.csv,False,False,True
Walmart,store_031__dept_092,frozen_horizon,governance_aware_dp,switch_budget_binding,inactive,0.0,1035374.5783659408,1035374.5783659408,0.0,0.0,True,results/working/switch_budget_mechanism_audit.csv,False,False,False
Walmart,store_031__dept_095,frozen_horizon,governance_aware_dp,switch_budget_binding,active,1.0,575133.0085685822,546247.6073180984,-28885.401250483817,1.0,False,results/working/switch_budget_mechanism_audit.csv,True,False,False
Walmart,store_032__dept_092,frozen_horizon,governance_aware_dp,switch_budget_binding,active,1.0,1108474.1407289186,1108219.3086904571,-254.83203846146355,1.0,False,results/working/switch_budget_mechanism_audit.csv,False,False,True
Walmart,store_032__dept_095,frozen_horizon,governance_aware_dp,switch_budget_binding,active,2.0,556796.8006788322,569584.7389739322,12787.9382951,3.0,False,results/working/switch_budget_mechanism_audit.csv,False,True,True
Walmart,store_033__dept_094,frozen_horizon,governance_aware_dp,switch_budget_binding,active,2.0,154564.44802518652,128784.20840954744,-25780.239615639093,2.0,False,results/working/switch_budget_mechanism_audit.csv,True,False,False
Walmart,store_035__dept_072,frozen_horizon,governance_aware_dp,switch_budget_binding,inactive,0.0,2361710.939582319,2361710.939582319,0.0,0.0,True,results/working/switch_budget_mechanism_audit.csv,False,False,False
Walmart,store_036__dept_087,frozen_horizon,governance_aware_dp,switch_budget_binding,inactive,-1.0,3617.727764837333,3617.727764837333,0.0,0.0,True,results/working/switch_budget_mechanism_audit.csv,False,False,False
Walmart,store_038__dept_002,frozen_horizon,governance_aware_dp,switch_budget_binding,active,1.0,61280.07741893247,61241.377943618274,-38.699475314198935,1.0,False,results/working/switch_budget_mechanism_audit.csv,False,False,True
Walmart,store_039__dept_092,frozen_horizon,governance_aware_dp,switch_budget_binding,active,1.0,977351.5405737329,977298.586973782,-52.95359995111357,1.0,False,results/working/switch_budget_mechanism_audit.csv,False,False,True
Walmart,store_039__dept_095,frozen_horizon,governance_aware_dp,switch_budget_binding,inactive,0.0,1090701.6145553791,1090701.6145553791,0.0,0.0,True,results/working/switch_budget_mechanism_audit.csv,False,False,False
Walmart,store_040__dept_042,frozen_horizon,governance_aware_dp,switch_budget_binding,active,1.0,30671.08461205177,30660.563804359488,-10.520807692282688,1.0,False,results/working/switch_budget_mechanism_audit.csv,False,False,True
Walmart,store_040__dept_092,frozen_horizon,governance_aware_dp,switch_budget_binding,active,1.0,625723.1753186637,627322.4235398462,1599.2482211824972,1.0,False,results/working/switch_budget_mechanism_audit.csv,False,False,True
Walmart,store_041__dept_033,frozen_horizon,governance_aware_dp,switch_budget_binding,inactive,0.0,577209.0018749997,577209.0018749997,0.0,0.0,True,results/working/switch_budget_mechanism_audit.csv,False,False,False
Walmart,store_041__dept_092,frozen_horizon,governance_aware_dp,switch_budget_binding,active,1.0,1291924.352569685,1291555.1643389158,-369.1882307692431,1.0,False,results/working/switch_budget_mechanism_audit.csv,False,False,True
Walmart,store_041__dept_095,frozen_horizon,governance_aware_dp,switch_budget_binding,active,1.0,573084.8482623983,546730.4340316337,-26354.41423076461,1.0,False,results/working/switch_budget_mechanism_audit.csv,True,False,False
Walmart,store_041__dept_096,frozen_horizon,governance_aware_dp,switch_budget_binding,active,1.0,36549.925791023576,36556.942106944065,7.016315920474881,1.0,False,results/working/switch_budget_mechanism_audit.csv,False,False,True
Walmart,store_042__dept_092,frozen_horizon,governance_aware_dp,switch_budget_binding,inactive,0.0,569722.0551277285,569722.0551277285,0.0,0.0,True,results/working/switch_budget_mechanism_audit.csv,False,False,False
Walmart,store_043__dept_092,frozen_horizon,governance_aware_dp,switch_budget_binding,active,1.0,465569.0645919835,465271.9574985505,-297.1070934329764,1.0,False,results/working/switch_budget_mechanism_audit.csv,False,False,True
Walmart,store_044__dept_009,frozen_horizon,governance_aware_dp,switch_budget_binding,inactive,0.0,3345.0299548754124,3345.0299548754124,0.0,0.0,True,results/working/switch_budget_mechanism_audit.csv,False,False,False
Walmart,store_044__dept_017,frozen_horizon,governance_aware_dp,switch_budget_binding,inactive,0.0,7741.812681355177,7741.812681355177,0.0,0.0,True,results/working/switch_budget_mechanism_audit.csv,False,False,False
Walmart,store_001__dept_038,governance_fixed_K2,governance_aware_dp,switch_budget_binding,active,5.0,766300.3544314249,812854.3997517813,46554.045320356505,5.0,False,results/working/switch_budget_mechanism_audit.csv,False,True,True
Walmart,store_001__dept_090,governance_fixed_K2,governance_aware_dp,switch_budget_binding,active,7.0,950581.7252901141,1078162.5465588241,127580.82126870994,7.0,False,results/working/switch_budget_mechanism_audit.csv,False,True,True
Walmart,store_001__dept_092,governance_fixed_K2,governance_aware_dp,switch_budget_binding,active,7.0,1720080.9700211291,1862396.8098450738,142315.8398239445,7.0,False,results/working/switch_budget_mechanism_audit.csv,False,True,True
Walmart,store_001__dept_095,governance_fixed_K2,governance_aware_dp,switch_budget_binding,active,5.0,1718042.5031194119,1710440.1865696255,-7602.316549786832,5.0,False,results/working/switch_budget_mechanism_audit.csv,False,False,True
Walmart,store_001__dept_098,governance_fixed_K2,governance_aware_dp,switch_budget_binding,active,6.0,280109.18302917195,280442.8672960784,333.6842669065227,6.0,False,results/working/switch_budget_mechanism_audit.csv,False,False,True
Walmart,store_002__dept_038,governance_fixed_K2,governance_aware_dp,switch_budget_binding,active,7.0,1043345.2469262196,993819.2823147834,-49525.96461143624,7.0,False,results/working/switch_budget_mechanism_audit.csv,True,False,False
Walmart,store_002__dept_090,governance_fixed_K2,governance_aware_dp,switch_budget_binding,active,6.0,1323901.3580384492,1378165.2239997904,54263.865961341195,6.0,False,results/working/switch_budget_mechanism_audit.csv,False,True,True
Walmart,store_002__dept_091,governance_fixed_K2,governance_aware_dp,switch_budget_binding,active,9.0,948152.0901187672,918062.5465095248,-30089.543609242417,9.0,False,results/working/switch_budget_mechanism_audit.csv,True,False,False
Walmart,store_002__dept_092,governance_fixed_K2,governance_aware_dp,switch_budget_binding,active,7.0,2377671.0035563163,3023623.442006717,645952.4384504007,7.0,False,results/working/switch_budget_mechanism_audit.csv,False,True,True
Walmart,store_002__dept_095,governance_fixed_K2,governance_aware_dp,switch_budget_binding,active,5.0,1976623.8234218962,1926088.476806513,-50535.346615382936,5.0,False,results/working/switch_budget_mechanism_audit.csv,True,False,False
Walmart,store_003__dept_014,governance_fixed_K2,governance_aware_dp,switch_budget_binding,active,7.0,62570.81571079572,59677.832937193154,-2892.982773602584,7.0,False,results/working/switch_budget_mechanism_audit.csv,True,False,False
Walmart,store_003__dept_038,governance_fixed_K2,governance_aware_dp,switch_budget_binding,active,9.0,1230790.313691329,1369285.4883048332,138495.1746135042,9.0,False,results/working/switch_budget_mechanism_audit.csv,False,True,True
Walmart,store_004__dept_002,governance_fixed_K2,governance_aware_dp,switch_budget_binding,active,5.0,1227229.5655161345,1238113.7706322083,10884.205116074068,5.0,False,results/working/switch_budget_mechanism_audit.csv,False,False,True
Walmart,store_004__dept_038,governance_fixed_K2,governance_aware_dp,switch_budget_binding,active,6.0,932112.5032725037,942099.4007002536,9986.897427749705,6.0,False,results/working/switch_budget_mechanism_audit.csv,False,True,True
Walmart,store_004__dept_072,governance_fixed_K2,governance_aware_dp,switch_budget_binding,active,10.0,2591189.6834121896,2920655.2165867626,329465.53317457304,10.0,False,results/working/switch_budget_mechanism_audit.csv,False,True,True
Walmart,store_004__dept_090,governance_fixed_K2,governance_aware_dp,switch_budget_binding,active,8.0,1082825.3760896558,1236073.593464515,153248.21737485914,8.0,False,results/working/switch_budget_mechanism_audit.csv,False,True,True
Walmart,store_004__dept_092,governance_fixed_K2,governance_aware_dp,switch_budget_binding,active,4.0,2370561.618834409,2656147.3106491403,285585.6918147309,4.0,False,results/working/switch_budget_mechanism_audit.csv,False,True,True
Walmart,store_004__dept_095,governance_fixed_K2,governance_aware_dp,switch_budget_binding,active,6.0,2231900.972332425,2154600.51788837,-77300.45444405497,6.0,False,results/working/switch_budget_mechanism_audit.csv,True,False,False
Walmart,store_006__dept_016,governance_fixed_K2,governance_aware_dp,switch_budget_binding,inactive,-1.0,1447390.7261361368,1447390.7261361368,0.0,0.0,True,results/working/switch_budget_mechanism_audit.csv,False,False,False
Walmart,store_006__dept_038,governance_fixed_K2,governance_aware_dp,switch_budget_binding,active,9.0,952349.9319357222,957056.211384908,4706.279449185706,9.0,False,results/working/switch_budget_mechanism_audit.csv,False,False,True
Walmart,store_006__dept_072,governance_fixed_K2,governance_aware_dp,switch_budget_binding,active,4.0,972967.5727932198,923191.6731258793,-49775.89966734056,4.0,False,results/working/switch_budget_mechanism_audit.csv,True,False,False
Walmart,store_006__dept_092,governance_fixed_K2,governance_aware_dp,switch_budget_binding,active,8.0,1253955.17197634,1221814.865498758,-32140.306477582315,8.0,False,results/working/switch_budget_mechanism_audit.csv,True,False,False
Walmart,store_006__dept_095,governance_fixed_K2,governance_aware_dp,switch_budget_binding,active,2.0,1612046.5657902497,1607483.6747517881,-4562.891038461588,2.0,False,results/working/switch_budget_mechanism_audit.csv,False,False,True
Walmart,store_009__dept_003,governance_fixed_K2,governance_aware_dp,switch_budget_binding,active,2.0,3275534.989124998,3292330.8191704163,16795.830045417417,2.0,False,results/working/switch_budget_mechanism_audit.csv,False,False,True
Walmart,store_009__dept_005,governance_fixed_K2,governance_aware_dp,switch_budget_binding,active,6.0,557782.9436747015,590435.4553526897,32652.511677988106,6.0,False,results/working/switch_budget_mechanism_audit.csv,False,True,True
Walmart,store_009__dept_033,governance_fixed_K2,governance_aware_dp,switch_budget_binding,active,7.0,71382.45639405263,76305.91011810637,4923.453724053747,7.0,False,results/working/switch_budget_mechanism_audit.csv,False,True,True
Walmart,store_009__dept_038,governance_fixed_K2,governance_aware_dp,switch_budget_binding,active,4.0,1146865.7435207812,1188715.556627587,41849.81310680555,4.0,False,results/working/switch_budget_mechanism_audit.csv,False,True,True
Walmart,store_010__dept_002,governance_fixed_K2,governance_aware_dp,switch_budget_binding,active,8.0,1276828.7752179308,1266273.7403339408,-10555.03488398972,8.0,False,results/working/switch_budget_mechanism_audit.csv,False,False,True
Walmart,store_010__dept_008,governance_fixed_K2,governance_aware_dp,switch_budget_binding,active,7.0,995402.1720512048,1018068.9650607602,22666.793009555433,7.0,False,results/working/switch_budget_mechanism_audit.csv,False,True,True
Walmart,store_010__dept_038,governance_fixed_K2,governance_aware_dp,switch_budget_binding,active,3.0,1460819.8138207626,1471261.409974619,10441.596153856488,3.0,False,results/working/switch_budget_mechanism_audit.csv,False,False,True
Walmart,store_010__dept_040,governance_fixed_K2,governance_aware_dp,switch_budget_binding,active,6.0,1252332.6654912115,1253312.710362734,980.0448715225792,6.0,False,results/working/switch_budget_mechanism_audit.csv,False,False,True
Walmart,store_010__dept_072,governance_fixed_K2,governance_aware_dp,switch_budget_binding,active,10.0,2142846.155654516,2025469.1316227247,-117377.02403179069,10.0,False,results/working/switch_budget_mechanism_audit.csv,True,False,False
Walmart,store_013__dept_038,governance_fixed_K2,governance_aware_dp,switch_budget_binding,active,9.0,986657.8542752116,1057512.867167894,70855.01289268234,9.0,False,results/working/switch_budget_mechanism_audit.csv,False,True,True
Walmart,store_013__dept_090,governance_fixed_K2,governance_aware_dp,switch_budget_binding,active,5.0,2270890.2957955403,2353162.402160617,82272.10636507628,5.0,False,results/working/switch_budget_mechanism_audit.csv,False,True,True
Walmart,store_013__dept_091,governance_fixed_K2,governance_aware_dp,switch_budget_binding,active,5.0,955096.2364644912,969133.424840932,14037.188376440783,5.0,False,results/working/switch_budget_mechanism_audit.csv,False,True,True
Walmart,store_013__dept_092,governance_fixed_K2,governance_aware_dp,switch_budget_binding,active,9.0,2746754.206134098,2764090.360793882,17336.154659783933,9.0,False,results/working/switch_budget_mechanism_audit.csv,False,False,True
Walmart,store_013__dept_095,governance_fixed_K2,governance_aware_dp,switch_budget_binding,active,4.0,2433091.449465588,2187139.861101671,-245951.5883639166,4.0,False,results/working/switch_budget_mechanism_audit.csv,True,False,False
Walmart,store_014__dept_002,governance_fixed_K2,governance_aware_dp,switch_budget_binding,active,7.0,1047285.4937666169,1021037.067542982,-26248.42622363486,7.0,False,results/working/switch_budget_mechanism_audit.csv,True,False,False
Walmart,store_014__dept_038,governance_fixed_K2,governance_aware_dp,switch_budget_binding,active,9.0,1302827.9362701178,1266226.685480091,-36601.25079002674,9.0,False,results/working/switch_budget_mechanism_audit.csv,True,False,False
Walmart,store_014__dept_046,governance_fixed_K2,governance_aware_dp,switch_budget_binding,active,1.0,759890.3234422681,759209.7109807299,-680.6124615382869,2.0,False,results/working/switch_budget_mechanism_audit.csv,False,False,True
Walmart,store_014__dept_072,governance_fixed_K2,governance_aware_dp,switch_budget_binding,active,4.0,1811576.0951714762,1964252.6587064047,152676.56353492895,4.0,False,results/working/switch_budget_mechanism_audit.csv,False,True,True
Walmart,store_014__dept_090,governance_fixed_K2,governance_aware_dp,switch_budget_binding,active,7.0,1485239.5248135098,1599891.652133424,114652.12731991427,7.0,False,results/working/switch_budget_mechanism_audit.csv,False,True,True
Walmart,store_014__dept_091,governance_fixed_K2,governance_aware_dp,switch_budget_binding,active,6.0,1008206.1672745781,1003884.6149340456,-4321.552340532653,6.0,False,results/working/switch_budget_mechanism_audit.csv,False,False,True
Walmart,store_014__dept_092,governance_fixed_K2,governance_aware_dp,switch_budget_binding,active,8.0,2150524.1392051904,2155182.3764129025,4658.23720771214,8.0,False,results/working/switch_budget_mechanism_audit.csv,False,False,True
Walmart,store_014__dept_095,governance_fixed_K2,governance_aware_dp,switch_budget_binding,active,7.0,2009516.7039780354,1969711.8657771042,-39804.838200930964,8.0,False,results/working/switch_budget_mechanism_audit.csv,True,False,False
Walmart,store_015__dept_026,governance_fixed_K2,governance_aware_dp,switch_budget_binding,active,4.0,494542.3871467278,395877.90860096173,-98664.47854576608,4.0,False,results/working/switch_budget_mechanism_audit.csv,True,False,False
Walmart,store_016__dept_096,governance_fixed_K2,governance_aware_dp,switch_budget_binding,active,4.0,4426.0035128838645,4332.020676345597,-93.98283653826729,4.0,False,results/working/switch_budget_mechanism_audit.csv,True,False,False
Walmart,store_019__dept_092,governance_fixed_K2,governance_aware_dp,switch_budget_binding,active,7.0,2326300.388510387,2449800.0332964123,123499.6447860254,7.0,False,results/working/switch_budget_mechanism_audit.csv,False,True,True
Walmart,store_019__dept_095,governance_fixed_K2,governance_aware_dp,switch_budget_binding,active,6.0,1367351.0082993307,1443375.3022093428,76024.29391001211,6.0,False,results/working/switch_budget_mechanism_audit.csv,False,True,True
Walmart,store_020__dept_038,governance_fixed_K2,governance_aware_dp,switch_budget_binding,active,5.0,1363711.9932933506,1360346.4038553254,-3365.589438025141,5.0,False,results/working/switch_budget_mechanism_audit.csv,False,False,True
Walmart,store_020__dept_040,governance_fixed_K2,governance_aware_dp,switch_budget_binding,active,6.0,1172328.7166071294,1246213.528005944,73884.81139881442,6.0,False,results/working/switch_budget_mechanism_audit.csv,False,True,True
Walmart,store_020__dept_072,governance_fixed_K2,governance_aware_dp,switch_budget_binding,active,6.0,4121255.989884063,4121252.989884063,-3.0,6.0,True,results/working/switch_budget_mechanism_audit.csv,False,False,True
Walmart,store_020__dept_083,governance_fixed_K2,governance_aware_dp,switch_budget_binding,active,5.0,98741.31204525828,98612.30937218136,-129.0026730769314,5.0,False,results/working/switch_budget_mechanism_audit.csv,False,False,True
Walmart,store_020__dept_090,governance_fixed_K2,governance_aware_dp,switch_budget_binding,active,6.0,1176081.5006615412,1270017.540097645,93936.03943610378,6.0,False,results/working/switch_budget_mechanism_audit.csv,False,True,True
Walmart,store_020__dept_092,governance_fixed_K2,governance_aware_dp,switch_budget_binding,active,9.0,1879401.999919633,2062327.663642244,182925.66372261054,9.0,False,results/working/switch_budget_mechanism_audit.csv,False,True,True
Walmart,store_020__dept_095,governance_fixed_K2,governance_aware_dp,switch_budget_binding,active,3.0,2251535.7001327733,2250402.1889789263,-1133.5111538465135,3.0,False,results/working/switch_budget_mechanism_audit.csv,False,False,True
Walmart,store_022__dept_059,governance_fixed_K2,governance_aware_dp,switch_budget_binding,active,8.0,7555.700680901025,8386.541553503073,830.840872602046,8.0,False,results/working/switch_budget_mechanism_audit.csv,False,True,True
Walmart,store_023__dept_032,governance_fixed_K2,governance_aware_dp,switch_budget_binding,active,3.0,168867.49013760418,169306.51532991338,439.02519230920007,3.0,False,results/working/switch_budget_mechanism_audit.csv,False,False,True
Walmart,store_023__dept_072,governance_fixed_K2,governance_aware_dp,switch_budget_binding,active,5.0,3129035.90828357,3129033.40828357,-2.5,5.0,True,results/working/switch_budget_mechanism_audit.csv,False,False,True
Walmart,store_024__dept_018,governance_fixed_K2,governance_aware_dp,switch_budget_binding,active,2.0,969313.0287777778,969312.0287777778,-1.0,2.0,True,results/working/switch_budget_mechanism_audit.csv,False,False,True
Walmart,store_024__dept_040,governance_fixed_K2,governance_aware_dp,switch_budget_binding,active,4.0,584920.2175977671,562616.1840901972,-22304.033507569926,4.0,False,results/working/switch_budget_mechanism_audit.csv,True,False,False
Walmart,store_024__dept_092,governance_fixed_K2,governance_aware_dp,switch_budget_binding,active,8.0,1720127.855527379,2014307.947902231,294180.0923748517,8.0,False,results/working/switch_budget_mechanism_audit.csv,False,True,True
Walmart,store_024__dept_095,governance_fixed_K2,governance_aware_dp,switch_budget_binding,active,4.0,1614475.1625718758,1587045.9511229696,-27429.21144890645,5.0,False,results/working/switch_budget_mechanism_audit.csv,True,False,False
Walmart,store_025__dept_018,governance_fixed_K2,governance_aware_dp,switch_budget_binding,active,2.0,998937.607625,998936.607625,-1.0,2.0,True,results/working/switch_budget_mechanism_audit.csv,False,False,True
Walmart,store_026__dept_024,governance_fixed_K2,governance_aware_dp,switch_budget_binding,active,4.0,455117.6899793653,508453.36658653826,53335.67660717299,4.0,False,results/working/switch_budget_mechanism_audit.csv,False,True,True
Walmart,store_026__dept_036,governance_fixed_K2,governance_aware_dp,switch_budget_binding,active,2.0,46118.6501894813,46135.90509511155,17.254905630252324,2.0,False,results/working/switch_budget_mechanism_audit.csv,False,False,True
Walmart,store_026__dept_038,governance_fixed_K2,governance_aware_dp,switch_budget_binding,active,2.0,1444958.8962589712,1353067.3906675498,-91891.5055914214,2.0,False,results/working/switch_budget_mechanism_audit.csv,True,False,False
Walmart,store_026__dept_092,governance_fixed_K2,governance_aware_dp,switch_budget_binding,active,4.0,1231491.152252137,1233511.1717087752,2020.0194566384891,4.0,False,results/working/switch_budget_mechanism_audit.csv,False,False,True
Walmart,store_027__dept_071,governance_fixed_K2,governance_aware_dp,switch_budget_binding,active,1.0,165379.4777644583,168619.38517159675,3239.9074071384675,1.0,False,results/working/switch_budget_mechanism_audit.csv,False,True,True
Walmart,store_027__dept_090,governance_fixed_K2,governance_aware_dp,switch_budget_binding,active,5.0,1587505.6300807646,1596523.8797923075,9018.249711542625,6.0,False,results/working/switch_budget_mechanism_audit.csv,False,False,True
Walmart,store_027__dept_092,governance_fixed_K2,governance_aware_dp,switch_budget_binding,active,9.0,2807113.2988563715,2782070.5140637103,-25042.78479266167,9.0,False,results/working/switch_budget_mechanism_audit.csv,False,False,True
Walmart,store_027__dept_095,governance_fixed_K2,governance_aware_dp,switch_budget_binding,active,4.0,1965577.8704970218,1957964.5763047163,-7613.294192305767,4.0,False,results/working/switch_budget_mechanism_audit.csv,False,False,True
Walmart,store_028__dept_092,governance_fixed_K2,governance_aware_dp,switch_budget_binding,active,5.0,1204838.806604684,1500702.282408935,295863.4758042509,5.0,False,results/working/switch_budget_mechanism_audit.csv,False,True,True
Walmart,store_028__dept_095,governance_fixed_K2,governance_aware_dp,switch_budget_binding,active,7.0,1368655.8452132859,1306916.5038842743,-61739.341329011826,7.0,False,results/working/switch_budget_mechanism_audit.csv,True,False,False
Walmart,store_029__dept_027,governance_fixed_K2,governance_aware_dp,switch_budget_binding,active,4.0,47980.56452203936,49926.90501172469,1946.3404896853244,4.0,False,results/working/switch_budget_mechanism_audit.csv,False,True,True
Walmart,store_030__dept_083,governance_fixed_K2,governance_aware_dp,switch_budget_binding,active,3.0,32731.853343091792,29264.589234549552,-3467.2641085422442,3.0,False,results/working/switch_budget_mechanism_audit.csv,True,False,False
Walmart,store_031__dept_038,governance_fixed_K2,governance_aware_dp,switch_budget_binding,active,3.0,1166539.5654014193,1173070.811530727,6531.246129307664,3.0,False,results/working/switch_budget_mechanism_audit.csv,False,False,True
Walmart,store_031__dept_046,governance_fixed_K2,governance_aware_dp,switch_budget_binding,active,1.0,494815.64921093755,494693.5849417072,-122.0642692304682,2.0,False,results/working/switch_budget_mechanism_audit.csv,False,False,True
Walmart,store_031__dept_079,governance_fixed_K2,governance_aware_dp,switch_budget_binding,active,8.0,500326.860540206,456252.9297116672,-44073.93082853872,8.0,False,results/working/switch_budget_mechanism_audit.csv,True,False,False
Walmart,store_031__dept_090,governance_fixed_K2,governance_aware_dp,switch_budget_binding,active,9.0,968412.7488019399,1025886.420176408,57473.67137446825,9.0,False,results/working/switch_budget_mechanism_audit.csv,False,True,True
Walmart,store_031__dept_092,governance_fixed_K2,governance_aware_dp,switch_budget_binding,active,8.0,1729028.361243085,2024481.115476176,295452.75423309073,8.0,False,results/working/switch_budget_mechanism_audit.csv,False,True,True
Walmart,store_031__dept_095,governance_fixed_K2,governance_aware_dp,switch_budget_binding,active,4.0,1426571.60267235,1424063.4181125285,-2508.1845598216173,4.0,False,results/working/switch_budget_mechanism_audit.csv,False,False,True
Walmart,store_032__dept_092,governance_fixed_K2,governance_aware_dp,switch_budget_binding,active,8.0,1864355.5812038155,1937916.395817365,73560.8146135495,8.0,False,results/working/switch_budget_mechanism_audit.csv,False,True,True
Walmart,store_032__dept_095,governance_fixed_K2,governance_aware_dp,switch_budget_binding,active,7.0,1140388.9545340952,1165319.2589693568,24930.304435261525,8.0,False,results/working/switch_budget_mechanism_audit.csv,False,True,True
Walmart,store_033__dept_094,governance_fixed_K2,governance_aware_dp,switch_budget_binding,active,4.0,327854.7900448545,322908.8992508665,-4945.890793987957,4.0,False,results/working/switch_budget_mechanism_audit.csv,True,False,False
Walmart,store_035__dept_072,governance_fixed_K2,governance_aware_dp,switch_budget_binding,active,8.0,1573774.3789456768,1524159.9431202754,-49614.43582540168,8.0,False,results/working/switch_budget_mechanism_audit.csv,True,False,False
Walmart,store_036__dept_087,governance_fixed_K2,governance_aware_dp,switch_budget_binding,active,5.0,6043.8332985968045,8338.843284855768,2295.009986258964,5.0,False,results/working/switch_budget_mechanism_audit.csv,False,True,True
Walmart,store_038__dept_002,governance_fixed_K2,governance_aware_dp,switch_budget_binding,active,6.0,132145.06413671115,132364.51178340786,219.44764669670258,6.0,False,results/working/switch_budget_mechanism_audit.csv,False,False,True
Walmart,store_039__dept_092,governance_fixed_K2,governance_aware_dp,switch_budget_binding,active,8.0,1783702.384224066,1859292.99707435,75590.6128502842,8.0,False,results/working/switch_budget_mechanism_audit.csv,False,True,True
Walmart,store_039__dept_095,governance_fixed_K2,governance_aware_dp,switch_budget_binding,active,8.0,2041179.5805183891,2046684.7657212387,5505.185202849563,8.0,False,results/working/switch_budget_mechanism_audit.csv,False,False,True
Walmart,store_040__dept_042,governance_fixed_K2,governance_aware_dp,switch_budget_binding,active,8.0,66442.86542368906,66804.47320923055,361.60778554149147,8.0,False,results/working/switch_budget_mechanism_audit.csv,False,False,True
Walmart,store_040__dept_092,governance_fixed_K2,governance_aware_dp,switch_budget_binding,active,6.0,1092517.4392386759,1133132.7887499451,40615.34951126901,6.0,False,results/working/switch_budget_mechanism_audit.csv,False,True,True
Walmart,store_041__dept_033,governance_fixed_K2,governance_aware_dp,switch_budget_binding,active,4.0,625338.8337980768,625336.8337980768,-2.0,4.0,True,results/working/switch_budget_mechanism_audit.csv,False,False,True
Walmart,store_041__dept_092,governance_fixed_K2,governance_aware_dp,switch_budget_binding,active,1.0,2550199.518179921,2550199.018179921,-0.5,1.0,True,results/working/switch_budget_mechanism_audit.csv,False,False,True
Walmart,store_041__dept_095,governance_fixed_K2,governance_aware_dp,switch_budget_binding,active,4.0,1349969.451036039,1317737.7848052632,-32231.666230775878,4.0,False,results/working/switch_budget_mechanism_audit.csv,True,False,False
Walmart,store_041__dept_096,governance_fixed_K2,governance_aware_dp,switch_budget_binding,active,3.0,73257.92791758892,74227.97886475775,970.0509471688274,3.0,False,results/working/switch_budget_mechanism_audit.csv,False,True,True
Walmart,store_042__dept_092,governance_fixed_K2,governance_aware_dp,switch_budget_binding,active,8.0,1044527.9461595352,1123411.658788445,78883.71262890963,8.0,False,results/working/switch_budget_mechanism_audit.csv,False,True,True
Walmart,store_043__dept_092,governance_fixed_K2,governance_aware_dp,switch_budget_binding,active,7.0,876393.1322538307,1057025.6068991884,180632.4746453577,7.0,False,results/working/switch_budget_mechanism_audit.csv,False,True,True
Walmart,store_044__dept_009,governance_fixed_K2,governance_aware_dp,switch_budget_binding,active,1.0,7794.606410669427,7266.965225348894,-527.6411853205318,1.0,False,results/working/switch_budget_mechanism_audit.csv,True,False,False
Walmart,store_044__dept_017,governance_fixed_K2,governance_aware_dp,switch_budget_binding,active,5.0,11872.601625842524,11864.932933517219,-7.668692325303709,6.0,False,results/working/switch_budget_mechanism_audit.csv,False,False,True
Walmart,store_001__dept_038,governance_validation_q25,governance_aware_dp,switch_budget_binding,active,1.0,766300.3544314249,766136.9995378555,-163.35489356936887,1.0,False,results/working/switch_budget_mechanism_audit.csv,False,False,True
Walmart,store_001__dept_090,governance_validation_q25,governance_aware_dp,switch_budget_binding,active,3.0,950581.7252901141,947009.684290652,-3572.040999461897,4.0,False,results/working/switch_budget_mechanism_audit.csv,False,False,True
Walmart,store_001__dept_092,governance_validation_q25,governance_aware_dp,switch_budget_binding,active,3.0,1720080.9700211291,1730386.112693531,10305.14267240162,4.0,False,results/working/switch_budget_mechanism_audit.csv,False,False,True
Walmart,store_001__dept_095,governance_validation_q25,governance_aware_dp,switch_budget_binding,active,1.0,1718042.5031194119,1713149.7040706258,-4892.799048786516,1.0,False,results/working/switch_budget_mechanism_audit.csv,False,False,True
Walmart,store_001__dept_098,governance_validation_q25,governance_aware_dp,switch_budget_binding,active,2.0,280109.18302917195,280108.18302917195,-1.0,2.0,True,results/working/switch_budget_mechanism_audit.csv,False,False,True
Walmart,store_002__dept_038,governance_validation_q25,governance_aware_dp,switch_budget_binding,active,3.0,1043345.2469262196,1082769.07296288,39423.82603666047,3.0,False,results/working/switch_budget_mechanism_audit.csv,False,True,True
Walmart,store_002__dept_090,governance_validation_q25,governance_aware_dp,switch_budget_binding,active,2.0,1323901.3580384492,1338195.7577258216,14294.39968737238,2.0,False,results/working/switch_budget_mechanism_audit.csv,False,True,True
Walmart,store_002__dept_091,governance_validation_q25,governance_aware_dp,switch_budget_binding,active,5.0,948152.0901187672,956490.7396477342,8338.6495289671,5.0,False,results/working/switch_budget_mechanism_audit.csv,False,False,True
Walmart,store_002__dept_092,governance_validation_q25,governance_aware_dp,switch_budget_binding,active,3.0,2377671.0035563163,2327450.55657686,-50220.44697945658,3.0,False,results/working/switch_budget_mechanism_audit.csv,True,False,False
Walmart,store_002__dept_095,governance_validation_q25,governance_aware_dp,switch_budget_binding,active,1.0,1976623.8234218962,1977050.4299603582,426.6065384615212,1.0,False,results/working/switch_budget_mechanism_audit.csv,False,False,True
Walmart,store_003__dept_014,governance_validation_q25,governance_aware_dp,switch_budget_binding,active,3.0,62570.81571079572,63317.025289697274,746.209578901551,3.0,False,results/working/switch_budget_mechanism_audit.csv,False,True,True
Walmart,store_003__dept_038,governance_validation_q25,governance_aware_dp,switch_budget_binding,active,5.0,1230790.313691329,1246176.6626939971,15386.349002667937,5.0,False,results/working/switch_budget_mechanism_audit.csv,False,True,True
Walmart,store_004__dept_002,governance_validation_q25,governance_aware_dp,switch_budget_binding,active,1.0,1227229.5655161345,1228663.1231630777,1433.557646943722,2.0,False,results/working/switch_budget_mechanism_audit.csv,False,False,True
Walmart,store_004__dept_038,governance_validation_q25,governance_aware_dp,switch_budget_binding,active,2.0,932112.5032725037,926646.316064141,-5466.187208362855,2.0,False,results/working/switch_budget_mechanism_audit.csv,False,False,True
Walmart,store_004__dept_072,governance_validation_q25,governance_aware_dp,switch_budget_binding,active,6.0,2591189.6834121896,2602130.250021051,10940.566608861554,6.0,False,results/working/switch_budget_mechanism_audit.csv,False,False,True
Walmart,store_004__dept_090,governance_validation_q25,governance_aware_dp,switch_budget_binding,active,4.0,1082825.3760896558,1088490.1813954294,5664.805305773857,4.0,False,results/working/switch_budget_mechanism_audit.csv,False,False,True
Walmart,store_004__dept_092,governance_validation_q25,governance_aware_dp,switch_budget_binding,inactive,0.0,2370561.618834409,2375932.087093176,5370.468258765992,0.0,False,results/working/switch_budget_mechanism_audit.csv,False,False,False
Walmart,store_004__dept_095,governance_validation_q25,governance_aware_dp,switch_budget_binding,active,2.0,2231900.972332425,2223340.168529896,-8560.803802528884,2.0,False,results/working/switch_budget_mechanism_audit.csv,False,False,True
Walmart,store_006__dept_016,governance_validation_q25,governance_aware_dp,switch_budget_binding,inactive,-5.0,1447390.7261361368,1447390.7261361368,0.0,0.0,True,results/working/switch_budget_mechanism_audit.csv,False,False,False
Walmart,store_006__dept_038,governance_validation_q25,governance_aware_dp,switch_budget_binding,active,5.0,952349.9319357222,930733.862221353,-21616.06971436925,5.0,False,results/working/switch_budget_mechanism_audit.csv,True,False,False
Walmart,store_006__dept_072,governance_validation_q25,governance_aware_dp,switch_budget_binding,inactive,0.0,972967.5727932198,967601.9239445976,-5365.648848622106,0.0,False,results/working/switch_budget_mechanism_audit.csv,False,False,False
Walmart,store_006__dept_092,governance_validation_q25,governance_aware_dp,switch_budget_binding,active,4.0,1253955.17197634,1242218.6640695152,-11736.507906825049,4.0,False,results/working/switch_budget_mechanism_audit.csv,False,False,True
Walmart,store_006__dept_095,governance_validation_q25,governance_aware_dp,switch_budget_binding,inactive,-2.0,1612046.5657902497,1612046.5657902497,0.0,0.0,True,results/working/switch_budget_mechanism_audit.csv,False,False,False
Walmart,store_009__dept_003,governance_validation_q25,governance_aware_dp,switch_budget_binding,inactive,-2.0,3275534.989124998,3275534.989124998,0.0,0.0,True,results/working/switch_budget_mechanism_audit.csv,False,False,False
Walmart,store_009__dept_005,governance_validation_q25,governance_aware_dp,switch_budget_binding,active,2.0,557782.9436747015,568446.085998865,10663.142324163346,2.0,False,results/working/switch_budget_mechanism_audit.csv,False,True,True
Walmart,store_009__dept_033,governance_validation_q25,governance_aware_dp,switch_budget_binding,active,3.0,71382.45639405263,71380.45639405263,-2.0,4.0,True,results/working/switch_budget_mechanism_audit.csv,False,False,True
Walmart,store_009__dept_038,governance_validation_q25,governance_aware_dp,switch_budget_binding,inactive,0.0,1146865.7435207812,1146865.7435207812,0.0,0.0,True,results/working/switch_budget_mechanism_audit.csv,False,False,False
Walmart,store_010__dept_002,governance_validation_q25,governance_aware_dp,switch_budget_binding,active,4.0,1276828.7752179308,1278701.6062591784,1872.831041247584,4.0,False,results/working/switch_budget_mechanism_audit.csv,False,False,True
Walmart,store_010__dept_008,governance_validation_q25,governance_aware_dp,switch_budget_binding,active,3.0,995402.1720512048,993985.8157487841,-1416.3563024207251,3.0,False,results/working/switch_budget_mechanism_audit.csv,False,False,True
Walmart,store_010__dept_038,governance_validation_q25,governance_aware_dp,switch_budget_binding,inactive,-1.0,1460819.8138207626,1460819.8138207626,0.0,0.0,True,results/working/switch_budget_mechanism_audit.csv,False,False,False
Walmart,store_010__dept_040,governance_validation_q25,governance_aware_dp,switch_budget_binding,active,2.0,1252332.6654912115,1252166.2663242724,-166.39916693908162,2.0,False,results/working/switch_budget_mechanism_audit.csv,False,False,True
Walmart,store_010__dept_072,governance_validation_q25,governance_aware_dp,switch_budget_binding,active,6.0,2142846.155654516,2082761.2787488224,-60084.87690569391,6.0,False,results/working/switch_budget_mechanism_audit.csv,True,False,False
Walmart,store_013__dept_038,governance_validation_q25,governance_aware_dp,switch_budget_binding,active,5.0,986657.8542752116,1030062.8007298212,43404.9464546094,5.0,False,results/working/switch_budget_mechanism_audit.csv,False,True,True
Walmart,store_013__dept_090,governance_validation_q25,governance_aware_dp,switch_budget_binding,active,1.0,2270890.2957955403,2270889.7957955403,-0.5,1.0,True,results/working/switch_budget_mechanism_audit.csv,False,False,True
Walmart,store_013__dept_091,governance_validation_q25,governance_aware_dp,switch_budget_binding,active,1.0,955096.2364644912,954236.0813709979,-860.1550934931729,1.0,False,results/working/switch_budget_mechanism_audit.csv,False,False,True
Walmart,store_013__dept_092,governance_validation_q25,governance_aware_dp,switch_budget_binding,active,5.0,2746754.206134098,2800619.442716322,53865.23658222379,5.0,False,results/working/switch_budget_mechanism_audit.csv,False,True,True
Walmart,store_013__dept_095,governance_validation_q25,governance_aware_dp,switch_budget_binding,inactive,0.0,2433091.449465588,2410677.9470210387,-22413.50244454853,0.0,False,results/working/switch_budget_mechanism_audit.csv,False,False,False
Walmart,store_014__dept_002,governance_validation_q25,governance_aware_dp,switch_budget_binding,active,3.0,1047285.4937666169,1020044.4012549805,-27241.09251163644,3.0,False,results/working/switch_budget_mechanism_audit.csv,True,False,False
Walmart,store_014__dept_038,governance_validation_q25,governance_aware_dp,switch_budget_binding,active,5.0,1302827.9362701178,1291910.4666072363,-10917.469662881223,5.0,False,results/working/switch_budget_mechanism_audit.csv,False,False,True
Walmart,store_014__dept_046,governance_validation_q25,governance_aware_dp,switch_budget_binding,inactive,-3.0,759890.3234422681,759890.3234422681,0.0,0.0,True,results/working/switch_budget_mechanism_audit.csv,False,False,False
Walmart,store_014__dept_072,governance_validation_q25,governance_aware_dp,switch_budget_binding,inactive,0.0,1811576.0951714762,1811576.0951714762,0.0,0.0,True,results/working/switch_budget_mechanism_audit.csv,False,False,False
Walmart,store_014__dept_090,governance_validation_q25,governance_aware_dp,switch_budget_binding,active,3.0,1485239.5248135098,1540352.8544491557,55113.329635645736,3.0,False,results/working/switch_budget_mechanism_audit.csv,False,True,True
Walmart,store_014__dept_091,governance_validation_q25,governance_aware_dp,switch_budget_binding,active,2.0,1008206.1672745781,1005218.5396541185,-2987.627620459767,2.0,False,results/working/switch_budget_mechanism_audit.csv,False,False,True
Walmart,store_014__dept_092,governance_validation_q25,governance_aware_dp,switch_budget_binding,active,4.0,2150524.1392051904,2140596.9562801686,-9927.182925021742,4.0,False,results/working/switch_budget_mechanism_audit.csv,False,False,True
Walmart,store_014__dept_095,governance_validation_q25,governance_aware_dp,switch_budget_binding,active,3.0,2009516.7039780354,2009458.6908679975,-58.013110037427396,3.0,False,results/working/switch_budget_mechanism_audit.csv,False,False,True
Walmart,store_015__dept_026,governance_validation_q25,governance_aware_dp,switch_budget_binding,inactive,0.0,494542.3871467278,494542.3871467278,0.0,0.0,True,results/working/switch_budget_mechanism_audit.csv,False,False,False
Walmart,store_016__dept_096,governance_validation_q25,governance_aware_dp,switch_budget_binding,inactive,0.0,4426.0035128838645,4426.0035128838645,0.0,0.0,True,results/working/switch_budget_mechanism_audit.csv,False,False,False
Walmart,store_019__dept_092,governance_validation_q25,governance_aware_dp,switch_budget_binding,active,3.0,2326300.388510387,2324244.0231811656,-2056.3653292213567,3.0,False,results/working/switch_budget_mechanism_audit.csv,False,False,True
Walmart,store_019__dept_095,governance_validation_q25,governance_aware_dp,switch_budget_binding,active,2.0,1367351.0082993307,1324101.6177973864,-43249.39050194435,2.0,False,results/working/switch_budget_mechanism_audit.csv,True,False,False
Walmart,store_020__dept_038,governance_validation_q25,governance_aware_dp,switch_budget_binding,active,1.0,1363711.9932933506,1358651.9646846647,-5060.028608685825,1.0,False,results/working/switch_budget_mechanism_audit.csv,False,False,True
Walmart,store_020__dept_040,governance_validation_q25,governance_aware_dp,switch_budget_binding,active,2.0,1172328.7166071294,1176809.4879059757,4480.77129884623,2.0,False,results/working/switch_budget_mechanism_audit.csv,False,False,True
Walmart,store_020__dept_072,governance_validation_q25,governance_aware_dp,switch_budget_binding,active,2.0,4121255.989884063,3800169.32335482,-321086.6665292433,2.0,False,results/working/switch_budget_mechanism_audit.csv,True,False,False
Walmart,store_020__dept_083,governance_validation_q25,governance_aware_dp,switch_budget_binding,active,1.0,98741.31204525828,98740.81204525828,-0.5,1.0,True,results/working/switch_budget_mechanism_audit.csv,False,False,True
Walmart,store_020__dept_090,governance_validation_q25,governance_aware_dp,switch_budget_binding,active,2.0,1176081.5006615412,1200958.9149381476,24877.414276606407,2.0,False,results/working/switch_budget_mechanism_audit.csv,False,True,True
Walmart,store_020__dept_092,governance_validation_q25,governance_aware_dp,switch_budget_binding,active,5.0,1879401.999919633,1939899.6184269798,60497.618507345906,6.0,False,results/working/switch_budget_mechanism_audit.csv,False,True,True
Walmart,store_020__dept_095,governance_validation_q25,governance_aware_dp,switch_budget_binding,inactive,-1.0,2251535.7001327733,2251535.7001327733,0.0,0.0,True,results/working/switch_budget_mechanism_audit.csv,False,False,False
Walmart,store_022__dept_059,governance_validation_q25,governance_aware_dp,switch_budget_binding,active,4.0,7555.700680901025,7499.447063213493,-56.25361768753282,4.0,False,results/working/switch_budget_mechanism_audit.csv,False,False,True
Walmart,store_023__dept_032,governance_validation_q25,governance_aware_dp,switch_budget_binding,inactive,-1.0,168867.49013760418,168867.49013760418,0.0,0.0,True,results/working/switch_budget_mechanism_audit.csv,False,False,False
Walmart,store_023__dept_072,governance_validation_q25,governance_aware_dp,switch_budget_binding,active,1.0,3129035.90828357,3129035.40828357,-0.5,1.0,True,results/working/switch_budget_mechanism_audit.csv,False,False,True
Walmart,store_024__dept_018,governance_validation_q25,governance_aware_dp,switch_budget_binding,inactive,-2.0,969313.0287777778,969313.0287777778,0.0,0.0,True,results/working/switch_budget_mechanism_audit.csv,False,False,False
Walmart,store_024__dept_040,governance_validation_q25,governance_aware_dp,switch_budget_binding,inactive,0.0,584920.2175977671,575834.53413623,-9085.68346153712,0.0,False,results/working/switch_budget_mechanism_audit.csv,True,False,True
Walmart,store_024__dept_092,governance_validation_q25,governance_aware_dp,switch_budget_binding,active,4.0,1720127.855527379,1722472.7177874069,2344.862260027789,4.0,False,results/working/switch_budget_mechanism_audit.csv,False,False,True
Walmart,store_024__dept_095,governance_validation_q25,governance_aware_dp,switch_budget_binding,inactive,0.0,1614475.1625718758,1614475.1625718758,0.0,0.0,True,results/working/switch_budget_mechanism_audit.csv,False,False,False
Walmart,store_025__dept_018,governance_validation_q25,governance_aware_dp,switch_budget_binding,inactive,-2.0,998937.607625,998937.607625,0.0,0.0,True,results/working/switch_budget_mechanism_audit.csv,False,False,False
Walmart,store_026__dept_024,governance_validation_q25,governance_aware_dp,switch_budget_binding,inactive,0.0,455117.6899793653,455117.6899793653,0.0,0.0,True,results/working/switch_budget_mechanism_audit.csv,False,False,False
Walmart,store_026__dept_036,governance_validation_q25,governance_aware_dp,switch_budget_binding,inactive,-2.0,46118.6501894813,46118.6501894813,0.0,0.0,True,results/working/switch_budget_mechanism_audit.csv,False,False,False
Walmart,store_026__dept_038,governance_validation_q25,governance_aware_dp,switch_budget_binding,inactive,-2.0,1444958.8962589712,1444958.8962589712,0.0,0.0,True,results/working/switch_budget_mechanism_audit.csv,False,False,False
Walmart,store_026__dept_092,governance_validation_q25,governance_aware_dp,switch_budget_binding,inactive,0.0,1231491.152252137,1231491.152252137,0.0,0.0,True,results/working/switch_budget_mechanism_audit.csv,False,False,False
Walmart,store_027__dept_071,governance_validation_q25,governance_aware_dp,switch_budget_binding,inactive,-3.0,165379.4777644583,165379.4777644583,0.0,0.0,True,results/working/switch_budget_mechanism_audit.csv,False,False,False
Walmart,store_027__dept_090,governance_validation_q25,governance_aware_dp,switch_budget_binding,active,1.0,1587505.6300807646,1587831.7828692263,326.1527884616516,1.0,False,results/working/switch_budget_mechanism_audit.csv,False,False,True
Walmart,store_027__dept_092,governance_validation_q25,governance_aware_dp,switch_budget_binding,active,5.0,2807113.2988563715,2782224.0393083687,-24889.25954800285,5.0,False,results/working/switch_budget_mechanism_audit.csv,False,False,True
Walmart,store_027__dept_095,governance_validation_q25,governance_aware_dp,switch_budget_binding,inactive,0.0,1965577.8704970218,1965577.8704970218,0.0,0.0,True,results/working/switch_budget_mechanism_audit.csv,False,False,False
Walmart,store_028__dept_092,governance_validation_q25,governance_aware_dp,switch_budget_binding,active,1.0,1204838.806604684,1193625.6613286145,-11213.145276069641,1.0,False,results/working/switch_budget_mechanism_audit.csv,False,False,True
Walmart,store_028__dept_095,governance_validation_q25,governance_aware_dp,switch_budget_binding,active,3.0,1368655.8452132859,1362264.5558190688,-6391.2893942173105,3.0,False,results/working/switch_budget_mechanism_audit.csv,False,False,True
Walmart,store_029__dept_027,governance_validation_q25,governance_aware_dp,switch_budget_binding,inactive,0.0,47980.56452203936,47980.56452203936,0.0,0.0,True,results/working/switch_budget_mechanism_audit.csv,False,False,False
Walmart,store_030__dept_083,governance_validation_q25,governance_aware_dp,switch_budget_binding,inactive,-1.0,32731.853343091792,30825.85868681224,-1905.9946562795596,0.0,False,results/working/switch_budget_mechanism_audit.csv,True,False,True
Walmart,store_031__dept_038,governance_validation_q25,governance_aware_dp,switch_budget_binding,inactive,-1.0,1166539.5654014193,1166539.5654014193,0.0,0.0,True,results/working/switch_budget_mechanism_audit.csv,False,False,False
Walmart,store_031__dept_046,governance_validation_q25,governance_aware_dp,switch_budget_binding,inactive,-3.0,494815.64921093755,494815.64921093755,0.0,0.0,True,results/working/switch_budget_mechanism_audit.csv,False,False,False
Walmart,store_031__dept_079,governance_validation_q25,governance_aware_dp,switch_budget_binding,active,4.0,500326.860540206,486266.1703203108,-14060.690219895156,4.0,False,results/working/switch_budget_mechanism_audit.csv,True,False,False
Walmart,store_031__dept_090,governance_validation_q25,governance_aware_dp,switch_budget_binding,active,5.0,968412.7488019399,975380.0276028195,6967.278800879953,5.0,False,results/working/switch_budget_mechanism_audit.csv,False,False,True
Walmart,store_031__dept_092,governance_validation_q25,governance_aware_dp,switch_budget_binding,active,4.0,1729028.361243085,1868348.96919421,139320.60795112513,4.0,False,results/working/switch_budget_mechanism_audit.csv,False,True,True
Walmart,store_031__dept_095,governance_validation_q25,governance_aware_dp,switch_budget_binding,inactive,0.0,1426571.60267235,1426571.60267235,0.0,0.0,True,results/working/switch_budget_mechanism_audit.csv,False,False,False
Walmart,store_032__dept_092,governance_validation_q25,governance_aware_dp,switch_budget_binding,active,4.0,1864355.5812038155,1915687.217947131,51331.636743315496,4.0,False,results/working/switch_budget_mechanism_audit.csv,False,True,True
Walmart,store_032__dept_095,governance_validation_q25,governance_aware_dp,switch_budget_binding,active,3.0,1140388.9545340952,1133210.0523726582,-7178.902161437088,3.0,False,results/working/switch_budget_mechanism_audit.csv,False,False,True
Walmart,store_033__dept_094,governance_validation_q25,governance_aware_dp,switch_budget_binding,inactive,0.0,327854.7900448545,327854.7900448545,0.0,0.0,True,results/working/switch_budget_mechanism_audit.csv,False,False,False
Walmart,store_035__dept_072,governance_validation_q25,governance_aware_dp,switch_budget_binding,active,4.0,1573774.3789456768,1577483.361154089,3708.982208412141,4.0,False,results/working/switch_budget_mechanism_audit.csv,False,False,True
Walmart,store_036__dept_087,governance_validation_q25,governance_aware_dp,switch_budget_binding,active,1.0,6043.8332985968045,6042.8332985968045,-1.0,2.0,True,results/working/switch_budget_mechanism_audit.csv,False,False,True
Walmart,store_038__dept_002,governance_validation_q25,governance_aware_dp,switch_budget_binding,active,2.0,132145.06413671115,131949.93761578226,-195.12652092892682,4.0,False,results/working/switch_budget_mechanism_audit.csv,False,False,True
Walmart,store_039__dept_092,governance_validation_q25,governance_aware_dp,switch_budget_binding,active,4.0,1783702.384224066,1836405.8909877928,52703.50676372741,4.0,False,results/working/switch_budget_mechanism_audit.csv,False,True,True
Walmart,store_039__dept_095,governance_validation_q25,governance_aware_dp,switch_budget_binding,active,4.0,2041179.5805183891,2037701.2220635358,-3478.358454853529,4.0,False,results/working/switch_budget_mechanism_audit.csv,False,False,True
Walmart,store_040__dept_042,governance_validation_q25,governance_aware_dp,switch_budget_binding,active,4.0,66442.86542368906,66833.65011584862,390.7846921595629,5.0,False,results/working/switch_budget_mechanism_audit.csv,False,False,True
Walmart,store_040__dept_092,governance_validation_q25,governance_aware_dp,switch_budget_binding,active,2.0,1092517.4392386759,1093298.0895744609,780.6503357850015,2.0,False,results/working/switch_budget_mechanism_audit.csv,False,False,True
Walmart,store_041__dept_033,governance_validation_q25,governance_aware_dp,switch_budget_binding,inactive,0.0,625338.8337980768,625338.8337980768,0.0,0.0,True,results/working/switch_budget_mechanism_audit.csv,False,False,False
Walmart,store_041__dept_092,governance_validation_q25,governance_aware_dp,switch_budget_binding,inactive,-3.0,2550199.518179921,2550199.518179921,0.0,0.0,True,results/working/switch_budget_mechanism_audit.csv,False,False,False
Walmart,store_041__dept_095,governance_validation_q25,governance_aware_dp,switch_budget_binding,inactive,0.0,1349969.451036039,1349969.451036039,0.0,0.0,True,results/working/switch_budget_mechanism_audit.csv,False,False,False
Walmart,store_041__dept_096,governance_validation_q25,governance_aware_dp,switch_budget_binding,inactive,-1.0,73257.92791758892,73257.92791758892,0.0,0.0,True,results/working/switch_budget_mechanism_audit.csv,False,False,False
Walmart,store_042__dept_092,governance_validation_q25,governance_aware_dp,switch_budget_binding,active,4.0,1044527.9461595352,1042489.6002841499,-2038.3458753853336,4.0,False,results/working/switch_budget_mechanism_audit.csv,False,False,True
Walmart,store_043__dept_092,governance_validation_q25,governance_aware_dp,switch_budget_binding,active,3.0,876393.1322538307,866476.240944666,-9916.891309164814,3.0,False,results/working/switch_budget_mechanism_audit.csv,True,False,False
Walmart,store_044__dept_009,governance_validation_q25,governance_aware_dp,switch_budget_binding,inactive,-3.0,7794.606410669427,7794.606410669427,0.0,0.0,True,results/working/switch_budget_mechanism_audit.csv,False,False,False
Walmart,store_044__dept_017,governance_validation_q25,governance_aware_dp,switch_budget_binding,active,1.0,11872.601625842524,12081.985125833988,209.3834999914634,1.0,False,results/working/switch_budget_mechanism_audit.csv,False,True,True
Walmart,store_001__dept_038,high_switch_cost,governance_aware_dp,switch_budget_binding,active,3.0,369530.90792558616,396512.6880160095,26981.7800904233,3.0,False,results/working/switch_budget_mechanism_audit.csv,False,True,True
Walmart,store_001__dept_090,high_switch_cost,governance_aware_dp,switch_budget_binding,active,5.0,416264.9578415384,482138.6920046425,65873.73416310402,7.0,False,results/working/switch_budget_mechanism_audit.csv,False,True,True
Walmart,store_001__dept_092,high_switch_cost,governance_aware_dp,switch_budget_binding,active,2.0,845290.312323301,872338.9288528856,27048.616529584746,2.0,False,results/working/switch_budget_mechanism_audit.csv,False,True,True
Walmart,store_001__dept_095,high_switch_cost,governance_aware_dp,switch_budget_binding,active,2.0,659654.5471725066,656912.3740955832,-2742.1730769233545,2.0,False,results/working/switch_budget_mechanism_audit.csv,False,False,True
Walmart,store_001__dept_098,high_switch_cost,governance_aware_dp,switch_budget_binding,active,8.0,115437.04720219698,119910.61499234971,4473.567790152709,8.0,False,results/working/switch_budget_mechanism_audit.csv,False,True,True
Walmart,store_002__dept_038,high_switch_cost,governance_aware_dp,switch_budget_binding,active,3.0,502870.6019169568,547605.6548242103,44735.0529072535,4.0,False,results/working/switch_budget_mechanism_audit.csv,False,True,True
Walmart,store_002__dept_090,high_switch_cost,governance_aware_dp,switch_budget_binding,active,2.0,586635.5066561761,623688.0489341936,37052.542278017616,4.0,False,results/working/switch_budget_mechanism_audit.csv,False,True,True
Walmart,store_002__dept_091,high_switch_cost,governance_aware_dp,switch_budget_binding,inactive,-1.0,351970.0301153319,351970.0301153319,0.0,0.0,True,results/working/switch_budget_mechanism_audit.csv,False,False,False
Walmart,store_002__dept_092,high_switch_cost,governance_aware_dp,switch_budget_binding,active,5.0,1106375.9783573488,1525826.979110564,419451.0007532151,8.0,False,results/working/switch_budget_mechanism_audit.csv,False,True,True
Walmart,store_002__dept_095,high_switch_cost,governance_aware_dp,switch_budget_binding,active,1.0,751487.3985355188,747243.9892004495,-4243.4093350691255,3.0,False,results/working/switch_budget_mechanism_audit.csv,False,False,True
Walmart,store_003__dept_014,high_switch_cost,governance_aware_dp,switch_budget_binding,active,1.0,31973.35059774965,31776.840635708504,-196.50996204113838,1.0,False,results/working/switch_budget_mechanism_audit.csv,False,False,True
Walmart,store_003__dept_038,high_switch_cost,governance_aware_dp,switch_budget_binding,active,2.0,520121.00916962104,517878.22403546295,-2242.7851341580968,2.0,False,results/working/switch_budget_mechanism_audit.csv,False,False,True
Walmart,store_004__dept_002,high_switch_cost,governance_aware_dp,switch_budget_binding,active,6.0,588926.649797004,587077.6703097424,-1848.979487261502,7.0,False,results/working/switch_budget_mechanism_audit.csv,False,False,True
Walmart,store_004__dept_038,high_switch_cost,governance_aware_dp,switch_budget_binding,active,3.0,350570.7339317127,373785.8310217617,23215.09709004901,3.0,False,results/working/switch_budget_mechanism_audit.csv,False,True,True
Walmart,store_004__dept_072,high_switch_cost,governance_aware_dp,switch_budget_binding,active,6.0,1626312.5504094225,1627771.9357273818,1459.385317959357,6.0,False,results/working/switch_budget_mechanism_audit.csv,False,False,True
Walmart,store_004__dept_090,high_switch_cost,governance_aware_dp,switch_budget_binding,active,6.0,388434.27428545867,472110.6515034849,83676.3772180262,6.0,False,results/working/switch_budget_mechanism_audit.csv,False,True,True
Walmart,store_004__dept_092,high_switch_cost,governance_aware_dp,switch_budget_binding,inactive,-3.0,1186293.2565666991,1186293.2565666991,0.0,0.0,True,results/working/switch_budget_mechanism_audit.csv,False,False,False
Walmart,store_004__dept_095,high_switch_cost,governance_aware_dp,switch_budget_binding,active,1.0,1032445.3582453013,1030571.5856368964,-1873.7726084049789,1.0,False,results/working/switch_budget_mechanism_audit.csv,False,False,True
Walmart,store_006__dept_016,high_switch_cost,governance_aware_dp,switch_budget_binding,active,3.0,583757.4271031107,746286.2613958352,162528.83429272438,6.0,False,results/working/switch_budget_mechanism_audit.csv,False,True,True
Walmart,store_006__dept_038,high_switch_cost,governance_aware_dp,switch_budget_binding,inactive,0.0,390450.16828472057,390450.16828472057,0.0,0.0,True,results/working/switch_budget_mechanism_audit.csv,False,False,False
Walmart,store_006__dept_072,high_switch_cost,governance_aware_dp,switch_budget_binding,active,3.0,429816.48554973,431903.85048500326,2087.3649352733046,3.0,False,results/working/switch_budget_mechanism_audit.csv,False,False,True
Walmart,store_006__dept_092,high_switch_cost,governance_aware_dp,switch_budget_binding,inactive,0.0,531781.2758615345,531781.2758615345,0.0,0.0,True,results/working/switch_budget_mechanism_audit.csv,False,False,False
Walmart,store_006__dept_095,high_switch_cost,governance_aware_dp,switch_budget_binding,active,2.0,650914.5610756335,686507.6062259987,35593.04515036533,4.0,False,results/working/switch_budget_mechanism_audit.csv,False,True,True
Walmart,store_009__dept_003,high_switch_cost,governance_aware_dp,switch_budget_binding,inactive,0.0,3173343.065056981,3173343.065056981,0.0,0.0,True,results/working/switch_budget_mechanism_audit.csv,False,False,False
Walmart,store_009__dept_005,high_switch_cost,governance_aware_dp,switch_budget_binding,active,3.0,375592.47072314704,425725.94964665704,50133.47892350994,3.0,False,results/working/switch_budget_mechanism_audit.csv,False,True,True
Walmart,store_009__dept_033,high_switch_cost,governance_aware_dp,switch_budget_binding,active,3.0,49015.396327792136,49704.381500786425,688.985172994282,3.0,False,results/working/switch_budget_mechanism_audit.csv,False,True,True
Walmart,store_009__dept_038,high_switch_cost,governance_aware_dp,switch_budget_binding,active,3.0,501314.4284711893,485652.61806615046,-15661.810405038821,3.0,False,results/working/switch_budget_mechanism_audit.csv,True,False,False
Walmart,store_010__dept_002,high_switch_cost,governance_aware_dp,switch_budget_binding,inactive,-2.0,476378.9802789738,476378.9802789738,0.0,0.0,True,results/working/switch_budget_mechanism_audit.csv,False,False,False
Walmart,store_010__dept_008,high_switch_cost,governance_aware_dp,switch_budget_binding,inactive,0.0,386810.66388854774,386810.66388854774,0.0,0.0,True,results/working/switch_budget_mechanism_audit.csv,False,False,False
Walmart,store_010__dept_038,high_switch_cost,governance_aware_dp,switch_budget_binding,active,5.0,594859.1803718536,710051.7630529356,115192.58268108207,5.0,False,results/working/switch_budget_mechanism_audit.csv,False,True,True
Walmart,store_010__dept_040,high_switch_cost,governance_aware_dp,switch_budget_binding,active,1.0,634082.1072623427,634154.0358805719,71.92861822922714,1.0,False,results/working/switch_budget_mechanism_audit.csv,False,False,True
Walmart,store_010__dept_072,high_switch_cost,governance_aware_dp,switch_budget_binding,active,7.0,1088895.7267958894,1043385.1542706012,-45510.57252528833,7.0,False,results/working/switch_budget_mechanism_audit.csv,True,False,False
Walmart,store_013__dept_038,high_switch_cost,governance_aware_dp,switch_budget_binding,active,1.0,399783.58589947893,399828.35722640186,44.771326923102606,1.0,False,results/working/switch_budget_mechanism_audit.csv,False,False,True
Walmart,store_013__dept_090,high_switch_cost,governance_aware_dp,switch_budget_binding,inactive,0.0,1234407.2986337268,1234407.2986337268,0.0,0.0,True,results/working/switch_budget_mechanism_audit.csv,False,False,False
Walmart,store_013__dept_091,high_switch_cost,governance_aware_dp,switch_budget_binding,active,2.0,407696.3195571588,407777.97527985217,81.65572269342374,2.0,False,results/working/switch_budget_mechanism_audit.csv,False,False,True
Walmart,store_013__dept_092,high_switch_cost,governance_aware_dp,switch_budget_binding,active,4.0,1326201.4981937874,1360787.0888948115,34585.59070102405,4.0,False,results/working/switch_budget_mechanism_audit.csv,False,True,True
Walmart,store_013__dept_095,high_switch_cost,governance_aware_dp,switch_budget_binding,active,5.0,995725.1648960076,1032243.0259561102,36517.86106010247,8.0,False,results/working/switch_budget_mechanism_audit.csv,False,True,True
Walmart,store_014__dept_002,high_switch_cost,governance_aware_dp,switch_budget_binding,inactive,0.0,424283.7910956386,424283.7910956386,0.0,0.0,True,results/working/switch_budget_mechanism_audit.csv,False,False,False
Walmart,store_014__dept_038,high_switch_cost,governance_aware_dp,switch_budget_binding,active,4.0,580892.9294792431,539506.9242114434,-41386.00526779972,4.0,False,results/working/switch_budget_mechanism_audit.csv,True,False,False
Walmart,store_014__dept_046,high_switch_cost,governance_aware_dp,switch_budget_binding,active,3.0,300268.023085428,300009.5773316227,-258.44575380528113,3.0,False,results/working/switch_budget_mechanism_audit.csv,False,False,True
Walmart,store_014__dept_072,high_switch_cost,governance_aware_dp,switch_budget_binding,inactive,0.0,1228208.3648691624,1228208.3648691624,0.0,0.0,True,results/working/switch_budget_mechanism_audit.csv,False,False,False
Walmart,store_014__dept_090,high_switch_cost,governance_aware_dp,switch_budget_binding,active,2.0,547282.8469829332,631863.8669761514,84581.01999321813,3.0,False,results/working/switch_budget_mechanism_audit.csv,False,True,True
Walmart,store_014__dept_091,high_switch_cost,governance_aware_dp,switch_budget_binding,active,3.0,415647.62975287397,415160.7990889928,-486.8306638812646,3.0,False,results/working/switch_budget_mechanism_audit.csv,False,False,True
Walmart,store_014__dept_092,high_switch_cost,governance_aware_dp,switch_budget_binding,active,7.0,963156.6165726716,982650.2829812936,19493.666408621822,7.0,False,results/working/switch_budget_mechanism_audit.csv,False,True,True
Walmart,store_014__dept_095,high_switch_cost,governance_aware_dp,switch_budget_binding,inactive,-1.0,784928.8042865156,784930.8042865156,2.0,-1.0,True,results/working/switch_budget_mechanism_audit.csv,False,False,False
Walmart,store_015__dept_026,high_switch_cost,governance_aware_dp,switch_budget_binding,active,4.0,356848.0034567308,356840.0034567308,-8.0,4.0,True,results/working/switch_budget_mechanism_audit.csv,False,False,True
Walmart,store_016__dept_096,high_switch_cost,governance_aware_dp,switch_budget_binding,inactive,-2.0,2658.0034135501623,2658.0034135501623,0.0,0.0,True,results/working/switch_budget_mechanism_audit.csv,False,False,False
Walmart,store_019__dept_092,high_switch_cost,governance_aware_dp,switch_budget_binding,active,2.0,1220457.4405706662,1245032.987791502,24575.547220835695,4.0,False,results/working/switch_budget_mechanism_audit.csv,False,True,True
Walmart,store_019__dept_095,high_switch_cost,governance_aware_dp,switch_budget_binding,inactive,-1.0,1168413.3720286589,1168413.3720286589,0.0,0.0,True,results/working/switch_budget_mechanism_audit.csv,False,False,False
Walmart,store_020__dept_038,high_switch_cost,governance_aware_dp,switch_budget_binding,active,2.0,560480.5275796433,549649.9288570307,-10830.598722612602,2.0,False,results/working/switch_budget_mechanism_audit.csv,True,False,False
Walmart,store_020__dept_040,high_switch_cost,governance_aware_dp,switch_budget_binding,active,3.0,413242.7423967704,519351.0422057674,106108.29980899704,3.0,False,results/working/switch_budget_mechanism_audit.csv,False,True,True
Walmart,store_020__dept_072,high_switch_cost,governance_aware_dp,switch_budget_binding,active,2.0,2426681.5422537858,2426677.5422537858,-4.0,2.0,True,results/working/switch_budget_mechanism_audit.csv,False,False,True
Walmart,store_020__dept_083,high_switch_cost,governance_aware_dp,switch_budget_binding,inactive,0.0,42169.03254967645,42169.03254967645,0.0,0.0,True,results/working/switch_budget_mechanism_audit.csv,False,False,False
Walmart,store_020__dept_090,high_switch_cost,governance_aware_dp,switch_budget_binding,active,5.0,515398.4110816779,497549.1878711253,-17849.22321055259,6.0,False,results/working/switch_budget_mechanism_audit.csv,True,False,False
Walmart,store_020__dept_092,high_switch_cost,governance_aware_dp,switch_budget_binding,active,2.0,867211.2391988477,875698.189074364,8486.949875516584,2.0,False,results/working/switch_budget_mechanism_audit.csv,False,False,True
Walmart,store_020__dept_095,high_switch_cost,governance_aware_dp,switch_budget_binding,active,6.0,879452.575708141,940725.6800463931,61273.104338252226,7.0,False,results/working/switch_budget_mechanism_audit.csv,False,True,True
Walmart,store_022__dept_059,high_switch_cost,governance_aware_dp,switch_budget_binding,active,1.0,3622.14190322094,5995.805908161357,2373.664004940417,4.0,False,results/working/switch_budget_mechanism_audit.csv,False,True,True
Walmart,store_023__dept_032,high_switch_cost,governance_aware_dp,switch_budget_binding,active,6.0,83193.58817869844,79629.47491267178,-3564.1132660266744,7.0,False,results/working/switch_budget_mechanism_audit.csv,True,False,False
Walmart,store_023__dept_072,high_switch_cost,governance_aware_dp,switch_budget_binding,inactive,-2.0,3222312.21365385,3222312.21365385,0.0,0.0,True,results/working/switch_budget_mechanism_audit.csv,False,False,False
Walmart,store_024__dept_018,high_switch_cost,governance_aware_dp,switch_budget_binding,inactive,-1.0,969311.2048888891,969311.2048888891,0.0,0.0,True,results/working/switch_budget_mechanism_audit.csv,False,False,False
Walmart,store_024__dept_040,high_switch_cost,governance_aware_dp,switch_budget_binding,inactive,-1.0,210045.00329523053,210045.00329523053,0.0,0.0,True,results/working/switch_budget_mechanism_audit.csv,False,False,False
Walmart,store_024__dept_092,high_switch_cost,governance_aware_dp,switch_budget_binding,inactive,-1.0,914941.9475748177,914941.9475748177,0.0,0.0,True,results/working/switch_budget_mechanism_audit.csv,False,False,False
Walmart,store_024__dept_095,high_switch_cost,governance_aware_dp,switch_budget_binding,inactive,-1.0,740161.7817088222,740161.7817088222,0.0,0.0,True,results/working/switch_budget_mechanism_audit.csv,False,False,False
Walmart,store_025__dept_018,high_switch_cost,governance_aware_dp,switch_budget_binding,inactive,0.0,998941.595125,998941.595125,0.0,0.0,True,results/working/switch_budget_mechanism_audit.csv,False,False,False
Walmart,store_026__dept_024,high_switch_cost,governance_aware_dp,switch_budget_binding,active,1.0,489960.5431249998,489958.5431249998,-2.0,1.0,True,results/working/switch_budget_mechanism_audit.csv,False,False,True
Walmart,store_026__dept_036,high_switch_cost,governance_aware_dp,switch_budget_binding,inactive,0.0,56485.81102940017,56485.81102940017,0.0,0.0,True,results/working/switch_budget_mechanism_audit.csv,False,False,False
Walmart,store_026__dept_038,high_switch_cost,governance_aware_dp,switch_budget_binding,active,1.0,674106.9648654507,681963.5900234127,7856.625157961971,1.0,False,results/working/switch_budget_mechanism_audit.csv,False,True,True
Walmart,store_026__dept_092,high_switch_cost,governance_aware_dp,switch_budget_binding,active,4.0,483323.0617112893,578885.5202183042,95562.45850701485,5.0,False,results/working/switch_budget_mechanism_audit.csv,False,True,True
Walmart,store_027__dept_071,high_switch_cost,governance_aware_dp,switch_budget_binding,active,3.0,108255.24377410776,107051.27637899894,-1203.9673951088334,4.0,False,results/working/switch_budget_mechanism_audit.csv,True,False,False
Walmart,store_027__dept_090,high_switch_cost,governance_aware_dp,switch_budget_binding,active,4.0,778649.436868866,790650.7776178763,12001.340749010327,4.0,False,results/working/switch_budget_mechanism_audit.csv,False,True,True
Walmart,store_027__dept_092,high_switch_cost,governance_aware_dp,switch_budget_binding,active,5.0,1551013.4059404929,1613659.3328032354,62645.926862742526,5.0,False,results/working/switch_budget_mechanism_audit.csv,False,True,True
Walmart,store_027__dept_095,high_switch_cost,governance_aware_dp,switch_budget_binding,inactive,0.0,1195825.4539305044,1195825.4539305044,0.0,0.0,True,results/working/switch_budget_mechanism_audit.csv,False,False,False
Walmart,store_028__dept_092,high_switch_cost,governance_aware_dp,switch_budget_binding,inactive,0.0,811509.4809624286,811509.4809624286,0.0,0.0,True,results/working/switch_budget_mechanism_audit.csv,False,False,False
Walmart,store_028__dept_095,high_switch_cost,governance_aware_dp,switch_budget_binding,active,2.0,635450.4144149306,635446.4144149306,-4.0,2.0,True,results/working/switch_budget_mechanism_audit.csv,False,False,True
Walmart,store_029__dept_027,high_switch_cost,governance_aware_dp,switch_budget_binding,active,4.0,30930.181014861588,31110.10776497464,179.9267501130416,4.0,False,results/working/switch_budget_mechanism_audit.csv,False,False,True
Walmart,store_030__dept_083,high_switch_cost,governance_aware_dp,switch_budget_binding,inactive,-2.0,13726.027829566236,13726.027829566236,0.0,0.0,True,results/working/switch_budget_mechanism_audit.csv,False,False,False
Walmart,store_031__dept_038,high_switch_cost,governance_aware_dp,switch_budget_binding,active,3.0,438048.5018899092,464411.05733945593,26362.555449546664,3.0,False,results/working/switch_budget_mechanism_audit.csv,False,True,True
Walmart,store_031__dept_046,high_switch_cost,governance_aware_dp,switch_budget_binding,active,6.0,196428.0063857179,174896.27406066895,-21531.732325048943,6.0,False,results/working/switch_budget_mechanism_audit.csv,True,False,False
Walmart,store_031__dept_079,high_switch_cost,governance_aware_dp,switch_budget_binding,active,5.0,210745.87996701128,219144.72905145725,8398.849084446003,5.0,False,results/working/switch_budget_mechanism_audit.csv,False,True,True
Walmart,store_031__dept_090,high_switch_cost,governance_aware_dp,switch_budget_binding,active,4.0,441648.218918132,440471.73093022744,-1176.4879879045766,4.0,False,results/working/switch_budget_mechanism_audit.csv,False,False,True
Walmart,store_031__dept_092,high_switch_cost,governance_aware_dp,switch_budget_binding,active,5.0,860334.2325578934,1034692.4916925158,174358.2591346223,8.0,False,results/working/switch_budget_mechanism_audit.csv,False,True,True
Walmart,store_031__dept_095,high_switch_cost,governance_aware_dp,switch_budget_binding,active,3.0,575726.3331739763,585313.6453172701,9587.312143293791,4.0,False,results/working/switch_budget_mechanism_audit.csv,False,True,True
Walmart,store_032__dept_092,high_switch_cost,governance_aware_dp,switch_budget_binding,active,6.0,1106444.7383330495,1108276.335382765,1831.5970497152305,6.0,False,results/working/switch_budget_mechanism_audit.csv,False,False,True
Walmart,store_032__dept_095,high_switch_cost,governance_aware_dp,switch_budget_binding,active,1.0,563741.0026662382,578310.6034673648,14569.600801126333,1.0,False,results/working/switch_budget_mechanism_audit.csv,False,True,True
Walmart,store_033__dept_094,high_switch_cost,governance_aware_dp,switch_budget_binding,inactive,-1.0,134574.75387843,134574.75387843,0.0,0.0,True,results/working/switch_budget_mechanism_audit.csv,False,False,False
Walmart,store_035__dept_072,high_switch_cost,governance_aware_dp,switch_budget_binding,active,6.0,1240665.577706998,1216162.0539318528,-24503.52377514541,6.0,False,results/working/switch_budget_mechanism_audit.csv,True,False,False
Walmart,store_036__dept_087,high_switch_cost,governance_aware_dp,switch_budget_binding,inactive,0.0,3751.056394710829,3751.056394710829,0.0,0.0,True,results/working/switch_budget_mechanism_audit.csv,False,False,False
Walmart,store_038__dept_002,high_switch_cost,governance_aware_dp,switch_budget_binding,inactive,-1.0,58587.23138503022,58587.23138503022,0.0,0.0,True,results/working/switch_budget_mechanism_audit.csv,False,False,False
Walmart,store_039__dept_092,high_switch_cost,governance_aware_dp,switch_budget_binding,active,2.0,976072.0099546338,976931.1330543332,859.1230996993837,2.0,False,results/working/switch_budget_mechanism_audit.csv,False,False,True
Walmart,store_039__dept_095,high_switch_cost,governance_aware_dp,switch_budget_binding,active,4.0,1124991.1673682227,1116461.0017080137,-8530.165660209022,4.0,False,results/working/switch_budget_mechanism_audit.csv,False,False,True
Walmart,store_040__dept_042,high_switch_cost,governance_aware_dp,switch_budget_binding,inactive,-1.0,30263.10972743426,30263.10972743426,0.0,0.0,True,results/working/switch_budget_mechanism_audit.csv,False,False,False
Walmart,store_040__dept_092,high_switch_cost,governance_aware_dp,switch_budget_binding,inactive,0.0,599272.159937009,599272.159937009,0.0,0.0,True,results/working/switch_budget_mechanism_audit.csv,False,False,False
Walmart,store_041__dept_033,high_switch_cost,governance_aware_dp,switch_budget_binding,active,4.0,577224.5018749997,577216.5018749997,-8.0,4.0,True,results/working/switch_budget_mechanism_audit.csv,False,False,True
Walmart,store_041__dept_092,high_switch_cost,governance_aware_dp,switch_budget_binding,active,2.0,1376636.3049388938,1377662.5010158126,1026.196076918859,2.0,False,results/working/switch_budget_mechanism_audit.csv,False,False,True
Walmart,store_041__dept_095,high_switch_cost,governance_aware_dp,switch_budget_binding,active,2.0,600118.9391387353,601642.7186331693,1523.779494434013,4.0,False,results/working/switch_budget_mechanism_audit.csv,False,False,True
Walmart,store_041__dept_096,high_switch_cost,governance_aware_dp,switch_budget_binding,active,3.0,34159.132623858415,36869.56000255627,2710.427378697852,3.0,False,results/working/switch_budget_mechanism_audit.csv,False,True,True
Walmart,store_042__dept_092,high_switch_cost,governance_aware_dp,switch_budget_binding,inactive,0.0,537780.2072309362,537780.2072309362,0.0,0.0,True,results/working/switch_budget_mechanism_audit.csv,False,False,False
Walmart,store_043__dept_092,high_switch_cost,governance_aware_dp,switch_budget_binding,active,5.0,409178.5690347488,408273.40902449813,-905.1600102506927,5.0,False,results/working/switch_budget_mechanism_audit.csv,False,False,True
Walmart,store_044__dept_009,high_switch_cost,governance_aware_dp,switch_budget_binding,inactive,-3.0,4323.636204700157,4323.636204700157,0.0,0.0,True,results/working/switch_budget_mechanism_audit.csv,False,False,False
Walmart,store_044__dept_017,high_switch_cost,governance_aware_dp,switch_budget_binding,inactive,-1.0,7395.122228625828,7395.122228625828,0.0,0.0,True,results/working/switch_budget_mechanism_audit.csv,False,False,False
Walmart,store_001__dept_038,long_lead,governance_aware_dp,switch_budget_binding,active,4.0,2114850.910920889,2087613.2345564303,-27237.67636445863,4.0,False,results/working/switch_budget_mechanism_audit.csv,True,False,False
Walmart,store_001__dept_090,long_lead,governance_aware_dp,switch_budget_binding,active,1.0,2505485.198160079,2482087.021470408,-23398.17668967089,2.0,False,results/working/switch_budget_mechanism_audit.csv,False,False,True
Walmart,store_001__dept_092,long_lead,governance_aware_dp,switch_budget_binding,active,1.0,4113616.53022294,4338142.172959968,224525.64273702863,1.0,False,results/working/switch_budget_mechanism_audit.csv,False,True,True
Walmart,store_001__dept_095,long_lead,governance_aware_dp,switch_budget_binding,active,1.0,4290819.091684674,4318741.6293620635,27922.53767738957,1.0,False,results/working/switch_budget_mechanism_audit.csv,False,False,True
Walmart,store_001__dept_098,long_lead,governance_aware_dp,switch_budget_binding,active,4.0,416427.8216052325,420416.9879642785,3989.166359046066,4.0,False,results/working/switch_budget_mechanism_audit.csv,False,False,True
Walmart,store_002__dept_038,long_lead,governance_aware_dp,switch_budget_binding,inactive,-2.0,2607017.214152697,2607017.214152697,0.0,0.0,True,results/working/switch_budget_mechanism_audit.csv,False,False,False
Walmart,store_002__dept_090,long_lead,governance_aware_dp,switch_budget_binding,active,2.0,2937618.4692956056,2938281.542305021,663.0730094155298,2.0,False,results/working/switch_budget_mechanism_audit.csv,False,False,True
Walmart,store_002__dept_091,long_lead,governance_aware_dp,switch_budget_binding,active,3.0,2421856.129486809,2418474.4262485057,-3381.7032383033074,3.0,False,results/working/switch_budget_mechanism_audit.csv,False,False,True
Walmart,store_002__dept_092,long_lead,governance_aware_dp,switch_budget_binding,active,2.0,5501654.523417478,5489848.3505003415,-11806.172917135991,3.0,False,results/working/switch_budget_mechanism_audit.csv,False,False,True
Walmart,store_002__dept_095,long_lead,governance_aware_dp,switch_budget_binding,active,1.0,4891453.937643345,4892472.583643343,1018.6459999997168,1.0,False,results/working/switch_budget_mechanism_audit.csv,False,False,True
Walmart,store_003__dept_014,long_lead,governance_aware_dp,switch_budget_binding,active,3.0,154196.59830345894,150874.23363214222,-3322.364671316784,3.0,False,results/working/switch_budget_mechanism_audit.csv,True,False,False
Walmart,store_003__dept_038,long_lead,governance_aware_dp,switch_budget_binding,active,2.0,3050318.7963574794,3050556.414138408,237.6177809289657,2.0,False,results/working/switch_budget_mechanism_audit.csv,False,False,True
Walmart,store_004__dept_002,long_lead,governance_aware_dp,switch_budget_binding,active,3.0,3008695.525487972,3009585.2336307582,889.7081427862868,3.0,False,results/working/switch_budget_mechanism_audit.csv,False,False,True
Walmart,store_004__dept_038,long_lead,governance_aware_dp,switch_budget_binding,inactive,0.0,2319956.109304128,2319956.109304128,0.0,0.0,True,results/working/switch_budget_mechanism_audit.csv,False,False,False
Walmart,store_004__dept_072,long_lead,governance_aware_dp,switch_budget_binding,active,2.0,3995822.343588238,4048754.3489536215,52932.00536538288,2.0,False,results/working/switch_budget_mechanism_audit.csv,False,True,True
Walmart,store_004__dept_090,long_lead,governance_aware_dp,switch_budget_binding,active,2.0,2604836.7643335727,2602867.8368194243,-1968.9275141493415,2.0,False,results/working/switch_budget_mechanism_audit.csv,False,False,True
Walmart,store_004__dept_092,long_lead,governance_aware_dp,switch_budget_binding,active,2.0,4992505.6154435985,4995770.8927008035,3265.277257204056,3.0,False,results/working/switch_budget_mechanism_audit.csv,False,False,True
Walmart,store_004__dept_095,long_lead,governance_aware_dp,switch_budget_binding,active,1.0,5225073.762934028,5226882.423947163,1808.6610131347552,1.0,False,results/working/switch_budget_mechanism_audit.csv,False,False,True
Walmart,store_006__dept_016,long_lead,governance_aware_dp,switch_budget_binding,inactive,-6.0,2831067.8410480106,2831067.8410480106,0.0,0.0,True,results/working/switch_budget_mechanism_audit.csv,False,False,False
Walmart,store_006__dept_038,long_lead,governance_aware_dp,switch_budget_binding,active,1.0,2472729.357234286,2472459.439234286,-269.9179999995977,1.0,False,results/working/switch_budget_mechanism_audit.csv,False,False,True
Walmart,store_006__dept_072,long_lead,governance_aware_dp,switch_budget_binding,inactive,0.0,2417798.635562518,2417798.635562518,0.0,0.0,True,results/working/switch_budget_mechanism_audit.csv,False,False,False
Walmart,store_006__dept_092,long_lead,governance_aware_dp,switch_budget_binding,active,1.0,3227609.123652295,3227608.873652295,-0.25,1.0,True,results/working/switch_budget_mechanism_audit.csv,False,False,True
Walmart,store_006__dept_095,long_lead,governance_aware_dp,switch_budget_binding,inactive,0.0,3527364.695875598,3527364.695875598,0.0,0.0,True,results/working/switch_budget_mechanism_audit.csv,False,False,False
Walmart,store_009__dept_003,long_lead,governance_aware_dp,switch_budget_binding,inactive,-3.0,3257624.8591249986,3257624.8591249986,0.0,0.0,True,results/working/switch_budget_mechanism_audit.csv,False,False,False
Walmart,store_009__dept_005,long_lead,governance_aware_dp,switch_budget_binding,inactive,-3.0,882279.3730640571,882167.4461239821,-111.9269400750054,-1.0,False,results/working/switch_budget_mechanism_audit.csv,False,False,False
Walmart,store_009__dept_033,long_lead,governance_aware_dp,switch_budget_binding,inactive,0.0,153083.19286413694,153083.19286413694,0.0,0.0,True,results/working/switch_budget_mechanism_audit.csv,False,False,False
Walmart,store_009__dept_038,long_lead,governance_aware_dp,switch_budget_binding,active,2.0,2599279.5246725557,2590582.313025236,-8697.211647320073,3.0,False,results/working/switch_budget_mechanism_audit.csv,False,False,True
Walmart,store_010__dept_002,long_lead,governance_aware_dp,switch_budget_binding,inactive,-1.0,3227575.1123652,3227575.1123652,0.0,0.0,True,results/working/switch_budget_mechanism_audit.csv,False,False,False
Walmart,store_010__dept_008,long_lead,governance_aware_dp,switch_budget_binding,active,2.0,2535235.686151965,2541960.347779475,6724.661627509631,2.0,False,results/working/switch_budget_mechanism_audit.csv,False,False,True
Walmart,store_010__dept_038,long_lead,governance_aware_dp,switch_budget_binding,active,2.0,3090648.6146931886,3091858.263050117,1209.6483569289558,2.0,False,results/working/switch_budget_mechanism_audit.csv,False,False,True
Walmart,store_010__dept_040,long_lead,governance_aware_dp,switch_budget_binding,active,4.0,2975197.5215575118,2973670.2805575132,-1527.2409999989904,4.0,False,results/working/switch_budget_mechanism_audit.csv,False,False,True
Walmart,store_010__dept_072,long_lead,governance_aware_dp,switch_budget_binding,inactive,-1.0,4005243.557166961,4005243.557166961,0.0,0.0,True,results/working/switch_budget_mechanism_audit.csv,False,False,False
Walmart,store_013__dept_038,long_lead,governance_aware_dp,switch_budget_binding,active,3.0,2448705.050818089,2447104.9644094347,-1600.0864086542279,3.0,False,results/working/switch_budget_mechanism_audit.csv,False,False,True
Walmart,store_013__dept_090,long_lead,governance_aware_dp,switch_budget_binding,inactive,0.0,4124794.403829048,4124794.403829048,0.0,0.0,True,results/working/switch_budget_mechanism_audit.csv,False,False,False
Walmart,store_013__dept_091,long_lead,governance_aware_dp,switch_budget_binding,active,2.0,2510767.2510196925,2498545.342273915,-12221.908745777793,2.0,False,results/working/switch_budget_mechanism_audit.csv,False,False,True
Walmart,store_013__dept_092,long_lead,governance_aware_dp,switch_budget_binding,active,4.0,5723820.99063154,5725300.142978809,1479.1523472685367,4.0,False,results/working/switch_budget_mechanism_audit.csv,False,False,True
Walmart,store_013__dept_095,long_lead,governance_aware_dp,switch_budget_binding,inactive,0.0,5464137.249696022,5464137.249696022,0.0,0.0,True,results/working/switch_budget_mechanism_audit.csv,False,False,False
Walmart,store_014__dept_002,long_lead,governance_aware_dp,switch_budget_binding,active,3.0,2442648.475503432,2452260.217270643,9611.741767210886,4.0,False,results/working/switch_budget_mechanism_audit.csv,False,False,True
Walmart,store_014__dept_038,long_lead,governance_aware_dp,switch_budget_binding,active,2.0,3164159.291984505,3164290.372568647,131.0805841423571,2.0,False,results/working/switch_budget_mechanism_audit.csv,False,False,True
Walmart,store_014__dept_046,long_lead,governance_aware_dp,switch_budget_binding,inactive,-4.0,1618596.288210276,1618596.288210276,0.0,0.0,True,results/working/switch_budget_mechanism_audit.csv,False,False,False
Walmart,store_014__dept_072,long_lead,governance_aware_dp,switch_budget_binding,inactive,-3.0,3067186.343039204,3067186.343039204,0.0,0.0,True,results/working/switch_budget_mechanism_audit.csv,False,False,False
Walmart,store_014__dept_090,long_lead,governance_aware_dp,switch_budget_binding,inactive,0.0,3222376.035552728,3222376.035552728,0.0,0.0,True,results/working/switch_budget_mechanism_audit.csv,False,False,False
Walmart,store_014__dept_091,long_lead,governance_aware_dp,switch_budget_binding,inactive,-3.0,2534448.072686708,2534448.072686708,0.0,0.0,True,results/working/switch_budget_mechanism_audit.csv,False,False,False
Walmart,store_014__dept_092,long_lead,governance_aware_dp,switch_budget_binding,active,2.0,5270418.694718184,5270930.172468302,511.47775011789054,2.0,False,results/working/switch_budget_mechanism_audit.csv,False,False,True
Walmart,store_014__dept_095,long_lead,governance_aware_dp,switch_budget_binding,inactive,-1.0,4671048.574525561,4671048.574525561,0.0,0.0,True,results/working/switch_budget_mechanism_audit.csv,False,False,False
Walmart,store_015__dept_026,long_lead,governance_aware_dp,switch_budget_binding,inactive,-1.0,473353.3371152168,473353.3371152168,0.0,0.0,True,results/working/switch_budget_mechanism_audit.csv,False,False,False
Walmart,store_016__dept_096,long_lead,governance_aware_dp,switch_budget_binding,inactive,0.0,7706.016711926337,7706.016711926337,0.0,0.0,True,results/working/switch_budget_mechanism_audit.csv,False,False,False
Walmart,store_019__dept_092,long_lead,governance_aware_dp,switch_budget_binding,active,1.0,4024473.092579033,4025124.4309896016,651.3384105688892,1.0,False,results/working/switch_budget_mechanism_audit.csv,False,False,True
Walmart,store_019__dept_095,long_lead,governance_aware_dp,switch_budget_binding,active,1.0,3082647.186136892,3082646.936136892,-0.25,1.0,True,results/working/switch_budget_mechanism_audit.csv,False,False,True
Walmart,store_020__dept_038,long_lead,governance_aware_dp,switch_budget_binding,active,1.0,3398266.0253115688,3398984.5640812493,718.5387696800752,1.0,False,results/working/switch_budget_mechanism_audit.csv,False,False,True
Walmart,store_020__dept_040,long_lead,governance_aware_dp,switch_budget_binding,inactive,0.0,2621152.0179415974,2621152.0179415974,0.0,0.0,True,results/working/switch_budget_mechanism_audit.csv,False,False,False
Walmart,store_020__dept_072,long_lead,governance_aware_dp,switch_budget_binding,inactive,-2.0,4329557.588960826,4329557.588960826,0.0,0.0,True,results/working/switch_budget_mechanism_audit.csv,False,False,False
Walmart,store_020__dept_083,long_lead,governance_aware_dp,switch_budget_binding,active,1.0,238271.9806800019,238271.4806800019,-0.5,2.0,True,results/working/switch_budget_mechanism_audit.csv,False,False,True
Walmart,store_020__dept_090,long_lead,governance_aware_dp,switch_budget_binding,active,3.0,2797300.687733696,2796408.687734078,-891.9999996176921,3.0,False,results/working/switch_budget_mechanism_audit.csv,False,False,True
Walmart,store_020__dept_092,long_lead,governance_aware_dp,switch_budget_binding,active,5.0,4730312.078612825,4755706.247772497,25394.169159672223,5.0,False,results/working/switch_budget_mechanism_audit.csv,False,False,True
Walmart,store_020__dept_095,long_lead,governance_aware_dp,switch_budget_binding,inactive,0.0,5434958.881632672,5434958.881632672,0.0,0.0,True,results/working/switch_budget_mechanism_audit.csv,False,False,False
Walmart,store_022__dept_059,long_lead,governance_aware_dp,switch_budget_binding,inactive,-1.0,12678.515984375,12678.515984375,0.0,0.0,True,results/working/switch_budget_mechanism_audit.csv,False,False,False
Walmart,store_023__dept_032,long_lead,governance_aware_dp,switch_budget_binding,inactive,0.0,393541.2642238168,393541.2642238168,0.0,0.0,True,results/working/switch_budget_mechanism_audit.csv,False,False,False
Walmart,store_023__dept_072,long_lead,governance_aware_dp,switch_budget_binding,active,1.0,3521187.945481331,3521187.695481331,-0.25,1.0,True,results/working/switch_budget_mechanism_audit.csv,False,False,True
Walmart,store_024__dept_018,long_lead,governance_aware_dp,switch_budget_binding,inactive,-4.0,969161.5396111113,969161.5396111113,0.0,0.0,True,results/working/switch_budget_mechanism_audit.csv,False,False,False
Walmart,store_024__dept_040,long_lead,governance_aware_dp,switch_budget_binding,active,2.0,1463700.4810873554,1462764.901395048,-935.579692307394,2.0,False,results/working/switch_budget_mechanism_audit.csv,False,False,True
Walmart,store_024__dept_092,long_lead,governance_aware_dp,switch_budget_binding,active,4.0,3720478.769357604,3720044.865486757,-433.9038708470762,4.0,False,results/working/switch_budget_mechanism_audit.csv,False,False,True
Walmart,store_024__dept_095,long_lead,governance_aware_dp,switch_budget_binding,inactive,-2.0,3593564.0809094883,3599163.03077968,5598.949870191514,-2.0,False,results/working/switch_budget_mechanism_audit.csv,False,False,False
Walmart,store_025__dept_018,long_lead,governance_aware_dp,switch_budget_binding,inactive,-3.0,998864.1576249999,998864.1576249999,0.0,0.0,True,results/working/switch_budget_mechanism_audit.csv,False,False,False
Walmart,store_026__dept_024,long_lead,governance_aware_dp,switch_budget_binding,inactive,-1.0,406577.8890430468,406577.8890430468,0.0,0.0,True,results/working/switch_budget_mechanism_audit.csv,False,False,False
Walmart,store_026__dept_036,long_lead,governance_aware_dp,switch_budget_binding,inactive,-3.0,69711.51131205868,69711.51131205868,0.0,0.0,True,results/working/switch_budget_mechanism_audit.csv,False,False,False
Walmart,store_026__dept_038,long_lead,governance_aware_dp,switch_budget_binding,active,3.0,3277483.43853273,3277482.68853273,-0.75,3.0,True,results/working/switch_budget_mechanism_audit.csv,False,False,True
Walmart,store_026__dept_092,long_lead,governance_aware_dp,switch_budget_binding,active,2.0,2601278.3688970744,2600826.598282841,-451.77061423333356,3.0,False,results/working/switch_budget_mechanism_audit.csv,False,False,True
Walmart,store_027__dept_071,long_lead,governance_aware_dp,switch_budget_binding,inactive,-1.0,282527.043203038,282527.043203038,0.0,0.0,True,results/working/switch_budget_mechanism_audit.csv,False,False,False
Walmart,store_027__dept_090,long_lead,governance_aware_dp,switch_budget_binding,active,3.0,3168928.15005198,3183929.4206400737,15001.270588093903,3.0,False,results/working/switch_budget_mechanism_audit.csv,False,False,True
Walmart,store_027__dept_092,long_lead,governance_aware_dp,switch_budget_binding,active,3.0,5573031.853185268,5575728.671185268,2696.8179999999697,3.0,False,results/working/switch_budget_mechanism_audit.csv,False,False,True
Walmart,store_027__dept_095,long_lead,governance_aware_dp,switch_budget_binding,active,1.0,4347478.664685097,4347478.414685097,-0.25,1.0,True,results/working/switch_budget_mechanism_audit.csv,False,False,True
Walmart,store_028__dept_092,long_lead,governance_aware_dp,switch_budget_binding,inactive,0.0,2801549.0787535505,2792487.5427051373,-9061.536048413254,0.0,False,results/working/switch_budget_mechanism_audit.csv,False,False,False
Walmart,store_028__dept_095,long_lead,governance_aware_dp,switch_budget_binding,inactive,0.0,3314134.757967278,3314134.757967278,0.0,0.0,True,results/working/switch_budget_mechanism_audit.csv,False,False,False
Walmart,store_029__dept_027,long_lead,governance_aware_dp,switch_budget_binding,active,3.0,69482.5559758448,69481.8059758448,-0.75,3.0,True,results/working/switch_budget_mechanism_audit.csv,False,False,True
Walmart,store_030__dept_083,long_lead,governance_aware_dp,switch_budget_binding,active,1.0,65614.83184836965,65614.58184836965,-0.25,1.0,True,results/working/switch_budget_mechanism_audit.csv,False,False,True
Walmart,store_031__dept_038,long_lead,governance_aware_dp,switch_budget_binding,active,2.0,2788449.6911787256,2798075.095682451,9625.40450372547,2.0,False,results/working/switch_budget_mechanism_audit.csv,False,False,True
Walmart,store_031__dept_046,long_lead,governance_aware_dp,switch_budget_binding,inactive,-4.0,1105540.5676743959,1105540.5676743959,0.0,0.0,True,results/working/switch_budget_mechanism_audit.csv,False,False,False
Walmart,store_031__dept_079,long_lead,governance_aware_dp,switch_budget_binding,active,3.0,1160716.893400035,1155058.1435032045,-5658.749896830879,3.0,False,results/working/switch_budget_mechanism_audit.csv,False,False,True
Walmart,store_031__dept_090,long_lead,governance_aware_dp,switch_budget_binding,active,3.0,2590970.43807916,2587785.9250894967,-3184.512989663985,3.0,False,results/working/switch_budget_mechanism_audit.csv,False,False,True
Walmart,store_031__dept_092,long_lead,governance_aware_dp,switch_budget_binding,active,3.0,3956812.049698986,3957146.4040892976,334.3543903115205,3.0,False,results/working/switch_budget_mechanism_audit.csv,False,False,True
Walmart,store_031__dept_095,long_lead,governance_aware_dp,switch_budget_binding,inactive,0.0,3535325.252083573,3535325.252083573,0.0,0.0,True,results/working/switch_budget_mechanism_audit.csv,False,False,False
Walmart,store_032__dept_092,long_lead,governance_aware_dp,switch_budget_binding,active,3.0,3248471.341310605,3247601.184891052,-870.1564195533282,3.0,False,results/working/switch_budget_mechanism_audit.csv,False,False,True
Walmart,store_032__dept_095,long_lead,governance_aware_dp,switch_budget_binding,active,2.0,2704208.0389506617,2703888.213947161,-319.8250035014935,2.0,False,results/working/switch_budget_mechanism_audit.csv,False,False,True
Walmart,store_033__dept_094,long_lead,governance_aware_dp,switch_budget_binding,inactive,0.0,822752.3674505089,822752.3674505089,0.0,0.0,True,results/working/switch_budget_mechanism_audit.csv,False,False,False
Walmart,store_035__dept_072,long_lead,governance_aware_dp,switch_budget_binding,inactive,-1.0,3464209.5940406187,3464209.5940406187,0.0,0.0,True,results/working/switch_budget_mechanism_audit.csv,False,False,False
Walmart,store_036__dept_087,long_lead,governance_aware_dp,switch_budget_binding,active,1.0,10626.711632483493,10626.461632483493,-0.25,1.0,True,results/working/switch_budget_mechanism_audit.csv,False,False,True
Walmart,store_038__dept_002,long_lead,governance_aware_dp,switch_budget_binding,inactive,-2.0,342190.5960913021,342190.5960913021,0.0,0.0,True,results/working/switch_budget_mechanism_audit.csv,False,False,False
Walmart,store_039__dept_092,long_lead,governance_aware_dp,switch_budget_binding,active,1.0,3599103.031325415,3599150.6948638763,47.6635384610854,1.0,False,results/working/switch_budget_mechanism_audit.csv,False,False,True
Walmart,store_039__dept_095,long_lead,governance_aware_dp,switch_budget_binding,active,5.0,4096561.728392317,4092704.521798538,-3857.206593778916,5.0,False,results/working/switch_budget_mechanism_audit.csv,False,False,True
Walmart,store_040__dept_042,long_lead,governance_aware_dp,switch_budget_binding,active,2.0,148802.50840023506,148861.74642527118,59.2380250361166,2.0,False,results/working/switch_budget_mechanism_audit.csv,False,False,True
Walmart,store_040__dept_092,long_lead,governance_aware_dp,switch_budget_binding,inactive,0.0,2973999.6617431925,2973999.6617431925,0.0,0.0,True,results/working/switch_budget_mechanism_audit.csv,False,False,False
Walmart,store_041__dept_033,long_lead,governance_aware_dp,switch_budget_binding,inactive,-2.0,591540.154855769,591540.154855769,0.0,0.0,True,results/working/switch_budget_mechanism_audit.csv,False,False,False
Walmart,store_041__dept_092,long_lead,governance_aware_dp,switch_budget_binding,active,1.0,4601326.751597332,4601326.501597332,-0.25,1.0,True,results/working/switch_budget_mechanism_audit.csv,False,False,True
Walmart,store_041__dept_095,long_lead,governance_aware_dp,switch_budget_binding,inactive,-3.0,3125739.2510934486,3125739.2510934486,0.0,0.0,True,results/working/switch_budget_mechanism_audit.csv,False,False,False
Walmart,store_041__dept_096,long_lead,governance_aware_dp,switch_budget_binding,inactive,-3.0,150379.03416669994,150379.03416669994,0.0,0.0,True,results/working/switch_budget_mechanism_audit.csv,False,False,False
Walmart,store_042__dept_092,long_lead,governance_aware_dp,switch_budget_binding,active,2.0,2748240.426334414,2748781.559969861,541.1336354464293,2.0,False,results/working/switch_budget_mechanism_audit.csv,False,False,True
Walmart,store_043__dept_092,long_lead,governance_aware_dp,switch_budget_binding,active,3.0,2217463.7810847717,2216740.16162781,-723.619456961751,3.0,False,results/working/switch_budget_mechanism_audit.csv,False,False,True
Walmart,store_044__dept_009,long_lead,governance_aware_dp,switch_budget_binding,inactive,-5.0,12925.652283900932,12925.652283900932,0.0,0.0,True,results/working/switch_budget_mechanism_audit.csv,False,False,False
Walmart,store_044__dept_017,long_lead,governance_aware_dp,switch_budget_binding,active,1.0,17041.377542556493,17032.020773325155,-9.356769231337239,3.0,False,results/working/switch_budget_mechanism_audit.csv,False,False,True
Walmart,store_001__dept_038,persistent_backlog,governance_aware_dp,switch_budget_binding,active,5.0,3225718.562332473,3225716.062332473,-2.5,5.0,True,results/working/switch_budget_mechanism_audit.csv,False,False,True
Walmart,store_001__dept_090,persistent_backlog,governance_aware_dp,switch_budget_binding,active,2.0,4376041.498279613,4376040.498279613,-1.0,2.0,True,results/working/switch_budget_mechanism_audit.csv,False,False,True
Walmart,store_001__dept_092,persistent_backlog,governance_aware_dp,switch_budget_binding,active,2.0,6352189.817908675,6005592.279214364,-346597.5386943109,2.0,False,results/working/switch_budget_mechanism_audit.csv,True,False,False
Walmart,store_001__dept_095,persistent_backlog,governance_aware_dp,switch_budget_binding,active,2.0,4486224.081054614,4486223.081054614,-1.0,2.0,True,results/working/switch_budget_mechanism_audit.csv,False,False,True
Walmart,store_001__dept_098,persistent_backlog,governance_aware_dp,switch_budget_binding,active,4.0,492286.3908877622,418254.00149717,-74032.38939059223,4.0,False,results/working/switch_budget_mechanism_audit.csv,True,False,False
Walmart,store_002__dept_038,persistent_backlog,governance_aware_dp,switch_budget_binding,active,1.0,1874970.4333849887,1874969.9333849887,-0.5,1.0,True,results/working/switch_budget_mechanism_audit.csv,False,False,True
Walmart,store_002__dept_090,persistent_backlog,governance_aware_dp,switch_budget_binding,active,3.0,4992650.467360828,4992648.967360828,-1.5,3.0,True,results/working/switch_budget_mechanism_audit.csv,False,False,True
Walmart,store_002__dept_091,persistent_backlog,governance_aware_dp,switch_budget_binding,active,2.0,2826225.217986028,2826224.217986028,-1.0,2.0,True,results/working/switch_budget_mechanism_audit.csv,False,False,True
Walmart,store_002__dept_092,persistent_backlog,governance_aware_dp,switch_budget_binding,active,4.0,9586822.22061994,9586820.22061994,-2.0,4.0,True,results/working/switch_budget_mechanism_audit.csv,False,False,True
Walmart,store_002__dept_095,persistent_backlog,governance_aware_dp,switch_budget_binding,active,4.0,4987732.704840591,4987730.704840591,-2.0,4.0,True,results/working/switch_budget_mechanism_audit.csv,False,False,True
Walmart,store_003__dept_014,persistent_backlog,governance_aware_dp,switch_budget_binding,active,3.0,139853.29834126873,139851.79834126873,-1.5,3.0,True,results/working/switch_budget_mechanism_audit.csv,False,False,True
Walmart,store_003__dept_038,persistent_backlog,governance_aware_dp,switch_budget_binding,active,3.0,3240278.714520118,3240277.214520118,-1.5,3.0,True,results/working/switch_budget_mechanism_audit.csv,False,False,True
Walmart,store_004__dept_002,persistent_backlog,governance_aware_dp,switch_budget_binding,inactive,0.0,4133684.179729671,4133684.179729671,0.0,0.0,True,results/working/switch_budget_mechanism_audit.csv,False,False,False
Walmart,store_004__dept_038,persistent_backlog,governance_aware_dp,switch_budget_binding,active,3.0,2628608.6236413736,2628607.1236413736,-1.5,3.0,True,results/working/switch_budget_mechanism_audit.csv,False,False,True
Walmart,store_004__dept_072,persistent_backlog,governance_aware_dp,switch_budget_binding,active,2.0,7045330.230160201,7045329.230160201,-1.0,2.0,True,results/working/switch_budget_mechanism_audit.csv,False,False,True
Walmart,store_004__dept_090,persistent_backlog,governance_aware_dp,switch_budget_binding,active,3.0,4940278.696597798,4940277.196597798,-1.5,3.0,True,results/working/switch_budget_mechanism_audit.csv,False,False,True
Walmart,store_004__dept_092,persistent_backlog,governance_aware_dp,switch_budget_binding,active,2.0,9185870.084840767,9185869.084840767,-1.0,2.0,True,results/working/switch_budget_mechanism_audit.csv,False,False,True
Walmart,store_004__dept_095,persistent_backlog,governance_aware_dp,switch_budget_binding,active,2.0,5060301.899247697,5060300.899247697,-1.0,2.0,True,results/working/switch_budget_mechanism_audit.csv,False,False,True
Walmart,store_006__dept_016,persistent_backlog,governance_aware_dp,switch_budget_binding,inactive,-5.0,1482459.2948818954,1482459.2948818954,0.0,0.0,True,results/working/switch_budget_mechanism_audit.csv,False,False,False
Walmart,store_006__dept_038,persistent_backlog,governance_aware_dp,switch_budget_binding,active,5.0,2337086.326704717,2337083.826704717,-2.5,5.0,True,results/working/switch_budget_mechanism_audit.csv,False,False,True
Walmart,store_006__dept_072,persistent_backlog,governance_aware_dp,switch_budget_binding,active,4.0,2353392.5034920205,2353390.5034920205,-2.0,4.0,True,results/working/switch_budget_mechanism_audit.csv,False,False,True
Walmart,store_006__dept_092,persistent_backlog,governance_aware_dp,switch_budget_binding,active,1.0,3496497.9793153857,3496496.9793153857,-1.0,2.0,True,results/working/switch_budget_mechanism_audit.csv,False,False,True
Walmart,store_006__dept_095,persistent_backlog,governance_aware_dp,switch_budget_binding,inactive,0.0,2002113.490342461,2002113.490342461,0.0,0.0,True,results/working/switch_budget_mechanism_audit.csv,False,False,False
Walmart,store_009__dept_003,persistent_backlog,governance_aware_dp,switch_budget_binding,inactive,-3.0,3995017.355275,3995017.355275,0.0,0.0,True,results/working/switch_budget_mechanism_audit.csv,False,False,False
Walmart,store_009__dept_005,persistent_backlog,governance_aware_dp,switch_budget_binding,active,2.0,958775.646674346,958774.646674346,-1.0,2.0,True,results/working/switch_budget_mechanism_audit.csv,False,False,True
Walmart,store_009__dept_033,persistent_backlog,governance_aware_dp,switch_budget_binding,inactive,-1.0,376053.6851365383,376053.6851365383,0.0,0.0,True,results/working/switch_budget_mechanism_audit.csv,False,False,False
Walmart,store_009__dept_038,persistent_backlog,governance_aware_dp,switch_budget_binding,inactive,0.0,2373154.5277986014,2373154.5277986014,0.0,0.0,True,results/working/switch_budget_mechanism_audit.csv,False,False,False
Walmart,store_010__dept_002,persistent_backlog,governance_aware_dp,switch_budget_binding,active,5.0,3142160.3436134607,3181710.824335372,39550.480721911415,5.0,False,results/working/switch_budget_mechanism_audit.csv,False,True,True
Walmart,store_010__dept_008,persistent_backlog,governance_aware_dp,switch_budget_binding,inactive,0.0,3618176.7203261512,3618176.7203261512,0.0,0.0,True,results/working/switch_budget_mechanism_audit.csv,False,False,False
Walmart,store_010__dept_038,persistent_backlog,governance_aware_dp,switch_budget_binding,active,1.0,3073671.6562350863,3073671.1562350863,-0.5,1.0,True,results/working/switch_budget_mechanism_audit.csv,False,False,True
Walmart,store_010__dept_040,persistent_backlog,governance_aware_dp,switch_budget_binding,inactive,0.0,4200159.443463465,4200159.443463465,0.0,0.0,True,results/working/switch_budget_mechanism_audit.csv,False,False,False
Walmart,store_010__dept_072,persistent_backlog,governance_aware_dp,switch_budget_binding,active,5.0,6567568.435780311,6567565.935780311,-2.5,5.0,True,results/working/switch_budget_mechanism_audit.csv,False,False,True
Walmart,store_013__dept_038,persistent_backlog,governance_aware_dp,switch_budget_binding,active,5.0,3395018.3519942323,3395015.8519942323,-2.5,5.0,True,results/working/switch_budget_mechanism_audit.csv,False,False,True
Walmart,store_013__dept_090,persistent_backlog,governance_aware_dp,switch_budget_binding,active,3.0,6940771.095783083,6940769.595783083,-1.5,3.0,True,results/working/switch_budget_mechanism_audit.csv,False,False,True
Walmart,store_013__dept_091,persistent_backlog,governance_aware_dp,switch_budget_binding,active,2.0,3286014.8054142343,3286013.8054142343,-1.0,2.0,True,results/working/switch_budget_mechanism_audit.csv,False,False,True
Walmart,store_013__dept_092,persistent_backlog,governance_aware_dp,switch_budget_binding,active,3.0,9140177.29673039,9140175.79673039,-1.5,3.0,True,results/working/switch_budget_mechanism_audit.csv,False,False,True
Walmart,store_013__dept_095,persistent_backlog,governance_aware_dp,switch_budget_binding,active,1.0,3513329.586573077,3513328.586573077,-1.0,2.0,True,results/working/switch_budget_mechanism_audit.csv,False,False,True
Walmart,store_014__dept_002,persistent_backlog,governance_aware_dp,switch_budget_binding,active,4.0,1154490.544450385,1154488.544450385,-2.0,4.0,True,results/working/switch_budget_mechanism_audit.csv,False,False,True
Walmart,store_014__dept_038,persistent_backlog,governance_aware_dp,switch_budget_binding,active,1.0,2164414.1912634843,2164413.6912634843,-0.5,1.0,True,results/working/switch_budget_mechanism_audit.csv,False,False,True
Walmart,store_014__dept_046,persistent_backlog,governance_aware_dp,switch_budget_binding,inactive,-3.0,768287.8384425323,768287.8384425323,0.0,0.0,True,results/working/switch_budget_mechanism_audit.csv,False,False,False
Walmart,store_014__dept_072,persistent_backlog,governance_aware_dp,switch_budget_binding,active,2.0,5133606.258345715,5133605.258345715,-1.0,2.0,True,results/working/switch_budget_mechanism_audit.csv,False,False,True
Walmart,store_014__dept_090,persistent_backlog,governance_aware_dp,switch_budget_binding,active,1.0,3029823.9487000057,3029823.4487000057,-0.5,1.0,True,results/working/switch_budget_mechanism_audit.csv,False,False,True
Walmart,store_014__dept_091,persistent_backlog,governance_aware_dp,switch_budget_binding,inactive,-1.0,2357110.7478540903,2357110.7478540903,0.0,0.0,True,results/working/switch_budget_mechanism_audit.csv,False,False,False
Walmart,store_014__dept_092,persistent_backlog,governance_aware_dp,switch_budget_binding,inactive,-2.0,4935861.2262643315,4935861.2262643315,0.0,0.0,True,results/working/switch_budget_mechanism_audit.csv,False,False,False
Walmart,store_014__dept_095,persistent_backlog,governance_aware_dp,switch_budget_binding,active,5.0,2116330.3009291925,2118895.039086684,2564.738157491665,5.0,False,results/working/switch_budget_mechanism_audit.csv,False,False,True
Walmart,store_015__dept_026,persistent_backlog,governance_aware_dp,switch_budget_binding,inactive,-2.0,480767.7132953462,480767.7132953462,0.0,0.0,True,results/working/switch_budget_mechanism_audit.csv,False,False,False
Walmart,store_016__dept_096,persistent_backlog,governance_aware_dp,switch_budget_binding,active,2.0,2148.586487785786,2147.586487785786,-1.0,2.0,True,results/working/switch_budget_mechanism_audit.csv,False,False,True
Walmart,store_019__dept_092,persistent_backlog,governance_aware_dp,switch_budget_binding,active,3.0,7468569.835121153,7468568.335121153,-1.5,3.0,True,results/working/switch_budget_mechanism_audit.csv,False,False,True
Walmart,store_019__dept_095,persistent_backlog,governance_aware_dp,switch_budget_binding,active,2.0,3912720.48493231,3912719.48493231,-1.0,2.0,True,results/working/switch_budget_mechanism_audit.csv,False,False,True
Walmart,store_020__dept_038,persistent_backlog,governance_aware_dp,switch_budget_binding,active,2.0,3955433.313121348,3947284.3131213463,-8149.000000002328,2.0,False,results/working/switch_budget_mechanism_audit.csv,False,False,True
Walmart,store_020__dept_040,persistent_backlog,governance_aware_dp,switch_budget_binding,active,5.0,4304021.101418458,4223468.111151408,-80552.99026704952,5.0,False,results/working/switch_budget_mechanism_audit.csv,True,False,False
Walmart,store_020__dept_072,persistent_backlog,governance_aware_dp,switch_budget_binding,active,1.0,7038493.351597942,7038492.851597942,-0.5,1.0,True,results/working/switch_budget_mechanism_audit.csv,False,False,True
Walmart,store_020__dept_083,persistent_backlog,governance_aware_dp,switch_budget_binding,active,3.0,103483.83953383604,103482.33953383604,-1.5,3.0,True,results/working/switch_budget_mechanism_audit.csv,False,False,True
Walmart,store_020__dept_090,persistent_backlog,governance_aware_dp,switch_budget_binding,active,2.0,4279848.955465377,4371270.900465463,91421.94500008598,2.0,False,results/working/switch_budget_mechanism_audit.csv,False,True,True
Walmart,store_020__dept_092,persistent_backlog,governance_aware_dp,switch_budget_binding,active,3.0,7360019.868580769,7950943.543996619,590923.6754158493,3.0,False,results/working/switch_budget_mechanism_audit.csv,False,True,True
Walmart,store_020__dept_095,persistent_backlog,governance_aware_dp,switch_budget_binding,active,3.0,3386148.0407743645,3617758.0672403937,231610.02646603016,3.0,False,results/working/switch_budget_mechanism_audit.csv,False,True,True
Walmart,store_022__dept_059,persistent_backlog,governance_aware_dp,switch_budget_binding,active,1.0,10431.96556764943,10161.20431876018,-270.7612488892519,1.0,False,results/working/switch_budget_mechanism_audit.csv,True,False,False
Walmart,store_023__dept_032,persistent_backlog,governance_aware_dp,switch_budget_binding,active,2.0,180716.61825000023,180715.61825000023,-1.0,2.0,True,results/working/switch_budget_mechanism_audit.csv,False,False,True
Walmart,store_023__dept_072,persistent_backlog,governance_aware_dp,switch_budget_binding,active,3.0,7407046.500607695,7407045.000607695,-1.5,3.0,True,results/working/switch_budget_mechanism_audit.csv,False,False,True
Walmart,store_024__dept_018,persistent_backlog,governance_aware_dp,switch_budget_binding,inactive,-3.0,969603.1302444444,969603.1302444444,0.0,0.0,True,results/working/switch_budget_mechanism_audit.csv,False,False,False
Walmart,store_024__dept_040,persistent_backlog,governance_aware_dp,switch_budget_binding,active,4.0,1617700.9526394857,1617698.9526394857,-2.0,4.0,True,results/working/switch_budget_mechanism_audit.csv,False,False,True
Walmart,store_024__dept_092,persistent_backlog,governance_aware_dp,switch_budget_binding,active,1.0,5813506.218407969,6129660.5304099135,316154.31200194545,1.0,False,results/working/switch_budget_mechanism_audit.csv,False,True,True
Walmart,store_024__dept_095,persistent_backlog,governance_aware_dp,switch_budget_binding,active,4.0,1889168.8385502887,1889166.8385502887,-2.0,4.0,True,results/working/switch_budget_mechanism_audit.csv,False,False,True
Walmart,store_025__dept_018,persistent_backlog,governance_aware_dp,switch_budget_binding,inactive,-2.0,999118.732625,999118.732625,0.0,0.0,True,results/working/switch_budget_mechanism_audit.csv,False,False,False
Walmart,store_026__dept_024,persistent_backlog,governance_aware_dp,switch_budget_binding,inactive,-1.0,629406.1502019229,629406.1502019229,0.0,0.0,True,results/working/switch_budget_mechanism_audit.csv,False,False,False
Walmart,store_026__dept_036,persistent_backlog,governance_aware_dp,switch_budget_binding,inactive,-1.0,43337.517398092896,43337.517398092896,0.0,0.0,True,results/working/switch_budget_mechanism_audit.csv,False,False,False
Walmart,store_026__dept_038,persistent_backlog,governance_aware_dp,switch_budget_binding,active,3.0,3060558.5969633493,3056363.422033285,-4195.174930064939,3.0,False,results/working/switch_budget_mechanism_audit.csv,False,False,True
Walmart,store_026__dept_092,persistent_backlog,governance_aware_dp,switch_budget_binding,inactive,0.0,4935230.702463279,4935230.702463279,0.0,0.0,True,results/working/switch_budget_mechanism_audit.csv,False,False,False
Walmart,store_027__dept_071,persistent_backlog,governance_aware_dp,switch_budget_binding,active,1.0,496596.3899711536,496595.8899711536,-0.5,1.0,True,results/working/switch_budget_mechanism_audit.csv,False,False,True
Walmart,store_027__dept_090,persistent_backlog,governance_aware_dp,switch_budget_binding,active,4.0,4498425.632448462,4498423.632448462,-2.0,4.0,True,results/working/switch_budget_mechanism_audit.csv,False,False,True
Walmart,store_027__dept_092,persistent_backlog,governance_aware_dp,switch_budget_binding,active,2.0,7007189.536513465,7007188.536513465,-1.0,2.0,True,results/working/switch_budget_mechanism_audit.csv,False,False,True
Walmart,store_027__dept_095,persistent_backlog,governance_aware_dp,switch_budget_binding,inactive,-1.0,2003483.739290008,2003483.739290008,0.0,0.0,True,results/working/switch_budget_mechanism_audit.csv,False,False,False
Walmart,store_028__dept_092,persistent_backlog,governance_aware_dp,switch_budget_binding,active,2.0,4687411.667715381,4650113.0877653835,-37298.579949997365,2.0,False,results/working/switch_budget_mechanism_audit.csv,False,False,True
Walmart,store_028__dept_095,persistent_backlog,governance_aware_dp,switch_budget_binding,active,2.0,2835560.234565386,2940349.2706985287,104789.03613314264,3.0,False,results/working/switch_budget_mechanism_audit.csv,False,True,True
Walmart,store_029__dept_027,persistent_backlog,governance_aware_dp,switch_budget_binding,active,1.0,86979.56761384607,86979.06761384607,-0.5,1.0,True,results/working/switch_budget_mechanism_audit.csv,False,False,True
Walmart,store_030__dept_083,persistent_backlog,governance_aware_dp,switch_budget_binding,active,3.0,25079.86284542531,25019.35309217139,-60.509753253918454,3.0,False,results/working/switch_budget_mechanism_audit.csv,False,False,True
Walmart,store_031__dept_038,persistent_backlog,governance_aware_dp,switch_budget_binding,active,4.0,1955809.9324926927,1955807.9324926927,-2.0,4.0,True,results/working/switch_budget_mechanism_audit.csv,False,False,True
Walmart,store_031__dept_046,persistent_backlog,governance_aware_dp,switch_budget_binding,active,3.0,422430.7199740915,422926.4873000061,495.7673259145813,3.0,False,results/working/switch_budget_mechanism_audit.csv,False,False,True
Walmart,store_031__dept_079,persistent_backlog,governance_aware_dp,switch_budget_binding,inactive,-1.0,1207329.0322955379,1207329.0322955379,0.0,0.0,True,results/working/switch_budget_mechanism_audit.csv,False,False,False
Walmart,store_031__dept_090,persistent_backlog,governance_aware_dp,switch_budget_binding,active,4.0,4062395.5873011523,4062393.5873011523,-2.0,4.0,True,results/working/switch_budget_mechanism_audit.csv,False,False,True
Walmart,store_031__dept_092,persistent_backlog,governance_aware_dp,switch_budget_binding,active,2.0,5960895.355594967,5960894.355594967,-1.0,2.0,True,results/working/switch_budget_mechanism_audit.csv,False,False,True
Walmart,store_031__dept_095,persistent_backlog,governance_aware_dp,switch_budget_binding,active,2.0,3600519.0261303787,3600518.0261303787,-1.0,2.0,True,results/working/switch_budget_mechanism_audit.csv,False,False,True
Walmart,store_032__dept_092,persistent_backlog,governance_aware_dp,switch_budget_binding,active,1.0,5593624.864578844,5593624.364578844,-0.5,1.0,True,results/working/switch_budget_mechanism_audit.csv,False,False,True
Walmart,store_032__dept_095,persistent_backlog,governance_aware_dp,switch_budget_binding,inactive,-4.0,3169166.5948484554,3169166.5948484554,0.0,0.0,True,results/working/switch_budget_mechanism_audit.csv,False,False,False
Walmart,store_033__dept_094,persistent_backlog,governance_aware_dp,switch_budget_binding,active,3.0,682034.5670120798,863926.7333178491,181892.16630576915,3.0,False,results/working/switch_budget_mechanism_audit.csv,False,True,True
Walmart,store_035__dept_072,persistent_backlog,governance_aware_dp,switch_budget_binding,active,3.0,6906240.547467307,6906239.047467307,-1.5,3.0,True,results/working/switch_budget_mechanism_audit.csv,False,False,True
Walmart,store_036__dept_087,persistent_backlog,governance_aware_dp,switch_budget_binding,inactive,-2.0,6255.86826752023,6255.86826752023,0.0,0.0,True,results/working/switch_budget_mechanism_audit.csv,False,False,False
Walmart,store_038__dept_002,persistent_backlog,governance_aware_dp,switch_budget_binding,active,2.0,481348.590803301,481347.590803301,-1.0,2.0,True,results/working/switch_budget_mechanism_audit.csv,False,False,True
Walmart,store_039__dept_092,persistent_backlog,governance_aware_dp,switch_budget_binding,active,4.0,7784306.123441684,7784304.123441684,-2.0,4.0,True,results/working/switch_budget_mechanism_audit.csv,False,False,True
Walmart,store_039__dept_095,persistent_backlog,governance_aware_dp,switch_budget_binding,active,3.0,6290131.010152694,6290129.510152694,-1.5,3.0,True,results/working/switch_budget_mechanism_audit.csv,False,False,True
Walmart,store_040__dept_042,persistent_backlog,governance_aware_dp,switch_budget_binding,inactive,0.0,175035.00560777332,175035.00560777332,0.0,0.0,True,results/working/switch_budget_mechanism_audit.csv,False,False,False
Walmart,store_040__dept_092,persistent_backlog,governance_aware_dp,switch_budget_binding,inactive,0.0,4351490.665176926,4351490.665176926,0.0,0.0,True,results/working/switch_budget_mechanism_audit.csv,False,False,False
Walmart,store_041__dept_033,persistent_backlog,governance_aware_dp,switch_budget_binding,active,1.0,890443.6616288465,890443.1616288465,-0.5,1.0,True,results/working/switch_budget_mechanism_audit.csv,False,False,True
Walmart,store_041__dept_092,persistent_backlog,governance_aware_dp,switch_budget_binding,inactive,0.0,7686776.874426924,7686776.874426924,0.0,0.0,True,results/working/switch_budget_mechanism_audit.csv,False,False,False
Walmart,store_041__dept_095,persistent_backlog,governance_aware_dp,switch_budget_binding,inactive,0.0,3357646.8322249963,3357646.8322249963,0.0,0.0,True,results/working/switch_budget_mechanism_audit.csv,False,False,False
Walmart,store_041__dept_096,persistent_backlog,governance_aware_dp,switch_budget_binding,inactive,0.0,63427.444489350986,63427.444489350986,0.0,0.0,True,results/working/switch_budget_mechanism_audit.csv,False,False,False
Walmart,store_042__dept_092,persistent_backlog,governance_aware_dp,switch_budget_binding,active,2.0,3496625.999533526,3496624.999533526,-1.0,2.0,True,results/working/switch_budget_mechanism_audit.csv,False,False,True
Walmart,store_043__dept_092,persistent_backlog,governance_aware_dp,switch_budget_binding,active,4.0,3237379.8798645483,3443518.433509351,206138.5536448029,4.0,False,results/working/switch_budget_mechanism_audit.csv,False,True,True
Walmart,store_044__dept_009,persistent_backlog,governance_aware_dp,switch_budget_binding,inactive,0.0,6356.0913717082,6356.0913717082,0.0,0.0,True,results/working/switch_budget_mechanism_audit.csv,False,False,False
Walmart,store_044__dept_017,persistent_backlog,governance_aware_dp,switch_budget_binding,active,2.0,24314.100966923066,24312.600966923066,-1.5,3.0,True,results/working/switch_budget_mechanism_audit.csv,False,False,True
Walmart,store_001__dept_038,strict_switch_budget,governance_aware_dp,switch_budget_binding,active,5.0,369520.40792558616,394925.36586287216,25404.957937286006,5.0,False,results/working/switch_budget_mechanism_audit.csv,False,True,True
Walmart,store_001__dept_090,strict_switch_budget,governance_aware_dp,switch_budget_binding,active,7.0,416251.4578415384,482135.6920046425,65884.23416310402,7.0,False,results/working/switch_budget_mechanism_audit.csv,False,True,True
Walmart,store_001__dept_092,strict_switch_budget,governance_aware_dp,switch_budget_binding,active,4.0,845281.312323301,907501.5413902558,62220.22906695493,4.0,False,results/working/switch_budget_mechanism_audit.csv,False,True,True
Walmart,store_001__dept_095,strict_switch_budget,governance_aware_dp,switch_budget_binding,active,4.0,659645.5471725066,667631.223379179,7985.676206672563,5.0,False,results/working/switch_budget_mechanism_audit.csv,False,True,True
Walmart,store_001__dept_098,strict_switch_budget,governance_aware_dp,switch_budget_binding,active,10.0,115419.04720219698,124141.75702119693,8722.709818999952,11.0,False,results/working/switch_budget_mechanism_audit.csv,False,True,True
Walmart,store_002__dept_038,strict_switch_budget,governance_aware_dp,switch_budget_binding,active,5.0,502860.1019169568,547600.6548242103,44740.5529072535,5.0,False,results/working/switch_budget_mechanism_audit.csv,False,True,True
Walmart,store_002__dept_090,strict_switch_budget,governance_aware_dp,switch_budget_binding,active,4.0,586626.5066561761,623685.0489341936,37058.542278017616,4.0,False,results/working/switch_budget_mechanism_audit.csv,False,True,True
Walmart,store_002__dept_091,strict_switch_budget,governance_aware_dp,switch_budget_binding,active,1.0,351965.5301153319,352140.5784614857,175.0483461538097,1.0,False,results/working/switch_budget_mechanism_audit.csv,False,False,True
Walmart,store_002__dept_092,strict_switch_budget,governance_aware_dp,switch_budget_binding,active,7.0,1106362.4783573488,1525825.479110564,419463.0007532151,8.0,False,results/working/switch_budget_mechanism_audit.csv,False,True,True
Walmart,store_002__dept_095,strict_switch_budget,governance_aware_dp,switch_budget_binding,active,3.0,751479.8985355188,747240.9892004495,-4238.9093350691255,3.0,False,results/working/switch_budget_mechanism_audit.csv,False,False,True
Walmart,store_003__dept_014,strict_switch_budget,governance_aware_dp,switch_budget_binding,active,7.0,30820.012880474456,32359.779578202833,1539.7666977283698,7.0,False,results/working/switch_budget_mechanism_audit.csv,False,True,True
Walmart,store_003__dept_038,strict_switch_budget,governance_aware_dp,switch_budget_binding,active,4.0,520112.00916962104,580886.9719571327,60774.96278751164,4.0,False,results/working/switch_budget_mechanism_audit.csv,False,True,True
Walmart,store_004__dept_002,strict_switch_budget,governance_aware_dp,switch_budget_binding,active,8.0,588911.649797004,608034.521905247,19122.87210824294,8.0,False,results/working/switch_budget_mechanism_audit.csv,False,True,True
Walmart,store_004__dept_038,strict_switch_budget,governance_aware_dp,switch_budget_binding,active,5.0,350560.2339317127,380528.31758003094,29968.08364831825,5.0,False,results/working/switch_budget_mechanism_audit.csv,False,True,True
Walmart,store_004__dept_072,strict_switch_budget,governance_aware_dp,switch_budget_binding,active,8.0,1626297.5504094225,1850021.692240709,223724.14183128648,8.0,False,results/working/switch_budget_mechanism_audit.csv,False,True,True
Walmart,store_004__dept_090,strict_switch_budget,governance_aware_dp,switch_budget_binding,active,8.0,388419.27428545867,591807.9610961914,203388.68681073282,8.0,False,results/working/switch_budget_mechanism_audit.csv,False,True,True
Walmart,store_004__dept_092,strict_switch_budget,governance_aware_dp,switch_budget_binding,inactive,-1.0,1186291.7565666991,1186291.7565666991,0.0,0.0,True,results/working/switch_budget_mechanism_audit.csv,False,False,False
Walmart,store_004__dept_095,strict_switch_budget,governance_aware_dp,switch_budget_binding,active,3.0,1032437.8582453013,998741.5719150631,-33696.28633023822,3.0,False,results/working/switch_budget_mechanism_audit.csv,True,False,False
Walmart,store_006__dept_016,strict_switch_budget,governance_aware_dp,switch_budget_binding,active,5.0,583746.9271031107,746284.7613958352,162537.83429272438,6.0,False,results/working/switch_budget_mechanism_audit.csv,False,True,True
Walmart,store_006__dept_038,strict_switch_budget,governance_aware_dp,switch_budget_binding,active,2.0,390444.16828472057,391754.8284055444,1310.660120823828,2.0,False,results/working/switch_budget_mechanism_audit.csv,False,False,True
Walmart,store_006__dept_072,strict_switch_budget,governance_aware_dp,switch_budget_binding,active,5.0,429805.98554973,458334.05296543427,28528.06741570437,5.0,False,results/working/switch_budget_mechanism_audit.csv,False,True,True
Walmart,store_006__dept_092,strict_switch_budget,governance_aware_dp,switch_budget_binding,active,2.0,531775.2758615345,529338.1172344608,-2437.158627073746,2.0,False,results/working/switch_budget_mechanism_audit.csv,False,False,True
Walmart,store_006__dept_095,strict_switch_budget,governance_aware_dp,switch_budget_binding,active,4.0,650905.5610756335,686504.6062259987,35599.04515036533,4.0,False,results/working/switch_budget_mechanism_audit.csv,False,True,True
Walmart,store_009__dept_003,strict_switch_budget,governance_aware_dp,switch_budget_binding,active,2.0,3173337.065056981,3365639.465631365,192302.4005743838,2.0,False,results/working/switch_budget_mechanism_audit.csv,False,True,True
Walmart,store_009__dept_005,strict_switch_budget,governance_aware_dp,switch_budget_binding,active,5.0,375581.97072314704,425718.44964665704,50136.47892350994,6.0,False,results/working/switch_budget_mechanism_audit.csv,False,True,True
Walmart,store_009__dept_033,strict_switch_budget,governance_aware_dp,switch_budget_binding,active,5.0,49004.896327792136,57206.64407437098,8201.747746578854,5.0,False,results/working/switch_budget_mechanism_audit.csv,False,True,True
Walmart,store_009__dept_038,strict_switch_budget,governance_aware_dp,switch_budget_binding,active,5.0,501303.9284711893,500127.2519569269,-1176.6765142623915,5.0,False,results/working/switch_budget_mechanism_audit.csv,False,False,True
Walmart,store_010__dept_002,strict_switch_budget,governance_aware_dp,switch_budget_binding,inactive,0.0,476375.9802789738,476375.9802789738,0.0,0.0,True,results/working/switch_budget_mechanism_audit.csv,False,False,False
Walmart,store_010__dept_008,strict_switch_budget,governance_aware_dp,switch_budget_binding,active,2.0,386804.66388854774,386976.5423225829,171.87843403517036,2.0,False,results/working/switch_budget_mechanism_audit.csv,False,False,True
Walmart,store_010__dept_038,strict_switch_budget,governance_aware_dp,switch_budget_binding,active,7.0,594845.6803718536,689482.9155448416,94637.23517298793,7.0,False,results/working/switch_budget_mechanism_audit.csv,False,True,True
Walmart,store_010__dept_040,strict_switch_budget,governance_aware_dp,switch_budget_binding,active,3.0,634074.6072623427,632963.9137508718,-1110.6935114709197,3.0,False,results/working/switch_budget_mechanism_audit.csv,False,False,True
Walmart,store_010__dept_072,strict_switch_budget,governance_aware_dp,switch_budget_binding,active,9.0,1088879.2267958894,1340864.1620963558,251984.93530046608,9.0,False,results/working/switch_budget_mechanism_audit.csv,False,True,True
Walmart,store_013__dept_038,strict_switch_budget,governance_aware_dp,switch_budget_binding,active,3.0,399776.08589947893,395615.6856130614,-4160.400286417396,3.0,False,results/working/switch_budget_mechanism_audit.csv,True,False,False
Walmart,store_013__dept_090,strict_switch_budget,governance_aware_dp,switch_budget_binding,active,2.0,1234401.2986337268,1234088.6571337269,-312.64149999991065,2.0,False,results/working/switch_budget_mechanism_audit.csv,False,False,True
Walmart,store_013__dept_091,strict_switch_budget,governance_aware_dp,switch_budget_binding,active,4.0,407687.3195571588,389483.83284741297,-18203.486709745834,4.0,False,results/working/switch_budget_mechanism_audit.csv,True,False,False
Walmart,store_013__dept_092,strict_switch_budget,governance_aware_dp,switch_budget_binding,active,6.0,1326189.4981937874,1299656.4960497166,-26533.002144070804,6.0,False,results/working/switch_budget_mechanism_audit.csv,True,False,False
Walmart,store_013__dept_095,strict_switch_budget,governance_aware_dp,switch_budget_binding,active,7.0,995711.6648960076,1032241.5259561102,36529.86106010247,8.0,False,results/working/switch_budget_mechanism_audit.csv,False,True,True
Walmart,store_014__dept_002,strict_switch_budget,governance_aware_dp,switch_budget_binding,active,2.0,424277.7910956386,425997.46679424506,1719.6756986065302,2.0,False,results/working/switch_budget_mechanism_audit.csv,False,False,True
Walmart,store_014__dept_038,strict_switch_budget,governance_aware_dp,switch_budget_binding,active,6.0,580880.9294792431,562128.8600949607,-18752.06938428245,6.0,False,results/working/switch_budget_mechanism_audit.csv,True,False,False
Walmart,store_014__dept_046,strict_switch_budget,governance_aware_dp,switch_budget_binding,active,5.0,300257.523085428,352800.0137761409,52542.490690712926,6.0,False,results/working/switch_budget_mechanism_audit.csv,False,True,True
Walmart,store_014__dept_072,strict_switch_budget,governance_aware_dp,switch_budget_binding,active,2.0,1228202.3648691624,1307783.103637837,79580.73876867468,2.0,False,results/working/switch_budget_mechanism_audit.csv,False,True,True
Walmart,store_014__dept_090,strict_switch_budget,governance_aware_dp,switch_budget_binding,active,8.0,630186.0774786294,616276.7431713545,-13909.334307274898,8.0,False,results/working/switch_budget_mechanism_audit.csv,True,False,False
Walmart,store_014__dept_091,strict_switch_budget,governance_aware_dp,switch_budget_binding,active,5.0,415637.12975287397,426910.72655051976,11273.59679764579,5.0,False,results/working/switch_budget_mechanism_audit.csv,False,True,True
Walmart,store_014__dept_092,strict_switch_budget,governance_aware_dp,switch_budget_binding,active,9.0,963140.1165726716,952391.4815255108,-10748.635047160904,9.0,False,results/working/switch_budget_mechanism_audit.csv,True,False,False
Walmart,store_014__dept_095,strict_switch_budget,governance_aware_dp,switch_budget_binding,active,1.0,784924.3042865156,798343.7800842874,13419.475797771709,2.0,False,results/working/switch_budget_mechanism_audit.csv,False,True,True
Walmart,store_015__dept_026,strict_switch_budget,governance_aware_dp,switch_budget_binding,active,6.0,356836.0034567308,356833.0034567308,-3.0,6.0,True,results/working/switch_budget_mechanism_audit.csv,False,False,True
Walmart,store_016__dept_096,strict_switch_budget,governance_aware_dp,switch_budget_binding,active,3.0,2712.6174851205083,2655.0034135501623,-57.61407157034593,3.0,False,results/working/switch_budget_mechanism_audit.csv,True,False,False
Walmart,store_019__dept_092,strict_switch_budget,governance_aware_dp,switch_budget_binding,active,4.0,1220448.4405706662,1245029.987791502,24581.547220835695,4.0,False,results/working/switch_budget_mechanism_audit.csv,False,True,True
Walmart,store_019__dept_095,strict_switch_budget,governance_aware_dp,switch_budget_binding,active,1.0,1168408.8720286589,1168408.3720286589,-0.5,1.0,True,results/working/switch_budget_mechanism_audit.csv,False,False,True
Walmart,store_020__dept_038,strict_switch_budget,governance_aware_dp,switch_budget_binding,active,4.0,560471.5275796433,549621.7184546237,-10849.809125019587,4.0,False,results/working/switch_budget_mechanism_audit.csv,True,False,False
Walmart,store_020__dept_040,strict_switch_budget,governance_aware_dp,switch_budget_binding,active,5.0,413232.2423967704,519176.2112076911,105943.96881092072,5.0,False,results/working/switch_budget_mechanism_audit.csv,False,True,True
Walmart,store_020__dept_072,strict_switch_budget,governance_aware_dp,switch_budget_binding,active,4.0,2426672.5422537858,2558066.6583386785,131394.11608489277,4.0,False,results/working/switch_budget_mechanism_audit.csv,False,True,True
Walmart,store_020__dept_083,strict_switch_budget,governance_aware_dp,switch_budget_binding,active,2.0,42163.03254967645,41775.35051121631,-387.6820384601378,3.0,False,results/working/switch_budget_mechanism_audit.csv,False,False,True
Walmart,store_020__dept_090,strict_switch_budget,governance_aware_dp,switch_budget_binding,active,7.0,515384.9110816779,495784.2271028346,-19600.68397884327,8.0,False,results/working/switch_budget_mechanism_audit.csv,True,False,False
Walmart,store_020__dept_092,strict_switch_budget,governance_aware_dp,switch_budget_binding,active,4.0,867202.2391988477,871203.0998930816,4000.8606942339097,4.0,False,results/working/switch_budget_mechanism_audit.csv,False,False,True
Walmart,store_020__dept_095,strict_switch_budget,governance_aware_dp,switch_budget_binding,active,8.0,879437.575708141,940408.409661778,60970.833953636924,9.0,False,results/working/switch_budget_mechanism_audit.csv,False,True,True
Walmart,store_022__dept_059,strict_switch_budget,governance_aware_dp,switch_budget_binding,active,7.0,3552.102087847162,5994.305908161357,2442.203820314196,8.0,False,results/working/switch_budget_mechanism_audit.csv,False,True,True
Walmart,store_023__dept_032,strict_switch_budget,governance_aware_dp,switch_budget_binding,active,8.0,83178.58817869844,79758.88195113327,-3419.7062275651697,8.0,False,results/working/switch_budget_mechanism_audit.csv,True,False,False
Walmart,store_023__dept_072,strict_switch_budget,governance_aware_dp,switch_budget_binding,inactive,0.0,3222309.21365385,3222309.21365385,0.0,0.0,True,results/working/switch_budget_mechanism_audit.csv,False,False,False
Walmart,store_024__dept_018,strict_switch_budget,governance_aware_dp,switch_budget_binding,active,1.0,969306.7048888891,969371.1447722393,64.43988335027825,1.0,False,results/working/switch_budget_mechanism_audit.csv,False,False,True
Walmart,store_024__dept_040,strict_switch_budget,governance_aware_dp,switch_budget_binding,active,1.0,210040.50329523053,209688.84841061532,-351.6548846152436,2.0,False,results/working/switch_budget_mechanism_audit.csv,False,False,True
Walmart,store_024__dept_092,strict_switch_budget,governance_aware_dp,switch_budget_binding,active,1.0,914937.4475748177,901784.6428335094,-13152.804741308091,1.0,False,results/working/switch_budget_mechanism_audit.csv,True,False,False
Walmart,store_024__dept_095,strict_switch_budget,governance_aware_dp,switch_budget_binding,active,1.0,740157.2817088222,743272.0853371484,3114.803628326161,2.0,False,results/working/switch_budget_mechanism_audit.csv,False,False,True
Walmart,store_025__dept_018,strict_switch_budget,governance_aware_dp,switch_budget_binding,active,2.0,998935.595125,998934.595125,-1.0,2.0,True,results/working/switch_budget_mechanism_audit.csv,False,False,True
Walmart,store_026__dept_024,strict_switch_budget,governance_aware_dp,switch_budget_binding,active,3.0,489953.0431249998,489951.5431249998,-1.5,3.0,True,results/working/switch_budget_mechanism_audit.csv,False,False,True
Walmart,store_026__dept_036,strict_switch_budget,governance_aware_dp,switch_budget_binding,active,2.0,56479.81102940017,56478.81102940017,-1.0,2.0,True,results/working/switch_budget_mechanism_audit.csv,False,False,True
Walmart,store_026__dept_038,strict_switch_budget,governance_aware_dp,switch_budget_binding,active,3.0,674099.4648654507,680993.3886458798,6893.9237804290615,3.0,False,results/working/switch_budget_mechanism_audit.csv,False,True,True
Walmart,store_026__dept_092,strict_switch_budget,governance_aware_dp,switch_budget_binding,active,6.0,483311.0617112893,578976.8005083238,95665.73879703443,6.0,False,results/working/switch_budget_mechanism_audit.csv,False,True,True
Walmart,store_027__dept_071,strict_switch_budget,governance_aware_dp,switch_budget_binding,active,5.0,108244.74377410776,130868.83511564635,22624.091341538573,5.0,False,results/working/switch_budget_mechanism_audit.csv,False,True,True
Walmart,store_027__dept_090,strict_switch_budget,governance_aware_dp,switch_budget_binding,active,6.0,778637.436868866,790643.7776178763,12006.340749010327,6.0,False,results/working/switch_budget_mechanism_audit.csv,False,True,True
Walmart,store_027__dept_092,strict_switch_budget,governance_aware_dp,switch_budget_binding,active,7.0,1550999.9059404929,1578434.7281593191,27434.822218825804,7.0,False,results/working/switch_budget_mechanism_audit.csv,False,True,True
Walmart,store_027__dept_095,strict_switch_budget,governance_aware_dp,switch_budget_binding,active,2.0,1195819.4539305044,1193986.665468967,-1832.7884615373328,2.0,False,results/working/switch_budget_mechanism_audit.csv,False,False,True
Walmart,store_028__dept_092,strict_switch_budget,governance_aware_dp,switch_budget_binding,active,2.0,811503.4809624286,811983.5371480788,480.05618565017363,2.0,False,results/working/switch_budget_mechanism_audit.csv,False,False,True
Walmart,store_028__dept_095,strict_switch_budget,governance_aware_dp,switch_budget_binding,active,4.0,635441.4144149306,635417.3716358907,-24.0427790399408,4.0,False,results/working/switch_budget_mechanism_audit.csv,False,False,True
Walmart,store_029__dept_027,strict_switch_budget,governance_aware_dp,switch_budget_binding,active,6.0,30918.181014861588,34969.49315632948,4051.3121414678862,6.0,False,results/working/switch_budget_mechanism_audit.csv,False,True,True
Walmart,store_030__dept_083,strict_switch_budget,governance_aware_dp,switch_budget_binding,inactive,0.0,13723.027829566236,13723.027829566236,0.0,0.0,True,results/working/switch_budget_mechanism_audit.csv,False,False,False
Walmart,store_031__dept_038,strict_switch_budget,governance_aware_dp,switch_budget_binding,active,5.0,438038.0018899092,505663.9249604128,67625.92307050362,5.0,False,results/working/switch_budget_mechanism_audit.csv,False,True,True
Walmart,store_031__dept_046,strict_switch_budget,governance_aware_dp,switch_budget_binding,active,8.0,196413.0063857179,163353.06459924814,-33059.94178646972,8.0,False,results/working/switch_budget_mechanism_audit.csv,True,False,False
Walmart,store_031__dept_079,strict_switch_budget,governance_aware_dp,switch_budget_binding,active,7.0,210732.37996701128,219047.51949350766,8315.139526496467,7.0,False,results/working/switch_budget_mechanism_audit.csv,False,True,True
Walmart,store_031__dept_090,strict_switch_budget,governance_aware_dp,switch_budget_binding,active,6.0,441636.218918132,446538.81565830094,4902.59674016881,6.0,False,results/working/switch_budget_mechanism_audit.csv,False,True,True
Walmart,store_031__dept_092,strict_switch_budget,governance_aware_dp,switch_budget_binding,active,7.0,860320.7325578934,1034690.9916925158,174370.2591346223,8.0,False,results/working/switch_budget_mechanism_audit.csv,False,True,True
Walmart,store_031__dept_095,strict_switch_budget,governance_aware_dp,switch_budget_binding,active,5.0,575715.8331739763,575133.0085685822,-582.8246053940384,5.0,False,results/working/switch_budget_mechanism_audit.csv,False,False,True
Walmart,store_032__dept_092,strict_switch_budget,governance_aware_dp,switch_budget_binding,active,8.0,1106429.7383330495,1108219.8086904571,1790.0703574074432,8.0,False,results/working/switch_budget_mechanism_audit.csv,False,False,True
Walmart,store_032__dept_095,strict_switch_budget,governance_aware_dp,switch_budget_binding,active,3.0,563733.5026662382,550245.5190350215,-13487.983631216804,3.0,False,results/working/switch_budget_mechanism_audit.csv,True,False,False
Walmart,store_033__dept_094,strict_switch_budget,governance_aware_dp,switch_budget_binding,active,1.0,134570.25387843,135560.1817245801,989.9278461500943,1.0,False,results/working/switch_budget_mechanism_audit.csv,False,False,True
Walmart,store_035__dept_072,strict_switch_budget,governance_aware_dp,switch_budget_binding,active,8.0,1240650.577706998,2438405.543789378,1197754.96608238,8.0,False,results/working/switch_budget_mechanism_audit.csv,False,True,True
Walmart,store_036__dept_087,strict_switch_budget,governance_aware_dp,switch_budget_binding,active,2.0,3745.056394710829,3744.056394710829,-1.0,2.0,True,results/working/switch_budget_mechanism_audit.csv,False,False,True
Walmart,store_038__dept_002,strict_switch_budget,governance_aware_dp,switch_budget_binding,active,1.0,58582.73138503022,58356.67311821834,-226.05826681189498,1.0,False,results/working/switch_budget_mechanism_audit.csv,False,False,True
Walmart,store_039__dept_092,strict_switch_budget,governance_aware_dp,switch_budget_binding,active,4.0,976063.0099546338,977299.086973782,1236.077019148157,4.0,False,results/working/switch_budget_mechanism_audit.csv,False,False,True
Walmart,store_039__dept_095,strict_switch_budget,governance_aware_dp,switch_budget_binding,active,6.0,1124979.1673682227,1090702.1145553791,-34277.052812843816,6.0,False,results/working/switch_budget_mechanism_audit.csv,True,False,False
Walmart,store_040__dept_042,strict_switch_budget,governance_aware_dp,switch_budget_binding,active,1.0,30258.60972743426,30157.31750133946,-101.29222609480348,1.0,False,results/working/switch_budget_mechanism_audit.csv,False,False,True
Walmart,store_040__dept_092,strict_switch_budget,governance_aware_dp,switch_budget_binding,active,2.0,599266.159937009,599042.952900334,-223.2070366748376,2.0,False,results/working/switch_budget_mechanism_audit.csv,False,False,True
Walmart,store_041__dept_033,strict_switch_budget,governance_aware_dp,switch_budget_binding,active,6.0,577212.5018749997,577209.5018749997,-3.0,6.0,True,results/working/switch_budget_mechanism_audit.csv,False,False,True
Walmart,store_041__dept_092,strict_switch_budget,governance_aware_dp,switch_budget_binding,active,6.0,1376462.567515821,1377655.5010158126,1192.9334999916612,6.0,False,results/working/switch_budget_mechanism_audit.csv,False,False,True
Walmart,store_041__dept_095,strict_switch_budget,governance_aware_dp,switch_budget_binding,active,4.0,600109.9391387353,601639.7186331693,1529.779494434013,4.0,False,results/working/switch_budget_mechanism_audit.csv,False,False,True
Walmart,store_041__dept_096,strict_switch_budget,governance_aware_dp,switch_budget_binding,active,5.0,34148.632623858415,36940.69154102,2792.058917161586,5.0,False,results/working/switch_budget_mechanism_audit.csv,False,True,True
Walmart,store_042__dept_092,strict_switch_budget,governance_aware_dp,switch_budget_binding,active,2.0,537774.2072309362,580131.1420366969,42356.93480576063,2.0,False,results/working/switch_budget_mechanism_audit.csv,False,True,True
Walmart,store_043__dept_092,strict_switch_budget,governance_aware_dp,switch_budget_binding,active,7.0,409165.0690347488,388494.9024228079,-20670.16661194095,7.0,False,results/working/switch_budget_mechanism_audit.csv,True,False,False
Walmart,store_044__dept_009,strict_switch_budget,governance_aware_dp,switch_budget_binding,inactive,-1.0,4322.136204700157,4322.136204700157,0.0,0.0,True,results/working/switch_budget_mechanism_audit.csv,False,False,False
Walmart,store_044__dept_017,strict_switch_budget,governance_aware_dp,switch_budget_binding,active,2.0,7391.122228625828,7425.833693499157,34.711464873328616,2.0,False,results/working/switch_budget_mechanism_audit.csv,False,False,True
Walmart,store_001__dept_038,tight_capacity,governance_aware_dp,switch_budget_binding,inactive,0.0,2903198.151008081,2903198.151008081,0.0,0.0,True,results/working/switch_budget_mechanism_audit.csv,False,False,False
Walmart,store_001__dept_090,tight_capacity,governance_aware_dp,switch_budget_binding,active,1.0,3155908.972507426,3155908.472507426,-0.5,1.0,True,results/working/switch_budget_mechanism_audit.csv,False,False,True
Walmart,store_001__dept_092,tight_capacity,governance_aware_dp,switch_budget_binding,active,2.0,5706188.575030744,5732677.989049621,26489.41401887685,2.0,False,results/working/switch_budget_mechanism_audit.csv,False,False,True
Walmart,store_001__dept_095,tight_capacity,governance_aware_dp,switch_budget_binding,active,1.0,3130982.564696192,3130982.064696192,-0.5,1.0,True,results/working/switch_budget_mechanism_audit.csv,False,False,True
Walmart,store_001__dept_098,tight_capacity,governance_aware_dp,switch_budget_binding,inactive,0.0,348648.92032939784,348648.92032939784,0.0,0.0,True,results/working/switch_budget_mechanism_audit.csv,False,False,False
Walmart,store_002__dept_038,tight_capacity,governance_aware_dp,switch_budget_binding,active,2.0,1821294.6437095243,2235100.7224814654,413806.07877194096,2.0,False,results/working/switch_budget_mechanism_audit.csv,False,True,True
Walmart,store_002__dept_090,tight_capacity,governance_aware_dp,switch_budget_binding,active,2.0,3977816.4869602313,3977815.4869602313,-1.0,2.0,True,results/working/switch_budget_mechanism_audit.csv,False,False,True
Walmart,store_002__dept_091,tight_capacity,governance_aware_dp,switch_budget_binding,inactive,-1.0,2347351.3519186014,2347351.3519186014,0.0,0.0,True,results/working/switch_budget_mechanism_audit.csv,False,False,False
Walmart,store_002__dept_092,tight_capacity,governance_aware_dp,switch_budget_binding,active,1.0,7450438.29317677,7450437.79317677,-0.5,1.0,True,results/working/switch_budget_mechanism_audit.csv,False,False,True
Walmart,store_002__dept_095,tight_capacity,governance_aware_dp,switch_budget_binding,inactive,0.0,3925554.4233165625,3925554.4233165625,0.0,0.0,True,results/working/switch_budget_mechanism_audit.csv,False,False,False
Walmart,store_003__dept_014,tight_capacity,governance_aware_dp,switch_budget_binding,inactive,0.0,128790.64913620193,128790.64913620193,0.0,0.0,True,results/working/switch_budget_mechanism_audit.csv,False,False,False
Walmart,store_003__dept_038,tight_capacity,governance_aware_dp,switch_budget_binding,active,2.0,2395321.985186356,2395320.985186356,-1.0,2.0,True,results/working/switch_budget_mechanism_audit.csv,False,False,True
Walmart,store_004__dept_002,tight_capacity,governance_aware_dp,switch_budget_binding,inactive,0.0,3045871.4848028817,3045871.4848028817,0.0,0.0,True,results/working/switch_budget_mechanism_audit.csv,False,False,False
Walmart,store_004__dept_038,tight_capacity,governance_aware_dp,switch_budget_binding,active,2.0,2047548.416790964,2285314.1827279823,237765.7659370189,2.0,False,results/working/switch_budget_mechanism_audit.csv,False,True,True
Walmart,store_004__dept_072,tight_capacity,governance_aware_dp,switch_budget_binding,active,1.0,5734300.339904031,5734299.839904031,-0.5,1.0,True,results/working/switch_budget_mechanism_audit.csv,False,False,True
Walmart,store_004__dept_090,tight_capacity,governance_aware_dp,switch_budget_binding,inactive,0.0,3671511.198082504,3671511.198082504,0.0,0.0,True,results/working/switch_budget_mechanism_audit.csv,False,False,False
Walmart,store_004__dept_092,tight_capacity,governance_aware_dp,switch_budget_binding,active,2.0,7395836.25146554,7395835.25146554,-1.0,2.0,True,results/working/switch_budget_mechanism_audit.csv,False,False,True
Walmart,store_004__dept_095,tight_capacity,governance_aware_dp,switch_budget_binding,inactive,-2.0,3639223.931769117,3639223.931769117,0.0,0.0,True,results/working/switch_budget_mechanism_audit.csv,False,False,False
Walmart,store_006__dept_016,tight_capacity,governance_aware_dp,switch_budget_binding,inactive,-4.0,1892316.649135937,1892316.649135937,0.0,0.0,True,results/working/switch_budget_mechanism_audit.csv,False,False,False
Walmart,store_006__dept_038,tight_capacity,governance_aware_dp,switch_budget_binding,active,2.0,1916303.1752489419,1916302.1752489419,-1.0,2.0,True,results/working/switch_budget_mechanism_audit.csv,False,False,True
Walmart,store_006__dept_072,tight_capacity,governance_aware_dp,switch_budget_binding,inactive,0.0,1944614.9486031383,1944614.9486031383,0.0,0.0,True,results/working/switch_budget_mechanism_audit.csv,False,False,False
Walmart,store_006__dept_092,tight_capacity,governance_aware_dp,switch_budget_binding,active,1.0,3105703.740532747,3007637.868157049,-98065.87237569736,1.0,False,results/working/switch_budget_mechanism_audit.csv,True,False,False
Walmart,store_006__dept_095,tight_capacity,governance_aware_dp,switch_budget_binding,active,2.0,1391231.0347884607,1391230.0347884607,-1.0,2.0,True,results/working/switch_budget_mechanism_audit.csv,False,False,True
Walmart,store_009__dept_003,tight_capacity,governance_aware_dp,switch_budget_binding,inactive,-1.0,3952665.329125,3952665.329125,0.0,0.0,True,results/working/switch_budget_mechanism_audit.csv,False,False,False
Walmart,store_009__dept_005,tight_capacity,governance_aware_dp,switch_budget_binding,inactive,0.0,1086188.8300418009,1086188.8300418009,0.0,0.0,True,results/working/switch_budget_mechanism_audit.csv,False,False,False
Walmart,store_009__dept_033,tight_capacity,governance_aware_dp,switch_budget_binding,inactive,-1.0,360791.8144871151,360791.8144871151,0.0,0.0,True,results/working/switch_budget_mechanism_audit.csv,False,False,False
Walmart,store_009__dept_038,tight_capacity,governance_aware_dp,switch_budget_binding,inactive,0.0,1668575.6867645937,1668575.6867645937,0.0,0.0,True,results/working/switch_budget_mechanism_audit.csv,False,False,False
Walmart,store_010__dept_002,tight_capacity,governance_aware_dp,switch_budget_binding,inactive,-2.0,2809832.825118654,2809832.825118654,0.0,0.0,True,results/working/switch_budget_mechanism_audit.csv,False,False,False
Walmart,store_010__dept_008,tight_capacity,governance_aware_dp,switch_budget_binding,inactive,-2.0,2808638.539459688,2808638.539459688,0.0,0.0,True,results/working/switch_budget_mechanism_audit.csv,False,False,False
Walmart,store_010__dept_038,tight_capacity,governance_aware_dp,switch_budget_binding,inactive,0.0,2654591.519245429,2654591.519245429,0.0,0.0,True,results/working/switch_budget_mechanism_audit.csv,False,False,False
Walmart,store_010__dept_040,tight_capacity,governance_aware_dp,switch_budget_binding,inactive,0.0,3245684.2566055814,3245684.2566055814,0.0,0.0,True,results/working/switch_budget_mechanism_audit.csv,False,False,False
Walmart,store_010__dept_072,tight_capacity,governance_aware_dp,switch_budget_binding,active,2.0,6500558.510454771,6500557.510454771,-1.0,2.0,True,results/working/switch_budget_mechanism_audit.csv,False,False,True
Walmart,store_013__dept_038,tight_capacity,governance_aware_dp,switch_budget_binding,active,1.0,3568159.994888193,3568159.494888193,-0.5,1.0,True,results/working/switch_budget_mechanism_audit.csv,False,False,True
Walmart,store_013__dept_090,tight_capacity,governance_aware_dp,switch_budget_binding,inactive,-2.0,5454279.60821408,5454279.60821408,0.0,0.0,True,results/working/switch_budget_mechanism_audit.csv,False,False,False
Walmart,store_013__dept_091,tight_capacity,governance_aware_dp,switch_budget_binding,active,2.0,2517765.502072041,2517764.502072041,-1.0,2.0,True,results/working/switch_budget_mechanism_audit.csv,False,False,True
Walmart,store_013__dept_092,tight_capacity,governance_aware_dp,switch_budget_binding,inactive,-1.0,7171404.260436257,7171404.260436257,0.0,0.0,True,results/working/switch_budget_mechanism_audit.csv,False,False,False
Walmart,store_013__dept_095,tight_capacity,governance_aware_dp,switch_budget_binding,inactive,-3.0,2500484.7663763454,2500484.7663763454,0.0,0.0,True,results/working/switch_budget_mechanism_audit.csv,False,False,False
Walmart,store_014__dept_002,tight_capacity,governance_aware_dp,switch_budget_binding,inactive,-1.0,1064040.6402767657,1064040.6402767657,0.0,0.0,True,results/working/switch_budget_mechanism_audit.csv,False,False,False
Walmart,store_014__dept_038,tight_capacity,governance_aware_dp,switch_budget_binding,active,1.0,1803498.1364860442,1803497.6364860442,-0.5,1.0,True,results/working/switch_budget_mechanism_audit.csv,False,False,True
Walmart,store_014__dept_046,tight_capacity,governance_aware_dp,switch_budget_binding,inactive,-4.0,855489.777671785,855489.777671785,0.0,0.0,True,results/working/switch_budget_mechanism_audit.csv,False,False,False
Walmart,store_014__dept_072,tight_capacity,governance_aware_dp,switch_budget_binding,inactive,-1.0,4339794.4552286165,4339794.4552286165,0.0,0.0,True,results/working/switch_budget_mechanism_audit.csv,False,False,False
Walmart,store_014__dept_090,tight_capacity,governance_aware_dp,switch_budget_binding,active,1.0,3059504.697487252,3059504.197487252,-0.5,1.0,True,results/working/switch_budget_mechanism_audit.csv,False,False,True
Walmart,store_014__dept_091,tight_capacity,governance_aware_dp,switch_budget_binding,active,1.0,2003113.8984859386,2003113.3984859386,-0.5,1.0,True,results/working/switch_budget_mechanism_audit.csv,False,False,True
Walmart,store_014__dept_092,tight_capacity,governance_aware_dp,switch_budget_binding,inactive,0.0,4329622.148090612,4329622.148090612,0.0,0.0,True,results/working/switch_budget_mechanism_audit.csv,False,False,False
Walmart,store_014__dept_095,tight_capacity,governance_aware_dp,switch_budget_binding,inactive,0.0,2360938.2738267067,2360938.2738267067,0.0,0.0,True,results/working/switch_budget_mechanism_audit.csv,False,False,False
Walmart,store_015__dept_026,tight_capacity,governance_aware_dp,switch_budget_binding,active,1.0,394612.673753489,394611.673753489,-1.0,2.0,True,results/working/switch_budget_mechanism_audit.csv,False,False,True
Walmart,store_016__dept_096,tight_capacity,governance_aware_dp,switch_budget_binding,active,2.0,2427.852498990384,2382.8772723644956,-44.9752266258879,2.0,False,results/working/switch_budget_mechanism_audit.csv,True,False,False
Walmart,store_019__dept_092,tight_capacity,governance_aware_dp,switch_budget_binding,inactive,0.0,5493981.555527884,5493981.555527884,0.0,0.0,True,results/working/switch_budget_mechanism_audit.csv,False,False,False
Walmart,store_019__dept_095,tight_capacity,governance_aware_dp,switch_budget_binding,inactive,0.0,2866916.931291387,2866916.931291387,0.0,0.0,True,results/working/switch_budget_mechanism_audit.csv,False,False,False
Walmart,store_020__dept_038,tight_capacity,governance_aware_dp,switch_budget_binding,active,2.0,3992465.1117703407,3992464.1117703407,-1.0,2.0,True,results/working/switch_budget_mechanism_audit.csv,False,False,True
Walmart,store_020__dept_040,tight_capacity,governance_aware_dp,switch_budget_binding,inactive,-1.0,3411741.345735073,3411741.345735073,0.0,0.0,True,results/working/switch_budget_mechanism_audit.csv,False,False,False
Walmart,store_020__dept_072,tight_capacity,governance_aware_dp,switch_budget_binding,active,2.0,6604817.886291155,6973562.942527385,368745.0562362298,5.0,False,results/working/switch_budget_mechanism_audit.csv,False,True,True
Walmart,store_020__dept_083,tight_capacity,governance_aware_dp,switch_budget_binding,active,1.0,126086.06906197725,111532.40515249898,-14553.663909478288,1.0,False,results/working/switch_budget_mechanism_audit.csv,True,False,False
Walmart,store_020__dept_090,tight_capacity,governance_aware_dp,switch_budget_binding,inactive,0.0,3628931.446303461,3628931.446303461,0.0,0.0,True,results/working/switch_budget_mechanism_audit.csv,False,False,False
Walmart,store_020__dept_092,tight_capacity,governance_aware_dp,switch_budget_binding,active,2.0,6778072.878128444,6704715.343928076,-73357.53420036753,2.0,False,results/working/switch_budget_mechanism_audit.csv,True,False,False
Walmart,store_020__dept_095,tight_capacity,governance_aware_dp,switch_budget_binding,active,1.0,3376868.5511095417,3376868.0511095417,-0.5,1.0,True,results/working/switch_budget_mechanism_audit.csv,False,False,True
Walmart,store_022__dept_059,tight_capacity,governance_aware_dp,switch_budget_binding,inactive,0.0,10403.83620732784,10403.83620732784,0.0,0.0,True,results/working/switch_budget_mechanism_audit.csv,False,False,False
Walmart,store_023__dept_032,tight_capacity,governance_aware_dp,switch_budget_binding,active,1.0,174531.10446057146,174530.60446057146,-0.5,1.0,True,results/working/switch_budget_mechanism_audit.csv,False,False,True
Walmart,store_023__dept_072,tight_capacity,governance_aware_dp,switch_budget_binding,inactive,-2.0,7096748.44101308,7096748.44101308,0.0,0.0,True,results/working/switch_budget_mechanism_audit.csv,False,False,False
Walmart,store_024__dept_018,tight_capacity,governance_aware_dp,switch_budget_binding,inactive,-2.0,969547.7490922222,969547.7490922222,0.0,0.0,True,results/working/switch_budget_mechanism_audit.csv,False,False,False
Walmart,store_024__dept_040,tight_capacity,governance_aware_dp,switch_budget_binding,inactive,-1.0,1354119.432292117,1354119.432292117,0.0,0.0,True,results/working/switch_budget_mechanism_audit.csv,False,False,False
Walmart,store_024__dept_092,tight_capacity,governance_aware_dp,switch_budget_binding,inactive,0.0,5387550.524303705,5387550.524303705,0.0,0.0,True,results/working/switch_budget_mechanism_audit.csv,False,False,False
Walmart,store_024__dept_095,tight_capacity,governance_aware_dp,switch_budget_binding,active,1.0,1840142.655136535,1840142.155136535,-0.5,1.0,True,results/working/switch_budget_mechanism_audit.csv,False,False,True
Walmart,store_025__dept_018,tight_capacity,governance_aware_dp,switch_budget_binding,inactive,-1.0,999110.987625,999110.987625,0.0,0.0,True,results/working/switch_budget_mechanism_audit.csv,False,False,False
Walmart,store_026__dept_024,tight_capacity,governance_aware_dp,switch_budget_binding,inactive,0.0,614965.4607211539,614965.4607211539,0.0,0.0,True,results/working/switch_budget_mechanism_audit.csv,False,False,False
Walmart,store_026__dept_036,tight_capacity,governance_aware_dp,switch_budget_binding,inactive,0.0,52472.93765162036,52472.93765162036,0.0,0.0,True,results/working/switch_budget_mechanism_audit.csv,False,False,False
Walmart,store_026__dept_038,tight_capacity,governance_aware_dp,switch_budget_binding,inactive,0.0,3187075.782073125,3187075.782073125,0.0,0.0,True,results/working/switch_budget_mechanism_audit.csv,False,False,False
Walmart,store_026__dept_092,tight_capacity,governance_aware_dp,switch_budget_binding,inactive,0.0,3574628.7595088463,3574628.7595088463,0.0,0.0,True,results/working/switch_budget_mechanism_audit.csv,False,False,False
Walmart,store_027__dept_071,tight_capacity,governance_aware_dp,switch_budget_binding,active,1.0,439617.86210673064,439617.36210673064,-0.5,1.0,True,results/working/switch_budget_mechanism_audit.csv,False,False,True
Walmart,store_027__dept_090,tight_capacity,governance_aware_dp,switch_budget_binding,inactive,-2.0,3574563.921682078,3574563.921682078,0.0,0.0,True,results/working/switch_budget_mechanism_audit.csv,False,False,False
Walmart,store_027__dept_092,tight_capacity,governance_aware_dp,switch_budget_binding,inactive,0.0,5534705.7570505785,5534705.7570505785,0.0,0.0,True,results/working/switch_budget_mechanism_audit.csv,False,False,False
Walmart,store_027__dept_095,tight_capacity,governance_aware_dp,switch_budget_binding,inactive,0.0,1851354.5879584646,1851354.5879584646,0.0,0.0,True,results/working/switch_budget_mechanism_audit.csv,False,False,False
Walmart,store_028__dept_092,tight_capacity,governance_aware_dp,switch_budget_binding,inactive,-1.0,3755822.3349423073,3755822.3349423073,0.0,0.0,True,results/working/switch_budget_mechanism_audit.csv,False,False,False
Walmart,store_028__dept_095,tight_capacity,governance_aware_dp,switch_budget_binding,inactive,-1.0,2083461.4060704184,2083461.4060704184,0.0,0.0,True,results/working/switch_budget_mechanism_audit.csv,False,False,False
Walmart,store_029__dept_027,tight_capacity,governance_aware_dp,switch_budget_binding,inactive,-1.0,73932.43688807686,73932.43688807686,0.0,0.0,True,results/working/switch_budget_mechanism_audit.csv,False,False,False
Walmart,store_030__dept_083,tight_capacity,governance_aware_dp,switch_budget_binding,inactive,0.0,27868.07324235928,27868.07324235928,0.0,0.0,True,results/working/switch_budget_mechanism_audit.csv,False,False,False
Walmart,store_031__dept_038,tight_capacity,governance_aware_dp,switch_budget_binding,active,2.0,1833150.741719874,2208800.8636805657,375650.1219606921,2.0,False,results/working/switch_budget_mechanism_audit.csv,False,True,True
Walmart,store_031__dept_046,tight_capacity,governance_aware_dp,switch_budget_binding,inactive,0.0,476097.3428029886,476097.3428029886,0.0,0.0,True,results/working/switch_budget_mechanism_audit.csv,False,False,False
Walmart,store_031__dept_079,tight_capacity,governance_aware_dp,switch_budget_binding,inactive,0.0,969437.5889970291,969437.5889970291,0.0,0.0,True,results/working/switch_budget_mechanism_audit.csv,False,False,False
Walmart,store_031__dept_090,tight_capacity,governance_aware_dp,switch_budget_binding,active,1.0,2968670.090571797,2968669.590571797,-0.5,1.0,True,results/working/switch_budget_mechanism_audit.csv,False,False,True
Walmart,store_031__dept_092,tight_capacity,governance_aware_dp,switch_budget_binding,inactive,0.0,4945415.310183462,4945415.310183462,0.0,0.0,True,results/working/switch_budget_mechanism_audit.csv,False,False,False
Walmart,store_031__dept_095,tight_capacity,governance_aware_dp,switch_budget_binding,inactive,0.0,2709544.5858639902,2709544.5858639902,0.0,0.0,True,results/working/switch_budget_mechanism_audit.csv,False,False,False
Walmart,store_032__dept_092,tight_capacity,governance_aware_dp,switch_budget_binding,active,1.0,4017896.080541344,4017895.580541344,-0.5,1.0,True,results/working/switch_budget_mechanism_audit.csv,False,False,True
Walmart,store_032__dept_095,tight_capacity,governance_aware_dp,switch_budget_binding,inactive,-3.0,2323713.2794420733,2323713.2794420733,0.0,0.0,True,results/working/switch_budget_mechanism_audit.csv,False,False,False
Walmart,store_033__dept_094,tight_capacity,governance_aware_dp,switch_budget_binding,inactive,-1.0,580380.9066194721,580380.9066194721,0.0,0.0,True,results/working/switch_budget_mechanism_audit.csv,False,False,False
Walmart,store_035__dept_072,tight_capacity,governance_aware_dp,switch_budget_binding,inactive,-1.0,6602744.572817111,6602744.572817111,0.0,0.0,True,results/working/switch_budget_mechanism_audit.csv,False,False,False
Walmart,store_036__dept_087,tight_capacity,governance_aware_dp,switch_budget_binding,inactive,-1.0,6851.634199706632,6851.634199706632,0.0,0.0,True,results/working/switch_budget_mechanism_audit.csv,False,False,False
Walmart,store_038__dept_002,tight_capacity,governance_aware_dp,switch_budget_binding,inactive,-1.0,453823.63149307686,453823.63149307686,0.0,0.0,True,results/working/switch_budget_mechanism_audit.csv,False,False,False
Walmart,store_039__dept_092,tight_capacity,governance_aware_dp,switch_budget_binding,inactive,-2.0,5656757.041389264,5656757.041389264,0.0,0.0,True,results/working/switch_budget_mechanism_audit.csv,False,False,False
Walmart,store_039__dept_095,tight_capacity,governance_aware_dp,switch_budget_binding,inactive,0.0,4988362.763062616,4988362.763062616,0.0,0.0,True,results/working/switch_budget_mechanism_audit.csv,False,False,False
Walmart,store_040__dept_042,tight_capacity,governance_aware_dp,switch_budget_binding,inactive,-1.0,155859.1838818845,155859.1838818845,0.0,0.0,True,results/working/switch_budget_mechanism_audit.csv,False,False,False
Walmart,store_040__dept_092,tight_capacity,governance_aware_dp,switch_budget_binding,active,2.0,3950657.877860772,3857090.147807695,-93567.73005307652,2.0,False,results/working/switch_budget_mechanism_audit.csv,True,False,False
Walmart,store_041__dept_033,tight_capacity,governance_aware_dp,switch_budget_binding,inactive,-1.0,863958.1703425002,863958.1703425002,0.0,0.0,True,results/working/switch_budget_mechanism_audit.csv,False,False,False
Walmart,store_041__dept_092,tight_capacity,governance_aware_dp,switch_budget_binding,inactive,-1.0,7122067.166558848,7122067.166558848,0.0,0.0,True,results/working/switch_budget_mechanism_audit.csv,False,False,False
Walmart,store_041__dept_095,tight_capacity,governance_aware_dp,switch_budget_binding,inactive,0.0,2949767.730917497,2949767.730917497,0.0,0.0,True,results/working/switch_budget_mechanism_audit.csv,False,False,False
Walmart,store_041__dept_096,tight_capacity,governance_aware_dp,switch_budget_binding,inactive,0.0,63426.16283158656,63426.16283158656,0.0,0.0,True,results/working/switch_budget_mechanism_audit.csv,False,False,False
Walmart,store_042__dept_092,tight_capacity,governance_aware_dp,switch_budget_binding,active,2.0,3613344.617118265,3267297.316454735,-346047.3006635299,2.0,False,results/working/switch_budget_mechanism_audit.csv,True,False,False
Walmart,store_043__dept_092,tight_capacity,governance_aware_dp,switch_budget_binding,inactive,0.0,2960272.2055364237,2960272.2055364237,0.0,0.0,True,results/working/switch_budget_mechanism_audit.csv,False,False,False
Walmart,store_044__dept_009,tight_capacity,governance_aware_dp,switch_budget_binding,inactive,-1.0,8062.3460496985645,8062.3460496985645,0.0,0.0,True,results/working/switch_budget_mechanism_audit.csv,False,False,False
Walmart,store_044__dept_017,tight_capacity,governance_aware_dp,switch_budget_binding,inactive,0.0,20980.17048215384,20980.17048215384,0.0,0.0,True,results/working/switch_budget_mechanism_audit.csv,False,False,False
M5,FOODS_1_218__TX_2,frozen_horizon,horizon_aware_dp,frozen_action_restriction,unmeasured,,2740.289960471625,2570.8785044897572,-169.41145598186768,,False,results/working/dynamic_policy_period_results.csv,True,False,False
M5,FOODS_2_197__CA_1,frozen_horizon,horizon_aware_dp,frozen_action_restriction,unmeasured,,7725.989909730557,5932.310386377302,-1793.6795233532548,,False,results/working/dynamic_policy_period_results.csv,True,False,False
M5,FOODS_2_197__CA_3,frozen_horizon,horizon_aware_dp,frozen_action_restriction,unmeasured,,1473.156435044235,354.919051829753,-1118.237383214482,,False,results/working/dynamic_policy_period_results.csv,True,False,False
M5,FOODS_2_276__CA_3,frozen_horizon,horizon_aware_dp,frozen_action_restriction,unmeasured,,623.9930533972437,412.010113850104,-211.98293954713967,,False,results/working/dynamic_policy_period_results.csv,True,False,False
M5,FOODS_2_360__CA_3,frozen_horizon,horizon_aware_dp,frozen_action_restriction,unmeasured,,6468.967573282492,6456.290560403,-12.677012879491485,,False,results/working/dynamic_policy_period_results.csv,False,False,False
M5,FOODS_2_360__TX_3,frozen_horizon,horizon_aware_dp,frozen_action_restriction,unmeasured,,9021.297275337543,8081.0642096425745,-940.2330656949689,,False,results/working/dynamic_policy_period_results.csv,True,False,False
M5,FOODS_2_360__WI_2,frozen_horizon,horizon_aware_dp,frozen_action_restriction,unmeasured,,47595.092871374014,31189.58372079956,-16405.509150574453,,False,results/working/dynamic_policy_period_results.csv,True,False,False
M5,FOODS_3_007__WI_2,frozen_horizon,horizon_aware_dp,frozen_action_restriction,unmeasured,,52704.6125,52705.6125,1.0,,True,results/working/dynamic_policy_period_results.csv,False,False,False
M5,FOODS_3_030__TX_2,frozen_horizon,horizon_aware_dp,frozen_action_restriction,unmeasured,,1126.9251596483741,861.2937480567149,-265.63141159165923,,False,results/working/dynamic_policy_period_results.csv,True,False,False
M5,FOODS_3_030__TX_3,frozen_horizon,horizon_aware_dp,frozen_action_restriction,unmeasured,,706.0088786846442,490.30911562507276,-215.6997630595714,,False,results/working/dynamic_policy_period_results.csv,True,False,False
M5,FOODS_3_080__CA_1,frozen_horizon,horizon_aware_dp,frozen_action_restriction,unmeasured,,1399.4057134069733,629.2514189486717,-770.1542944583016,,False,results/working/dynamic_policy_period_results.csv,True,False,False
M5,FOODS_3_080__TX_2,frozen_horizon,horizon_aware_dp,frozen_action_restriction,unmeasured,,705.6299389390371,709.6394930812378,4.009554142200727,,False,results/working/dynamic_policy_period_results.csv,False,False,False
M5,FOODS_3_090__CA_1,frozen_horizon,horizon_aware_dp,frozen_action_restriction,unmeasured,,10234.43812647641,2622.594053519633,-7611.844072956777,,False,results/working/dynamic_policy_period_results.csv,True,False,False
M5,FOODS_3_090__CA_2,frozen_horizon,horizon_aware_dp,frozen_action_restriction,unmeasured,,5246.6204018410435,3954.671496809437,-1291.9489050316065,,False,results/working/dynamic_policy_period_results.csv,True,False,False
M5,FOODS_3_090__CA_3,frozen_horizon,horizon_aware_dp,frozen_action_restriction,unmeasured,,19868.54125420392,9132.149202132456,-10736.392052071464,,False,results/working/dynamic_policy_period_results.csv,True,False,False
M5,FOODS_3_090__CA_4,frozen_horizon,horizon_aware_dp,frozen_action_restriction,unmeasured,,5282.879129882674,1015.2670206363316,-4267.612109246342,,False,results/working/dynamic_policy_period_results.csv,True,False,False
M5,FOODS_3_090__TX_1,frozen_horizon,horizon_aware_dp,frozen_action_restriction,unmeasured,,4062.4765847688936,5841.814886876647,1779.338302107753,,False,results/working/dynamic_policy_period_results.csv,False,True,False
M5,FOODS_3_090__TX_2,frozen_horizon,horizon_aware_dp,frozen_action_restriction,unmeasured,,7786.196825973901,3523.5217269526484,-4262.675099021252,,False,results/working/dynamic_policy_period_results.csv,True,False,False
M5,FOODS_3_090__TX_3,frozen_horizon,horizon_aware_dp,frozen_action_restriction,unmeasured,,6956.713573397904,5290.3480907558505,-1666.3654826420534,,False,results/working/dynamic_policy_period_results.csv,True,False,False
M5,FOODS_3_090__WI_3,frozen_horizon,horizon_aware_dp,frozen_action_restriction,unmeasured,,14385.192689916805,5870.954972102876,-8514.237717813929,,False,results/working/dynamic_policy_period_results.csv,True,False,False
M5,FOODS_3_099__TX_2,frozen_horizon,horizon_aware_dp,frozen_action_restriction,unmeasured,,718.664954430931,441.3826773459871,-277.28227708494387,,False,results/working/dynamic_policy_period_results.csv,True,False,False
M5,FOODS_3_120__CA_1,frozen_horizon,horizon_aware_dp,frozen_action_restriction,unmeasured,,14465.966325063586,16367.35903257137,1901.3927075077845,,False,results/working/dynamic_policy_period_results.csv,False,True,False
M5,FOODS_3_120__CA_3,frozen_horizon,horizon_aware_dp,frozen_action_restriction,unmeasured,,35818.31160714286,41935.05803571429,6116.74642857143,,False,results/working/dynamic_policy_period_results.csv,False,True,False
M5,FOODS_3_120__WI_3,frozen_horizon,horizon_aware_dp,frozen_action_restriction,unmeasured,,21292.78750000001,22321.65119965708,1028.8636996570713,,False,results/working/dynamic_policy_period_results.csv,False,True,False
M5,FOODS_3_202__CA_3,frozen_horizon,horizon_aware_dp,frozen_action_restriction,unmeasured,,8481.3111328125,5544.411255185368,-2936.899877627132,,False,results/working/dynamic_policy_period_results.csv,True,False,False
M5,FOODS_3_202__TX_1,frozen_horizon,horizon_aware_dp,frozen_action_restriction,unmeasured,,7776.488717964111,3525.640374341601,-4250.848343622511,,False,results/working/dynamic_policy_period_results.csv,True,False,False
M5,FOODS_3_202__TX_2,frozen_horizon,horizon_aware_dp,frozen_action_restriction,unmeasured,,4102.438134765625,1265.7195724617648,-2836.7185623038604,,False,results/working/dynamic_policy_period_results.csv,True,False,False
M5,FOODS_3_202__TX_3,frozen_horizon,horizon_aware_dp,frozen_action_restriction,unmeasured,,2898.9410698093347,1217.1224168590952,-1681.8186529502395,,False,results/working/dynamic_policy_period_results.csv,True,False,False
M5,FOODS_3_226__WI_1,frozen_horizon,horizon_aware_dp,frozen_action_restriction,unmeasured,,3805.511589061092,3390.0127631952723,-415.4988258658195,,False,results/working/dynamic_policy_period_results.csv,True,False,False
M5,FOODS_3_226__WI_2,frozen_horizon,horizon_aware_dp,frozen_action_restriction,unmeasured,,2724.0402910680045,2071.8017277992285,-652.238563268776,,False,results/working/dynamic_policy_period_results.csv,True,False,False
M5,FOODS_3_226__WI_3,frozen_horizon,horizon_aware_dp,frozen_action_restriction,unmeasured,,1405.1775821586286,729.510645939564,-675.6669362190646,,False,results/working/dynamic_policy_period_results.csv,True,False,False
M5,FOODS_3_234__CA_3,frozen_horizon,horizon_aware_dp,frozen_action_restriction,unmeasured,,7062.994196428575,4509.693794176299,-2553.3004022522764,,False,results/working/dynamic_policy_period_results.csv,True,False,False
M5,FOODS_3_234__WI_2,frozen_horizon,horizon_aware_dp,frozen_action_restriction,unmeasured,,5371.921613495048,5387.6125,15.690886504951777,,False,results/working/dynamic_policy_period_results.csv,False,False,False
M5,FOODS_3_234__WI_3,frozen_horizon,horizon_aware_dp,frozen_action_restriction,unmeasured,,9742.771119929062,7934.090970524789,-1808.6801494042738,,False,results/working/dynamic_policy_period_results.csv,True,False,False
M5,FOODS_3_252__CA_1,frozen_horizon,horizon_aware_dp,frozen_action_restriction,unmeasured,,3573.4692144708515,3833.662573458032,260.19335898718055,,False,results/working/dynamic_policy_period_results.csv,False,True,False
M5,FOODS_3_252__CA_2,frozen_horizon,horizon_aware_dp,frozen_action_restriction,unmeasured,,4888.742707370026,4246.090223315247,-642.652484054779,,False,results/working/dynamic_policy_period_results.csv,True,False,False
M5,FOODS_3_252__CA_3,frozen_horizon,horizon_aware_dp,frozen_action_restriction,unmeasured,,4529.843086752761,8793.740499998212,4263.8974132454505,,False,results/working/dynamic_policy_period_results.csv,False,True,False
M5,FOODS_3_252__TX_1,frozen_horizon,horizon_aware_dp,frozen_action_restriction,unmeasured,,4116.9506042579815,1156.4309802234898,-2960.5196240344917,,False,results/working/dynamic_policy_period_results.csv,True,False,False
M5,FOODS_3_252__TX_2,frozen_horizon,horizon_aware_dp,frozen_action_restriction,unmeasured,,6916.958375396316,1770.5171728005676,-5146.441202595748,,False,results/working/dynamic_policy_period_results.csv,True,False,False
M5,FOODS_3_252__TX_3,frozen_horizon,horizon_aware_dp,frozen_action_restriction,unmeasured,,6595.472101301497,1085.163880121859,-5510.308221179638,,False,results/working/dynamic_policy_period_results.csv,True,False,False
M5,FOODS_3_252__WI_3,frozen_horizon,horizon_aware_dp,frozen_action_restriction,unmeasured,,2983.273591242926,2240.224239709364,-743.049351533562,,False,results/working/dynamic_policy_period_results.csv,True,False,False
M5,FOODS_3_281__CA_3,frozen_horizon,horizon_aware_dp,frozen_action_restriction,unmeasured,,9745.817271234611,11609.484375000005,1863.6671037653941,,False,results/working/dynamic_policy_period_results.csv,False,True,False
M5,FOODS_3_282__CA_3,frozen_horizon,horizon_aware_dp,frozen_action_restriction,unmeasured,,5088.046306011306,1656.6327692794196,-3431.413536731887,,False,results/working/dynamic_policy_period_results.csv,True,False,False
M5,FOODS_3_288__CA_3,frozen_horizon,horizon_aware_dp,frozen_action_restriction,unmeasured,,3186.545608577632,1874.1960819870965,-1312.3495265905353,,False,results/working/dynamic_policy_period_results.csv,True,False,False
M5,FOODS_3_318__CA_3,frozen_horizon,horizon_aware_dp,frozen_action_restriction,unmeasured,,1861.6706727181977,1842.441145760989,-19.22952695720869,,False,results/working/dynamic_policy_period_results.csv,True,False,False
M5,FOODS_3_318__WI_3,frozen_horizon,horizon_aware_dp,frozen_action_restriction,unmeasured,,6451.565552197905,1407.6981772040729,-5043.8673749938325,,False,results/working/dynamic_policy_period_results.csv,True,False,False
M5,FOODS_3_319__CA_3,frozen_horizon,horizon_aware_dp,frozen_action_restriction,unmeasured,,1351.4193638392858,1560.5401449514995,209.12078111221376,,False,results/working/dynamic_policy_period_results.csv,False,True,False
M5,FOODS_3_376__WI_2,frozen_horizon,horizon_aware_dp,frozen_action_restriction,unmeasured,,24720.591607454084,21062.011792010057,-3658.579815444027,,False,results/working/dynamic_policy_period_results.csv,True,False,False
M5,FOODS_3_377__TX_2,frozen_horizon,horizon_aware_dp,frozen_action_restriction,unmeasured,,1084.9151715559308,956.9864551491808,-127.92871640675003,,False,results/working/dynamic_policy_period_results.csv,True,False,False
M5,FOODS_3_377__TX_3,frozen_horizon,horizon_aware_dp,frozen_action_restriction,unmeasured,,1389.9585548173486,790.2397982560159,-599.7187565613327,,False,results/working/dynamic_policy_period_results.csv,True,False,False
M5,FOODS_3_412__WI_2,frozen_horizon,horizon_aware_dp,frozen_action_restriction,unmeasured,,12031.578125000002,11350.90545856543,-680.6726664345715,,False,results/working/dynamic_policy_period_results.csv,True,False,False
M5,FOODS_3_462__WI_2,frozen_horizon,horizon_aware_dp,frozen_action_restriction,unmeasured,,6205.276976105822,3272.241250071431,-2933.035726034391,,False,results/working/dynamic_policy_period_results.csv,True,False,False
M5,FOODS_3_501__CA_3,frozen_horizon,horizon_aware_dp,frozen_action_restriction,unmeasured,,2262.5570710199245,629.6014669851983,-1632.955604034726,,False,results/working/dynamic_policy_period_results.csv,True,False,False
M5,FOODS_3_541__CA_1,frozen_horizon,horizon_aware_dp,frozen_action_restriction,unmeasured,,112.45714285714287,113.1671476116053,0.7100047544624317,,False,results/working/dynamic_policy_period_results.csv,False,False,False
M5,FOODS_3_541__CA_3,frozen_horizon,horizon_aware_dp,frozen_action_restriction,unmeasured,,1882.434669120788,1465.623046875,-416.81162224578793,,False,results/working/dynamic_policy_period_results.csv,True,False,False
M5,FOODS_3_547__WI_2,frozen_horizon,horizon_aware_dp,frozen_action_restriction,unmeasured,,4734.921242160859,4622.731319577865,-112.18992258299386,,False,results/working/dynamic_policy_period_results.csv,True,False,False
M5,FOODS_3_555__CA_1,frozen_horizon,horizon_aware_dp,frozen_action_restriction,unmeasured,,1319.9094121722721,1121.8375017859153,-198.07191038635688,,False,results/working/dynamic_policy_period_results.csv,True,False,False
M5,FOODS_3_555__CA_3,frozen_horizon,horizon_aware_dp,frozen_action_restriction,unmeasured,,3946.2725615094096,3310.759680985981,-635.5128805234285,,False,results/working/dynamic_policy_period_results.csv,True,False,False
M5,FOODS_3_555__TX_1,frozen_horizon,horizon_aware_dp,frozen_action_restriction,unmeasured,,2572.9877249129995,1351.5691228932415,-1221.418602019758,,False,results/working/dynamic_policy_period_results.csv,True,False,False
M5,FOODS_3_555__TX_2,frozen_horizon,horizon_aware_dp,frozen_action_restriction,unmeasured,,4389.995033752244,1596.3277857297635,-2793.6672480224806,,False,results/working/dynamic_policy_period_results.csv,True,False,False
M5,FOODS_3_555__TX_3,frozen_horizon,horizon_aware_dp,frozen_action_restriction,unmeasured,,2423.3129959832363,2624.5836697196096,201.27067373637328,,False,results/working/dynamic_policy_period_results.csv,False,True,False
M5,FOODS_3_555__WI_3,frozen_horizon,horizon_aware_dp,frozen_action_restriction,unmeasured,,2289.587307931583,1936.162693436376,-353.4246144952069,,False,results/working/dynamic_policy_period_results.csv,True,False,False
M5,FOODS_3_586__CA_1,frozen_horizon,horizon_aware_dp,frozen_action_restriction,unmeasured,,2263.6272435838064,3792.6168205031604,1528.989576919354,,False,results/working/dynamic_policy_period_results.csv,False,True,False
M5,FOODS_3_586__CA_2,frozen_horizon,horizon_aware_dp,frozen_action_restriction,unmeasured,,2071.089125959625,2098.0239413805757,26.9348154209506,,False,results/working/dynamic_policy_period_results.csv,False,True,False
M5,FOODS_3_586__CA_3,frozen_horizon,horizon_aware_dp,frozen_action_restriction,unmeasured,,2752.0847648515837,2748.89332506638,-3.1914397852037837,,False,results/working/dynamic_policy_period_results.csv,False,False,False
M5,FOODS_3_586__TX_1,frozen_horizon,horizon_aware_dp,frozen_action_restriction,unmeasured,,2913.573255882144,5735.429858901608,2821.856603019464,,False,results/working/dynamic_policy_period_results.csv,False,True,False
M5,FOODS_3_586__TX_2,frozen_horizon,horizon_aware_dp,frozen_action_restriction,unmeasured,,8722.848599107323,1789.0208068163474,-6933.827792290976,,False,results/working/dynamic_policy_period_results.csv,True,False,False
M5,FOODS_3_586__TX_3,frozen_horizon,horizon_aware_dp,frozen_action_restriction,unmeasured,,2118.4316152690017,1578.7371285494376,-539.6944867195641,,False,results/working/dynamic_policy_period_results.csv,True,False,False
M5,FOODS_3_586__WI_3,frozen_horizon,horizon_aware_dp,frozen_action_restriction,unmeasured,,2129.4926471645567,1337.5556301053555,-791.9370170592013,,False,results/working/dynamic_policy_period_results.csv,True,False,False
M5,FOODS_3_587__CA_1,frozen_horizon,horizon_aware_dp,frozen_action_restriction,unmeasured,,1130.828997039989,941.9417345185831,-188.8872625214059,,False,results/working/dynamic_policy_period_results.csv,True,False,False
M5,FOODS_3_587__CA_3,frozen_horizon,horizon_aware_dp,frozen_action_restriction,unmeasured,,2981.372089787584,1740.0108824628117,-1241.3612073247725,,False,results/working/dynamic_policy_period_results.csv,True,False,False
M5,FOODS_3_587__TX_1,frozen_horizon,horizon_aware_dp,frozen_action_restriction,unmeasured,,1114.2424967349018,779.1157226870504,-335.1267740478514,,False,results/working/dynamic_policy_period_results.csv,True,False,False
M5,FOODS_3_587__TX_2,frozen_horizon,horizon_aware_dp,frozen_action_restriction,unmeasured,,2031.7842795953409,978.1804453781656,-1053.6038342171753,,False,results/working/dynamic_policy_period_results.csv,True,False,False
M5,FOODS_3_587__TX_3,frozen_horizon,horizon_aware_dp,frozen_action_restriction,unmeasured,,4240.373632612392,1889.8047266416684,-2350.5689059707233,,False,results/working/dynamic_policy_period_results.csv,True,False,False
M5,FOODS_3_587__WI_3,frozen_horizon,horizon_aware_dp,frozen_action_restriction,unmeasured,,17144.80803571429,21179.057726932628,4034.249691218338,,False,results/working/dynamic_policy_period_results.csv,False,True,False
M5,FOODS_3_607__CA_3,frozen_horizon,horizon_aware_dp,frozen_action_restriction,unmeasured,,2664.159873684414,1731.7506058423928,-932.4092678420211,,False,results/working/dynamic_policy_period_results.csv,True,False,False
M5,FOODS_3_635__CA_3,frozen_horizon,horizon_aware_dp,frozen_action_restriction,unmeasured,,2456.693638392857,2472.4261830149962,15.732544622139358,,False,results/working/dynamic_policy_period_results.csv,False,False,False
M5,FOODS_3_681__CA_3,frozen_horizon,horizon_aware_dp,frozen_action_restriction,unmeasured,,3307.9419302272668,1629.6379594485309,-1678.303970778736,,False,results/working/dynamic_policy_period_results.csv,True,False,False
M5,FOODS_3_681__WI_3,frozen_horizon,horizon_aware_dp,frozen_action_restriction,unmeasured,,13841.877329799112,5703.788070535748,-8138.089259263364,,False,results/working/dynamic_policy_period_results.csv,True,False,False
M5,FOODS_3_694__CA_3,frozen_horizon,horizon_aware_dp,frozen_action_restriction,unmeasured,,2849.8166781114974,2611.8559389017983,-237.9607392096991,,False,results/working/dynamic_policy_period_results.csv,True,False,False
M5,FOODS_3_694__WI_1,frozen_horizon,horizon_aware_dp,frozen_action_restriction,unmeasured,,2875.6748158747882,1461.8769982984077,-1413.7978175763806,,False,results/working/dynamic_policy_period_results.csv,True,False,False
M5,FOODS_3_694__WI_2,frozen_horizon,horizon_aware_dp,frozen_action_restriction,unmeasured,,4697.114627470236,947.114137216367,-3750.000490253869,,False,results/working/dynamic_policy_period_results.csv,True,False,False
M5,FOODS_3_694__WI_3,frozen_horizon,horizon_aware_dp,frozen_action_restriction,unmeasured,,2773.699400422123,1559.2660019299115,-1214.4333984922114,,False,results/working/dynamic_policy_period_results.csv,True,False,False
M5,FOODS_3_711__CA_3,frozen_horizon,horizon_aware_dp,frozen_action_restriction,unmeasured,,2433.785332846851,1183.5503698522446,-1250.2349629946063,,False,results/working/dynamic_policy_period_results.csv,True,False,False
M5,FOODS_3_711__WI_2,frozen_horizon,horizon_aware_dp,frozen_action_restriction,unmeasured,,3190.1047744817765,2780.486654830519,-409.61811965125753,,False,results/working/dynamic_policy_period_results.csv,True,False,False
M5,FOODS_3_714__CA_1,frozen_horizon,horizon_aware_dp,frozen_action_restriction,unmeasured,,6178.778750198557,3122.3576643496563,-3056.4210858489005,,False,results/working/dynamic_policy_period_results.csv,True,False,False
M5,FOODS_3_714__CA_3,frozen_horizon,horizon_aware_dp,frozen_action_restriction,unmeasured,,1722.5011477807102,1534.397802108058,-188.10334567265227,,False,results/working/dynamic_policy_period_results.csv,True,False,False
M5,FOODS_3_714__TX_1,frozen_horizon,horizon_aware_dp,frozen_action_restriction,unmeasured,,2492.190186633954,1507.9898932302524,-984.2002934037016,,False,results/working/dynamic_policy_period_results.csv,True,False,False
M5,FOODS_3_714__TX_2,frozen_horizon,horizon_aware_dp,frozen_action_restriction,unmeasured,,1514.3234264699056,814.4352903176123,-699.8881361522933,,False,results/working/dynamic_policy_period_results.csv,True,False,False
M5,FOODS_3_714__TX_3,frozen_horizon,horizon_aware_dp,frozen_action_restriction,unmeasured,,4092.5889315731456,1760.1161409715576,-2332.472790601588,,False,results/working/dynamic_policy_period_results.csv,True,False,False
M5,FOODS_3_714__WI_3,frozen_horizon,horizon_aware_dp,frozen_action_restriction,unmeasured,,2222.049527710486,1252.945479790072,-969.1040479204139,,False,results/working/dynamic_policy_period_results.csv,True,False,False
M5,FOODS_3_723__CA_3,frozen_horizon,horizon_aware_dp,frozen_action_restriction,unmeasured,,3297.0041290968584,1917.2089078549307,-1379.7952212419277,,False,results/working/dynamic_policy_period_results.csv,True,False,False
M5,FOODS_3_723__WI_3,frozen_horizon,horizon_aware_dp,frozen_action_restriction,unmeasured,,2944.516217072697,1213.7513896051096,-1730.7648274675876,,False,results/working/dynamic_policy_period_results.csv,True,False,False
M5,FOODS_3_752__CA_3,frozen_horizon,horizon_aware_dp,frozen_action_restriction,unmeasured,,5718.306095375268,5573.726974993916,-144.57912038135237,,False,results/working/dynamic_policy_period_results.csv,True,False,False
M5,FOODS_3_804__CA_3,frozen_horizon,horizon_aware_dp,frozen_action_restriction,unmeasured,,4314.722498893294,2875.3012810976106,-1439.4212177956833,,False,results/working/dynamic_policy_period_results.csv,True,False,False
M5,FOODS_3_808__CA_1,frozen_horizon,horizon_aware_dp,frozen_action_restriction,unmeasured,,1248.2308785885741,1292.3519335870888,44.12105499851464,,False,results/working/dynamic_policy_period_results.csv,False,True,False
M5,FOODS_3_808__CA_3,frozen_horizon,horizon_aware_dp,frozen_action_restriction,unmeasured,,2117.7721001587483,3217.9917287054327,1100.2196285466844,,False,results/working/dynamic_policy_period_results.csv,False,True,False
M5,HOUSEHOLD_1_118__CA_3,frozen_horizon,horizon_aware_dp,frozen_action_restriction,unmeasured,,4767.888404148966,2391.7980972091173,-2376.090306939849,,False,results/working/dynamic_policy_period_results.csv,True,False,False
M5,HOUSEHOLD_1_334__CA_3,frozen_horizon,horizon_aware_dp,frozen_action_restriction,unmeasured,,8913.813293423158,7750.167857142859,-1163.6454362802988,,False,results/working/dynamic_policy_period_results.csv,True,False,False
M5,HOUSEHOLD_1_459__CA_3,frozen_horizon,horizon_aware_dp,frozen_action_restriction,unmeasured,,6356.919838360084,6632.701997921067,275.782159560983,,False,results/working/dynamic_policy_period_results.csv,False,True,False
M5,FOODS_1_218__TX_2,high_switch_cost,horizon_aware_dp,switching_sequence_dependence,active,0.03571428571428571,2740.289960471625,3283.5737732804128,543.2838128087878,,False,results/working/dynamic_policy_period_results.csv,False,True,True
M5,FOODS_2_197__CA_1,high_switch_cost,horizon_aware_dp,switching_sequence_dependence,active,0.03571428571428571,7725.989909730557,5954.9072930372495,-1771.0826166933075,,False,results/working/dynamic_policy_period_results.csv,True,False,False
M5,FOODS_2_197__CA_3,high_switch_cost,horizon_aware_dp,switching_sequence_dependence,inactive,0.0,1473.156435044235,354.919051829753,-1118.237383214482,,False,results/working/dynamic_policy_period_results.csv,True,False,True
M5,FOODS_2_276__CA_3,high_switch_cost,horizon_aware_dp,switching_sequence_dependence,active,0.03571428571428571,623.9930533972437,452.18719001920283,-171.80586337804084,,False,results/working/dynamic_policy_period_results.csv,True,False,False
M5,FOODS_2_360__CA_3,high_switch_cost,horizon_aware_dp,switching_sequence_dependence,active,0.42857142857142855,6468.967573282492,6478.790560403,9.822987120508515,,False,results/working/dynamic_policy_period_results.csv,False,False,True
M5,FOODS_2_360__TX_3,high_switch_cost,horizon_aware_dp,switching_sequence_dependence,active,0.32142857142857145,9021.297275337543,8099.0642096425745,-922.2330656949689,,False,results/working/dynamic_policy_period_results.csv,True,False,False
M5,FOODS_2_360__WI_2,high_switch_cost,horizon_aware_dp,switching_sequence_dependence,active,0.03571428571428571,47595.092871374014,31191.08372079956,-16404.009150574453,,False,results/working/dynamic_policy_period_results.csv,True,False,False
M5,FOODS_3_007__WI_2,high_switch_cost,horizon_aware_dp,switching_sequence_dependence,active,0.21428571428571427,52704.6125,52716.6125,12.0,,True,results/working/dynamic_policy_period_results.csv,False,False,True
M5,FOODS_3_030__TX_2,high_switch_cost,horizon_aware_dp,switching_sequence_dependence,active,0.03571428571428571,1126.9251596483741,3540.6758113522937,2413.7506517039196,,False,results/working/dynamic_policy_period_results.csv,False,True,True
M5,FOODS_3_030__TX_3,high_switch_cost,horizon_aware_dp,switching_sequence_dependence,active,0.03571428571428571,706.0088786846442,491.80911562507276,-214.1997630595714,,False,results/working/dynamic_policy_period_results.csv,True,False,False
M5,FOODS_3_080__CA_1,high_switch_cost,horizon_aware_dp,switching_sequence_dependence,active,0.03571428571428571,1399.4057134069733,643.4354718813735,-755.9702415255998,,False,results/working/dynamic_policy_period_results.csv,True,False,False
M5,FOODS_3_080__TX_2,high_switch_cost,horizon_aware_dp,switching_sequence_dependence,inactive,0.0,705.6299389390371,709.6394930812378,4.009554142200727,,False,results/working/dynamic_policy_period_results.csv,False,False,False
M5,FOODS_3_090__CA_1,high_switch_cost,horizon_aware_dp,switching_sequence_dependence,active,0.10714285714285714,10234.43812647641,8784.259518607601,-1450.1786078688092,,False,results/working/dynamic_policy_period_results.csv,True,False,False
M5,FOODS_3_090__CA_2,high_switch_cost,horizon_aware_dp,switching_sequence_dependence,active,0.03571428571428571,5246.6204018410435,3560.8851090707744,-1685.735292770269,,False,results/working/dynamic_policy_period_results.csv,True,False,False
M5,FOODS_3_090__CA_3,high_switch_cost,horizon_aware_dp,switching_sequence_dependence,active,0.07142857142857142,19868.54125420392,9135.649202132456,-10732.892052071464,,False,results/working/dynamic_policy_period_results.csv,True,False,False
M5,FOODS_3_090__CA_4,high_switch_cost,horizon_aware_dp,switching_sequence_dependence,active,0.07142857142857142,5282.879129882674,1708.1178489722595,-3574.761280910414,,False,results/working/dynamic_policy_period_results.csv,True,False,False
M5,FOODS_3_090__TX_1,high_switch_cost,horizon_aware_dp,switching_sequence_dependence,active,0.10714285714285714,4062.4765847688936,4317.322246315158,254.84566154626418,,False,results/working/dynamic_policy_period_results.csv,False,True,True
M5,FOODS_3_090__TX_2,high_switch_cost,horizon_aware_dp,switching_sequence_dependence,active,0.03571428571428571,7786.196825973901,5955.889011077104,-1830.3078148967961,,False,results/working/dynamic_policy_period_results.csv,True,False,False
M5,FOODS_3_090__TX_3,high_switch_cost,horizon_aware_dp,switching_sequence_dependence,active,0.10714285714285714,6956.713573397904,3343.673312690782,-3613.040260707122,,False,results/working/dynamic_policy_period_results.csv,True,False,False
M5,FOODS_3_090__WI_3,high_switch_cost,horizon_aware_dp,switching_sequence_dependence,active,0.03571428571428571,14385.192689916805,6895.7564029770265,-7489.436286939778,,False,results/working/dynamic_policy_period_results.csv,True,False,False
M5,FOODS_3_099__TX_2,high_switch_cost,horizon_aware_dp,switching_sequence_dependence,active,0.03571428571428571,718.664954430931,453.4327536172505,-265.23220081368044,,False,results/working/dynamic_policy_period_results.csv,True,False,False
M5,FOODS_3_120__CA_1,high_switch_cost,horizon_aware_dp,switching_sequence_dependence,active,0.6785714285714286,14465.966325063586,17404.562157571367,2938.595832507781,,False,results/working/dynamic_policy_period_results.csv,False,True,True
M5,FOODS_3_120__CA_3,high_switch_cost,horizon_aware_dp,switching_sequence_dependence,active,0.5714285714285714,35818.31160714286,39112.49574241696,3294.184135274103,,False,results/working/dynamic_policy_period_results.csv,False,True,True
M5,FOODS_3_120__WI_3,high_switch_cost,horizon_aware_dp,switching_sequence_dependence,active,0.5,21292.78750000001,22347.15119965708,1054.3636996570713,,False,results/working/dynamic_policy_period_results.csv,False,True,True
M5,FOODS_3_202__CA_3,high_switch_cost,horizon_aware_dp,switching_sequence_dependence,active,0.03571428571428571,8481.3111328125,5315.980463414624,-3165.3306693978757,,False,results/working/dynamic_policy_period_results.csv,True,False,False
M5,FOODS_3_202__TX_1,high_switch_cost,horizon_aware_dp,switching_sequence_dependence,active,0.03571428571428571,7776.488717964111,3527.140374341601,-4249.348343622511,,False,results/working/dynamic_policy_period_results.csv,True,False,False
M5,FOODS_3_202__TX_2,high_switch_cost,horizon_aware_dp,switching_sequence_dependence,active,0.03571428571428571,4102.438134765625,4037.5360176972795,-64.90211706834589,,False,results/working/dynamic_policy_period_results.csv,True,False,False
M5,FOODS_3_202__TX_3,high_switch_cost,horizon_aware_dp,switching_sequence_dependence,active,0.03571428571428571,2898.9410698093347,1047.0337966853922,-1851.9072731239426,,False,results/working/dynamic_policy_period_results.csv,True,False,False
M5,FOODS_3_226__WI_1,high_switch_cost,horizon_aware_dp,switching_sequence_dependence,active,0.10714285714285714,3805.511589061092,1378.9962911611774,-2426.5152978999145,,False,results/working/dynamic_policy_period_results.csv,True,False,False
M5,FOODS_3_226__WI_2,high_switch_cost,horizon_aware_dp,switching_sequence_dependence,active,0.10714285714285714,2724.0402910680045,2062.182666937782,-661.8576241302226,,False,results/working/dynamic_policy_period_results.csv,True,False,False
M5,FOODS_3_226__WI_3,high_switch_cost,horizon_aware_dp,switching_sequence_dependence,active,0.03571428571428571,1405.1775821586286,721.355167160877,-683.8224149977516,,False,results/working/dynamic_policy_period_results.csv,True,False,False
M5,FOODS_3_234__CA_3,high_switch_cost,horizon_aware_dp,switching_sequence_dependence,inactive,0.0,7062.994196428575,4509.693794176299,-2553.3004022522764,,False,results/working/dynamic_policy_period_results.csv,True,False,True
M5,FOODS_3_234__WI_2,high_switch_cost,horizon_aware_dp,switching_sequence_dependence,active,0.03571428571428571,5371.921613495048,5362.065972599064,-9.855640895984834,,False,results/working/dynamic_policy_period_results.csv,False,False,True
M5,FOODS_3_234__WI_3,high_switch_cost,horizon_aware_dp,switching_sequence_dependence,inactive,0.0,9742.771119929062,7934.090970524789,-1808.6801494042738,,False,results/working/dynamic_policy_period_results.csv,True,False,True
M5,FOODS_3_252__CA_1,high_switch_cost,horizon_aware_dp,switching_sequence_dependence,active,0.03571428571428571,3573.4692144708515,3720.930048861735,147.46083439088352,,False,results/working/dynamic_policy_period_results.csv,False,True,True
M5,FOODS_3_252__CA_2,high_switch_cost,horizon_aware_dp,switching_sequence_dependence,active,0.03571428571428571,4888.742707370026,4537.702335199241,-351.0403721707853,,False,results/working/dynamic_policy_period_results.csv,True,False,False
M5,FOODS_3_252__CA_3,high_switch_cost,horizon_aware_dp,switching_sequence_dependence,active,0.03571428571428571,4529.843086752761,8795.240499998212,4265.3974132454505,,False,results/working/dynamic_policy_period_results.csv,False,True,True
M5,FOODS_3_252__TX_1,high_switch_cost,horizon_aware_dp,switching_sequence_dependence,active,0.03571428571428571,4116.9506042579815,3195.4602874782545,-921.490316779727,,False,results/working/dynamic_policy_period_results.csv,True,False,False
M5,FOODS_3_252__TX_2,high_switch_cost,horizon_aware_dp,switching_sequence_dependence,active,0.03571428571428571,6916.958375396316,1776.3463391074652,-5140.6120362888505,,False,results/working/dynamic_policy_period_results.csv,True,False,False
M5,FOODS_3_252__TX_3,high_switch_cost,horizon_aware_dp,switching_sequence_dependence,active,0.10714285714285714,6595.472101301497,1182.3012731181966,-5413.1708281833,,False,results/working/dynamic_policy_period_results.csv,True,False,False
M5,FOODS_3_252__WI_3,high_switch_cost,horizon_aware_dp,switching_sequence_dependence,active,0.03571428571428571,2983.273591242926,2251.801692016327,-731.4718992265994,,False,results/working/dynamic_policy_period_results.csv,True,False,False
M5,FOODS_3_281__CA_3,high_switch_cost,horizon_aware_dp,switching_sequence_dependence,active,0.35714285714285715,9745.817271234611,9095.511160714295,-650.306110520316,,False,results/working/dynamic_policy_period_results.csv,True,False,False
M5,FOODS_3_282__CA_3,high_switch_cost,horizon_aware_dp,switching_sequence_dependence,active,0.03571428571428571,5088.046306011306,1696.2886117219668,-3391.7576942893393,,False,results/working/dynamic_policy_period_results.csv,True,False,False
M5,FOODS_3_288__CA_3,high_switch_cost,horizon_aware_dp,switching_sequence_dependence,active,0.03571428571428571,3186.545608577632,1875.6960819870965,-1310.8495265905353,,False,results/working/dynamic_policy_period_results.csv,True,False,False
M5,FOODS_3_318__CA_3,high_switch_cost,horizon_aware_dp,switching_sequence_dependence,active,0.03571428571428571,1861.6706727181977,1843.941145760989,-17.72952695720869,,False,results/working/dynamic_policy_period_results.csv,False,False,True
M5,FOODS_3_318__WI_3,high_switch_cost,horizon_aware_dp,switching_sequence_dependence,active,0.03571428571428571,6451.565552197905,3662.3913578363945,-2789.1741943615107,,False,results/working/dynamic_policy_period_results.csv,True,False,False
M5,FOODS_3_319__CA_3,high_switch_cost,horizon_aware_dp,switching_sequence_dependence,inactive,0.0,1351.4193638392858,1560.5401449514995,209.12078111221376,,False,results/working/dynamic_policy_period_results.csv,False,True,True
M5,FOODS_3_376__WI_2,high_switch_cost,horizon_aware_dp,switching_sequence_dependence,active,0.17857142857142858,24720.591607454084,25444.4045956946,723.8129882405156,,False,results/working/dynamic_policy_period_results.csv,False,True,True
M5,FOODS_3_377__TX_2,high_switch_cost,horizon_aware_dp,switching_sequence_dependence,inactive,0.0,1084.9151715559308,956.9864551491808,-127.92871640675003,,False,results/working/dynamic_policy_period_results.csv,True,False,True
M5,FOODS_3_377__TX_3,high_switch_cost,horizon_aware_dp,switching_sequence_dependence,active,0.07142857142857142,1389.9585548173486,790.4960482560159,-599.4625065613327,,False,results/working/dynamic_policy_period_results.csv,True,False,False
M5,FOODS_3_412__WI_2,high_switch_cost,horizon_aware_dp,switching_sequence_dependence,active,0.03571428571428571,12031.578125000002,11352.40545856543,-679.1726664345715,,False,results/working/dynamic_policy_period_results.csv,True,False,False
M5,FOODS_3_462__WI_2,high_switch_cost,horizon_aware_dp,switching_sequence_dependence,active,0.03571428571428571,6205.276976105822,3274.0007197210057,-2931.276256384816,,False,results/working/dynamic_policy_period_results.csv,True,False,False
M5,FOODS_3_501__CA_3,high_switch_cost,horizon_aware_dp,switching_sequence_dependence,active,0.03571428571428571,2262.5570710199245,619.8083343242431,-1642.7487366956814,,False,results/working/dynamic_policy_period_results.csv,True,False,False
M5,FOODS_3_541__CA_1,high_switch_cost,horizon_aware_dp,switching_sequence_dependence,active,0.03571428571428571,112.45714285714287,109.94951045981732,-2.507632397325551,,False,results/working/dynamic_policy_period_results.csv,True,False,False
M5,FOODS_3_541__CA_3,high_switch_cost,horizon_aware_dp,switching_sequence_dependence,active,0.03571428571428571,1882.434669120788,1659.672796720331,-222.76187240045692,,False,results/working/dynamic_policy_period_results.csv,True,False,False
M5,FOODS_3_547__WI_2,high_switch_cost,horizon_aware_dp,switching_sequence_dependence,active,0.07142857142857142,4734.921242160859,4626.231319577865,-108.68992258299386,,False,results/working/dynamic_policy_period_results.csv,True,False,False
M5,FOODS_3_555__CA_1,high_switch_cost,horizon_aware_dp,switching_sequence_dependence,active,0.03571428571428571,1319.9094121722721,1059.5526385205474,-260.3567736517248,,False,results/working/dynamic_policy_period_results.csv,True,False,False
M5,FOODS_3_555__CA_3,high_switch_cost,horizon_aware_dp,switching_sequence_dependence,active,0.03571428571428571,3946.2725615094096,2753.4087012283503,-1192.8638602810593,,False,results/working/dynamic_policy_period_results.csv,True,False,False
M5,FOODS_3_555__TX_1,high_switch_cost,horizon_aware_dp,switching_sequence_dependence,active,0.03571428571428571,2572.9877249129995,2390.0909194353785,-182.896805477621,,False,results/working/dynamic_policy_period_results.csv,True,False,False
M5,FOODS_3_555__TX_2,high_switch_cost,horizon_aware_dp,switching_sequence_dependence,active,0.07142857142857142,4389.995033752244,1790.7188821239472,-2599.276151628297,,False,results/working/dynamic_policy_period_results.csv,True,False,False
M5,FOODS_3_555__TX_3,high_switch_cost,horizon_aware_dp,switching_sequence_dependence,active,0.03571428571428571,2423.3129959832363,2626.0836697196096,202.77067373637328,,False,results/working/dynamic_policy_period_results.csv,False,True,True
M5,FOODS_3_555__WI_3,high_switch_cost,horizon_aware_dp,switching_sequence_dependence,active,0.03571428571428571,2289.587307931583,1937.662693436376,-351.9246144952069,,False,results/working/dynamic_policy_period_results.csv,True,False,False
M5,FOODS_3_586__CA_1,high_switch_cost,horizon_aware_dp,switching_sequence_dependence,active,0.03571428571428571,2263.6272435838064,2383.47553904958,119.84829546577384,,False,results/working/dynamic_policy_period_results.csv,False,True,True
M5,FOODS_3_586__CA_2,high_switch_cost,horizon_aware_dp,switching_sequence_dependence,active,0.07142857142857142,2071.089125959625,1856.6743236399768,-214.4148023196483,,False,results/working/dynamic_policy_period_results.csv,True,False,False
M5,FOODS_3_586__CA_3,high_switch_cost,horizon_aware_dp,switching_sequence_dependence,active,0.03571428571428571,2752.0847648515837,2697.018986802135,-55.06577804944891,,False,results/working/dynamic_policy_period_results.csv,True,False,False
M5,FOODS_3_586__TX_1,high_switch_cost,horizon_aware_dp,switching_sequence_dependence,active,0.10714285714285714,2913.573255882144,3592.6758160801082,679.1025601979641,,False,results/working/dynamic_policy_period_results.csv,False,True,True
M5,FOODS_3_586__TX_2,high_switch_cost,horizon_aware_dp,switching_sequence_dependence,active,0.10714285714285714,8722.848599107323,1845.8627801728367,-6876.985818934487,,False,results/working/dynamic_policy_period_results.csv,True,False,False
M5,FOODS_3_586__TX_3,high_switch_cost,horizon_aware_dp,switching_sequence_dependence,active,0.10714285714285714,2118.4316152690017,1312.869242228537,-805.5623730404648,,False,results/working/dynamic_policy_period_results.csv,True,False,False
M5,FOODS_3_586__WI_3,high_switch_cost,horizon_aware_dp,switching_sequence_dependence,active,0.07142857142857142,2129.4926471645567,1342.204737248213,-787.2879099163438,,False,results/working/dynamic_policy_period_results.csv,True,False,False
M5,FOODS_3_587__CA_1,high_switch_cost,horizon_aware_dp,switching_sequence_dependence,active,0.10714285714285714,1130.828997039989,947.4417345185831,-183.3872625214059,,False,results/working/dynamic_policy_period_results.csv,True,False,False
M5,FOODS_3_587__CA_3,high_switch_cost,horizon_aware_dp,switching_sequence_dependence,active,0.03571428571428571,2981.372089787584,2225.9703980722056,-755.4016917153785,,False,results/working/dynamic_policy_period_results.csv,True,False,False
M5,FOODS_3_587__TX_1,high_switch_cost,horizon_aware_dp,switching_sequence_dependence,active,0.03571428571428571,1114.2424967349018,781.1157226870504,-333.1267740478514,,False,results/working/dynamic_policy_period_results.csv,True,False,False
M5,FOODS_3_587__TX_2,high_switch_cost,horizon_aware_dp,switching_sequence_dependence,active,0.03571428571428571,2031.7842795953409,980.1804453781656,-1051.6038342171753,,False,results/working/dynamic_policy_period_results.csv,True,False,False
M5,FOODS_3_587__TX_3,high_switch_cost,horizon_aware_dp,switching_sequence_dependence,active,0.07142857142857142,4240.373632612392,1894.27704807024,-2346.0965845421515,,False,results/working/dynamic_policy_period_results.csv,True,False,False
M5,FOODS_3_587__WI_3,high_switch_cost,horizon_aware_dp,switching_sequence_dependence,active,0.4642857142857143,17144.80803571429,18769.527037473257,1624.7190017589674,,False,results/working/dynamic_policy_period_results.csv,False,True,True
M5,FOODS_3_607__CA_3,high_switch_cost,horizon_aware_dp,switching_sequence_dependence,active,0.03571428571428571,2664.159873684414,927.8169888297646,-1736.3428848546494,,False,results/working/dynamic_policy_period_results.csv,True,False,False
M5,FOODS_3_635__CA_3,high_switch_cost,horizon_aware_dp,switching_sequence_dependence,active,0.03571428571428571,2456.693638392857,2474.4261830149962,17.732544622139358,,False,results/working/dynamic_policy_period_results.csv,False,False,True
M5,FOODS_3_681__CA_3,high_switch_cost,horizon_aware_dp,switching_sequence_dependence,active,0.03571428571428571,3307.9419302272668,1551.4328301490198,-1756.509100078247,,False,results/working/dynamic_policy_period_results.csv,True,False,False
M5,FOODS_3_681__WI_3,high_switch_cost,horizon_aware_dp,switching_sequence_dependence,active,0.07142857142857142,13841.877329799112,5707.788070535748,-8134.089259263364,,False,results/working/dynamic_policy_period_results.csv,True,False,False
M5,FOODS_3_694__CA_3,high_switch_cost,horizon_aware_dp,switching_sequence_dependence,active,0.03571428571428571,2849.8166781114974,2613.3559389017983,-236.4607392096991,,False,results/working/dynamic_policy_period_results.csv,True,False,False
M5,FOODS_3_694__WI_1,high_switch_cost,horizon_aware_dp,switching_sequence_dependence,active,0.03571428571428571,2875.6748158747882,1373.0281740011735,-1502.6466418736147,,False,results/working/dynamic_policy_period_results.csv,True,False,False
M5,FOODS_3_694__WI_2,high_switch_cost,horizon_aware_dp,switching_sequence_dependence,inactive,0.0,4697.114627470236,947.114137216367,-3750.000490253869,,False,results/working/dynamic_policy_period_results.csv,True,False,True
M5,FOODS_3_694__WI_3,high_switch_cost,horizon_aware_dp,switching_sequence_dependence,active,0.07142857142857142,2773.699400422123,1562.8356447870544,-1210.8637556350684,,False,results/working/dynamic_policy_period_results.csv,True,False,False
M5,FOODS_3_711__CA_3,high_switch_cost,horizon_aware_dp,switching_sequence_dependence,active,0.07142857142857142,2433.785332846851,944.5468564977632,-1489.2384763490877,,False,results/working/dynamic_policy_period_results.csv,True,False,False
M5,FOODS_3_711__WI_2,high_switch_cost,horizon_aware_dp,switching_sequence_dependence,inactive,0.0,3190.1047744817765,2780.486654830519,-409.61811965125753,,False,results/working/dynamic_policy_period_results.csv,True,False,True
M5,FOODS_3_714__CA_1,high_switch_cost,horizon_aware_dp,switching_sequence_dependence,active,0.03571428571428571,6178.778750198557,3105.472001569814,-3073.3067486287428,,False,results/working/dynamic_policy_period_results.csv,True,False,False
M5,FOODS_3_714__CA_3,high_switch_cost,horizon_aware_dp,switching_sequence_dependence,active,0.03571428571428571,1722.5011477807102,1379.3342265251936,-343.1669212555166,,False,results/working/dynamic_policy_period_results.csv,True,False,False
M5,FOODS_3_714__TX_1,high_switch_cost,horizon_aware_dp,switching_sequence_dependence,inactive,0.0,2492.190186633954,1507.9898932302524,-984.2002934037016,,False,results/working/dynamic_policy_period_results.csv,True,False,True
M5,FOODS_3_714__TX_2,high_switch_cost,horizon_aware_dp,switching_sequence_dependence,active,0.03571428571428571,1514.3234264699056,814.6107336364495,-699.7126928334561,,False,results/working/dynamic_policy_period_results.csv,True,False,False
M5,FOODS_3_714__TX_3,high_switch_cost,horizon_aware_dp,switching_sequence_dependence,active,0.07142857142857142,4092.5889315731456,1764.2867882929866,-2328.302143280159,,False,results/working/dynamic_policy_period_results.csv,True,False,False
M5,FOODS_3_714__WI_3,high_switch_cost,horizon_aware_dp,switching_sequence_dependence,active,0.10714285714285714,2222.049527710486,1246.9516318931344,-975.0978958173516,,False,results/working/dynamic_policy_period_results.csv,True,False,False
M5,FOODS_3_723__CA_3,high_switch_cost,horizon_aware_dp,switching_sequence_dependence,active,0.03571428571428571,3297.0041290968584,5074.751260549302,1777.7471314524437,,False,results/working/dynamic_policy_period_results.csv,False,True,True
M5,FOODS_3_723__WI_3,high_switch_cost,horizon_aware_dp,switching_sequence_dependence,active,0.03571428571428571,2944.516217072697,1215.2513896051096,-1729.2648274675876,,False,results/working/dynamic_policy_period_results.csv,True,False,False
M5,FOODS_3_752__CA_3,high_switch_cost,horizon_aware_dp,switching_sequence_dependence,active,0.10714285714285714,5718.306095375268,5529.10814974394,-189.19794563132837,,False,results/working/dynamic_policy_period_results.csv,True,False,False
M5,FOODS_3_804__CA_3,high_switch_cost,horizon_aware_dp,switching_sequence_dependence,active,0.03571428571428571,4314.722498893294,3361.8395263525904,-952.8829725407036,,False,results/working/dynamic_policy_period_results.csv,True,False,False
M5,FOODS_3_808__CA_1,high_switch_cost,horizon_aware_dp,switching_sequence_dependence,active,0.17857142857142858,1248.2308785885741,1350.202232626988,101.97135403841389,,False,results/working/dynamic_policy_period_results.csv,False,True,True
M5,FOODS_3_808__CA_3,high_switch_cost,horizon_aware_dp,switching_sequence_dependence,active,0.07142857142857142,2117.7721001587483,2814.784322684153,697.0122225254045,,False,results/working/dynamic_policy_period_results.csv,False,True,True
M5,HOUSEHOLD_1_118__CA_3,high_switch_cost,horizon_aware_dp,switching_sequence_dependence,inactive,0.0,4767.888404148966,2391.7980972091173,-2376.090306939849,,False,results/working/dynamic_policy_period_results.csv,True,False,True
M5,HOUSEHOLD_1_334__CA_3,high_switch_cost,horizon_aware_dp,switching_sequence_dependence,active,0.10714285714285714,8913.813293423158,9157.75466157662,243.94136815346246,,False,results/working/dynamic_policy_period_results.csv,False,True,True
M5,HOUSEHOLD_1_459__CA_3,high_switch_cost,horizon_aware_dp,switching_sequence_dependence,active,0.21428571428571427,6356.919838360084,6832.019675972876,475.0998376127918,,False,results/working/dynamic_policy_period_results.csv,False,True,True
M5,FOODS_1_218__TX_2,long_lead,horizon_aware_dp,pipeline_carryover,active,1.0,2935.2368303571416,3673.6263939479622,738.3895635908207,,False,results/working/dynamic_policy_period_results.csv,False,True,True
M5,FOODS_2_197__CA_1,long_lead,horizon_aware_dp,pipeline_carryover,active,1.0,11814.3472108999,8327.169333378795,-3487.177877521104,,False,results/working/dynamic_policy_period_results.csv,True,False,False
M5,FOODS_2_197__CA_3,long_lead,horizon_aware_dp,pipeline_carryover,active,1.0,2563.416569864527,636.0450703894769,-1927.37149947505,,False,results/working/dynamic_policy_period_results.csv,True,False,False
M5,FOODS_2_276__CA_3,long_lead,horizon_aware_dp,pipeline_carryover,active,1.0,1732.5539578446296,700.0805775900806,-1032.473380254549,,False,results/working/dynamic_policy_period_results.csv,True,False,False
M5,FOODS_2_360__CA_3,long_lead,horizon_aware_dp,pipeline_carryover,active,1.0,7955.319642857146,8156.270727108003,200.95108425085618,,False,results/working/dynamic_policy_period_results.csv,False,True,True
M5,FOODS_2_360__TX_3,long_lead,horizon_aware_dp,pipeline_carryover,active,1.0,10701.141869470674,9011.142161539965,-1689.9997079307086,,False,results/working/dynamic_policy_period_results.csv,True,False,False
M5,FOODS_2_360__WI_2,long_lead,horizon_aware_dp,pipeline_carryover,active,1.0,61689.34586356027,35787.9380124489,-25901.40785111137,,False,results/working/dynamic_policy_period_results.csv,True,False,False
M5,FOODS_3_007__WI_2,long_lead,horizon_aware_dp,pipeline_carryover,active,0.8928571428571429,52782.8625,52784.3625,1.5,,True,results/working/dynamic_policy_period_results.csv,False,False,True
M5,FOODS_3_030__TX_2,long_lead,horizon_aware_dp,pipeline_carryover,active,1.0,2099.5872279573928,4095.6119368732648,1996.024708915872,,False,results/working/dynamic_policy_period_results.csv,False,True,True
M5,FOODS_3_030__TX_3,long_lead,horizon_aware_dp,pipeline_carryover,active,1.0,1622.6104992343921,1365.4061850520104,-257.2043141823817,,False,results/working/dynamic_policy_period_results.csv,True,False,False
M5,FOODS_3_080__CA_1,long_lead,horizon_aware_dp,pipeline_carryover,active,1.0,1334.6458954615773,1002.6445481776796,-332.00134728389776,,False,results/working/dynamic_policy_period_results.csv,True,False,False
M5,FOODS_3_080__TX_2,long_lead,horizon_aware_dp,pipeline_carryover,active,1.0,2094.63135734397,1129.0874184494885,-965.5439388944817,,False,results/working/dynamic_policy_period_results.csv,True,False,False
M5,FOODS_3_090__CA_1,long_lead,horizon_aware_dp,pipeline_carryover,active,1.0,10462.066864132315,8327.72485710885,-2134.342007023466,,False,results/working/dynamic_policy_period_results.csv,True,False,False
M5,FOODS_3_090__CA_2,long_lead,horizon_aware_dp,pipeline_carryover,active,1.0,14519.809045196875,7782.827382688004,-6736.981662508871,,False,results/working/dynamic_policy_period_results.csv,True,False,False
M5,FOODS_3_090__CA_3,long_lead,horizon_aware_dp,pipeline_carryover,active,1.0,15889.042384370858,12106.649169440163,-3782.3932149306947,,False,results/working/dynamic_policy_period_results.csv,True,False,False
M5,FOODS_3_090__CA_4,long_lead,horizon_aware_dp,pipeline_carryover,active,1.0,5570.4152959725625,1744.4437498196842,-3825.9715461528785,,False,results/working/dynamic_policy_period_results.csv,True,False,False
M5,FOODS_3_090__TX_1,long_lead,horizon_aware_dp,pipeline_carryover,active,1.0,5929.632370380257,2584.923074047724,-3344.709296332533,,False,results/working/dynamic_policy_period_results.csv,True,False,False
M5,FOODS_3_090__TX_2,long_lead,horizon_aware_dp,pipeline_carryover,active,1.0,9357.854293267594,4896.694041897671,-4461.160251369923,,False,results/working/dynamic_policy_period_results.csv,True,False,False
M5,FOODS_3_090__TX_3,long_lead,horizon_aware_dp,pipeline_carryover,active,1.0,10800.597821432077,8418.864183345693,-2381.7336380863835,,False,results/working/dynamic_policy_period_results.csv,True,False,False
M5,FOODS_3_090__WI_3,long_lead,horizon_aware_dp,pipeline_carryover,active,1.0,15038.997291065942,11410.253569802137,-3628.743721263805,,False,results/working/dynamic_policy_period_results.csv,True,False,False
M5,FOODS_3_099__TX_2,long_lead,horizon_aware_dp,pipeline_carryover,active,1.0,1861.1224472463766,1190.3868848530851,-670.7355623932915,,False,results/working/dynamic_policy_period_results.csv,True,False,False
M5,FOODS_3_120__CA_1,long_lead,horizon_aware_dp,pipeline_carryover,active,1.0,18546.60251116071,21015.224273187374,2468.6217620266652,,False,results/working/dynamic_policy_period_results.csv,False,True,True
M5,FOODS_3_120__CA_3,long_lead,horizon_aware_dp,pipeline_carryover,active,1.0,41042.16875,42153.932374847405,1111.7636248474082,,False,results/working/dynamic_policy_period_results.csv,False,True,True
M5,FOODS_3_120__WI_3,long_lead,horizon_aware_dp,pipeline_carryover,active,1.0,22859.126785714292,25529.673724705284,2670.546938990992,,False,results/working/dynamic_policy_period_results.csv,False,True,True
M5,FOODS_3_202__CA_3,long_lead,horizon_aware_dp,pipeline_carryover,active,1.0,11901.105733292043,11187.924335312806,-713.1813979792369,,False,results/working/dynamic_policy_period_results.csv,True,False,False
M5,FOODS_3_202__TX_1,long_lead,horizon_aware_dp,pipeline_carryover,active,1.0,12679.981352887831,4090.837332213165,-8589.144020674667,,False,results/working/dynamic_policy_period_results.csv,True,False,False
M5,FOODS_3_202__TX_2,long_lead,horizon_aware_dp,pipeline_carryover,active,1.0,4529.549296501031,4059.203540862306,-470.34575563872477,,False,results/working/dynamic_policy_period_results.csv,True,False,False
M5,FOODS_3_202__TX_3,long_lead,horizon_aware_dp,pipeline_carryover,active,1.0,4375.87633644331,1914.116994211634,-2461.759342231676,,False,results/working/dynamic_policy_period_results.csv,True,False,False
M5,FOODS_3_226__WI_1,long_lead,horizon_aware_dp,pipeline_carryover,active,1.0,10586.665365663177,2566.569779833436,-8020.095585829741,,False,results/working/dynamic_policy_period_results.csv,True,False,False
M5,FOODS_3_226__WI_2,long_lead,horizon_aware_dp,pipeline_carryover,active,1.0,10567.831429735419,4749.250587145838,-5818.580842589581,,False,results/working/dynamic_policy_period_results.csv,True,False,False
M5,FOODS_3_226__WI_3,long_lead,horizon_aware_dp,pipeline_carryover,active,1.0,2696.0174968175816,2442.156505305173,-253.86099151240842,,False,results/working/dynamic_policy_period_results.csv,True,False,False
M5,FOODS_3_234__CA_3,long_lead,horizon_aware_dp,pipeline_carryover,active,1.0,10791.363392857143,7779.975948660716,-3011.387444196427,,False,results/working/dynamic_policy_period_results.csv,True,False,False
M5,FOODS_3_234__WI_2,long_lead,horizon_aware_dp,pipeline_carryover,active,0.8571428571428571,5413.6125,5365.0125,-48.600000000000364,,False,results/working/dynamic_policy_period_results.csv,False,False,True
M5,FOODS_3_234__WI_3,long_lead,horizon_aware_dp,pipeline_carryover,active,1.0,17471.45508961759,12362.061377430897,-5109.393712186693,,False,results/working/dynamic_policy_period_results.csv,True,False,False
M5,FOODS_3_252__CA_1,long_lead,horizon_aware_dp,pipeline_carryover,active,1.0,12563.836700973601,5460.1031120832395,-7103.733588890362,,False,results/working/dynamic_policy_period_results.csv,True,False,False
M5,FOODS_3_252__CA_2,long_lead,horizon_aware_dp,pipeline_carryover,active,1.0,6483.861357886076,4315.379330858461,-2168.482027027615,,False,results/working/dynamic_policy_period_results.csv,True,False,False
M5,FOODS_3_252__CA_3,long_lead,horizon_aware_dp,pipeline_carryover,active,1.0,9250.661196908004,14268.580717442459,5017.919520534455,,False,results/working/dynamic_policy_period_results.csv,False,True,True
M5,FOODS_3_252__TX_1,long_lead,horizon_aware_dp,pipeline_carryover,active,1.0,4373.889318645604,3920.3783456273713,-453.510973018233,,False,results/working/dynamic_policy_period_results.csv,True,False,False
M5,FOODS_3_252__TX_2,long_lead,horizon_aware_dp,pipeline_carryover,active,1.0,11938.677602711066,3569.1747510703967,-8369.50285164067,,False,results/working/dynamic_policy_period_results.csv,True,False,False
M5,FOODS_3_252__TX_3,long_lead,horizon_aware_dp,pipeline_carryover,active,1.0,5947.781499493133,2460.4902822757144,-3487.2912172174188,,False,results/working/dynamic_policy_period_results.csv,True,False,False
M5,FOODS_3_252__WI_3,long_lead,horizon_aware_dp,pipeline_carryover,active,1.0,4555.481108127277,3054.1505225450537,-1501.3305855822236,,False,results/working/dynamic_policy_period_results.csv,True,False,False
M5,FOODS_3_281__CA_3,long_lead,horizon_aware_dp,pipeline_carryover,active,1.0,10232.654017857149,10238.222996500375,5.568978643226728,,False,results/working/dynamic_policy_period_results.csv,False,False,True
M5,FOODS_3_282__CA_3,long_lead,horizon_aware_dp,pipeline_carryover,active,1.0,9668.944482075707,4584.045331112437,-5084.89915096327,,False,results/working/dynamic_policy_period_results.csv,True,False,False
M5,FOODS_3_288__CA_3,long_lead,horizon_aware_dp,pipeline_carryover,active,1.0,4803.55615683472,2051.597855985485,-2751.9583008492355,,False,results/working/dynamic_policy_period_results.csv,True,False,False
M5,FOODS_3_318__CA_3,long_lead,horizon_aware_dp,pipeline_carryover,active,1.0,1999.149206589651,4643.9625835313545,2644.8133769417036,,False,results/working/dynamic_policy_period_results.csv,False,True,True
M5,FOODS_3_318__WI_3,long_lead,horizon_aware_dp,pipeline_carryover,active,1.0,3752.2343681083203,3653.1605798480027,-99.07378826031754,,False,results/working/dynamic_policy_period_results.csv,True,False,False
M5,FOODS_3_319__CA_3,long_lead,horizon_aware_dp,pipeline_carryover,active,0.5714285714285714,3067.218470982143,3203.7207873637944,136.50231638165133,,False,results/working/dynamic_policy_period_results.csv,False,True,True
M5,FOODS_3_376__WI_2,long_lead,horizon_aware_dp,pipeline_carryover,active,1.0,38069.31016322545,30037.095075334822,-8032.215087890625,,False,results/working/dynamic_policy_period_results.csv,True,False,False
M5,FOODS_3_377__TX_2,long_lead,horizon_aware_dp,pipeline_carryover,active,1.0,6643.284572009529,2229.928985236622,-4413.355586772907,,False,results/working/dynamic_policy_period_results.csv,True,False,False
M5,FOODS_3_377__TX_3,long_lead,horizon_aware_dp,pipeline_carryover,active,1.0,7278.405071123555,1935.0984506474206,-5343.306620476134,,False,results/working/dynamic_policy_period_results.csv,True,False,False
M5,FOODS_3_412__WI_2,long_lead,horizon_aware_dp,pipeline_carryover,active,0.9285714285714286,8629.285714285717,7859.956281872954,-769.3294324127637,,False,results/working/dynamic_policy_period_results.csv,True,False,False
M5,FOODS_3_462__WI_2,long_lead,horizon_aware_dp,pipeline_carryover,active,1.0,11866.93466796875,6493.135541712378,-5373.799126256372,,False,results/working/dynamic_policy_period_results.csv,True,False,False
M5,FOODS_3_501__CA_3,long_lead,horizon_aware_dp,pipeline_carryover,active,1.0,1408.0796377563368,1642.4601922483155,234.38055449197873,,False,results/working/dynamic_policy_period_results.csv,False,True,True
M5,FOODS_3_541__CA_1,long_lead,horizon_aware_dp,pipeline_carryover,active,0.2857142857142857,247.0107142857144,232.01542773000443,-14.995286555709981,,False,results/working/dynamic_policy_period_results.csv,True,False,False
M5,FOODS_3_541__CA_3,long_lead,horizon_aware_dp,pipeline_carryover,active,0.5357142857142857,3672.6194754464286,3340.967689732144,-331.6517857142844,,False,results/working/dynamic_policy_period_results.csv,True,False,False
M5,FOODS_3_547__WI_2,long_lead,horizon_aware_dp,pipeline_carryover,active,1.0,2932.5684241722965,2710.285087717062,-222.28333645523435,,False,results/working/dynamic_policy_period_results.csv,True,False,False
M5,FOODS_3_555__CA_1,long_lead,horizon_aware_dp,pipeline_carryover,active,1.0,2331.580251832156,2698.429558948129,366.8493071159728,,False,results/working/dynamic_policy_period_results.csv,False,True,True
M5,FOODS_3_555__CA_3,long_lead,horizon_aware_dp,pipeline_carryover,active,1.0,7857.691723045956,7728.479101562506,-129.21262148344977,,False,results/working/dynamic_policy_period_results.csv,True,False,False
M5,FOODS_3_555__TX_1,long_lead,horizon_aware_dp,pipeline_carryover,active,1.0,6935.092867253023,2750.6933395634587,-4184.399527689564,,False,results/working/dynamic_policy_period_results.csv,True,False,False
M5,FOODS_3_555__TX_2,long_lead,horizon_aware_dp,pipeline_carryover,active,1.0,4465.2891661418425,2848.4934210643046,-1616.795745077538,,False,results/working/dynamic_policy_period_results.csv,True,False,False
M5,FOODS_3_555__TX_3,long_lead,horizon_aware_dp,pipeline_carryover,active,1.0,7284.389311399249,5015.163342259537,-2269.225969139712,,False,results/working/dynamic_policy_period_results.csv,True,False,False
M5,FOODS_3_555__WI_3,long_lead,horizon_aware_dp,pipeline_carryover,active,1.0,5618.9656394189005,2833.972273126593,-2784.9933662923077,,False,results/working/dynamic_policy_period_results.csv,True,False,False
M5,FOODS_3_586__CA_1,long_lead,horizon_aware_dp,pipeline_carryover,active,1.0,7471.036272321428,6189.928439057308,-1281.10783326412,,False,results/working/dynamic_policy_period_results.csv,True,False,False
M5,FOODS_3_586__CA_2,long_lead,horizon_aware_dp,pipeline_carryover,active,1.0,3310.790063542392,2375.771910645749,-935.0181528966432,,False,results/working/dynamic_policy_period_results.csv,True,False,False
M5,FOODS_3_586__CA_3,long_lead,horizon_aware_dp,pipeline_carryover,active,1.0,26146.88240244205,9919.1178423063,-16227.76456013575,,False,results/working/dynamic_policy_period_results.csv,True,False,False
M5,FOODS_3_586__TX_1,long_lead,horizon_aware_dp,pipeline_carryover,active,1.0,12553.519881497537,14477.259442015691,1923.7395605181537,,False,results/working/dynamic_policy_period_results.csv,False,True,True
M5,FOODS_3_586__TX_2,long_lead,horizon_aware_dp,pipeline_carryover,active,1.0,20586.066134782268,7232.027319541176,-13354.038815241092,,False,results/working/dynamic_policy_period_results.csv,True,False,False
M5,FOODS_3_586__TX_3,long_lead,horizon_aware_dp,pipeline_carryover,active,1.0,5913.8641088886125,3329.349457923157,-2584.5146509654555,,False,results/working/dynamic_policy_period_results.csv,True,False,False
M5,FOODS_3_586__WI_3,long_lead,horizon_aware_dp,pipeline_carryover,active,1.0,5154.46989762799,2455.5223009835545,-2698.947596644435,,False,results/working/dynamic_policy_period_results.csv,True,False,False
M5,FOODS_3_587__CA_1,long_lead,horizon_aware_dp,pipeline_carryover,active,1.0,2757.803171116648,2460.177753648521,-297.6254174681271,,False,results/working/dynamic_policy_period_results.csv,True,False,False
M5,FOODS_3_587__CA_3,long_lead,horizon_aware_dp,pipeline_carryover,active,1.0,5096.384056898623,2168.3126661699202,-2928.071390728703,,False,results/working/dynamic_policy_period_results.csv,True,False,False
M5,FOODS_3_587__TX_1,long_lead,horizon_aware_dp,pipeline_carryover,active,1.0,7174.804713808348,2722.3830276227523,-4452.421686185597,,False,results/working/dynamic_policy_period_results.csv,True,False,False
M5,FOODS_3_587__TX_2,long_lead,horizon_aware_dp,pipeline_carryover,active,1.0,5368.442704993673,2429.7928303724684,-2938.6498746212046,,False,results/working/dynamic_policy_period_results.csv,True,False,False
M5,FOODS_3_587__TX_3,long_lead,horizon_aware_dp,pipeline_carryover,active,1.0,7779.3477143614755,3497.984122943553,-4281.363591417923,,False,results/working/dynamic_policy_period_results.csv,True,False,False
M5,FOODS_3_587__WI_3,long_lead,horizon_aware_dp,pipeline_carryover,active,1.0,20328.808035714294,20855.807042846613,526.9990071323191,,False,results/working/dynamic_policy_period_results.csv,False,True,True
M5,FOODS_3_607__CA_3,long_lead,horizon_aware_dp,pipeline_carryover,active,1.0,2841.696866236908,1308.4435648177741,-1533.253301419134,,False,results/working/dynamic_policy_period_results.csv,True,False,False
M5,FOODS_3_635__CA_3,long_lead,horizon_aware_dp,pipeline_carryover,active,0.6071428571428571,5521.104352678572,5544.685717052358,23.581364373786528,,False,results/working/dynamic_policy_period_results.csv,False,False,True
M5,FOODS_3_681__CA_3,long_lead,horizon_aware_dp,pipeline_carryover,active,1.0,15422.331009347097,4561.7367993652615,-10860.594209981835,,False,results/working/dynamic_policy_period_results.csv,True,False,False
M5,FOODS_3_681__WI_3,long_lead,horizon_aware_dp,pipeline_carryover,active,1.0,22627.918940952848,8025.31029794999,-14602.608643002859,,False,results/working/dynamic_policy_period_results.csv,True,False,False
M5,FOODS_3_694__CA_3,long_lead,horizon_aware_dp,pipeline_carryover,active,1.0,5822.869642749236,3653.522384350954,-2169.347258398282,,False,results/working/dynamic_policy_period_results.csv,True,False,False
M5,FOODS_3_694__WI_1,long_lead,horizon_aware_dp,pipeline_carryover,active,1.0,5050.926221934966,2106.704309772634,-2944.2219121623316,,False,results/working/dynamic_policy_period_results.csv,True,False,False
M5,FOODS_3_694__WI_2,long_lead,horizon_aware_dp,pipeline_carryover,active,1.0,5861.266364358305,1941.1044936792057,-3920.1618706790987,,False,results/working/dynamic_policy_period_results.csv,True,False,False
M5,FOODS_3_694__WI_3,long_lead,horizon_aware_dp,pipeline_carryover,active,1.0,6058.154119743425,3107.778869156911,-2950.3752505865145,,False,results/working/dynamic_policy_period_results.csv,True,False,False
M5,FOODS_3_711__CA_3,long_lead,horizon_aware_dp,pipeline_carryover,active,1.0,4714.859683295037,2232.821809155745,-2482.037874139292,,False,results/working/dynamic_policy_period_results.csv,True,False,False
M5,FOODS_3_711__WI_2,long_lead,horizon_aware_dp,pipeline_carryover,active,0.7142857142857143,3123.784165232076,3273.093821943341,149.30965671126523,,False,results/working/dynamic_policy_period_results.csv,False,True,True
M5,FOODS_3_714__CA_1,long_lead,horizon_aware_dp,pipeline_carryover,active,1.0,3812.781009645022,3230.714859852275,-582.0661497927472,,False,results/working/dynamic_policy_period_results.csv,True,False,False
M5,FOODS_3_714__CA_3,long_lead,horizon_aware_dp,pipeline_carryover,active,1.0,3815.2157911636627,3405.088196595152,-410.12759456851063,,False,results/working/dynamic_policy_period_results.csv,True,False,False
M5,FOODS_3_714__TX_1,long_lead,horizon_aware_dp,pipeline_carryover,active,1.0,10980.955862862726,3798.0007229861353,-7182.955139876591,,False,results/working/dynamic_policy_period_results.csv,True,False,False
M5,FOODS_3_714__TX_2,long_lead,horizon_aware_dp,pipeline_carryover,active,1.0,1944.4029367615478,1542.5670265640658,-401.835910197482,,False,results/working/dynamic_policy_period_results.csv,True,False,False
M5,FOODS_3_714__TX_3,long_lead,horizon_aware_dp,pipeline_carryover,active,1.0,9853.968856474432,2789.399683868885,-7064.569172605547,,False,results/working/dynamic_policy_period_results.csv,True,False,False
M5,FOODS_3_714__WI_3,long_lead,horizon_aware_dp,pipeline_carryover,active,1.0,4209.416850356649,2999.155794719414,-1210.2610556372347,,False,results/working/dynamic_policy_period_results.csv,True,False,False
M5,FOODS_3_723__CA_3,long_lead,horizon_aware_dp,pipeline_carryover,active,1.0,7942.806984411986,2412.339473182812,-5530.467511229174,,False,results/working/dynamic_policy_period_results.csv,True,False,False
M5,FOODS_3_723__WI_3,long_lead,horizon_aware_dp,pipeline_carryover,active,1.0,5306.580885893297,1755.1707689632146,-3551.410116930082,,False,results/working/dynamic_policy_period_results.csv,True,False,False
M5,FOODS_3_752__CA_3,long_lead,horizon_aware_dp,pipeline_carryover,active,1.0,8084.990284727077,6827.8850226007435,-1257.1052621263334,,False,results/working/dynamic_policy_period_results.csv,True,False,False
M5,FOODS_3_804__CA_3,long_lead,horizon_aware_dp,pipeline_carryover,active,1.0,1894.5568307059145,1894.4836431806962,-0.07318752521837268,,False,results/working/dynamic_policy_period_results.csv,False,False,True
M5,FOODS_3_808__CA_1,long_lead,horizon_aware_dp,pipeline_carryover,active,0.9285714285714286,1239.115625,1273.3351013979575,34.21947639795758,,False,results/working/dynamic_policy_period_results.csv,False,True,True
M5,FOODS_3_808__CA_3,long_lead,horizon_aware_dp,pipeline_carryover,active,0.6071428571428571,6923.0422065546145,6647.80887625558,-275.2333302990346,,False,results/working/dynamic_policy_period_results.csv,True,False,False
M5,HOUSEHOLD_1_118__CA_3,long_lead,horizon_aware_dp,pipeline_carryover,active,1.0,10592.53035714286,3958.8417680385246,-6633.688589104335,,False,results/working/dynamic_policy_period_results.csv,True,False,False
M5,HOUSEHOLD_1_334__CA_3,long_lead,horizon_aware_dp,pipeline_carryover,active,1.0,8533.558440717494,5916.464542799951,-2617.0938979175426,,False,results/working/dynamic_policy_period_results.csv,True,False,False
M5,HOUSEHOLD_1_459__CA_3,long_lead,horizon_aware_dp,pipeline_carryover,active,1.0,9194.24556056078,10664.735642587935,1470.490082027156,,False,results/working/dynamic_policy_period_results.csv,False,True,True
M5,FOODS_1_218__TX_2,persistent_backlog,horizon_aware_dp,backlog_persistence,active,0.8214285714285714,8085.531374999998,8092.531374999998,7.0,,True,results/working/dynamic_policy_period_results.csv,False,False,True
M5,FOODS_2_197__CA_1,persistent_backlog,horizon_aware_dp,backlog_persistence,active,0.75,13913.385205556662,12814.716801743127,-1098.6684038135354,,False,results/working/dynamic_policy_period_results.csv,True,False,False
M5,FOODS_2_197__CA_3,persistent_backlog,horizon_aware_dp,backlog_persistence,active,0.7142857142857143,4168.256789240623,3664.546890392856,-503.70989884776736,,False,results/working/dynamic_policy_period_results.csv,True,False,False
M5,FOODS_2_276__CA_3,persistent_backlog,horizon_aware_dp,backlog_persistence,active,0.7142857142857143,3300.8654416081404,2858.7665507772213,-442.0988908309191,,False,results/working/dynamic_policy_period_results.csv,True,False,False
M5,FOODS_2_360__CA_3,persistent_backlog,horizon_aware_dp,backlog_persistence,active,0.7857142857142857,15190.94464285715,15657.962142857152,467.01750000000175,,False,results/working/dynamic_policy_period_results.csv,False,True,True
M5,FOODS_2_360__TX_3,persistent_backlog,horizon_aware_dp,backlog_persistence,active,0.7857142857142857,13156.221875000005,13596.247944280538,440.0260692805332,,False,results/working/dynamic_policy_period_results.csv,False,True,True
M5,FOODS_2_360__WI_2,persistent_backlog,horizon_aware_dp,backlog_persistence,active,0.7142857142857143,64456.597132153576,57161.78351066838,-7294.813621485198,,False,results/working/dynamic_policy_period_results.csv,True,False,False
M5,FOODS_3_007__WI_2,persistent_backlog,horizon_aware_dp,backlog_persistence,active,0.6428571428571429,52984.9875,52987.9875,3.0,,True,results/working/dynamic_policy_period_results.csv,False,False,True
M5,FOODS_3_030__TX_2,persistent_backlog,horizon_aware_dp,backlog_persistence,active,0.7142857142857143,7953.041979507201,9053.340986607143,1100.2990070999422,,False,results/working/dynamic_policy_period_results.csv,False,True,True
M5,FOODS_3_030__TX_3,persistent_backlog,horizon_aware_dp,backlog_persistence,active,0.5714285714285714,2360.387495107692,3031.4254690263188,671.0379739186269,,False,results/working/dynamic_policy_period_results.csv,False,True,True
M5,FOODS_3_080__CA_1,persistent_backlog,horizon_aware_dp,backlog_persistence,active,0.75,5261.238482142856,5681.293749999999,420.055267857143,,False,results/working/dynamic_policy_period_results.csv,False,True,True
M5,FOODS_3_080__TX_2,persistent_backlog,horizon_aware_dp,backlog_persistence,active,0.6428571428571429,4353.169895395951,4372.209901718159,19.040006322207773,,False,results/working/dynamic_policy_period_results.csv,False,False,True
M5,FOODS_3_090__CA_1,persistent_backlog,horizon_aware_dp,backlog_persistence,active,0.6428571428571429,20206.709560283696,21686.13805065885,1479.428490375154,,False,results/working/dynamic_policy_period_results.csv,False,True,True
M5,FOODS_3_090__CA_2,persistent_backlog,horizon_aware_dp,backlog_persistence,active,0.6071428571428571,17249.250140090466,19217.821818161585,1968.571678071119,,False,results/working/dynamic_policy_period_results.csv,False,True,True
M5,FOODS_3_090__CA_3,persistent_backlog,horizon_aware_dp,backlog_persistence,active,0.7142857142857143,43731.23944047323,43740.73944047323,9.5,,True,results/working/dynamic_policy_period_results.csv,False,False,True
M5,FOODS_3_090__CA_4,persistent_backlog,horizon_aware_dp,backlog_persistence,active,0.6785714285714286,11298.746131260938,8018.805428802019,-3279.940702458918,,False,results/working/dynamic_policy_period_results.csv,True,False,False
M5,FOODS_3_090__TX_1,persistent_backlog,horizon_aware_dp,backlog_persistence,active,0.7142857142857143,18230.861343205364,15503.96671465465,-2726.8946285507136,,False,results/working/dynamic_policy_period_results.csv,True,False,False
M5,FOODS_3_090__TX_2,persistent_backlog,horizon_aware_dp,backlog_persistence,active,0.7142857142857143,23314.81770773213,24962.398554919204,1647.5808471870732,,False,results/working/dynamic_policy_period_results.csv,False,True,True
M5,FOODS_3_090__TX_3,persistent_backlog,horizon_aware_dp,backlog_persistence,active,0.6428571428571429,20800.502423689282,20865.099239600026,64.59681591074332,,False,results/working/dynamic_policy_period_results.csv,False,False,True
M5,FOODS_3_090__WI_3,persistent_backlog,horizon_aware_dp,backlog_persistence,active,0.7142857142857143,29378.0671459018,45580.50840020277,16202.441254300971,,False,results/working/dynamic_policy_period_results.csv,False,True,True
M5,FOODS_3_099__TX_2,persistent_backlog,horizon_aware_dp,backlog_persistence,active,0.5,2788.1201829897327,2536.7428538610393,-251.37732912869342,,False,results/working/dynamic_policy_period_results.csv,True,False,False
M5,FOODS_3_120__CA_1,persistent_backlog,horizon_aware_dp,backlog_persistence,active,0.8571428571428571,33754.91473214285,34952.81773214286,1197.9030000000057,,False,results/working/dynamic_policy_period_results.csv,False,True,True
M5,FOODS_3_120__CA_3,persistent_backlog,horizon_aware_dp,backlog_persistence,active,0.8571428571428571,64294.365178571425,64513.11125000001,218.7460714285844,,False,results/working/dynamic_policy_period_results.csv,False,False,True
M5,FOODS_3_120__WI_3,persistent_backlog,horizon_aware_dp,backlog_persistence,active,0.7857142857142857,30851.80857142858,31684.74030519963,832.931733771049,,False,results/working/dynamic_policy_period_results.csv,False,True,True
M5,FOODS_3_202__CA_3,persistent_backlog,horizon_aware_dp,backlog_persistence,active,0.7142857142857143,16205.267766329143,16354.974760257006,149.70699392786264,,False,results/working/dynamic_policy_period_results.csv,False,False,True
M5,FOODS_3_202__TX_1,persistent_backlog,horizon_aware_dp,backlog_persistence,active,0.6428571428571429,13251.053855690627,13036.520322428933,-214.53353326169417,,False,results/working/dynamic_policy_period_results.csv,True,False,False
M5,FOODS_3_202__TX_2,persistent_backlog,horizon_aware_dp,backlog_persistence,active,0.6785714285714286,7282.709538853044,7174.637357289915,-108.07218156312956,,False,results/working/dynamic_policy_period_results.csv,True,False,False
M5,FOODS_3_202__TX_3,persistent_backlog,horizon_aware_dp,backlog_persistence,active,0.6071428571428571,7814.12461456899,8555.969061840864,741.8444472718738,,False,results/working/dynamic_policy_period_results.csv,False,True,True
M5,FOODS_3_226__WI_1,persistent_backlog,horizon_aware_dp,backlog_persistence,active,0.6785714285714286,11871.050061530359,11297.96390544574,-573.0861560846188,,False,results/working/dynamic_policy_period_results.csv,True,False,False
M5,FOODS_3_226__WI_2,persistent_backlog,horizon_aware_dp,backlog_persistence,active,0.7142857142857143,18197.416399982132,17627.37400956983,-570.0423904123018,,False,results/working/dynamic_policy_period_results.csv,True,False,False
M5,FOODS_3_226__WI_3,persistent_backlog,horizon_aware_dp,backlog_persistence,active,0.6785714285714286,9178.610153571432,7550.220086213206,-1628.3900673582257,,False,results/working/dynamic_policy_period_results.csv,True,False,False
M5,FOODS_3_234__CA_3,persistent_backlog,horizon_aware_dp,backlog_persistence,active,0.75,11389.978375272864,9948.204764977809,-1441.7736102950548,,False,results/working/dynamic_policy_period_results.csv,True,False,False
M5,FOODS_3_234__WI_2,persistent_backlog,horizon_aware_dp,backlog_persistence,active,0.17857142857142858,5409.1175,5401.192824964015,-7.924675035985274,,False,results/working/dynamic_policy_period_results.csv,False,False,True
M5,FOODS_3_234__WI_3,persistent_backlog,horizon_aware_dp,backlog_persistence,active,0.7857142857142857,22730.5190693518,21129.83048444369,-1600.6885849081118,,False,results/working/dynamic_policy_period_results.csv,True,False,False
M5,FOODS_3_252__CA_1,persistent_backlog,horizon_aware_dp,backlog_persistence,active,0.7857142857142857,22413.307372211493,19962.67805875376,-2450.6293134577318,,False,results/working/dynamic_policy_period_results.csv,True,False,False
M5,FOODS_3_252__CA_2,persistent_backlog,horizon_aware_dp,backlog_persistence,active,0.75,17370.58053571428,17784.473770052296,413.89323433801474,,False,results/working/dynamic_policy_period_results.csv,False,True,True
M5,FOODS_3_252__CA_3,persistent_backlog,horizon_aware_dp,backlog_persistence,active,0.7142857142857143,21415.698087054152,23052.740430646212,1637.0423435920602,,False,results/working/dynamic_policy_period_results.csv,False,True,True
M5,FOODS_3_252__TX_1,persistent_backlog,horizon_aware_dp,backlog_persistence,active,0.7142857142857143,13567.90729082589,14340.125525008923,772.2182341830339,,False,results/working/dynamic_policy_period_results.csv,False,True,True
M5,FOODS_3_252__TX_2,persistent_backlog,horizon_aware_dp,backlog_persistence,active,0.7142857142857143,13395.10985280179,18399.02593983059,5003.9160870288,,False,results/working/dynamic_policy_period_results.csv,False,True,True
M5,FOODS_3_252__TX_3,persistent_backlog,horizon_aware_dp,backlog_persistence,active,0.5714285714285714,6541.720392982304,7026.3329991967,484.6126062143967,,False,results/working/dynamic_policy_period_results.csv,False,True,True
M5,FOODS_3_252__WI_3,persistent_backlog,horizon_aware_dp,backlog_persistence,active,0.75,7101.813642898829,6684.261622031158,-417.55202086767076,,False,results/working/dynamic_policy_period_results.csv,True,False,False
M5,FOODS_3_281__CA_3,persistent_backlog,horizon_aware_dp,backlog_persistence,active,0.9285714285714286,20657.787946428583,20751.64598214287,93.8580357142855,,False,results/working/dynamic_policy_period_results.csv,False,False,True
M5,FOODS_3_282__CA_3,persistent_backlog,horizon_aware_dp,backlog_persistence,active,0.39285714285714285,8063.518978404157,2972.450788119881,-5091.068190284275,,False,results/working/dynamic_policy_period_results.csv,True,False,False
M5,FOODS_3_288__CA_3,persistent_backlog,horizon_aware_dp,backlog_persistence,active,0.75,12400.953234150229,11356.24562053572,-1044.7076136145097,,False,results/working/dynamic_policy_period_results.csv,True,False,False
M5,FOODS_3_318__CA_3,persistent_backlog,horizon_aware_dp,backlog_persistence,active,0.7142857142857143,7346.4708064419665,7421.090363633928,74.61955719196158,,False,results/working/dynamic_policy_period_results.csv,False,True,True
M5,FOODS_3_318__WI_3,persistent_backlog,horizon_aware_dp,backlog_persistence,active,0.6071428571428571,8182.574091021877,5974.093300801946,-2208.480790219932,,False,results/working/dynamic_policy_period_results.csv,True,False,False
M5,FOODS_3_319__CA_3,persistent_backlog,horizon_aware_dp,backlog_persistence,inactive,0.0,1834.8227349107144,2051.379131530357,216.55639661964256,,False,results/working/dynamic_policy_period_results.csv,False,True,True
M5,FOODS_3_376__WI_2,persistent_backlog,horizon_aware_dp,backlog_persistence,active,0.7857142857142857,39779.86621630356,36572.52181923845,-3207.3443970651133,,False,results/working/dynamic_policy_period_results.csv,True,False,False
M5,FOODS_3_377__TX_2,persistent_backlog,horizon_aware_dp,backlog_persistence,active,0.7142857142857143,11610.16754623571,8894.955371887028,-2715.2121743486823,,False,results/working/dynamic_policy_period_results.csv,True,False,False
M5,FOODS_3_377__TX_3,persistent_backlog,horizon_aware_dp,backlog_persistence,active,0.7142857142857143,18491.33144375536,15458.757108980102,-3032.5743347752577,,False,results/working/dynamic_policy_period_results.csv,True,False,False
M5,FOODS_3_412__WI_2,persistent_backlog,horizon_aware_dp,backlog_persistence,active,0.4642857142857143,10167.06447918095,8981.902725942859,-1185.1617532380915,,False,results/working/dynamic_policy_period_results.csv,True,False,False
M5,FOODS_3_462__WI_2,persistent_backlog,horizon_aware_dp,backlog_persistence,active,0.7857142857142857,18253.353549429186,17028.034559254284,-1225.3189901749029,,False,results/working/dynamic_policy_period_results.csv,True,False,False
M5,FOODS_3_501__CA_3,persistent_backlog,horizon_aware_dp,backlog_persistence,active,0.75,4400.39387908338,4728.621829074511,328.227949991131,,False,results/working/dynamic_policy_period_results.csv,False,True,True
M5,FOODS_3_541__CA_1,persistent_backlog,horizon_aware_dp,backlog_persistence,inactive,0.0,150.5500000000001,163.65083662460643,13.10083662460633,,False,results/working/dynamic_policy_period_results.csv,False,True,True
M5,FOODS_3_541__CA_3,persistent_backlog,horizon_aware_dp,backlog_persistence,inactive,0.0,2058.494294375,2266.946279569643,208.45198519464293,,False,results/working/dynamic_policy_period_results.csv,False,True,True
M5,FOODS_3_547__WI_2,persistent_backlog,horizon_aware_dp,backlog_persistence,active,0.03571428571428571,1926.6963139564346,1718.8548058328852,-207.84150812354937,,False,results/working/dynamic_policy_period_results.csv,True,False,False
M5,FOODS_3_555__CA_1,persistent_backlog,horizon_aware_dp,backlog_persistence,active,0.7857142857142857,8662.675803571427,8788.446698795033,125.7708952236062,,False,results/working/dynamic_policy_period_results.csv,False,True,True
M5,FOODS_3_555__CA_3,persistent_backlog,horizon_aware_dp,backlog_persistence,active,0.7142857142857143,17032.33162523215,15194.57329706055,-1837.7583281715997,,False,results/working/dynamic_policy_period_results.csv,True,False,False
M5,FOODS_3_555__TX_1,persistent_backlog,horizon_aware_dp,backlog_persistence,active,0.75,15940.669238441958,13314.74525446428,-2625.9239839776783,,False,results/working/dynamic_policy_period_results.csv,True,False,False
M5,FOODS_3_555__TX_2,persistent_backlog,horizon_aware_dp,backlog_persistence,active,0.7142857142857143,13788.386661575889,10370.948502922958,-3417.4381586529307,,False,results/working/dynamic_policy_period_results.csv,True,False,False
M5,FOODS_3_555__TX_3,persistent_backlog,horizon_aware_dp,backlog_persistence,active,0.75,14820.40370155029,14108.689375000007,-711.7143265502837,,False,results/working/dynamic_policy_period_results.csv,True,False,False
M5,FOODS_3_555__WI_3,persistent_backlog,horizon_aware_dp,backlog_persistence,active,0.75,10237.420882142858,12799.342719181876,2561.921837039017,,False,results/working/dynamic_policy_period_results.csv,False,True,True
M5,FOODS_3_586__CA_1,persistent_backlog,horizon_aware_dp,backlog_persistence,active,0.75,17793.6025710166,16329.091878660745,-1464.5106923558542,,False,results/working/dynamic_policy_period_results.csv,True,False,False
M5,FOODS_3_586__CA_2,persistent_backlog,horizon_aware_dp,backlog_persistence,active,0.6071428571428571,7049.130989285716,7057.630989285716,8.5,,True,results/working/dynamic_policy_period_results.csv,False,False,True
M5,FOODS_3_586__CA_3,persistent_backlog,horizon_aware_dp,backlog_persistence,active,0.6785714285714286,28734.70816636748,27197.21871416836,-1537.4894521991191,,False,results/working/dynamic_policy_period_results.csv,True,False,False
M5,FOODS_3_586__TX_1,persistent_backlog,horizon_aware_dp,backlog_persistence,active,0.7142857142857143,25775.766392857156,26910.633535714296,1134.8671428571397,,False,results/working/dynamic_policy_period_results.csv,False,True,True
M5,FOODS_3_586__TX_2,persistent_backlog,horizon_aware_dp,backlog_persistence,active,0.6785714285714286,23576.2506460143,27866.845983767616,4290.595337753315,,False,results/working/dynamic_policy_period_results.csv,False,True,True
M5,FOODS_3_586__TX_3,persistent_backlog,horizon_aware_dp,backlog_persistence,active,0.6785714285714286,19913.2161956518,15117.837431811953,-4795.378763839846,,False,results/working/dynamic_policy_period_results.csv,True,False,False
M5,FOODS_3_586__WI_3,persistent_backlog,horizon_aware_dp,backlog_persistence,active,0.6071428571428571,10029.377383033929,8044.5598507782,-1984.817532255729,,False,results/working/dynamic_policy_period_results.csv,True,False,False
M5,FOODS_3_587__CA_1,persistent_backlog,horizon_aware_dp,backlog_persistence,active,0.35714285714285715,1871.7031223316449,2115.866917177219,244.1637948455741,,False,results/working/dynamic_policy_period_results.csv,False,True,True
M5,FOODS_3_587__CA_3,persistent_backlog,horizon_aware_dp,backlog_persistence,active,0.75,15110.889178571435,13715.951250000006,-1394.9379285714294,,False,results/working/dynamic_policy_period_results.csv,True,False,False
M5,FOODS_3_587__TX_1,persistent_backlog,horizon_aware_dp,backlog_persistence,active,0.4642857142857143,6503.843309758238,6935.726219866707,431.8829101084684,,False,results/working/dynamic_policy_period_results.csv,False,True,True
M5,FOODS_3_587__TX_2,persistent_backlog,horizon_aware_dp,backlog_persistence,active,0.6071428571428571,5572.301625767456,5552.482570627181,-19.81905514027494,,False,results/working/dynamic_policy_period_results.csv,False,False,True
M5,FOODS_3_587__TX_3,persistent_backlog,horizon_aware_dp,backlog_persistence,inactive,0.0,9486.785936418073,2038.2786922849066,-7448.507244133167,,False,results/working/dynamic_policy_period_results.csv,True,False,True
M5,FOODS_3_587__WI_3,persistent_backlog,horizon_aware_dp,backlog_persistence,active,0.8571428571428571,36004.504464285725,36150.906250000015,146.40178571428987,,False,results/working/dynamic_policy_period_results.csv,False,False,True
M5,FOODS_3_607__CA_3,persistent_backlog,horizon_aware_dp,backlog_persistence,active,0.7142857142857143,3727.183641062501,4026.423216549856,299.23957548735507,,False,results/working/dynamic_policy_period_results.csv,False,True,True
M5,FOODS_3_635__CA_3,persistent_backlog,horizon_aware_dp,backlog_persistence,inactive,0.0,3435.198892548798,3803.680183206786,368.48129065798776,,False,results/working/dynamic_policy_period_results.csv,False,True,True
M5,FOODS_3_681__CA_3,persistent_backlog,horizon_aware_dp,backlog_persistence,active,0.6785714285714286,16532.738612298213,16548.168229547122,15.429617248908471,,False,results/working/dynamic_policy_period_results.csv,False,False,True
M5,FOODS_3_681__WI_3,persistent_backlog,horizon_aware_dp,backlog_persistence,active,0.7142857142857143,20620.805050093124,22489.42972465201,1868.624674558887,,False,results/working/dynamic_policy_period_results.csv,False,True,True
M5,FOODS_3_694__CA_3,persistent_backlog,horizon_aware_dp,backlog_persistence,active,0.7857142857142857,12428.141428571422,12435.641428571422,7.5,,True,results/working/dynamic_policy_period_results.csv,False,False,True
M5,FOODS_3_694__WI_1,persistent_backlog,horizon_aware_dp,backlog_persistence,active,0.75,10495.67246567321,8723.255043566314,-1772.4174221068952,,False,results/working/dynamic_policy_period_results.csv,True,False,False
M5,FOODS_3_694__WI_2,persistent_backlog,horizon_aware_dp,backlog_persistence,active,0.75,14510.480204903148,11023.068000000001,-3487.4122049031466,,False,results/working/dynamic_policy_period_results.csv,True,False,False
M5,FOODS_3_694__WI_3,persistent_backlog,horizon_aware_dp,backlog_persistence,active,0.75,14334.97181974939,13483.88570527586,-851.08611447353,,False,results/working/dynamic_policy_period_results.csv,True,False,False
M5,FOODS_3_711__CA_3,persistent_backlog,horizon_aware_dp,backlog_persistence,active,0.5714285714285714,4355.295832336167,2423.9208577182485,-1931.3749746179187,,False,results/working/dynamic_policy_period_results.csv,True,False,False
M5,FOODS_3_711__WI_2,persistent_backlog,horizon_aware_dp,backlog_persistence,active,0.07142857142857142,2779.412481800994,2683.542162692411,-95.87031910858332,,False,results/working/dynamic_policy_period_results.csv,True,False,False
M5,FOODS_3_714__CA_1,persistent_backlog,horizon_aware_dp,backlog_persistence,active,0.75,9125.737547580351,8737.95572223175,-387.78182534860025,,False,results/working/dynamic_policy_period_results.csv,True,False,False
M5,FOODS_3_714__CA_3,persistent_backlog,horizon_aware_dp,backlog_persistence,active,0.7857142857142857,15998.310125000002,15294.485383737878,-703.824741262124,,False,results/working/dynamic_policy_period_results.csv,True,False,False
M5,FOODS_3_714__TX_1,persistent_backlog,horizon_aware_dp,backlog_persistence,active,0.75,13946.786682173659,10387.632607142856,-3559.154075030803,,False,results/working/dynamic_policy_period_results.csv,True,False,False
M5,FOODS_3_714__TX_2,persistent_backlog,horizon_aware_dp,backlog_persistence,active,0.6785714285714286,4927.738618976089,4347.90642846151,-579.8321905145795,,False,results/working/dynamic_policy_period_results.csv,True,False,False
M5,FOODS_3_714__TX_3,persistent_backlog,horizon_aware_dp,backlog_persistence,active,0.75,12233.117883600002,10309.380799999997,-1923.7370836000046,,False,results/working/dynamic_policy_period_results.csv,True,False,False
M5,FOODS_3_714__WI_3,persistent_backlog,horizon_aware_dp,backlog_persistence,active,0.4642857142857143,4164.043777954145,3653.3815319348814,-510.6622460192639,,False,results/working/dynamic_policy_period_results.csv,True,False,False
M5,FOODS_3_723__CA_3,persistent_backlog,horizon_aware_dp,backlog_persistence,active,0.7857142857142857,14865.24848095708,11888.343075892852,-2976.905405064228,,False,results/working/dynamic_policy_period_results.csv,True,False,False
M5,FOODS_3_723__WI_3,persistent_backlog,horizon_aware_dp,backlog_persistence,active,0.6785714285714286,7673.257253370531,6513.040269015195,-1160.2169843553356,,False,results/working/dynamic_policy_period_results.csv,True,False,False
M5,FOODS_3_752__CA_3,persistent_backlog,horizon_aware_dp,backlog_persistence,active,0.6428571428571429,10247.686785714286,10986.403281249997,738.7164955357111,,False,results/working/dynamic_policy_period_results.csv,False,True,True
M5,FOODS_3_804__CA_3,persistent_backlog,horizon_aware_dp,backlog_persistence,active,0.32142857142857145,2635.898276293429,2314.319933619769,-321.5783426736598,,False,results/working/dynamic_policy_period_results.csv,True,False,False
M5,FOODS_3_808__CA_1,persistent_backlog,horizon_aware_dp,backlog_persistence,active,0.9285714285714286,1923.8072535976528,1926.8365625,3.029308902347111,,False,results/working/dynamic_policy_period_results.csv,False,False,True
M5,FOODS_3_808__CA_3,persistent_backlog,horizon_aware_dp,backlog_persistence,inactive,0.0,4388.214015093753,4665.6962505377005,277.4822354439475,,False,results/working/dynamic_policy_period_results.csv,False,True,True
M5,HOUSEHOLD_1_118__CA_3,persistent_backlog,horizon_aware_dp,backlog_persistence,active,0.7857142857142857,14111.893042857146,13239.412912607575,-872.4801302495707,,False,results/working/dynamic_policy_period_results.csv,True,False,False
M5,HOUSEHOLD_1_334__CA_3,persistent_backlog,horizon_aware_dp,backlog_persistence,active,0.8214285714285714,15570.539350000008,16633.929534433595,1063.390184433587,,False,results/working/dynamic_policy_period_results.csv,False,True,True
M5,HOUSEHOLD_1_459__CA_3,persistent_backlog,horizon_aware_dp,backlog_persistence,active,0.8214285714285714,18818.27402036536,19112.181160714288,293.9071403489288,,False,results/working/dynamic_policy_period_results.csv,False,True,True
Walmart,store_001__dept_038,frozen_horizon,horizon_aware_dp,frozen_action_restriction,unmeasured,,354250.2388840989,334938.56184650696,-19311.67703759193,,False,results/working/dynamic_policy_period_results.csv,True,False,False
Walmart,store_001__dept_090,frozen_horizon,horizon_aware_dp,frozen_action_restriction,unmeasured,,536939.8109040018,471648.1760777061,-65291.63482629572,,False,results/working/dynamic_policy_period_results.csv,True,False,False
Walmart,store_001__dept_092,frozen_horizon,horizon_aware_dp,frozen_action_restriction,unmeasured,,952927.10182302,953571.32620786,644.2243848399958,,False,results/working/dynamic_policy_period_results.csv,False,False,False
Walmart,store_001__dept_095,frozen_horizon,horizon_aware_dp,frozen_action_restriction,unmeasured,,659260.6510354346,813607.9481372911,154347.29710185656,,False,results/working/dynamic_policy_period_results.csv,False,True,False
Walmart,store_001__dept_098,frozen_horizon,horizon_aware_dp,frozen_action_restriction,unmeasured,,211493.9723265487,154295.5753550746,-57198.39697147411,,False,results/working/dynamic_policy_period_results.csv,True,False,False
Walmart,store_002__dept_038,frozen_horizon,horizon_aware_dp,frozen_action_restriction,unmeasured,,443997.94253859646,444596.4439036664,598.5013650699402,,False,results/working/dynamic_policy_period_results.csv,False,False,False
Walmart,store_002__dept_090,frozen_horizon,horizon_aware_dp,frozen_action_restriction,unmeasured,,624964.5765077062,732778.1644154461,107813.58790773991,,False,results/working/dynamic_policy_period_results.csv,False,True,False
Walmart,store_002__dept_091,frozen_horizon,horizon_aware_dp,frozen_action_restriction,unmeasured,,376740.30656434095,325131.1619917039,-51609.144572637044,,False,results/working/dynamic_policy_period_results.csv,True,False,False
Walmart,store_002__dept_092,frozen_horizon,horizon_aware_dp,frozen_action_restriction,unmeasured,,1391398.600318882,1535868.591365419,144469.99104653718,,False,results/working/dynamic_policy_period_results.csv,False,True,False
Walmart,store_002__dept_095,frozen_horizon,horizon_aware_dp,frozen_action_restriction,unmeasured,,777504.8596994255,762536.3318717855,-14968.527827640064,,False,results/working/dynamic_policy_period_results.csv,True,False,False
Walmart,store_003__dept_014,frozen_horizon,horizon_aware_dp,frozen_action_restriction,unmeasured,,36218.538949482194,31587.902099607796,-4630.636849874398,,False,results/working/dynamic_policy_period_results.csv,True,False,False
Walmart,store_003__dept_038,frozen_horizon,horizon_aware_dp,frozen_action_restriction,unmeasured,,706066.7820565583,720446.4288544385,14379.646797880181,,False,results/working/dynamic_policy_period_results.csv,False,True,False
Walmart,store_004__dept_002,frozen_horizon,horizon_aware_dp,frozen_action_restriction,unmeasured,,701552.8876518006,671100.9660385661,-30451.92161323456,,False,results/working/dynamic_policy_period_results.csv,True,False,False
Walmart,store_004__dept_038,frozen_horizon,horizon_aware_dp,frozen_action_restriction,unmeasured,,377516.3408194059,382226.6284468121,4710.2876274061855,,False,results/working/dynamic_policy_period_results.csv,False,True,False
Walmart,store_004__dept_072,frozen_horizon,horizon_aware_dp,frozen_action_restriction,unmeasured,,1820550.310093951,1919538.1869418856,98987.87684793468,,False,results/working/dynamic_policy_period_results.csv,False,True,False
Walmart,store_004__dept_090,frozen_horizon,horizon_aware_dp,frozen_action_restriction,unmeasured,,583331.5819924857,600857.4021778735,17525.820185387856,,False,results/working/dynamic_policy_period_results.csv,False,True,False
Walmart,store_004__dept_092,frozen_horizon,horizon_aware_dp,frozen_action_restriction,unmeasured,,1287308.0418905264,1314106.093770416,26798.051879889565,,False,results/working/dynamic_policy_period_results.csv,False,True,False
Walmart,store_004__dept_095,frozen_horizon,horizon_aware_dp,frozen_action_restriction,unmeasured,,1334796.1326813821,984745.0899520431,-350051.042729339,,False,results/working/dynamic_policy_period_results.csv,True,False,False
Walmart,store_006__dept_016,frozen_horizon,horizon_aware_dp,frozen_action_restriction,unmeasured,,557330.8748873518,746284.2613958352,188953.38650848344,,False,results/working/dynamic_policy_period_results.csv,False,True,False
Walmart,store_006__dept_038,frozen_horizon,horizon_aware_dp,frozen_action_restriction,unmeasured,,405978.6052218009,461632.86239629507,55654.25717449415,,False,results/working/dynamic_policy_period_results.csv,False,True,False
Walmart,store_006__dept_072,frozen_horizon,horizon_aware_dp,frozen_action_restriction,unmeasured,,432313.8236383593,438111.59669111157,5797.773052752251,,False,results/working/dynamic_policy_period_results.csv,False,True,False
Walmart,store_006__dept_092,frozen_horizon,horizon_aware_dp,frozen_action_restriction,unmeasured,,537741.9701434886,503443.0744328157,-34298.89571067289,,False,results/working/dynamic_policy_period_results.csv,True,False,False
Walmart,store_006__dept_095,frozen_horizon,horizon_aware_dp,frozen_action_restriction,unmeasured,,572478.9027446758,623351.0406351645,50872.137890488724,,False,results/working/dynamic_policy_period_results.csv,False,True,False
Walmart,store_009__dept_003,frozen_horizon,horizon_aware_dp,frozen_action_restriction,unmeasured,,3476477.6299747983,3614885.4968749983,138407.86690020002,,False,results/working/dynamic_policy_period_results.csv,False,True,False
Walmart,store_009__dept_005,frozen_horizon,horizon_aware_dp,frozen_action_restriction,unmeasured,,816158.761245192,403805.9834735756,-412352.7777716164,,False,results/working/dynamic_policy_period_results.csv,True,False,False
Walmart,store_009__dept_033,frozen_horizon,horizon_aware_dp,frozen_action_restriction,unmeasured,,126872.1797538915,57206.64407437098,-69665.53567952052,,False,results/working/dynamic_policy_period_results.csv,True,False,False
Walmart,store_009__dept_038,frozen_horizon,horizon_aware_dp,frozen_action_restriction,unmeasured,,1402271.283363929,512238.5196492416,-890032.7637146874,,False,results/working/dynamic_policy_period_results.csv,True,False,False
Walmart,store_010__dept_002,frozen_horizon,horizon_aware_dp,frozen_action_restriction,unmeasured,,463950.45010101906,502787.5852105144,38837.13510949531,,False,results/working/dynamic_policy_period_results.csv,False,True,False
Walmart,store_010__dept_008,frozen_horizon,horizon_aware_dp,frozen_action_restriction,unmeasured,,413985.3708435117,380245.62294857315,-33739.74789493857,,False,results/working/dynamic_policy_period_results.csv,True,False,False
Walmart,store_010__dept_038,frozen_horizon,horizon_aware_dp,frozen_action_restriction,unmeasured,,930162.7824767908,754441.8794567701,-175720.9030200207,,False,results/working/dynamic_policy_period_results.csv,True,False,False
Walmart,store_010__dept_040,frozen_horizon,horizon_aware_dp,frozen_action_restriction,unmeasured,,789083.9921871396,668714.4856342517,-120369.50655288785,,False,results/working/dynamic_policy_period_results.csv,True,False,False
Walmart,store_010__dept_072,frozen_horizon,horizon_aware_dp,frozen_action_restriction,unmeasured,,1393108.1440899912,1341990.9313425012,-51117.21274749003,,False,results/working/dynamic_policy_period_results.csv,True,False,False
Walmart,store_013__dept_038,frozen_horizon,horizon_aware_dp,frozen_action_restriction,unmeasured,,447190.7364572017,445858.6009298464,-1332.1355273553054,,False,results/working/dynamic_policy_period_results.csv,False,False,False
Walmart,store_013__dept_090,frozen_horizon,horizon_aware_dp,frozen_action_restriction,unmeasured,,1123157.2448929977,1215318.3520254777,92161.10713248001,,False,results/working/dynamic_policy_period_results.csv,False,True,False
Walmart,store_013__dept_091,frozen_horizon,horizon_aware_dp,frozen_action_restriction,unmeasured,,528389.3730693142,479848.40138935845,-48540.97167995572,,False,results/working/dynamic_policy_period_results.csv,True,False,False
Walmart,store_013__dept_092,frozen_horizon,horizon_aware_dp,frozen_action_restriction,unmeasured,,1327615.819768283,1365455.0150420964,37839.195273813326,,False,results/working/dynamic_policy_period_results.csv,False,True,False
Walmart,store_013__dept_095,frozen_horizon,horizon_aware_dp,frozen_action_restriction,unmeasured,,1068013.485861784,1006563.9809041419,-61449.50495764217,,False,results/working/dynamic_policy_period_results.csv,True,False,False
Walmart,store_014__dept_002,frozen_horizon,horizon_aware_dp,frozen_action_restriction,unmeasured,,814070.4322472222,427763.77841631783,-386306.65383090434,,False,results/working/dynamic_policy_period_results.csv,True,False,False
Walmart,store_014__dept_038,frozen_horizon,horizon_aware_dp,frozen_action_restriction,unmeasured,,1510334.2065341098,516049.1965394325,-994285.0099946773,,False,results/working/dynamic_policy_period_results.csv,True,False,False
Walmart,store_014__dept_046,frozen_horizon,horizon_aware_dp,frozen_action_restriction,unmeasured,,269471.70097661944,323673.7337900253,54202.03281340585,,False,results/working/dynamic_policy_period_results.csv,False,True,False
Walmart,store_014__dept_072,frozen_horizon,horizon_aware_dp,frozen_action_restriction,unmeasured,,3959974.132225178,1638251.703146856,-2321722.429078322,,False,results/working/dynamic_policy_period_results.csv,True,False,False
Walmart,store_014__dept_090,frozen_horizon,horizon_aware_dp,frozen_action_restriction,unmeasured,,2537467.120081589,615418.1944451361,-1922048.925636453,,False,results/working/dynamic_policy_period_results.csv,True,False,False
Walmart,store_014__dept_091,frozen_horizon,horizon_aware_dp,frozen_action_restriction,unmeasured,,777901.9748348602,425575.6746234975,-352326.30021136266,,False,results/working/dynamic_policy_period_results.csv,True,False,False
Walmart,store_014__dept_092,frozen_horizon,horizon_aware_dp,frozen_action_restriction,unmeasured,,3383729.5807078,913880.2801472498,-2469849.3005605503,,False,results/working/dynamic_policy_period_results.csv,True,False,False
Walmart,store_014__dept_095,frozen_horizon,horizon_aware_dp,frozen_action_restriction,unmeasured,,1995033.88538168,751368.7871594059,-1243665.098222274,,False,results/working/dynamic_policy_period_results.csv,True,False,False
Walmart,store_015__dept_026,frozen_horizon,horizon_aware_dp,frozen_action_restriction,unmeasured,,356832.0034567308,356833.0034567308,1.0,,True,results/working/dynamic_policy_period_results.csv,False,False,False
Walmart,store_016__dept_096,frozen_horizon,horizon_aware_dp,frozen_action_restriction,unmeasured,,2474.9881046823957,2263.2704160460157,-211.71768863638,,False,results/working/dynamic_policy_period_results.csv,True,False,False
Walmart,store_019__dept_092,frozen_horizon,horizon_aware_dp,frozen_action_restriction,unmeasured,,1289028.7323837779,1263273.5293292035,-25755.20305457432,,False,results/working/dynamic_policy_period_results.csv,True,False,False
Walmart,store_019__dept_095,frozen_horizon,horizon_aware_dp,frozen_action_restriction,unmeasured,,985050.6478199894,1168407.8720286589,183357.2242086695,,False,results/working/dynamic_policy_period_results.csv,False,True,False
Walmart,store_020__dept_038,frozen_horizon,horizon_aware_dp,frozen_action_restriction,unmeasured,,662934.9476119037,553738.011520674,-109196.93609122967,,False,results/working/dynamic_policy_period_results.csv,True,False,False
Walmart,store_020__dept_040,frozen_horizon,horizon_aware_dp,frozen_action_restriction,unmeasured,,496299.91727523133,528229.0691420517,31929.151866820408,,False,results/working/dynamic_policy_period_results.csv,False,True,False
Walmart,store_020__dept_072,frozen_horizon,horizon_aware_dp,frozen_action_restriction,unmeasured,,4555495.689562128,2558067.1583386785,-1997428.5312234494,,False,results/working/dynamic_policy_period_results.csv,True,False,False
Walmart,store_020__dept_083,frozen_horizon,horizon_aware_dp,frozen_action_restriction,unmeasured,,38481.636688871564,44892.42617961833,6410.7894907467635,,False,results/working/dynamic_policy_period_results.csv,False,True,False
Walmart,store_020__dept_090,frozen_horizon,horizon_aware_dp,frozen_action_restriction,unmeasured,,572502.4546928317,488352.49808701046,-84149.95660582127,,False,results/working/dynamic_policy_period_results.csv,True,False,False
Walmart,store_020__dept_092,frozen_horizon,horizon_aware_dp,frozen_action_restriction,unmeasured,,927241.0948209616,845087.2951314426,-82153.79968951899,,False,results/working/dynamic_policy_period_results.csv,True,False,False
Walmart,store_020__dept_095,frozen_horizon,horizon_aware_dp,frozen_action_restriction,unmeasured,,828104.9773054397,813346.5809019255,-14758.396403514198,,False,results/working/dynamic_policy_period_results.csv,True,False,False
Walmart,store_022__dept_059,frozen_horizon,horizon_aware_dp,frozen_action_restriction,unmeasured,,8885.776217945662,6869.283525859253,-2016.492692086409,,False,results/working/dynamic_policy_period_results.csv,True,False,False
Walmart,store_023__dept_032,frozen_horizon,horizon_aware_dp,frozen_action_restriction,unmeasured,,75397.33608349758,64319.278326142354,-11078.057757355222,,False,results/working/dynamic_policy_period_results.csv,True,False,False
Walmart,store_023__dept_072,frozen_horizon,horizon_aware_dp,frozen_action_restriction,unmeasured,,3222308.21365385,3222309.21365385,1.0,,True,results/working/dynamic_policy_period_results.csv,False,False,False
Walmart,store_024__dept_018,frozen_horizon,horizon_aware_dp,frozen_action_restriction,unmeasured,,969132.8707222224,969305.7048888891,172.83416666672565,,False,results/working/dynamic_policy_period_results.csv,False,False,False
Walmart,store_024__dept_040,frozen_horizon,horizon_aware_dp,frozen_action_restriction,unmeasured,,199311.85112865112,226079.92891470683,26768.077786055714,,False,results/working/dynamic_policy_period_results.csv,False,True,False
Walmart,store_024__dept_092,frozen_horizon,horizon_aware_dp,frozen_action_restriction,unmeasured,,955982.0280497564,979866.136028806,23884.107979049557,,False,results/working/dynamic_policy_period_results.csv,False,True,False
Walmart,store_024__dept_095,frozen_horizon,horizon_aware_dp,frozen_action_restriction,unmeasured,,598142.0637127004,607432.3234647801,9290.259752079728,,False,results/working/dynamic_policy_period_results.csv,False,True,False
Walmart,store_025__dept_018,frozen_horizon,horizon_aware_dp,frozen_action_restriction,unmeasured,,998933.595125,998934.095125,0.5,,True,results/working/dynamic_policy_period_results.csv,False,False,False
Walmart,store_026__dept_024,frozen_horizon,horizon_aware_dp,frozen_action_restriction,unmeasured,,489950.5431249998,489951.5431249998,1.0,,True,results/working/dynamic_policy_period_results.csv,False,False,False
Walmart,store_026__dept_036,frozen_horizon,horizon_aware_dp,frozen_action_restriction,unmeasured,,58628.61947093786,56478.81102940017,-2149.8084415376943,,False,results/working/dynamic_policy_period_results.csv,True,False,False
Walmart,store_026__dept_038,frozen_horizon,horizon_aware_dp,frozen_action_restriction,unmeasured,,790140.6841772831,671286.8387891912,-118853.84538809187,,False,results/working/dynamic_policy_period_results.csv,True,False,False
Walmart,store_026__dept_092,frozen_horizon,horizon_aware_dp,frozen_action_restriction,unmeasured,,556735.8822000601,533677.0582724077,-23058.823927652324,,False,results/working/dynamic_policy_period_results.csv,True,False,False
Walmart,store_027__dept_071,frozen_horizon,horizon_aware_dp,frozen_action_restriction,unmeasured,,151671.68751463757,146982.7998685677,-4688.887646069867,,False,results/working/dynamic_policy_period_results.csv,True,False,False
Walmart,store_027__dept_090,frozen_horizon,horizon_aware_dp,frozen_action_restriction,unmeasured,,997553.014176832,790643.2776178763,-206909.73655895574,,False,results/working/dynamic_policy_period_results.csv,True,False,False
Walmart,store_027__dept_092,frozen_horizon,horizon_aware_dp,frozen_action_restriction,unmeasured,,1981046.7945756337,2105989.3759848983,124942.58140926459,,False,results/working/dynamic_policy_period_results.csv,False,True,False
Walmart,store_027__dept_095,frozen_horizon,horizon_aware_dp,frozen_action_restriction,unmeasured,,928744.6458763062,1090169.0516852557,161424.4058089495,,False,results/working/dynamic_policy_period_results.csv,False,True,False
Walmart,store_028__dept_092,frozen_horizon,horizon_aware_dp,frozen_action_restriction,unmeasured,,1146352.017057677,671050.4811570417,-475301.5359006353,,False,results/working/dynamic_policy_period_results.csv,True,False,False
Walmart,store_028__dept_095,frozen_horizon,horizon_aware_dp,frozen_action_restriction,unmeasured,,556003.6823207113,567661.3659971907,11657.683676479384,,False,results/working/dynamic_policy_period_results.csv,False,True,False
Walmart,store_029__dept_027,frozen_horizon,horizon_aware_dp,frozen_action_restriction,unmeasured,,33272.7077999748,36007.708829372896,2735.001029398096,,False,results/working/dynamic_policy_period_results.csv,False,True,False
Walmart,store_030__dept_083,frozen_horizon,horizon_aware_dp,frozen_action_restriction,unmeasured,,11361.948890694004,14723.307528269388,3361.358637575384,,False,results/working/dynamic_policy_period_results.csv,False,True,False
Walmart,store_031__dept_038,frozen_horizon,horizon_aware_dp,frozen_action_restriction,unmeasured,,579452.7378905168,567167.1613944863,-12285.576496030437,,False,results/working/dynamic_policy_period_results.csv,True,False,False
Walmart,store_031__dept_046,frozen_horizon,horizon_aware_dp,frozen_action_restriction,unmeasured,,170805.57905724266,160093.38804234046,-10712.1910149022,,False,results/working/dynamic_policy_period_results.csv,True,False,False
Walmart,store_031__dept_079,frozen_horizon,horizon_aware_dp,frozen_action_restriction,unmeasured,,244097.74716022226,317526.2795431125,73428.53238289023,,False,results/working/dynamic_policy_period_results.csv,False,True,False
Walmart,store_031__dept_090,frozen_horizon,horizon_aware_dp,frozen_action_restriction,unmeasured,,507038.3139329638,492307.6310373472,-14730.682895616628,,False,results/working/dynamic_policy_period_results.csv,True,False,False
Walmart,store_031__dept_092,frozen_horizon,horizon_aware_dp,frozen_action_restriction,unmeasured,,1091485.3309365471,1035374.5783659408,-56110.7525706063,,False,results/working/dynamic_policy_period_results.csv,True,False,False
Walmart,store_031__dept_095,frozen_horizon,horizon_aware_dp,frozen_action_restriction,unmeasured,,649478.5587485139,575133.0085685822,-74345.55017993168,,False,results/working/dynamic_policy_period_results.csv,True,False,False
Walmart,store_032__dept_092,frozen_horizon,horizon_aware_dp,frozen_action_restriction,unmeasured,,1121712.4760786602,1108474.1407289186,-13238.335349741625,,False,results/working/dynamic_policy_period_results.csv,True,False,False
Walmart,store_032__dept_095,frozen_horizon,horizon_aware_dp,frozen_action_restriction,unmeasured,,735654.0105215225,556796.8006788322,-178857.20984269027,,False,results/working/dynamic_policy_period_results.csv,True,False,False
Walmart,store_033__dept_094,frozen_horizon,horizon_aware_dp,frozen_action_restriction,unmeasured,,145860.53718076242,154564.44802518652,8703.9108444241,,False,results/working/dynamic_policy_period_results.csv,False,True,False
Walmart,store_035__dept_072,frozen_horizon,horizon_aware_dp,frozen_action_restriction,unmeasured,,1979321.7467968904,2361710.939582319,382389.1927854286,,False,results/working/dynamic_policy_period_results.csv,False,True,False
Walmart,store_036__dept_087,frozen_horizon,horizon_aware_dp,frozen_action_restriction,unmeasured,,13852.89490294471,3617.727764837333,-10235.167138107377,,False,results/working/dynamic_policy_period_results.csv,True,False,False
Walmart,store_038__dept_002,frozen_horizon,horizon_aware_dp,frozen_action_restriction,unmeasured,,61888.22455290696,61280.07741893247,-608.1471339744894,,False,results/working/dynamic_policy_period_results.csv,False,False,False
Walmart,store_039__dept_092,frozen_horizon,horizon_aware_dp,frozen_action_restriction,unmeasured,,1040258.3873651195,977351.5405737329,-62906.846791386604,,False,results/working/dynamic_policy_period_results.csv,True,False,False
Walmart,store_039__dept_095,frozen_horizon,horizon_aware_dp,frozen_action_restriction,unmeasured,,2313705.741485646,1090701.6145553791,-1223004.1269302669,,False,results/working/dynamic_policy_period_results.csv,True,False,False
Walmart,store_040__dept_042,frozen_horizon,horizon_aware_dp,frozen_action_restriction,unmeasured,,31361.557602213237,30671.08461205177,-690.4729901614664,,False,results/working/dynamic_policy_period_results.csv,True,False,False
Walmart,store_040__dept_092,frozen_horizon,horizon_aware_dp,frozen_action_restriction,unmeasured,,618792.5675109408,625723.1753186637,6930.607807722874,,False,results/working/dynamic_policy_period_results.csv,False,True,False
Walmart,store_041__dept_033,frozen_horizon,horizon_aware_dp,frozen_action_restriction,unmeasured,,577208.5018749997,577209.0018749997,0.5,,True,results/working/dynamic_policy_period_results.csv,False,False,False
Walmart,store_041__dept_092,frozen_horizon,horizon_aware_dp,frozen_action_restriction,unmeasured,,1219326.6114610685,1291924.352569685,72597.74110861658,,False,results/working/dynamic_policy_period_results.csv,False,True,False
Walmart,store_041__dept_095,frozen_horizon,horizon_aware_dp,frozen_action_restriction,unmeasured,,606505.3081601416,573084.8482623983,-33420.459897743305,,False,results/working/dynamic_policy_period_results.csv,True,False,False
Walmart,store_041__dept_096,frozen_horizon,horizon_aware_dp,frozen_action_restriction,unmeasured,,27535.797857560457,36549.925791023576,9014.127933463118,,False,results/working/dynamic_policy_period_results.csv,False,True,False
Walmart,store_042__dept_092,frozen_horizon,horizon_aware_dp,frozen_action_restriction,unmeasured,,723613.915021976,569722.0551277285,-153891.8598942475,,False,results/working/dynamic_policy_period_results.csv,True,False,False
Walmart,store_043__dept_092,frozen_horizon,horizon_aware_dp,frozen_action_restriction,unmeasured,,639808.9472703012,465569.0645919835,-174239.88267831766,,False,results/working/dynamic_policy_period_results.csv,True,False,False
Walmart,store_044__dept_009,frozen_horizon,horizon_aware_dp,frozen_action_restriction,unmeasured,,2779.215855297743,3345.0299548754124,565.8140995776694,,False,results/working/dynamic_policy_period_results.csv,False,True,False
Walmart,store_044__dept_017,frozen_horizon,horizon_aware_dp,frozen_action_restriction,unmeasured,,8600.18398623687,7741.812681355177,-858.3713048816935,,False,results/working/dynamic_policy_period_results.csv,True,False,False
Walmart,store_001__dept_038,high_switch_cost,horizon_aware_dp,switching_sequence_dependence,active,0.5384615384615384,354250.2388840989,369530.90792558616,15280.669041487272,,False,results/working/dynamic_policy_period_results.csv,False,True,True
Walmart,store_001__dept_090,high_switch_cost,horizon_aware_dp,switching_sequence_dependence,active,0.6923076923076923,536939.8109040018,416264.9578415384,-120674.8530624634,,False,results/working/dynamic_policy_period_results.csv,True,False,False
Walmart,store_001__dept_092,high_switch_cost,horizon_aware_dp,switching_sequence_dependence,active,0.46153846153846156,952927.10182302,845290.312323301,-107636.78949971905,,False,results/working/dynamic_policy_period_results.csv,True,False,False
Walmart,store_001__dept_095,high_switch_cost,horizon_aware_dp,switching_sequence_dependence,active,0.46153846153846156,659260.6510354346,659654.5471725066,393.89613707200624,,False,results/working/dynamic_policy_period_results.csv,False,False,True
Walmart,store_001__dept_098,high_switch_cost,horizon_aware_dp,switching_sequence_dependence,active,0.9230769230769231,211493.9723265487,115437.04720219698,-96056.92512435174,,False,results/working/dynamic_policy_period_results.csv,True,False,False
Walmart,store_002__dept_038,high_switch_cost,horizon_aware_dp,switching_sequence_dependence,active,0.5384615384615384,443997.94253859646,502870.6019169568,58872.65937836032,,False,results/working/dynamic_policy_period_results.csv,False,True,True
Walmart,store_002__dept_090,high_switch_cost,horizon_aware_dp,switching_sequence_dependence,active,0.46153846153846156,624964.5765077062,586635.5066561761,-38329.069851530134,,False,results/working/dynamic_policy_period_results.csv,True,False,False
Walmart,store_002__dept_091,high_switch_cost,horizon_aware_dp,switching_sequence_dependence,active,0.23076923076923078,376740.30656434095,351970.0301153319,-24770.276449009078,,False,results/working/dynamic_policy_period_results.csv,True,False,False
Walmart,store_002__dept_092,high_switch_cost,horizon_aware_dp,switching_sequence_dependence,active,0.6923076923076923,1391398.600318882,1106375.9783573488,-285022.6219615331,,False,results/working/dynamic_policy_period_results.csv,True,False,False
Walmart,store_002__dept_095,high_switch_cost,horizon_aware_dp,switching_sequence_dependence,active,0.38461538461538464,777504.8596994255,751487.3985355188,-26017.46116390673,,False,results/working/dynamic_policy_period_results.csv,True,False,False
Walmart,store_003__dept_014,high_switch_cost,horizon_aware_dp,switching_sequence_dependence,active,0.38461538461538464,36218.538949482194,31973.35059774965,-4245.188351732544,,False,results/working/dynamic_policy_period_results.csv,True,False,False
Walmart,store_003__dept_038,high_switch_cost,horizon_aware_dp,switching_sequence_dependence,active,0.46153846153846156,706066.7820565583,520121.00916962104,-185945.77288693725,,False,results/working/dynamic_policy_period_results.csv,True,False,False
Walmart,store_004__dept_002,high_switch_cost,horizon_aware_dp,switching_sequence_dependence,active,0.7692307692307693,701552.8876518006,588926.649797004,-112626.2378547967,,False,results/working/dynamic_policy_period_results.csv,True,False,False
Walmart,store_004__dept_038,high_switch_cost,horizon_aware_dp,switching_sequence_dependence,active,0.5384615384615384,377516.3408194059,350570.7339317127,-26945.606887693226,,False,results/working/dynamic_policy_period_results.csv,True,False,False
Walmart,store_004__dept_072,high_switch_cost,horizon_aware_dp,switching_sequence_dependence,active,0.7692307692307693,1820550.310093951,1626312.5504094225,-194237.75968452846,,False,results/working/dynamic_policy_period_results.csv,True,False,False
Walmart,store_004__dept_090,high_switch_cost,horizon_aware_dp,switching_sequence_dependence,active,0.7692307692307693,583331.5819924857,388434.27428545867,-194897.307707027,,False,results/working/dynamic_policy_period_results.csv,True,False,False
Walmart,store_004__dept_092,high_switch_cost,horizon_aware_dp,switching_sequence_dependence,active,0.07692307692307693,1287308.0418905264,1186293.2565666991,-101014.7853238273,,False,results/working/dynamic_policy_period_results.csv,True,False,False
Walmart,store_004__dept_095,high_switch_cost,horizon_aware_dp,switching_sequence_dependence,active,0.38461538461538464,1334796.1326813821,1032445.3582453013,-302350.7744360808,,False,results/working/dynamic_policy_period_results.csv,True,False,False
Walmart,store_006__dept_016,high_switch_cost,horizon_aware_dp,switching_sequence_dependence,active,0.5384615384615384,557330.8748873518,583757.4271031107,26426.552215758944,,False,results/working/dynamic_policy_period_results.csv,False,True,True
Walmart,store_006__dept_038,high_switch_cost,horizon_aware_dp,switching_sequence_dependence,active,0.3076923076923077,405978.6052218009,390450.16828472057,-15528.436937080347,,False,results/working/dynamic_policy_period_results.csv,True,False,False
Walmart,store_006__dept_072,high_switch_cost,horizon_aware_dp,switching_sequence_dependence,active,0.5384615384615384,432313.8236383593,429816.48554973,-2497.3380886293016,,False,results/working/dynamic_policy_period_results.csv,False,False,True
Walmart,store_006__dept_092,high_switch_cost,horizon_aware_dp,switching_sequence_dependence,active,0.3076923076923077,537741.9701434886,531781.2758615345,-5960.694281954085,,False,results/working/dynamic_policy_period_results.csv,True,False,False
Walmart,store_006__dept_095,high_switch_cost,horizon_aware_dp,switching_sequence_dependence,active,0.46153846153846156,572478.9027446758,650914.5610756335,78435.65833095775,,False,results/working/dynamic_policy_period_results.csv,False,True,True
Walmart,store_009__dept_003,high_switch_cost,horizon_aware_dp,switching_sequence_dependence,active,0.3076923076923077,3476477.6299747983,3173343.065056981,-303134.56491781725,,False,results/working/dynamic_policy_period_results.csv,True,False,False
Walmart,store_009__dept_005,high_switch_cost,horizon_aware_dp,switching_sequence_dependence,active,0.5384615384615384,816158.761245192,375592.47072314704,-440566.290522045,,False,results/working/dynamic_policy_period_results.csv,True,False,False
Walmart,store_009__dept_033,high_switch_cost,horizon_aware_dp,switching_sequence_dependence,active,0.5384615384615384,126872.1797538915,49015.396327792136,-77856.78342609937,,False,results/working/dynamic_policy_period_results.csv,True,False,False
Walmart,store_009__dept_038,high_switch_cost,horizon_aware_dp,switching_sequence_dependence,active,0.5384615384615384,1402271.283363929,501314.4284711893,-900956.8548927398,,False,results/working/dynamic_policy_period_results.csv,True,False,False
Walmart,store_010__dept_002,high_switch_cost,horizon_aware_dp,switching_sequence_dependence,active,0.15384615384615385,463950.45010101906,476378.9802789738,12428.530177954759,,False,results/working/dynamic_policy_period_results.csv,False,True,True
Walmart,store_010__dept_008,high_switch_cost,horizon_aware_dp,switching_sequence_dependence,active,0.3076923076923077,413985.3708435117,386810.66388854774,-27174.70695496397,,False,results/working/dynamic_policy_period_results.csv,True,False,False
Walmart,store_010__dept_038,high_switch_cost,horizon_aware_dp,switching_sequence_dependence,active,0.6923076923076923,930162.7824767908,594859.1803718536,-335303.6021049372,,False,results/working/dynamic_policy_period_results.csv,True,False,False
Walmart,store_010__dept_040,high_switch_cost,horizon_aware_dp,switching_sequence_dependence,active,0.38461538461538464,789083.9921871396,634082.1072623427,-155001.88492479688,,False,results/working/dynamic_policy_period_results.csv,True,False,False
Walmart,store_010__dept_072,high_switch_cost,horizon_aware_dp,switching_sequence_dependence,active,0.8461538461538461,1393108.1440899912,1088895.7267958894,-304212.4172941018,,False,results/working/dynamic_policy_period_results.csv,True,False,False
Walmart,store_013__dept_038,high_switch_cost,horizon_aware_dp,switching_sequence_dependence,active,0.38461538461538464,447190.7364572017,399783.58589947893,-47407.15055772278,,False,results/working/dynamic_policy_period_results.csv,True,False,False
Walmart,store_013__dept_090,high_switch_cost,horizon_aware_dp,switching_sequence_dependence,active,0.3076923076923077,1123157.2448929977,1234407.2986337268,111250.05374072911,,False,results/working/dynamic_policy_period_results.csv,False,True,True
Walmart,store_013__dept_091,high_switch_cost,horizon_aware_dp,switching_sequence_dependence,active,0.46153846153846156,528389.3730693142,407696.3195571588,-120693.05351215537,,False,results/working/dynamic_policy_period_results.csv,True,False,False
Walmart,store_013__dept_092,high_switch_cost,horizon_aware_dp,switching_sequence_dependence,active,0.6153846153846154,1327615.819768283,1326201.4981937874,-1414.3215744956397,,False,results/working/dynamic_policy_period_results.csv,False,False,True
Walmart,store_013__dept_095,high_switch_cost,horizon_aware_dp,switching_sequence_dependence,active,0.6923076923076923,1068013.485861784,995725.1648960076,-72288.32096577645,,False,results/working/dynamic_policy_period_results.csv,True,False,False
Walmart,store_014__dept_002,high_switch_cost,horizon_aware_dp,switching_sequence_dependence,active,0.3076923076923077,814070.4322472222,424283.7910956386,-389786.6411515836,,False,results/working/dynamic_policy_period_results.csv,True,False,False
Walmart,store_014__dept_038,high_switch_cost,horizon_aware_dp,switching_sequence_dependence,active,0.6153846153846154,1510334.2065341098,580892.9294792431,-929441.2770548667,,False,results/working/dynamic_policy_period_results.csv,True,False,False
Walmart,store_014__dept_046,high_switch_cost,horizon_aware_dp,switching_sequence_dependence,active,0.5384615384615384,269471.70097661944,300268.023085428,30796.322108808556,,False,results/working/dynamic_policy_period_results.csv,False,True,True
Walmart,store_014__dept_072,high_switch_cost,horizon_aware_dp,switching_sequence_dependence,active,0.3076923076923077,3959974.132225178,1228208.3648691624,-2731765.7673560157,,False,results/working/dynamic_policy_period_results.csv,True,False,False
Walmart,store_014__dept_090,high_switch_cost,horizon_aware_dp,switching_sequence_dependence,active,0.46153846153846156,2537467.120081589,547282.8469829332,-1990184.273098656,,False,results/working/dynamic_policy_period_results.csv,True,False,False
Walmart,store_014__dept_091,high_switch_cost,horizon_aware_dp,switching_sequence_dependence,active,0.5384615384615384,777901.9748348602,415647.62975287397,-362254.3450819862,,False,results/working/dynamic_policy_period_results.csv,True,False,False
Walmart,store_014__dept_092,high_switch_cost,horizon_aware_dp,switching_sequence_dependence,active,0.8461538461538461,3383729.5807078,963156.6165726716,-2420572.9641351285,,False,results/working/dynamic_policy_period_results.csv,True,False,False
Walmart,store_014__dept_095,high_switch_cost,horizon_aware_dp,switching_sequence_dependence,active,0.23076923076923078,1995033.88538168,784928.8042865156,-1210105.0810951644,,False,results/working/dynamic_policy_period_results.csv,True,False,False
Walmart,store_015__dept_026,high_switch_cost,horizon_aware_dp,switching_sequence_dependence,active,0.6153846153846154,356832.0034567308,356848.0034567308,16.0,,True,results/working/dynamic_policy_period_results.csv,False,False,True
Walmart,store_016__dept_096,high_switch_cost,horizon_aware_dp,switching_sequence_dependence,active,0.15384615384615385,2474.9881046823957,2658.0034135501623,183.01530886776663,,False,results/working/dynamic_policy_period_results.csv,False,True,True
Walmart,store_019__dept_092,high_switch_cost,horizon_aware_dp,switching_sequence_dependence,active,0.46153846153846156,1289028.7323837779,1220457.4405706662,-68571.29181311163,,False,results/working/dynamic_policy_period_results.csv,True,False,False
Walmart,store_019__dept_095,high_switch_cost,horizon_aware_dp,switching_sequence_dependence,active,0.23076923076923078,985050.6478199894,1168413.3720286589,183362.7242086695,,False,results/working/dynamic_policy_period_results.csv,False,True,True
Walmart,store_020__dept_038,high_switch_cost,horizon_aware_dp,switching_sequence_dependence,active,0.46153846153846156,662934.9476119037,560480.5275796433,-102454.42003226036,,False,results/working/dynamic_policy_period_results.csv,True,False,False
Walmart,store_020__dept_040,high_switch_cost,horizon_aware_dp,switching_sequence_dependence,active,0.5384615384615384,496299.91727523133,413242.7423967704,-83057.17487846094,,False,results/working/dynamic_policy_period_results.csv,True,False,False
Walmart,store_020__dept_072,high_switch_cost,horizon_aware_dp,switching_sequence_dependence,active,0.46153846153846156,4555495.689562128,2426681.5422537858,-2128814.147308342,,False,results/working/dynamic_policy_period_results.csv,True,False,False
Walmart,store_020__dept_083,high_switch_cost,horizon_aware_dp,switching_sequence_dependence,active,0.3076923076923077,38481.636688871564,42169.03254967645,3687.395860804885,,False,results/working/dynamic_policy_period_results.csv,False,True,True
Walmart,store_020__dept_090,high_switch_cost,horizon_aware_dp,switching_sequence_dependence,active,0.6923076923076923,572502.4546928317,515398.4110816779,-57104.043611153844,,False,results/working/dynamic_policy_period_results.csv,True,False,False
Walmart,store_020__dept_092,high_switch_cost,horizon_aware_dp,switching_sequence_dependence,active,0.46153846153846156,927241.0948209616,867211.2391988477,-60029.855622113915,,False,results/working/dynamic_policy_period_results.csv,True,False,False
Walmart,store_020__dept_095,high_switch_cost,horizon_aware_dp,switching_sequence_dependence,active,0.7692307692307693,828104.9773054397,879452.575708141,51347.59840270132,,False,results/working/dynamic_policy_period_results.csv,False,True,True
Walmart,store_022__dept_059,high_switch_cost,horizon_aware_dp,switching_sequence_dependence,active,0.38461538461538464,8885.776217945662,3622.14190322094,-5263.634314724723,,False,results/working/dynamic_policy_period_results.csv,True,False,False
Walmart,store_023__dept_032,high_switch_cost,horizon_aware_dp,switching_sequence_dependence,active,0.7692307692307693,75397.33608349758,83193.58817869844,7796.252095200864,,False,results/working/dynamic_policy_period_results.csv,False,True,True
Walmart,store_023__dept_072,high_switch_cost,horizon_aware_dp,switching_sequence_dependence,active,0.15384615384615385,3222308.21365385,3222312.21365385,4.0,,True,results/working/dynamic_policy_period_results.csv,False,False,True
Walmart,store_024__dept_018,high_switch_cost,horizon_aware_dp,switching_sequence_dependence,active,0.25,969132.8707222224,969311.2048888891,178.33416666672565,,False,results/working/dynamic_policy_period_results.csv,False,False,True
Walmart,store_024__dept_040,high_switch_cost,horizon_aware_dp,switching_sequence_dependence,active,0.23076923076923078,199311.85112865112,210045.00329523053,10733.152166579413,,False,results/working/dynamic_policy_period_results.csv,False,True,True
Walmart,store_024__dept_092,high_switch_cost,horizon_aware_dp,switching_sequence_dependence,active,0.23076923076923078,955982.0280497564,914941.9475748177,-41040.08047493873,,False,results/working/dynamic_policy_period_results.csv,True,False,False
Walmart,store_024__dept_095,high_switch_cost,horizon_aware_dp,switching_sequence_dependence,active,0.23076923076923078,598142.0637127004,740161.7817088222,142019.71799612185,,False,results/working/dynamic_policy_period_results.csv,False,True,True
Walmart,store_025__dept_018,high_switch_cost,horizon_aware_dp,switching_sequence_dependence,active,0.3076923076923077,998933.595125,998941.595125,8.0,,True,results/working/dynamic_policy_period_results.csv,False,False,True
Walmart,store_026__dept_024,high_switch_cost,horizon_aware_dp,switching_sequence_dependence,active,0.38461538461538464,489950.5431249998,489960.5431249998,10.0,,True,results/working/dynamic_policy_period_results.csv,False,False,True
Walmart,store_026__dept_036,high_switch_cost,horizon_aware_dp,switching_sequence_dependence,active,0.3076923076923077,58628.61947093786,56485.81102940017,-2142.8084415376943,,False,results/working/dynamic_policy_period_results.csv,True,False,False
Walmart,store_026__dept_038,high_switch_cost,horizon_aware_dp,switching_sequence_dependence,active,0.38461538461538464,790140.6841772831,674106.9648654507,-116033.71931183233,,False,results/working/dynamic_policy_period_results.csv,True,False,False
Walmart,store_026__dept_092,high_switch_cost,horizon_aware_dp,switching_sequence_dependence,active,0.6153846153846154,556735.8822000601,483323.0617112893,-73412.82048877078,,False,results/working/dynamic_policy_period_results.csv,True,False,False
Walmart,store_027__dept_071,high_switch_cost,horizon_aware_dp,switching_sequence_dependence,active,0.5384615384615384,151671.68751463757,108255.24377410776,-43416.44374052981,,False,results/working/dynamic_policy_period_results.csv,True,False,False
Walmart,store_027__dept_090,high_switch_cost,horizon_aware_dp,switching_sequence_dependence,active,0.6153846153846154,997553.014176832,778649.436868866,-218903.57730796607,,False,results/working/dynamic_policy_period_results.csv,True,False,False
Walmart,store_027__dept_092,high_switch_cost,horizon_aware_dp,switching_sequence_dependence,active,0.6923076923076923,1981046.7945756337,1551013.4059404929,-430033.38863514084,,False,results/working/dynamic_policy_period_results.csv,True,False,False
Walmart,store_027__dept_095,high_switch_cost,horizon_aware_dp,switching_sequence_dependence,active,0.3076923076923077,928744.6458763062,1195825.4539305044,267080.80805419816,,False,results/working/dynamic_policy_period_results.csv,False,True,True
Walmart,store_028__dept_092,high_switch_cost,horizon_aware_dp,switching_sequence_dependence,active,0.3076923076923077,1146352.017057677,811509.4809624286,-334842.5360952484,,False,results/working/dynamic_policy_period_results.csv,True,False,False
Walmart,store_028__dept_095,high_switch_cost,horizon_aware_dp,switching_sequence_dependence,active,0.46153846153846156,556003.6823207113,635450.4144149306,79446.7320942193,,False,results/working/dynamic_policy_period_results.csv,False,True,True
Walmart,store_029__dept_027,high_switch_cost,horizon_aware_dp,switching_sequence_dependence,active,0.6153846153846154,33272.7077999748,30930.181014861588,-2342.526785113212,,False,results/working/dynamic_policy_period_results.csv,True,False,False
Walmart,store_030__dept_083,high_switch_cost,horizon_aware_dp,switching_sequence_dependence,active,0.15384615384615385,11361.948890694004,13726.027829566236,2364.0789388722314,,False,results/working/dynamic_policy_period_results.csv,False,True,True
Walmart,store_031__dept_038,high_switch_cost,horizon_aware_dp,switching_sequence_dependence,active,0.5384615384615384,579452.7378905168,438048.5018899092,-141404.23600060755,,False,results/working/dynamic_policy_period_results.csv,True,False,False
Walmart,store_031__dept_046,high_switch_cost,horizon_aware_dp,switching_sequence_dependence,active,0.7692307692307693,170805.57905724266,196428.0063857179,25622.427328475227,,False,results/working/dynamic_policy_period_results.csv,False,True,True
Walmart,store_031__dept_079,high_switch_cost,horizon_aware_dp,switching_sequence_dependence,active,0.6923076923076923,244097.74716022226,210745.87996701128,-33351.86719321099,,False,results/working/dynamic_policy_period_results.csv,True,False,False
Walmart,store_031__dept_090,high_switch_cost,horizon_aware_dp,switching_sequence_dependence,active,0.6153846153846154,507038.3139329638,441648.218918132,-65390.09501483181,,False,results/working/dynamic_policy_period_results.csv,True,False,False
Walmart,store_031__dept_092,high_switch_cost,horizon_aware_dp,switching_sequence_dependence,active,0.6923076923076923,1091485.3309365471,860334.2325578934,-231151.09837865375,,False,results/working/dynamic_policy_period_results.csv,True,False,False
Walmart,store_031__dept_095,high_switch_cost,horizon_aware_dp,switching_sequence_dependence,active,0.5384615384615384,649478.5587485139,575726.3331739763,-73752.22557453765,,False,results/working/dynamic_policy_period_results.csv,True,False,False
Walmart,store_032__dept_092,high_switch_cost,horizon_aware_dp,switching_sequence_dependence,active,0.7692307692307693,1121712.4760786602,1106444.7383330495,-15267.737745610764,,False,results/working/dynamic_policy_period_results.csv,True,False,False
Walmart,store_032__dept_095,high_switch_cost,horizon_aware_dp,switching_sequence_dependence,active,0.38461538461538464,735654.0105215225,563741.0026662382,-171913.00785528426,,False,results/working/dynamic_policy_period_results.csv,True,False,False
Walmart,store_033__dept_094,high_switch_cost,horizon_aware_dp,switching_sequence_dependence,active,0.23076923076923078,145860.53718076242,134574.75387843,-11285.78330233242,,False,results/working/dynamic_policy_period_results.csv,True,False,False
Walmart,store_035__dept_072,high_switch_cost,horizon_aware_dp,switching_sequence_dependence,active,0.7692307692307693,1979321.7467968904,1240665.577706998,-738656.1690898924,,False,results/working/dynamic_policy_period_results.csv,True,False,False
Walmart,store_036__dept_087,high_switch_cost,horizon_aware_dp,switching_sequence_dependence,active,0.3333333333333333,13852.89490294471,3751.056394710829,-10101.838508233881,,False,results/working/dynamic_policy_period_results.csv,True,False,False
Walmart,store_038__dept_002,high_switch_cost,horizon_aware_dp,switching_sequence_dependence,active,0.23076923076923078,61888.22455290696,58587.23138503022,-3300.993167876739,,False,results/working/dynamic_policy_period_results.csv,True,False,False
Walmart,store_039__dept_092,high_switch_cost,horizon_aware_dp,switching_sequence_dependence,active,0.46153846153846156,1040258.3873651195,976072.0099546338,-64186.37741048576,,False,results/working/dynamic_policy_period_results.csv,True,False,False
Walmart,store_039__dept_095,high_switch_cost,horizon_aware_dp,switching_sequence_dependence,active,0.6153846153846154,2313705.741485646,1124991.1673682227,-1188714.5741174233,,False,results/working/dynamic_policy_period_results.csv,True,False,False
Walmart,store_040__dept_042,high_switch_cost,horizon_aware_dp,switching_sequence_dependence,active,0.23076923076923078,31361.557602213237,30263.10972743426,-1098.4478747789763,,False,results/working/dynamic_policy_period_results.csv,True,False,False
Walmart,store_040__dept_092,high_switch_cost,horizon_aware_dp,switching_sequence_dependence,active,0.3076923076923077,618792.5675109408,599272.159937009,-19520.40757393185,,False,results/working/dynamic_policy_period_results.csv,True,False,False
Walmart,store_041__dept_033,high_switch_cost,horizon_aware_dp,switching_sequence_dependence,active,0.6153846153846154,577208.5018749997,577224.5018749997,16.0,,True,results/working/dynamic_policy_period_results.csv,False,False,True
Walmart,store_041__dept_092,high_switch_cost,horizon_aware_dp,switching_sequence_dependence,active,0.46153846153846156,1219326.6114610685,1376636.3049388938,157309.69347782526,,False,results/working/dynamic_policy_period_results.csv,False,True,True
Walmart,store_041__dept_095,high_switch_cost,horizon_aware_dp,switching_sequence_dependence,active,0.46153846153846156,606505.3081601416,600118.9391387353,-6386.369021406281,,False,results/working/dynamic_policy_period_results.csv,True,False,False
Walmart,store_041__dept_096,high_switch_cost,horizon_aware_dp,switching_sequence_dependence,active,0.5384615384615384,27535.797857560457,34159.132623858415,6623.334766297958,,False,results/working/dynamic_policy_period_results.csv,False,True,True
Walmart,store_042__dept_092,high_switch_cost,horizon_aware_dp,switching_sequence_dependence,active,0.3076923076923077,723613.915021976,537780.2072309362,-185833.70779103984,,False,results/working/dynamic_policy_period_results.csv,True,False,False
Walmart,store_043__dept_092,high_switch_cost,horizon_aware_dp,switching_sequence_dependence,active,0.6923076923076923,639808.9472703012,409178.5690347488,-230630.37823555234,,False,results/working/dynamic_policy_period_results.csv,True,False,False
Walmart,store_044__dept_009,high_switch_cost,horizon_aware_dp,switching_sequence_dependence,active,0.07692307692307693,2779.215855297743,4323.636204700157,1544.4203494024136,,False,results/working/dynamic_policy_period_results.csv,False,True,True
Walmart,store_044__dept_017,high_switch_cost,horizon_aware_dp,switching_sequence_dependence,active,0.23076923076923078,8600.18398623687,7395.122228625828,-1205.0617576110426,,False,results/working/dynamic_policy_period_results.csv,True,False,False
Walmart,store_001__dept_038,long_lead,horizon_aware_dp,pipeline_carryover,active,1.0,2208023.7733178493,2114850.910920889,-93172.86239696015,,False,results/working/dynamic_policy_period_results.csv,True,False,False
Walmart,store_001__dept_090,long_lead,horizon_aware_dp,pipeline_carryover,active,1.0,2706934.12481272,2505485.198160079,-201448.92665264104,,False,results/working/dynamic_policy_period_results.csv,True,False,False
Walmart,store_001__dept_092,long_lead,horizon_aware_dp,pipeline_carryover,active,1.0,4424903.496842013,4113616.53022294,-311286.96661907295,,False,results/working/dynamic_policy_period_results.csv,True,False,False
Walmart,store_001__dept_095,long_lead,horizon_aware_dp,pipeline_carryover,active,1.0,3928031.205945314,4290819.091684674,362787.88573936,,False,results/working/dynamic_policy_period_results.csv,False,True,True
Walmart,store_001__dept_098,long_lead,horizon_aware_dp,pipeline_carryover,active,1.0,601781.9029230921,416427.8216052325,-185354.08131785964,,False,results/working/dynamic_policy_period_results.csv,True,False,False
Walmart,store_002__dept_038,long_lead,horizon_aware_dp,pipeline_carryover,active,1.0,2494089.1362314136,2607017.214152697,112928.07792128343,,False,results/working/dynamic_policy_period_results.csv,False,True,True
Walmart,store_002__dept_090,long_lead,horizon_aware_dp,pipeline_carryover,active,1.0,3210669.3923359043,2937618.4692956056,-273050.92304029875,,False,results/working/dynamic_policy_period_results.csv,True,False,False
Walmart,store_002__dept_091,long_lead,horizon_aware_dp,pipeline_carryover,active,1.0,2371023.753594811,2421856.129486809,50832.375891997945,,False,results/working/dynamic_policy_period_results.csv,False,True,True
Walmart,store_002__dept_092,long_lead,horizon_aware_dp,pipeline_carryover,active,1.0,6052658.176437733,5501654.523417478,-551003.6530202543,,False,results/working/dynamic_policy_period_results.csv,True,False,False
Walmart,store_002__dept_095,long_lead,horizon_aware_dp,pipeline_carryover,active,1.0,4660911.5045728665,4891453.937643345,230542.43307047896,,False,results/working/dynamic_policy_period_results.csv,False,True,True
Walmart,store_003__dept_014,long_lead,horizon_aware_dp,pipeline_carryover,active,1.0,160669.21057321693,154196.59830345894,-6472.612269757985,,False,results/working/dynamic_policy_period_results.csv,True,False,False
Walmart,store_003__dept_038,long_lead,horizon_aware_dp,pipeline_carryover,active,1.0,3727481.5289671537,3050318.7963574794,-677162.7326096743,,False,results/working/dynamic_policy_period_results.csv,True,False,False
Walmart,store_004__dept_002,long_lead,horizon_aware_dp,pipeline_carryover,active,1.0,3016804.493217208,3008695.525487972,-8108.967729235999,,False,results/working/dynamic_policy_period_results.csv,False,False,True
Walmart,store_004__dept_038,long_lead,horizon_aware_dp,pipeline_carryover,active,1.0,2321403.28577827,2319956.109304128,-1447.1764741418883,,False,results/working/dynamic_policy_period_results.csv,False,False,True
Walmart,store_004__dept_072,long_lead,horizon_aware_dp,pipeline_carryover,active,1.0,4668975.595348003,3995822.343588238,-673153.2517597652,,False,results/working/dynamic_policy_period_results.csv,True,False,False
Walmart,store_004__dept_090,long_lead,horizon_aware_dp,pipeline_carryover,active,1.0,2983283.6107751057,2604836.7643335727,-378446.84644153295,,False,results/working/dynamic_policy_period_results.csv,True,False,False
Walmart,store_004__dept_092,long_lead,horizon_aware_dp,pipeline_carryover,active,1.0,6004188.136290325,4992505.6154435985,-1011682.5208467264,,False,results/working/dynamic_policy_period_results.csv,True,False,False
Walmart,store_004__dept_095,long_lead,horizon_aware_dp,pipeline_carryover,active,1.0,5538551.78284885,5225073.762934028,-313478.0199148217,,False,results/working/dynamic_policy_period_results.csv,True,False,False
Walmart,store_006__dept_016,long_lead,horizon_aware_dp,pipeline_carryover,active,1.0,2630124.97597446,2831067.8410480106,200942.8650735505,,False,results/working/dynamic_policy_period_results.csv,False,True,True
Walmart,store_006__dept_038,long_lead,horizon_aware_dp,pipeline_carryover,active,1.0,2234757.292602453,2472729.357234286,237972.06463183323,,False,results/working/dynamic_policy_period_results.csv,False,True,True
Walmart,store_006__dept_072,long_lead,horizon_aware_dp,pipeline_carryover,active,1.0,2318432.8528344776,2417798.635562518,99365.78272804059,,False,results/working/dynamic_policy_period_results.csv,False,True,True
Walmart,store_006__dept_092,long_lead,horizon_aware_dp,pipeline_carryover,active,1.0,3012510.970185695,3227609.123652295,215098.1534666,,False,results/working/dynamic_policy_period_results.csv,False,True,True
Walmart,store_006__dept_095,long_lead,horizon_aware_dp,pipeline_carryover,active,1.0,3264605.832045805,3527364.695875598,262758.86382979294,,False,results/working/dynamic_policy_period_results.csv,False,True,True
Walmart,store_009__dept_003,long_lead,horizon_aware_dp,pipeline_carryover,active,1.0,3257623.8591249986,3257624.8591249986,1.0,,True,results/working/dynamic_policy_period_results.csv,False,False,True
Walmart,store_009__dept_005,long_lead,horizon_aware_dp,pipeline_carryover,active,1.0,1242893.3502025115,882279.3730640571,-360613.97713845444,,False,results/working/dynamic_policy_period_results.csv,True,False,False
Walmart,store_009__dept_033,long_lead,horizon_aware_dp,pipeline_carryover,active,1.0,133061.6552877197,153083.19286413694,20021.537576417235,,False,results/working/dynamic_policy_period_results.csv,False,True,True
Walmart,store_009__dept_038,long_lead,horizon_aware_dp,pipeline_carryover,active,1.0,2891230.2451805086,2599279.5246725557,-291950.72050795285,,False,results/working/dynamic_policy_period_results.csv,True,False,False
Walmart,store_010__dept_002,long_lead,horizon_aware_dp,pipeline_carryover,active,1.0,3150722.2770021344,3227575.1123652,76852.83536306582,,False,results/working/dynamic_policy_period_results.csv,False,True,True
Walmart,store_010__dept_008,long_lead,horizon_aware_dp,pipeline_carryover,active,1.0,2535114.511932495,2535235.686151965,121.17421947000548,,False,results/working/dynamic_policy_period_results.csv,False,False,True
Walmart,store_010__dept_038,long_lead,horizon_aware_dp,pipeline_carryover,active,1.0,3873543.021955332,3090648.6146931886,-782894.4072621432,,False,results/working/dynamic_policy_period_results.csv,True,False,False
Walmart,store_010__dept_040,long_lead,horizon_aware_dp,pipeline_carryover,active,1.0,3357507.577063622,2975197.5215575118,-382310.0555061102,,False,results/working/dynamic_policy_period_results.csv,True,False,False
Walmart,store_010__dept_072,long_lead,horizon_aware_dp,pipeline_carryover,active,1.0,5228370.354553633,4005243.557166961,-1223126.7973866723,,False,results/working/dynamic_policy_period_results.csv,True,False,False
Walmart,store_013__dept_038,long_lead,horizon_aware_dp,pipeline_carryover,active,1.0,2564537.910260221,2448705.050818089,-115832.85944213206,,False,results/working/dynamic_policy_period_results.csv,True,False,False
Walmart,store_013__dept_090,long_lead,horizon_aware_dp,pipeline_carryover,active,1.0,4600959.603583901,4124794.403829048,-476165.19975485327,,False,results/working/dynamic_policy_period_results.csv,True,False,False
Walmart,store_013__dept_091,long_lead,horizon_aware_dp,pipeline_carryover,active,1.0,2630402.818349456,2510767.2510196925,-119635.56732976343,,False,results/working/dynamic_policy_period_results.csv,True,False,False
Walmart,store_013__dept_092,long_lead,horizon_aware_dp,pipeline_carryover,active,1.0,6096653.456852629,5723820.99063154,-372832.46622108854,,False,results/working/dynamic_policy_period_results.csv,True,False,False
Walmart,store_013__dept_095,long_lead,horizon_aware_dp,pipeline_carryover,active,1.0,5040654.658850553,5464137.249696022,423482.59084546845,,False,results/working/dynamic_policy_period_results.csv,False,True,True
Walmart,store_014__dept_002,long_lead,horizon_aware_dp,pipeline_carryover,active,1.0,2452321.0039007924,2442648.475503432,-9672.528397360351,,False,results/working/dynamic_policy_period_results.csv,False,False,True
Walmart,store_014__dept_038,long_lead,horizon_aware_dp,pipeline_carryover,active,1.0,3546076.132049676,3164159.291984505,-381916.840065171,,False,results/working/dynamic_policy_period_results.csv,True,False,False
Walmart,store_014__dept_046,long_lead,horizon_aware_dp,pipeline_carryover,active,1.0,1487634.1290918603,1618596.288210276,130962.15911841579,,False,results/working/dynamic_policy_period_results.csv,False,True,True
Walmart,store_014__dept_072,long_lead,horizon_aware_dp,pipeline_carryover,active,1.0,5485244.289865387,3067186.343039204,-2418057.946826183,,False,results/working/dynamic_policy_period_results.csv,True,False,False
Walmart,store_014__dept_090,long_lead,horizon_aware_dp,pipeline_carryover,active,1.0,4379391.253283132,3222376.035552728,-1157015.2177304039,,False,results/working/dynamic_policy_period_results.csv,True,False,False
Walmart,store_014__dept_091,long_lead,horizon_aware_dp,pipeline_carryover,active,1.0,3407651.994007012,2534448.072686708,-873203.9213203038,,False,results/working/dynamic_policy_period_results.csv,True,False,False
Walmart,store_014__dept_092,long_lead,horizon_aware_dp,pipeline_carryover,active,1.0,7167101.6341706775,5270418.694718184,-1896682.9394524936,,False,results/working/dynamic_policy_period_results.csv,True,False,False
Walmart,store_014__dept_095,long_lead,horizon_aware_dp,pipeline_carryover,active,1.0,4500903.742960672,4671048.574525561,170144.8315648893,,False,results/working/dynamic_policy_period_results.csv,False,True,True
Walmart,store_015__dept_026,long_lead,horizon_aware_dp,pipeline_carryover,active,1.0,505857.4053052885,473353.3371152168,-32504.068190071674,,False,results/working/dynamic_policy_period_results.csv,True,False,False
Walmart,store_016__dept_096,long_lead,horizon_aware_dp,pipeline_carryover,active,1.0,7694.375253844875,7706.016711926337,11.641458081461678,,False,results/working/dynamic_policy_period_results.csv,False,False,True
Walmart,store_019__dept_092,long_lead,horizon_aware_dp,pipeline_carryover,active,1.0,5250776.504119262,4024473.092579033,-1226303.4115402289,,False,results/working/dynamic_policy_period_results.csv,True,False,False
Walmart,store_019__dept_095,long_lead,horizon_aware_dp,pipeline_carryover,active,1.0,3187726.05743467,3082647.186136892,-105078.8712977781,,False,results/working/dynamic_policy_period_results.csv,True,False,False
Walmart,store_020__dept_038,long_lead,horizon_aware_dp,pipeline_carryover,active,1.0,3622421.879681144,3398266.0253115688,-224155.85436957516,,False,results/working/dynamic_policy_period_results.csv,True,False,False
Walmart,store_020__dept_040,long_lead,horizon_aware_dp,pipeline_carryover,active,1.0,2840729.434346802,2621152.0179415974,-219577.41640520468,,False,results/working/dynamic_policy_period_results.csv,True,False,False
Walmart,store_020__dept_072,long_lead,horizon_aware_dp,pipeline_carryover,active,1.0,5784708.8776157005,4329557.588960826,-1455151.288654874,,False,results/working/dynamic_policy_period_results.csv,True,False,False
Walmart,store_020__dept_083,long_lead,horizon_aware_dp,pipeline_carryover,active,1.0,217105.9526417409,238271.9806800019,21166.028038260993,,False,results/working/dynamic_policy_period_results.csv,False,True,True
Walmart,store_020__dept_090,long_lead,horizon_aware_dp,pipeline_carryover,active,1.0,2999595.420887425,2797300.687733696,-202294.73315372923,,False,results/working/dynamic_policy_period_results.csv,True,False,False
Walmart,store_020__dept_092,long_lead,horizon_aware_dp,pipeline_carryover,active,1.0,4970970.865281842,4730312.078612825,-240658.78666901682,,False,results/working/dynamic_policy_period_results.csv,True,False,False
Walmart,store_020__dept_095,long_lead,horizon_aware_dp,pipeline_carryover,active,1.0,5001768.159239504,5434958.881632672,433190.72239316814,,False,results/working/dynamic_policy_period_results.csv,False,True,True
Walmart,store_022__dept_059,long_lead,horizon_aware_dp,pipeline_carryover,active,1.0,16220.651516826929,12678.515984375,-3542.135532451928,,False,results/working/dynamic_policy_period_results.csv,True,False,False
Walmart,store_023__dept_032,long_lead,horizon_aware_dp,pipeline_carryover,active,1.0,369698.3396316613,393541.2642238168,23842.924592155498,,False,results/working/dynamic_policy_period_results.csv,False,True,True
Walmart,store_023__dept_072,long_lead,horizon_aware_dp,pipeline_carryover,active,1.0,5197396.848653848,3521187.945481331,-1676208.9031725172,,False,results/working/dynamic_policy_period_results.csv,True,False,False
Walmart,store_024__dept_018,long_lead,horizon_aware_dp,pipeline_carryover,active,1.0,969087.7262777779,969161.5396111113,73.81333333335351,,False,results/working/dynamic_policy_period_results.csv,False,False,True
Walmart,store_024__dept_040,long_lead,horizon_aware_dp,pipeline_carryover,active,1.0,1393950.1362827295,1463700.4810873554,69750.34480462596,,False,results/working/dynamic_policy_period_results.csv,False,True,True
Walmart,store_024__dept_092,long_lead,horizon_aware_dp,pipeline_carryover,active,1.0,4235393.374683581,3720478.769357604,-514914.6053259773,,False,results/working/dynamic_policy_period_results.csv,True,False,False
Walmart,store_024__dept_095,long_lead,horizon_aware_dp,pipeline_carryover,active,1.0,3469648.4526996617,3593564.0809094883,123915.62820982654,,False,results/working/dynamic_policy_period_results.csv,False,True,True
Walmart,store_025__dept_018,long_lead,horizon_aware_dp,pipeline_carryover,active,1.0,998863.1576249999,998864.1576249999,1.0,,True,results/working/dynamic_policy_period_results.csv,False,False,True
Walmart,store_026__dept_024,long_lead,horizon_aware_dp,pipeline_carryover,active,1.0,463256.11355646147,406577.8890430468,-56678.224513414665,,False,results/working/dynamic_policy_period_results.csv,True,False,False
Walmart,store_026__dept_036,long_lead,horizon_aware_dp,pipeline_carryover,active,1.0,69710.51131205868,69711.51131205868,1.0,,True,results/working/dynamic_policy_period_results.csv,False,False,True
Walmart,store_026__dept_038,long_lead,horizon_aware_dp,pipeline_carryover,active,1.0,3163538.2401176086,3277483.43853273,113945.19841512153,,False,results/working/dynamic_policy_period_results.csv,False,True,True
Walmart,store_026__dept_092,long_lead,horizon_aware_dp,pipeline_carryover,active,1.0,2602522.7205503667,2601278.3688970744,-1244.3516532923095,,False,results/working/dynamic_policy_period_results.csv,False,False,True
Walmart,store_027__dept_071,long_lead,horizon_aware_dp,pipeline_carryover,active,1.0,268245.16126171604,282527.043203038,14281.881941321946,,False,results/working/dynamic_policy_period_results.csv,False,True,True
Walmart,store_027__dept_090,long_lead,horizon_aware_dp,pipeline_carryover,active,1.0,4219778.084962394,3168928.15005198,-1050849.9349104143,,False,results/working/dynamic_policy_period_results.csv,True,False,False
Walmart,store_027__dept_092,long_lead,horizon_aware_dp,pipeline_carryover,active,1.0,7531774.437939254,5573031.853185268,-1958742.5847539855,,False,results/working/dynamic_policy_period_results.csv,True,False,False
Walmart,store_027__dept_095,long_lead,horizon_aware_dp,pipeline_carryover,active,1.0,4070116.051640139,4347478.664685097,277362.61304495763,,False,results/working/dynamic_policy_period_results.csv,False,True,True
Walmart,store_028__dept_092,long_lead,horizon_aware_dp,pipeline_carryover,active,1.0,4008875.281740353,2801549.0787535505,-1207326.2029868024,,False,results/working/dynamic_policy_period_results.csv,True,False,False
Walmart,store_028__dept_095,long_lead,horizon_aware_dp,pipeline_carryover,active,1.0,3040734.0150204236,3314134.757967278,273400.7429468543,,False,results/working/dynamic_policy_period_results.csv,False,True,True
Walmart,store_029__dept_027,long_lead,horizon_aware_dp,pipeline_carryover,active,1.0,80454.83094144631,69482.5559758448,-10972.274965601508,,False,results/working/dynamic_policy_period_results.csv,True,False,False
Walmart,store_030__dept_083,long_lead,horizon_aware_dp,pipeline_carryover,active,1.0,62064.10569273756,65614.83184836965,3550.726155632088,,False,results/working/dynamic_policy_period_results.csv,False,True,True
Walmart,store_031__dept_038,long_lead,horizon_aware_dp,pipeline_carryover,active,1.0,2700478.379105215,2788449.6911787256,87971.3120735106,,False,results/working/dynamic_policy_period_results.csv,False,True,True
Walmart,store_031__dept_046,long_lead,horizon_aware_dp,pipeline_carryover,active,1.0,1051640.8901115085,1105540.5676743959,53899.677562887315,,False,results/working/dynamic_policy_period_results.csv,False,True,True
Walmart,store_031__dept_079,long_lead,horizon_aware_dp,pipeline_carryover,active,1.0,1143977.4767369162,1160716.893400035,16739.41666311887,,False,results/working/dynamic_policy_period_results.csv,False,True,True
Walmart,store_031__dept_090,long_lead,horizon_aware_dp,pipeline_carryover,active,1.0,2749481.4989899457,2590970.43807916,-158511.06091078557,,False,results/working/dynamic_policy_period_results.csv,True,False,False
Walmart,store_031__dept_092,long_lead,horizon_aware_dp,pipeline_carryover,active,1.0,4445799.400092678,3956812.049698986,-488987.35039369203,,False,results/working/dynamic_policy_period_results.csv,True,False,False
Walmart,store_031__dept_095,long_lead,horizon_aware_dp,pipeline_carryover,active,1.0,3393358.909630665,3535325.252083573,141966.34245290793,,False,results/working/dynamic_policy_period_results.csv,False,True,True
Walmart,store_032__dept_092,long_lead,horizon_aware_dp,pipeline_carryover,active,1.0,4046372.958337143,3248471.341310605,-797901.6170265381,,False,results/working/dynamic_policy_period_results.csv,True,False,False
Walmart,store_032__dept_095,long_lead,horizon_aware_dp,pipeline_carryover,active,1.0,2937456.5285143424,2704208.0389506617,-233248.48956368072,,False,results/working/dynamic_policy_period_results.csv,True,False,False
Walmart,store_033__dept_094,long_lead,horizon_aware_dp,pipeline_carryover,active,1.0,792961.8887382533,822752.3674505089,29790.4787122556,,False,results/working/dynamic_policy_period_results.csv,False,True,True
Walmart,store_035__dept_072,long_lead,horizon_aware_dp,pipeline_carryover,active,1.0,4010020.685397352,3464209.5940406187,-545811.0913567333,,False,results/working/dynamic_policy_period_results.csv,True,False,False
Walmart,store_036__dept_087,long_lead,horizon_aware_dp,pipeline_carryover,active,1.0,10622.769757380558,10626.711632483493,3.941875102935228,,False,results/working/dynamic_policy_period_results.csv,False,False,True
Walmart,store_038__dept_002,long_lead,horizon_aware_dp,pipeline_carryover,active,1.0,350409.9570354965,342190.5960913021,-8219.36094419437,,False,results/working/dynamic_policy_period_results.csv,True,False,False
Walmart,store_039__dept_092,long_lead,horizon_aware_dp,pipeline_carryover,active,1.0,4091284.219565188,3599103.031325415,-492181.18823977327,,False,results/working/dynamic_policy_period_results.csv,True,False,False
Walmart,store_039__dept_095,long_lead,horizon_aware_dp,pipeline_carryover,active,1.0,7014287.021498337,4096561.728392317,-2917725.2931060204,,False,results/working/dynamic_policy_period_results.csv,True,False,False
Walmart,store_040__dept_042,long_lead,horizon_aware_dp,pipeline_carryover,active,1.0,149948.05744692686,148802.50840023506,-1145.5490466917981,,False,results/working/dynamic_policy_period_results.csv,False,False,True
Walmart,store_040__dept_092,long_lead,horizon_aware_dp,pipeline_carryover,active,1.0,2885216.702240168,2973999.6617431925,88782.95950302435,,False,results/working/dynamic_policy_period_results.csv,False,True,True
Walmart,store_041__dept_033,long_lead,horizon_aware_dp,pipeline_carryover,active,1.0,591538.904855769,591540.154855769,1.25,,True,results/working/dynamic_policy_period_results.csv,False,False,True
Walmart,store_041__dept_092,long_lead,horizon_aware_dp,pipeline_carryover,active,1.0,4598593.201663873,4601326.751597332,2733.5499334586784,,False,results/working/dynamic_policy_period_results.csv,False,False,True
Walmart,store_041__dept_095,long_lead,horizon_aware_dp,pipeline_carryover,active,1.0,2967806.084649065,3125739.2510934486,157933.16644438356,,False,results/working/dynamic_policy_period_results.csv,False,True,True
Walmart,store_041__dept_096,long_lead,horizon_aware_dp,pipeline_carryover,active,1.0,143533.76969473163,150379.03416669994,6845.264471968316,,False,results/working/dynamic_policy_period_results.csv,False,True,True
Walmart,store_042__dept_092,long_lead,horizon_aware_dp,pipeline_carryover,active,1.0,2806378.817207573,2748240.426334414,-58138.390873158816,,False,results/working/dynamic_policy_period_results.csv,True,False,False
Walmart,store_043__dept_092,long_lead,horizon_aware_dp,pipeline_carryover,active,1.0,2624930.520560715,2217463.7810847717,-407466.73947594315,,False,results/working/dynamic_policy_period_results.csv,True,False,False
Walmart,store_044__dept_009,long_lead,horizon_aware_dp,pipeline_carryover,active,1.0,12179.731379543897,12925.652283900932,745.9209043570354,,False,results/working/dynamic_policy_period_results.csv,False,True,True
Walmart,store_044__dept_017,long_lead,horizon_aware_dp,pipeline_carryover,active,1.0,25545.646114435425,17041.377542556493,-8504.268571878933,,False,results/working/dynamic_policy_period_results.csv,True,False,False
Walmart,store_001__dept_038,persistent_backlog,horizon_aware_dp,backlog_persistence,active,0.46153846153846156,4033237.1389278574,3225718.562332473,-807518.5765953842,,False,results/working/dynamic_policy_period_results.csv,True,False,False
Walmart,store_001__dept_090,persistent_backlog,horizon_aware_dp,backlog_persistence,active,0.46153846153846156,4376037.498279613,4376041.498279613,4.0,,True,results/working/dynamic_policy_period_results.csv,False,False,True
Walmart,store_001__dept_092,persistent_backlog,horizon_aware_dp,backlog_persistence,active,0.46153846153846156,7607135.585773469,6352189.817908675,-1254945.7678647935,,False,results/working/dynamic_policy_period_results.csv,True,False,False
Walmart,store_001__dept_095,persistent_backlog,horizon_aware_dp,backlog_persistence,active,0.46153846153846156,4486220.081054614,4486224.081054614,4.0,,True,results/working/dynamic_policy_period_results.csv,False,False,True
Walmart,store_001__dept_098,persistent_backlog,horizon_aware_dp,backlog_persistence,active,0.38461538461538464,420675.3807891055,492286.3908877622,71611.0100986567,,False,results/working/dynamic_policy_period_results.csv,False,True,True
Walmart,store_002__dept_038,persistent_backlog,horizon_aware_dp,backlog_persistence,active,0.38461538461538464,2307901.88757204,1874970.4333849887,-432931.45418705116,,False,results/working/dynamic_policy_period_results.csv,True,False,False
Walmart,store_002__dept_090,persistent_backlog,horizon_aware_dp,backlog_persistence,active,0.46153846153846156,5011618.2892053835,4992650.467360828,-18967.821844555438,,False,results/working/dynamic_policy_period_results.csv,False,False,True
Walmart,store_002__dept_091,persistent_backlog,horizon_aware_dp,backlog_persistence,active,0.46153846153846156,3621830.165349999,2826225.217986028,-795604.9473639708,,False,results/working/dynamic_policy_period_results.csv,True,False,False
Walmart,store_002__dept_092,persistent_backlog,horizon_aware_dp,backlog_persistence,active,0.46153846153846156,9734755.409698464,9586822.22061994,-147933.1890785247,,False,results/working/dynamic_policy_period_results.csv,True,False,False
Walmart,store_002__dept_095,persistent_backlog,horizon_aware_dp,backlog_persistence,active,0.46153846153846156,5275584.501263853,4987732.704840591,-287851.796423262,,False,results/working/dynamic_policy_period_results.csv,True,False,False
Walmart,store_003__dept_014,persistent_backlog,horizon_aware_dp,backlog_persistence,active,0.3076923076923077,139424.81791782752,139853.29834126873,428.48042344121495,,False,results/working/dynamic_policy_period_results.csv,False,False,True
Walmart,store_003__dept_038,persistent_backlog,horizon_aware_dp,backlog_persistence,active,0.38461538461538464,3450748.742368758,3240278.714520118,-210470.02784864,,False,results/working/dynamic_policy_period_results.csv,True,False,False
Walmart,store_004__dept_002,persistent_backlog,horizon_aware_dp,backlog_persistence,active,0.46153846153846156,4060071.972067305,4133684.179729671,73612.20766236633,,False,results/working/dynamic_policy_period_results.csv,False,True,True
Walmart,store_004__dept_038,persistent_backlog,horizon_aware_dp,backlog_persistence,active,0.38461538461538464,3094490.871111925,2628608.6236413736,-465882.24747055164,,False,results/working/dynamic_policy_period_results.csv,True,False,False
Walmart,store_004__dept_072,persistent_backlog,horizon_aware_dp,backlog_persistence,active,0.5384615384615384,7252943.782879608,7045330.230160201,-207613.55271940678,,False,results/working/dynamic_policy_period_results.csv,True,False,False
Walmart,store_004__dept_090,persistent_backlog,horizon_aware_dp,backlog_persistence,active,0.46153846153846156,5170472.145155003,4940278.696597798,-230193.4485572055,,False,results/working/dynamic_policy_period_results.csv,True,False,False
Walmart,store_004__dept_092,persistent_backlog,horizon_aware_dp,backlog_persistence,active,0.46153846153846156,9185866.084840767,9185870.084840767,4.0,,True,results/working/dynamic_policy_period_results.csv,False,False,True
Walmart,store_004__dept_095,persistent_backlog,horizon_aware_dp,backlog_persistence,active,0.46153846153846156,5060297.899247697,5060301.899247697,4.0,,True,results/working/dynamic_policy_period_results.csv,False,False,True
Walmart,store_006__dept_016,persistent_backlog,horizon_aware_dp,backlog_persistence,inactive,0.0,1452618.3460022858,1482459.2948818954,29840.948879609583,,False,results/working/dynamic_policy_period_results.csv,False,True,True
Walmart,store_006__dept_038,persistent_backlog,horizon_aware_dp,backlog_persistence,active,0.38461538461538464,2379415.3875865364,2337086.326704717,-42329.060881819576,,False,results/working/dynamic_policy_period_results.csv,True,False,False
Walmart,store_006__dept_072,persistent_backlog,horizon_aware_dp,backlog_persistence,active,0.38461538461538464,2473823.54129694,2353392.5034920205,-120431.0378049193,,False,results/working/dynamic_policy_period_results.csv,True,False,False
Walmart,store_006__dept_092,persistent_backlog,horizon_aware_dp,backlog_persistence,active,0.38461538461538464,3928452.795478463,3496497.9793153857,-431954.8161630775,,False,results/working/dynamic_policy_period_results.csv,True,False,False
Walmart,store_006__dept_095,persistent_backlog,horizon_aware_dp,backlog_persistence,active,0.3076923076923077,2420452.877457221,2002113.490342461,-418339.38711476,,False,results/working/dynamic_policy_period_results.csv,True,False,False
Walmart,store_009__dept_003,persistent_backlog,horizon_aware_dp,backlog_persistence,active,0.7692307692307693,3980877.614125,3995017.355275,14139.741150000133,,False,results/working/dynamic_policy_period_results.csv,False,False,True
Walmart,store_009__dept_005,persistent_backlog,horizon_aware_dp,backlog_persistence,active,0.38461538461538464,1270013.8479730384,958775.646674346,-311238.2012986925,,False,results/working/dynamic_policy_period_results.csv,True,False,False
Walmart,store_009__dept_033,persistent_backlog,horizon_aware_dp,backlog_persistence,active,0.6923076923076923,369962.76666346134,376053.6851365383,6090.918473076948,,False,results/working/dynamic_policy_period_results.csv,False,True,True
Walmart,store_009__dept_038,persistent_backlog,horizon_aware_dp,backlog_persistence,active,0.38461538461538464,2855392.9211974237,2373154.5277986014,-482238.3933988223,,False,results/working/dynamic_policy_period_results.csv,True,False,False
Walmart,store_010__dept_002,persistent_backlog,horizon_aware_dp,backlog_persistence,active,0.38461538461538464,3989196.24239159,3142160.3436134607,-847035.8987781294,,False,results/working/dynamic_policy_period_results.csv,True,False,False
Walmart,store_010__dept_008,persistent_backlog,horizon_aware_dp,backlog_persistence,active,0.46153846153846156,3618173.7203261512,3618176.7203261512,3.0,,True,results/working/dynamic_policy_period_results.csv,False,False,True
Walmart,store_010__dept_038,persistent_backlog,horizon_aware_dp,backlog_persistence,active,0.38461538461538464,3014278.338929317,3073671.6562350863,59393.317305769306,,False,results/working/dynamic_policy_period_results.csv,False,True,True
Walmart,store_010__dept_040,persistent_backlog,horizon_aware_dp,backlog_persistence,active,0.46153846153846156,4200156.443463465,4200159.443463465,3.0,,True,results/working/dynamic_policy_period_results.csv,False,False,True
Walmart,store_010__dept_072,persistent_backlog,horizon_aware_dp,backlog_persistence,active,0.46153846153846156,7706485.527644617,6567568.435780311,-1138917.0918643055,,False,results/working/dynamic_policy_period_results.csv,True,False,False
Walmart,store_013__dept_038,persistent_backlog,horizon_aware_dp,backlog_persistence,active,0.38461538461538464,4491780.493791155,3395018.3519942323,-1096762.1417969223,,False,results/working/dynamic_policy_period_results.csv,True,False,False
Walmart,store_013__dept_090,persistent_backlog,horizon_aware_dp,backlog_persistence,active,0.5384615384615384,6940766.595783083,6940771.095783083,4.5,,True,results/working/dynamic_policy_period_results.csv,False,False,True
Walmart,store_013__dept_091,persistent_backlog,horizon_aware_dp,backlog_persistence,active,0.46153846153846156,3286010.8054142343,3286014.8054142343,4.0,,True,results/working/dynamic_policy_period_results.csv,False,False,True
Walmart,store_013__dept_092,persistent_backlog,horizon_aware_dp,backlog_persistence,active,0.46153846153846156,9140172.79673039,9140177.29673039,4.5,,True,results/working/dynamic_policy_period_results.csv,False,False,True
Walmart,store_013__dept_095,persistent_backlog,horizon_aware_dp,backlog_persistence,active,0.38461538461538464,3513326.086573077,3513329.586573077,3.5,,True,results/working/dynamic_policy_period_results.csv,False,False,True
Walmart,store_014__dept_002,persistent_backlog,horizon_aware_dp,backlog_persistence,active,0.23076923076923078,1698639.9774359013,1154490.544450385,-544149.4329855163,,False,results/working/dynamic_policy_period_results.csv,True,False,False
Walmart,store_014__dept_038,persistent_backlog,horizon_aware_dp,backlog_persistence,active,0.3076923076923077,3301975.51119969,2164414.1912634843,-1137561.3199362056,,False,results/working/dynamic_policy_period_results.csv,True,False,False
Walmart,store_014__dept_046,persistent_backlog,horizon_aware_dp,backlog_persistence,inactive,0.0,628150.4630906574,768287.8384425323,140137.37535187497,,False,results/working/dynamic_policy_period_results.csv,False,True,True
Walmart,store_014__dept_072,persistent_backlog,horizon_aware_dp,backlog_persistence,active,0.5384615384615384,6547810.5793502135,5133606.258345715,-1414204.3210044987,,False,results/working/dynamic_policy_period_results.csv,True,False,False
Walmart,store_014__dept_090,persistent_backlog,horizon_aware_dp,backlog_persistence,active,0.38461538461538464,3592168.9877221514,3029823.9487000057,-562345.0390221458,,False,results/working/dynamic_policy_period_results.csv,True,False,False
Walmart,store_014__dept_091,persistent_backlog,horizon_aware_dp,backlog_persistence,active,0.38461538461538464,2140098.626140004,2357110.7478540903,217012.12171408627,,False,results/working/dynamic_policy_period_results.csv,False,True,True
Walmart,store_014__dept_092,persistent_backlog,horizon_aware_dp,backlog_persistence,active,0.38461538461538464,5341365.890806438,4935861.2262643315,-405504.6645421069,,False,results/working/dynamic_policy_period_results.csv,True,False,False
Walmart,store_014__dept_095,persistent_backlog,horizon_aware_dp,backlog_persistence,active,0.15384615384615385,3646510.3984013083,2116330.3009291925,-1530180.097472116,,False,results/working/dynamic_policy_period_results.csv,True,False,False
Walmart,store_015__dept_026,persistent_backlog,horizon_aware_dp,backlog_persistence,active,0.46153846153846156,494413.1200542664,480767.7132953462,-13645.406758920231,,False,results/working/dynamic_policy_period_results.csv,True,False,False
Walmart,store_016__dept_096,persistent_backlog,horizon_aware_dp,backlog_persistence,inactive,0.0,2380.9900749469,2148.586487785786,-232.40358716111405,,False,results/working/dynamic_policy_period_results.csv,True,False,True
Walmart,store_019__dept_092,persistent_backlog,horizon_aware_dp,backlog_persistence,active,0.5384615384615384,7468565.335121153,7468569.835121153,4.5,,True,results/working/dynamic_policy_period_results.csv,False,False,True
Walmart,store_019__dept_095,persistent_backlog,horizon_aware_dp,backlog_persistence,active,0.46153846153846156,3912716.48493231,3912720.48493231,4.0,,True,results/working/dynamic_policy_period_results.csv,False,False,True
Walmart,store_020__dept_038,persistent_backlog,horizon_aware_dp,backlog_persistence,active,0.38461538461538464,4341898.864172904,3955433.313121348,-386465.55105155567,,False,results/working/dynamic_policy_period_results.csv,True,False,False
Walmart,store_020__dept_040,persistent_backlog,horizon_aware_dp,backlog_persistence,active,0.46153846153846156,4304015.601418458,4304021.101418458,5.5,,True,results/working/dynamic_policy_period_results.csv,False,False,True
Walmart,store_020__dept_072,persistent_backlog,horizon_aware_dp,backlog_persistence,active,0.5384615384615384,7765091.478014616,7038493.351597942,-726598.1264166739,,False,results/working/dynamic_policy_period_results.csv,True,False,False
Walmart,store_020__dept_083,persistent_backlog,horizon_aware_dp,backlog_persistence,active,0.23076923076923078,87936.96854571451,103483.83953383604,15546.870988121533,,False,results/working/dynamic_policy_period_results.csv,False,True,True
Walmart,store_020__dept_090,persistent_backlog,horizon_aware_dp,backlog_persistence,active,0.46153846153846156,5141478.76464846,4279848.955465377,-861629.8091830825,,False,results/working/dynamic_policy_period_results.csv,True,False,False
Walmart,store_020__dept_092,persistent_backlog,horizon_aware_dp,backlog_persistence,active,0.46153846153846156,8983127.594557248,7360019.868580769,-1623107.7259764792,,False,results/working/dynamic_policy_period_results.csv,True,False,False
Walmart,store_020__dept_095,persistent_backlog,horizon_aware_dp,backlog_persistence,active,0.23076923076923078,4882985.4460238535,3386148.0407743645,-1496837.405249489,,False,results/working/dynamic_policy_period_results.csv,True,False,False
Walmart,store_022__dept_059,persistent_backlog,horizon_aware_dp,backlog_persistence,active,0.3076923076923077,13844.128908778315,10431.96556764943,-3412.163341128886,,False,results/working/dynamic_policy_period_results.csv,True,False,False
Walmart,store_023__dept_032,persistent_backlog,horizon_aware_dp,backlog_persistence,active,0.3076923076923077,215721.95441000035,180716.61825000023,-35005.33616000012,,False,results/working/dynamic_policy_period_results.csv,True,False,False
Walmart,store_023__dept_072,persistent_backlog,horizon_aware_dp,backlog_persistence,active,0.6923076923076923,7407042.000607695,7407046.500607695,4.5,,True,results/working/dynamic_policy_period_results.csv,False,False,True
Walmart,store_024__dept_018,persistent_backlog,horizon_aware_dp,backlog_persistence,active,0.8333333333333334,969559.6029444444,969603.1302444444,43.527299999957904,,False,results/working/dynamic_policy_period_results.csv,False,False,True
Walmart,store_024__dept_040,persistent_backlog,horizon_aware_dp,backlog_persistence,active,0.38461538461538464,2000300.578906964,1617700.9526394857,-382599.62626747834,,False,results/working/dynamic_policy_period_results.csv,True,False,False
Walmart,store_024__dept_092,persistent_backlog,horizon_aware_dp,backlog_persistence,active,0.46153846153846156,6920706.462506708,5813506.218407969,-1107200.2440987388,,False,results/working/dynamic_policy_period_results.csv,True,False,False
Walmart,store_024__dept_095,persistent_backlog,horizon_aware_dp,backlog_persistence,active,0.3076923076923077,1889493.0833166444,1889168.8385502887,-324.244766355725,,False,results/working/dynamic_policy_period_results.csv,False,False,True
Walmart,store_025__dept_018,persistent_backlog,horizon_aware_dp,backlog_persistence,active,0.9230769230769231,999116.732625,999118.732625,2.0,,True,results/working/dynamic_policy_period_results.csv,False,False,True
Walmart,store_026__dept_024,persistent_backlog,horizon_aware_dp,backlog_persistence,active,0.7692307692307693,629403.6502019229,629406.1502019229,2.5,,True,results/working/dynamic_policy_period_results.csv,False,False,True
Walmart,store_026__dept_036,persistent_backlog,horizon_aware_dp,backlog_persistence,inactive,0.0,43335.017398092896,43337.517398092896,2.5,,True,results/working/dynamic_policy_period_results.csv,False,False,False
Walmart,store_026__dept_038,persistent_backlog,horizon_aware_dp,backlog_persistence,active,0.3076923076923077,3093532.331826697,3060558.5969633493,-32973.73486334784,,False,results/working/dynamic_policy_period_results.csv,True,False,False
Walmart,store_026__dept_092,persistent_backlog,horizon_aware_dp,backlog_persistence,active,0.5384615384615384,5228093.051231538,4935230.702463279,-292862.3487682594,,False,results/working/dynamic_policy_period_results.csv,True,False,False
Walmart,store_027__dept_071,persistent_backlog,horizon_aware_dp,backlog_persistence,active,0.6153846153846154,496592.8899711536,496596.3899711536,3.5,,True,results/working/dynamic_policy_period_results.csv,False,False,True
Walmart,store_027__dept_090,persistent_backlog,horizon_aware_dp,backlog_persistence,active,0.46153846153846156,4498420.632448462,4498425.632448462,5.0,,True,results/working/dynamic_policy_period_results.csv,False,False,True
Walmart,store_027__dept_092,persistent_backlog,horizon_aware_dp,backlog_persistence,active,0.46153846153846156,7007185.536513465,7007189.536513465,4.0,,True,results/working/dynamic_policy_period_results.csv,False,False,True
Walmart,store_027__dept_095,persistent_backlog,horizon_aware_dp,backlog_persistence,active,0.23076923076923078,2171751.923942304,2003483.739290008,-168268.18465229613,,False,results/working/dynamic_policy_period_results.csv,True,False,False
Walmart,store_028__dept_092,persistent_backlog,horizon_aware_dp,backlog_persistence,active,0.5384615384615384,4303909.21148846,4687411.667715381,383502.4562269207,,False,results/working/dynamic_policy_period_results.csv,False,True,True
Walmart,store_028__dept_095,persistent_backlog,horizon_aware_dp,backlog_persistence,active,0.3076923076923077,2158163.805439961,2835560.234565386,677396.4291254249,,False,results/working/dynamic_policy_period_results.csv,False,True,True
Walmart,store_029__dept_027,persistent_backlog,horizon_aware_dp,backlog_persistence,active,0.46153846153846156,88869.37047391223,86979.56761384607,-1889.8028600661637,,False,results/working/dynamic_policy_period_results.csv,True,False,False
Walmart,store_030__dept_083,persistent_backlog,horizon_aware_dp,backlog_persistence,inactive,0.0,22043.467786027108,25079.86284542531,3036.395059398201,,False,results/working/dynamic_policy_period_results.csv,False,True,True
Walmart,store_031__dept_038,persistent_backlog,horizon_aware_dp,backlog_persistence,active,0.23076923076923078,3094689.3319740733,1955809.9324926927,-1138879.3994813806,,False,results/working/dynamic_policy_period_results.csv,True,False,False
Walmart,store_031__dept_046,persistent_backlog,horizon_aware_dp,backlog_persistence,inactive,0.0,404346.1465123653,422430.7199740915,18084.57346172619,,False,results/working/dynamic_policy_period_results.csv,False,True,True
Walmart,store_031__dept_079,persistent_backlog,horizon_aware_dp,backlog_persistence,active,0.38461538461538464,1009200.0456288456,1207329.0322955379,198128.9866666923,,False,results/working/dynamic_policy_period_results.csv,False,True,True
Walmart,store_031__dept_090,persistent_backlog,horizon_aware_dp,backlog_persistence,active,0.46153846153846156,4062390.5873011523,4062395.5873011523,5.0,,True,results/working/dynamic_policy_period_results.csv,False,False,True
Walmart,store_031__dept_092,persistent_backlog,horizon_aware_dp,backlog_persistence,active,0.46153846153846156,6953793.837768462,5960895.355594967,-992898.482173495,,False,results/working/dynamic_policy_period_results.csv,True,False,False
Walmart,store_031__dept_095,persistent_backlog,horizon_aware_dp,backlog_persistence,active,0.46153846153846156,3600515.0261303787,3600519.0261303787,4.0,,True,results/working/dynamic_policy_period_results.csv,False,False,True
Walmart,store_032__dept_092,persistent_backlog,horizon_aware_dp,backlog_persistence,active,0.46153846153846156,5593621.364578844,5593624.864578844,3.5,,True,results/working/dynamic_policy_period_results.csv,False,False,True
Walmart,store_032__dept_095,persistent_backlog,horizon_aware_dp,backlog_persistence,active,0.46153846153846156,3169165.5948484554,3169166.5948484554,1.0,,True,results/working/dynamic_policy_period_results.csv,False,False,True
Walmart,store_033__dept_094,persistent_backlog,horizon_aware_dp,backlog_persistence,active,0.3076923076923077,848622.6807334629,682034.5670120798,-166588.11372138315,,False,results/working/dynamic_policy_period_results.csv,True,False,False
Walmart,store_035__dept_072,persistent_backlog,horizon_aware_dp,backlog_persistence,active,0.5384615384615384,6906236.047467307,6906240.547467307,4.5,,True,results/working/dynamic_policy_period_results.csv,False,False,True
Walmart,store_036__dept_087,persistent_backlog,horizon_aware_dp,backlog_persistence,active,0.08333333333333333,6253.86826752023,6255.86826752023,2.0,,True,results/working/dynamic_policy_period_results.csv,False,False,True
Walmart,store_038__dept_002,persistent_backlog,horizon_aware_dp,backlog_persistence,active,0.46153846153846156,583646.9916365384,481348.590803301,-102298.40083323739,,False,results/working/dynamic_policy_period_results.csv,True,False,False
Walmart,store_039__dept_092,persistent_backlog,horizon_aware_dp,backlog_persistence,active,0.5384615384615384,7805392.408752695,7784306.123441684,-21086.285311010666,,False,results/working/dynamic_policy_period_results.csv,False,False,True
Walmart,store_039__dept_095,persistent_backlog,horizon_aware_dp,backlog_persistence,active,0.5384615384615384,6290126.510152694,6290131.010152694,4.5,,True,results/working/dynamic_policy_period_results.csv,False,False,True
Walmart,store_040__dept_042,persistent_backlog,horizon_aware_dp,backlog_persistence,active,0.38461538461538464,177099.66862145808,175035.00560777332,-2064.663013684767,,False,results/working/dynamic_policy_period_results.csv,True,False,False
Walmart,store_040__dept_092,persistent_backlog,horizon_aware_dp,backlog_persistence,active,0.46153846153846156,4616569.301005977,4351490.665176926,-265078.635829051,,False,results/working/dynamic_policy_period_results.csv,True,False,False
Walmart,store_041__dept_033,persistent_backlog,horizon_aware_dp,backlog_persistence,active,0.7692307692307693,890440.1616288465,890443.6616288465,3.5,,True,results/working/dynamic_policy_period_results.csv,False,False,True
Walmart,store_041__dept_092,persistent_backlog,horizon_aware_dp,backlog_persistence,active,0.5384615384615384,8686481.800744973,7686776.874426924,-999704.9263180494,,False,results/working/dynamic_policy_period_results.csv,True,False,False
Walmart,store_041__dept_095,persistent_backlog,horizon_aware_dp,backlog_persistence,active,0.46153846153846156,4423237.100375057,3357646.8322249963,-1065590.268150061,,False,results/working/dynamic_policy_period_results.csv,True,False,False
Walmart,store_041__dept_096,persistent_backlog,horizon_aware_dp,backlog_persistence,active,0.3076923076923077,51161.8942923077,63427.444489350986,12265.550197043289,,False,results/working/dynamic_policy_period_results.csv,False,True,True
Walmart,store_042__dept_092,persistent_backlog,horizon_aware_dp,backlog_persistence,active,0.46153846153846156,3643613.189207416,3496625.999533526,-146987.1896738899,,False,results/working/dynamic_policy_period_results.csv,True,False,False
Walmart,store_043__dept_092,persistent_backlog,horizon_aware_dp,backlog_persistence,active,0.46153846153846156,4245240.456939616,3237379.8798645483,-1007860.5770750679,,False,results/working/dynamic_policy_period_results.csv,True,False,False
Walmart,store_044__dept_009,persistent_backlog,horizon_aware_dp,backlog_persistence,inactive,0.0,6217.5338621598985,6356.0913717082,138.55750954830182,,False,results/working/dynamic_policy_period_results.csv,False,True,True
Walmart,store_044__dept_017,persistent_backlog,horizon_aware_dp,backlog_persistence,active,0.5384615384615384,31110.191452230763,24314.100966923066,-6796.090485307697,,False,results/working/dynamic_policy_period_results.csv,True,False,False
