dataset,unit_id,mechanism,level,strength,simple_reference_cost,approximate_dp_cost,paired_difference,percentage_difference,execution_path_difference,adverse_unit
M5,FOODS_1_218__TX_2,lead_time,low,0.0,2009.6914173343378,3377.077402570499,1367.3859852361613,68.03959918632022,True,True
M5,FOODS_1_218__TX_2,lead_time,medium,2.0,2740.2899604716254,2540.884595004968,-199.40536546665726,-7.276798015650067,True,False
M5,FOODS_1_218__TX_2,lead_time,high,7.0,2935.236830357142,2507.5931919642853,-427.6436383928567,-14.569306093805846,True,False
M5,FOODS_1_218__TX_2,switching_cost,low,0.0,2740.2899604716254,2540.784595004968,-199.50536546665717,-7.280447264504838,True,False
M5,FOODS_1_218__TX_2,switching_cost,medium,0.05,2740.2899604716254,2540.884595004968,-199.40536546665726,-7.276798015650067,True,False
M5,FOODS_1_218__TX_2,switching_cost,high,0.2,2740.2899604716254,2541.1845950049683,-199.10536546665708,-7.26585026908574,True,False
M5,FOODS_2_197__CA_1,lead_time,low,0.0,5566.857786796796,4725.090207240427,-841.7675795563691,-15.121054134934662,True,False
M5,FOODS_2_197__CA_1,lead_time,medium,2.0,7725.989909730557,5953.969679787299,-1772.0202299432576,-22.93583412154698,True,False
M5,FOODS_2_197__CA_1,lead_time,high,7.0,11814.3472108999,8324.969333378796,-3489.377877521103,-29.535088272179845,True,False
M5,FOODS_2_197__CA_1,switching_cost,low,0.0,7725.989909730557,5953.819679787299,-1772.1702299432582,-22.937775620329052,True,False
M5,FOODS_2_197__CA_1,switching_cost,medium,0.05,7725.989909730557,5953.969679787299,-1772.0202299432576,-22.93583412154698,True,False
M5,FOODS_2_197__CA_1,switching_cost,high,0.2,7725.989909730557,5953.307293037251,-1772.682616693306,-22.94440760867015,True,False
M5,FOODS_2_197__CA_3,lead_time,low,0.0,383.5126067869999,332.3008990853689,-51.21170770163104,-13.3533309714832,True,False
M5,FOODS_2_197__CA_3,lead_time,medium,2.0,1473.156435044235,354.919051829753,-1118.237383214482,-75.90757889747834,True,False
M5,FOODS_2_197__CA_3,lead_time,high,7.0,2563.416569864527,637.7640845980227,-1925.6524852665043,-75.12054450706279,True,False
M5,FOODS_2_197__CA_3,switching_cost,low,0.0,1473.156435044235,358.1673244148908,-1114.9891106293442,-75.68708143313131,True,False
M5,FOODS_2_197__CA_3,switching_cost,medium,0.05,1473.156435044235,354.919051829753,-1118.237383214482,-75.90757889747834,True,False
M5,FOODS_2_197__CA_3,switching_cost,high,0.2,1473.156435044235,354.919051829753,-1118.237383214482,-75.90757889747834,True,False
M5,FOODS_2_276__CA_3,lead_time,low,0.0,324.63419594008695,393.2930821986708,68.65888625858383,21.149616127086997,True,True
M5,FOODS_2_276__CA_3,lead_time,medium,2.0,623.9930533972436,424.54023237797156,-199.452821019272,-31.963948946767722,True,False
M5,FOODS_2_276__CA_3,lead_time,high,7.0,1732.5539578446294,698.9805775900804,-1033.573380254549,-59.656057208189814,True,False
M5,FOODS_2_276__CA_3,switching_cost,low,0.0,623.9930533972436,420.69558952082866,-203.2974638764149,-32.58008446882383,True,False
M5,FOODS_2_276__CA_3,switching_cost,medium,0.05,623.9930533972436,424.54023237797156,-199.452821019272,-31.963948946767722,True,False
M5,FOODS_2_276__CA_3,switching_cost,high,0.2,623.9930533972436,424.8402323779715,-199.15282101927204,-31.91587148847446,True,False
M5,FOODS_2_360__CA_3,lead_time,low,0.0,6247.506143912804,6133.0794831505655,-114.4266607622385,-1.8315573946850614,True,False
M5,FOODS_2_360__CA_3,lead_time,medium,2.0,6468.967573282491,6455.540560403002,-13.427012879488757,-0.2075603676689263,True,False
M5,FOODS_2_360__CA_3,lead_time,high,7.0,7955.319642857146,8152.920727108002,197.60108425085582,2.4838861682732785,True,True
M5,FOODS_2_360__CA_3,switching_cost,low,0.0,6468.967573282491,6463.318041586498,-5.649531695992664,-0.08733281828967296,True,False
M5,FOODS_2_360__CA_3,switching_cost,medium,0.05,6468.967573282491,6455.540560403002,-13.427012879488757,-0.2075603676689263,True,False
M5,FOODS_2_360__CA_3,switching_cost,high,0.2,6468.967573282491,6457.190560403001,-11.77701287949003,-0.18205397918719393,True,False
M5,FOODS_2_360__TX_3,lead_time,low,0.0,8314.69525610117,8148.8974089653375,-165.79784713583194,-1.994033960705566,True,False
M5,FOODS_2_360__TX_3,lead_time,medium,2.0,9021.297275337543,7950.549513724566,-1070.7477616129772,-11.869110715819016,True,False
M5,FOODS_2_360__TX_3,lead_time,high,7.0,10701.141869470674,9007.942161539966,-1693.1997079307075,-15.82260779815697,True,False
M5,FOODS_2_360__TX_3,switching_cost,low,0.0,9021.297275337543,7896.019165334439,-1125.2781100031043,-12.473573097733892,True,False
M5,FOODS_2_360__TX_3,switching_cost,medium,0.05,9021.297275337543,7950.549513724566,-1070.7477616129772,-11.869110715819016,True,False
M5,FOODS_2_360__TX_3,switching_cost,high,0.2,9021.297275337543,8082.8642096425765,-938.4330656949669,-10.402418156205304,True,False
M5,FOODS_2_360__WI_2,lead_time,low,0.0,29700.85923527925,29959.054229954407,258.1949946751556,0.8693182666192587,True,False
M5,FOODS_2_360__WI_2,lead_time,medium,2.0,47595.09287137401,31189.233720799555,-16405.85915057445,-34.469644160399845,True,False
M5,FOODS_2_360__WI_2,lead_time,high,7.0,61689.34586356027,35785.9380124489,-25903.40785111137,-41.990083520098466,True,False
M5,FOODS_2_360__WI_2,switching_cost,low,0.0,47595.09287137401,31189.083720799554,-16406.009150574453,-34.469959318940255,True,False
M5,FOODS_2_360__WI_2,switching_cost,medium,0.05,47595.09287137401,31189.233720799555,-16405.85915057445,-34.469644160399845,True,False
M5,FOODS_2_360__WI_2,switching_cost,high,0.2,47595.09287137401,31189.683720799556,-16405.40915057445,-34.468698684778616,True,False
M5,FOODS_3_007__WI_2,lead_time,low,0.0,52668.3625,52668.662500000006,0.3000000000029104,0.0005696019123490128,False,False
M5,FOODS_3_007__WI_2,lead_time,medium,2.0,52704.6125,52704.912500000006,0.3000000000029104,0.0005692101426661857,False,False
M5,FOODS_3_007__WI_2,lead_time,high,7.0,52782.8625,52783.162500000006,0.3000000000029104,0.0005683662950316694,False,False
M5,FOODS_3_007__WI_2,switching_cost,low,0.0,52704.6125,52704.6125,0.0,0.0,False,False
M5,FOODS_3_007__WI_2,switching_cost,medium,0.05,52704.6125,52704.912500000006,0.3000000000029104,0.0005692101426661857,False,False
M5,FOODS_3_007__WI_2,switching_cost,high,0.2,52704.6125,52705.81249999999,1.1999999999898137,0.0022768405706233277,False,False
M5,FOODS_3_030__TX_2,lead_time,low,0.0,571.2505511868488,1306.018794307507,734.7682431206582,128.62451363838156,True,True
M5,FOODS_3_030__TX_2,lead_time,medium,2.0,1126.925159648374,3538.7758113522946,2411.8506517039204,214.02048140059915,True,True
M5,FOODS_3_030__TX_2,lead_time,high,7.0,2099.587227957393,4093.211936873265,1993.624708915872,94.95317376527348,True,True
M5,FOODS_3_030__TX_2,switching_cost,low,0.0,1126.925159648374,3538.675811352294,2411.75065170392,214.01160769686257,True,True
M5,FOODS_3_030__TX_2,switching_cost,medium,0.05,1126.925159648374,3538.7758113522946,2411.8506517039204,214.02048140059915,True,True
M5,FOODS_3_030__TX_2,switching_cost,high,0.2,1126.925159648374,3539.0758113522943,2412.1506517039206,214.04710251180887,True,True
M5,FOODS_3_030__TX_3,lead_time,low,0.0,294.0791121092628,239.2893541893788,-54.78975791988398,-18.630958699143267,True,False
M5,FOODS_3_030__TX_3,lead_time,medium,2.0,706.0088786846441,490.0763212165007,-215.9325574681434,-30.584963445565233,True,False
M5,FOODS_3_030__TX_3,lead_time,high,7.0,1622.610499234392,1364.2061850520108,-258.4043141823811,-15.925221382722833,True,False
M5,FOODS_3_030__TX_3,switching_cost,low,0.0,706.0088786846441,492.5110346602513,-213.49784402439275,-30.24010752133285,True,False
M5,FOODS_3_030__TX_3,switching_cost,medium,0.05,706.0088786846441,490.0763212165007,-215.9325574681434,-30.584963445565233,True,False
M5,FOODS_3_030__TX_3,switching_cost,high,0.2,706.0088786846441,490.4263212165006,-215.58255746814348,-30.53538899819398,True,False
M5,FOODS_3_080__CA_1,lead_time,low,0.0,752.3704576827818,486.4843041934719,-265.88615348930983,-35.339791823858945,True,False
M5,FOODS_3_080__CA_1,lead_time,medium,2.0,1399.4057134069742,641.2440295333098,-758.1616838736644,-54.17740378005563,True,False
M5,FOODS_3_080__CA_1,lead_time,high,7.0,1334.6458954615773,991.5945481776795,-343.0513472838978,-25.70354791862272,True,False
M5,FOODS_3_080__CA_1,switching_cost,low,0.0,1399.4057134069742,640.9654581047383,-758.4402553022359,-54.1973101893194,True,False
M5,FOODS_3_080__CA_1,switching_cost,medium,0.05,1399.4057134069742,641.2440295333098,-758.1616838736644,-54.17740378005563,True,False
M5,FOODS_3_080__CA_1,switching_cost,high,0.2,1399.4057134069742,641.6940295333098,-757.7116838736644,-54.145247272783365,True,False
M5,FOODS_3_080__TX_2,lead_time,low,0.0,669.9717031301094,692.8676188903053,22.895915760195862,3.4174451925694904,True,True
M5,FOODS_3_080__TX_2,lead_time,medium,2.0,705.629938939037,709.6894930812379,4.059554142200909,0.5753092262928536,True,False
M5,FOODS_3_080__TX_2,lead_time,high,7.0,2094.6313573439706,1129.2436684494883,-965.3876888944824,-46.0886678464802,True,False
M5,FOODS_3_080__TX_2,switching_cost,low,0.0,705.629938939037,734.1523767274996,28.52243778846264,4.042124095719079,True,True
M5,FOODS_3_080__TX_2,switching_cost,medium,0.05,705.629938939037,709.6894930812379,4.059554142200909,0.5753092262928536,True,False
M5,FOODS_3_080__TX_2,switching_cost,high,0.2,705.629938939037,709.8394930812378,4.209554142200886,0.5965668277242091,True,False
M5,FOODS_3_090__CA_1,lead_time,low,0.0,2639.5766959454522,8929.51061460129,6289.933918655837,238.29328120366998,True,True
M5,FOODS_3_090__CA_1,lead_time,medium,2.0,10234.43812647641,8778.559518607603,-1455.878607868808,-14.225291021130525,True,False
M5,FOODS_3_090__CA_1,lead_time,high,7.0,10462.066864132315,8326.724857108851,-2135.3420070234642,-20.410326513436612,True,False
M5,FOODS_3_090__CA_1,switching_cost,low,0.0,10234.43812647641,8778.259518607601,-1456.1786078688092,-14.228222300760084,True,False
M5,FOODS_3_090__CA_1,switching_cost,medium,0.05,10234.43812647641,8778.559518607603,-1455.878607868808,-14.225291021130525,True,False
M5,FOODS_3_090__CA_1,switching_cost,high,0.2,10234.43812647641,8779.059518607603,-1455.378607868808,-14.22040555508128,True,False
M5,FOODS_3_090__CA_2,lead_time,low,0.0,5603.491482954614,2467.1385835893416,-3136.3528993652726,-55.97140477335987,True,False
M5,FOODS_3_090__CA_2,lead_time,medium,2.0,5246.6204018410435,3558.985109070775,-1687.6352927702687,-32.1661405536043,True,False
M5,FOODS_3_090__CA_2,lead_time,high,7.0,14519.809045196875,6543.485188141007,-7976.323857055868,-54.934082343833715,True,False
M5,FOODS_3_090__CA_2,switching_cost,low,0.0,5246.6204018410435,3558.8851090707744,-1687.735292770269,-32.168046542456956,True,False
M5,FOODS_3_090__CA_2,switching_cost,medium,0.05,5246.6204018410435,3558.985109070775,-1687.6352927702687,-32.1661405536043,True,False
M5,FOODS_3_090__CA_2,switching_cost,high,0.2,5246.6204018410435,3559.2851090707745,-1687.335292770269,-32.16042258704635,True,False
M5,FOODS_3_090__CA_3,lead_time,low,0.0,3152.394001494845,11966.412440651715,8814.01843915687,279.5976148596057,True,True
M5,FOODS_3_090__CA_3,lead_time,medium,2.0,19868.54125420392,9140.620630703885,-10727.920623500035,-53.994505616914125,True,False
M5,FOODS_3_090__CA_3,lead_time,high,7.0,15889.042384370856,12105.249169440163,-3783.7932149306926,-23.813853115859228,True,False
M5,FOODS_3_090__CA_3,switching_cost,low,0.0,19868.54125420392,9140.370630703885,-10728.170623500035,-53.99576388744743,True,False
M5,FOODS_3_090__CA_3,switching_cost,medium,0.05,19868.54125420392,9140.620630703885,-10727.920623500035,-53.994505616914125,True,False
M5,FOODS_3_090__CA_3,switching_cost,high,0.2,19868.54125420392,9141.370630703885,-10727.170623500035,-53.99073080531419,True,False
M5,FOODS_3_090__CA_4,lead_time,low,0.0,991.7712835891679,1049.956984055437,58.18570046626917,5.866846664051232,True,True
M5,FOODS_3_090__CA_4,lead_time,medium,2.0,5282.8791298826745,1710.1106321518732,-3572.7684977308013,-67.62919252726019,True,False
M5,FOODS_3_090__CA_4,lead_time,high,7.0,5570.4152959725625,1742.2437498196841,-3828.1715461528784,-68.7232700391417,True,False
M5,FOODS_3_090__CA_4,switching_cost,low,0.0,5282.8791298826745,1709.7106321518734,-3573.1684977308014,-67.63676415610433,True,False
M5,FOODS_3_090__CA_4,switching_cost,medium,0.05,5282.8791298826745,1710.1106321518732,-3572.7684977308013,-67.62919252726019,True,False
M5,FOODS_3_090__CA_4,switching_cost,high,0.2,5282.8791298826745,1708.0249918294026,-3574.854138053272,-67.66867176332056,True,False
M5,FOODS_3_090__TX_1,lead_time,low,0.0,951.2447415103542,4804.145118337585,3852.9003768272305,405.0377582860248,True,True
M5,FOODS_3_090__TX_1,lead_time,medium,2.0,4062.4765847688936,4311.672246315158,249.19566154626455,6.13408240875906,True,True
M5,FOODS_3_090__TX_1,lead_time,high,7.0,5929.632370380258,2752.1591754090423,-3177.473194971216,-53.58634391641804,True,False
M5,FOODS_3_090__TX_1,switching_cost,low,0.0,4062.4765847688936,4311.322246315158,248.84566154626418,6.125466974486463,True,True
M5,FOODS_3_090__TX_1,switching_cost,medium,0.05,4062.4765847688936,4311.672246315158,249.19566154626455,6.13408240875906,True,True
M5,FOODS_3_090__TX_1,switching_cost,high,0.2,4062.4765847688936,4312.722246315158,250.24566154626473,6.159928711576826,True,True
M5,FOODS_3_090__TX_2,lead_time,low,0.0,3667.1411005968243,3068.187333651067,-598.9537669457573,-16.332989391880176,True,False
M5,FOODS_3_090__TX_2,lead_time,medium,2.0,7786.1968259739,5953.939011077104,-1832.257814896796,-23.53212814739777,True,False
M5,FOODS_3_090__TX_2,lead_time,high,7.0,9357.854293267594,6267.9168031309,-3089.9374901366937,-33.019722185241925,True,False
M5,FOODS_3_090__TX_2,switching_cost,low,0.0,7786.1968259739,5953.8890110771035,-1832.3078148967961,-23.532770309432944,True,False
M5,FOODS_3_090__TX_2,switching_cost,medium,0.05,7786.1968259739,5953.939011077104,-1832.257814896796,-23.53212814739777,True,False
M5,FOODS_3_090__TX_2,switching_cost,high,0.2,7786.1968259739,5954.089011077103,-1832.1078148967963,-23.530201661292267,True,False
M5,FOODS_3_090__TX_3,lead_time,low,0.0,5144.2816682128405,3272.8496456990642,-1871.4320225137762,-36.37887936964239,True,False
M5,FOODS_3_090__TX_3,lead_time,medium,2.0,6956.713573397904,3336.0375984050675,-3620.6759749928365,-52.045781916882504,True,False
M5,FOODS_3_090__TX_3,lead_time,high,7.0,10800.597821432075,8417.785417653658,-2382.8124037784164,-22.061856604364092,True,False
M5,FOODS_3_090__TX_3,switching_cost,low,0.0,6956.713573397904,3335.7875984050675,-3620.9259749928365,-52.04937556778335,True,False
M5,FOODS_3_090__TX_3,switching_cost,medium,0.05,6956.713573397904,3336.0375984050675,-3620.6759749928365,-52.045781916882504,True,False
M5,FOODS_3_090__TX_3,switching_cost,high,0.2,6956.713573397904,3338.273312690782,-3618.440260707122,-52.01364441025489,True,False
M5,FOODS_3_090__WI_3,lead_time,low,0.0,9230.645775111741,7978.241560692701,-1252.4042144190407,-13.567893784808135,True,False
M5,FOODS_3_090__WI_3,lead_time,medium,2.0,14385.192689916805,6893.856402977026,-7491.336286939779,-52.07671838967284,True,False
M5,FOODS_3_090__WI_3,lead_time,high,7.0,15038.997291065942,11409.453569802135,-3629.543721263806,-24.134213545074385,True,False
M5,FOODS_3_090__WI_3,switching_cost,low,0.0,14385.192689916805,6893.7564029770265,-7491.436286939778,-52.077413548939425,True,False
M5,FOODS_3_090__WI_3,switching_cost,medium,0.05,14385.192689916805,6893.856402977026,-7491.336286939779,-52.07671838967284,True,False
M5,FOODS_3_090__WI_3,switching_cost,high,0.2,14385.192689916805,6894.156402977026,-7491.036286939779,-52.07463291187309,True,False
M5,FOODS_3_099__TX_2,lead_time,low,0.0,362.2993265669632,252.75153329407573,-109.54779327288747,-30.23681945835467,True,False
M5,FOODS_3_099__TX_2,lead_time,medium,2.0,718.664954430931,451.9483473275379,-266.7166071033931,-37.11278885368641,True,False
M5,FOODS_3_099__TX_2,lead_time,high,7.0,1861.1224472463766,1233.755730626149,-627.3667166202276,-33.709051091638166,True,False
M5,FOODS_3_099__TX_2,switching_cost,low,0.0,718.664954430931,451.0879830614053,-267.57697136952567,-37.23250587353384,True,False
M5,FOODS_3_099__TX_2,switching_cost,medium,0.05,718.664954430931,451.9483473275379,-266.7166071033931,-37.11278885368641,True,False
M5,FOODS_3_099__TX_2,switching_cost,high,0.2,718.664954430931,452.0327536172506,-266.63220081368036,-37.101043980196714,True,False
M5,FOODS_3_120__CA_1,lead_time,low,0.0,13244.249809292687,14798.360151209814,1554.1103419171268,11.734227036601967,True,True
M5,FOODS_3_120__CA_1,lead_time,medium,2.0,14465.966325063586,17367.512157571367,2901.5458325077816,20.05773943687808,True,True
M5,FOODS_3_120__CA_1,lead_time,high,7.0,18546.60251116071,21012.624273187375,2466.0217620266667,13.29635312204863,True,True
M5,FOODS_3_120__CA_1,switching_cost,low,0.0,14465.966325063586,17366.562157571367,2900.595832507781,20.051172298681756,True,True
M5,FOODS_3_120__CA_1,switching_cost,medium,0.05,14465.966325063586,17367.512157571367,2901.5458325077816,20.05773943687808,True,True
M5,FOODS_3_120__CA_1,switching_cost,high,0.2,14465.966325063586,17370.36215757137,2904.395832507784,20.077440851467056,True,True
M5,FOODS_3_120__CA_3,lead_time,low,0.0,34613.83041942868,35238.531034902226,624.7006154735427,1.8047716993577785,True,True
M5,FOODS_3_120__CA_3,lead_time,medium,2.0,35818.31160714286,39081.345742416954,3263.0341352740943,9.10996076828865,True,True
M5,FOODS_3_120__CA_3,lead_time,high,7.0,41042.16875,42150.53237484739,1108.3636248473922,2.7005483837824538,True,True
M5,FOODS_3_120__CA_3,switching_cost,low,0.0,35818.31160714286,39080.495742416955,3262.1841352740958,9.107587680440954,True,True
M5,FOODS_3_120__CA_3,switching_cost,medium,0.05,35818.31160714286,39081.345742416954,3263.0341352740943,9.10996076828865,True,True
M5,FOODS_3_120__CA_3,switching_cost,high,0.2,35818.31160714286,39083.89574241695,3265.58413527409,9.117080031831733,True,True
M5,FOODS_3_120__WI_3,lead_time,low,0.0,21043.83012784765,20190.155357142867,-853.6747707047834,-4.056651120629897,True,False
M5,FOODS_3_120__WI_3,lead_time,medium,2.0,21292.787500000006,22319.951199657076,1027.1636996570705,4.823998265408276,True,True
M5,FOODS_3_120__WI_3,lead_time,high,7.0,22859.126785714292,25526.273724705272,2667.14693899098,11.667755133401688,True,True
M5,FOODS_3_120__WI_3,switching_cost,low,0.0,21292.787500000006,22319.151199657077,1026.3636996570713,4.820241124639369,True,True
M5,FOODS_3_120__WI_3,switching_cost,medium,0.05,21292.787500000006,22319.951199657076,1027.1636996570705,4.823998265408276,True,True
M5,FOODS_3_120__WI_3,switching_cost,high,0.2,21292.787500000006,22321.951199657084,1029.1636996570778,4.833391117330587,True,True
M5,FOODS_3_202__CA_3,lead_time,low,0.0,3125.6224605412954,2969.7069341803267,-155.91552636096867,-4.988303236532515,True,False
M5,FOODS_3_202__CA_3,lead_time,medium,2.0,8481.3111328125,5314.030463414623,-3167.2806693978764,-37.34423392562855,True,False
M5,FOODS_3_202__CA_3,lead_time,high,7.0,11901.105733292045,11185.924335312804,-715.1813979792405,-6.00936933094039,True,False
M5,FOODS_3_202__CA_3,switching_cost,low,0.0,8481.3111328125,5543.911255185367,-2937.399877627133,-34.633794605917934,True,False
M5,FOODS_3_202__CA_3,switching_cost,medium,0.05,8481.3111328125,5314.030463414623,-3167.2806693978764,-37.34423392562855,True,False
M5,FOODS_3_202__CA_3,switching_cost,high,0.2,8481.3111328125,5314.180463414625,-3167.130669397875,-37.342465331154735,True,False
M5,FOODS_3_202__TX_1,lead_time,low,0.0,1897.5280032747744,1797.795443547183,-99.73255972759148,-5.255920310818704,True,False
M5,FOODS_3_202__TX_1,lead_time,medium,2.0,7776.488717964111,3525.240374341601,-4251.24834362251,-54.667967739757614,True,False
M5,FOODS_3_202__TX_1,lead_time,high,7.0,12679.981352887831,4126.043211628151,-8553.938141259681,-67.46017918481832,True,False
M5,FOODS_3_202__TX_1,switching_cost,low,0.0,7776.488717964111,3525.140374341601,-4251.348343622511,-54.66925366716813,True,False
M5,FOODS_3_202__TX_1,switching_cost,medium,0.05,7776.488717964111,3525.240374341601,-4251.24834362251,-54.667967739757614,True,False
M5,FOODS_3_202__TX_1,switching_cost,high,0.2,7776.488717964111,3525.5403743416014,-4250.948343622509,-54.66410995752605,True,False
M5,FOODS_3_202__TX_2,lead_time,low,0.0,908.7403921707424,959.6197754706398,50.87938329989731,5.598890919590336,True,True
M5,FOODS_3_202__TX_2,lead_time,medium,2.0,4102.438134765625,4035.63601769728,-66.80211706834552,-1.6283516015083543,True,False
M5,FOODS_3_202__TX_2,lead_time,high,7.0,4529.549296501031,4058.4035408623054,-471.1457556387254,-10.401603444357573,True,False
M5,FOODS_3_202__TX_2,switching_cost,low,0.0,4102.438134765625,4035.53601769728,-66.90211706834543,-1.6307891763532367,True,False
M5,FOODS_3_202__TX_2,switching_cost,medium,0.05,4102.438134765625,4035.63601769728,-66.80211706834552,-1.6283516015083543,True,False
M5,FOODS_3_202__TX_2,switching_cost,high,0.2,4102.438134765625,4035.9360176972796,-66.5021170683458,-1.6210388769737072,True,False
M5,FOODS_3_202__TX_3,lead_time,low,0.0,951.3694296360247,737.0226827803651,-214.3467468556596,-22.530337866507278,True,False
M5,FOODS_3_202__TX_3,lead_time,medium,2.0,2898.9410698093347,1357.4956812292653,-1541.4453885800694,-53.1727051864994,True,False
M5,FOODS_3_202__TX_3,lead_time,high,7.0,4375.87633644331,1912.716994211634,-2463.1593422316755,-56.289509868410015,True,False
M5,FOODS_3_202__TX_3,switching_cost,low,0.0,2898.9410698093347,1357.3956812292654,-1541.5453885800694,-53.17615472195362,True,False
M5,FOODS_3_202__TX_3,switching_cost,medium,0.05,2898.9410698093347,1357.4956812292653,-1541.4453885800694,-53.1727051864994,True,False
M5,FOODS_3_202__TX_3,switching_cost,high,0.2,2898.9410698093347,1357.795681229265,-1541.1453885800697,-53.16235658013675,True,False
M5,FOODS_3_226__WI_1,lead_time,low,0.0,884.6929205073124,763.5189973805516,-121.17392312676077,-13.696721237158268,True,False
M5,FOODS_3_226__WI_1,lead_time,medium,2.0,3805.5115890610923,1373.1462911611775,-2432.365297899915,-63.91690685929656,True,False
M5,FOODS_3_226__WI_1,lead_time,high,7.0,10586.665365663175,2564.7019226905786,-8021.963442972597,-75.77422319393469,True,False
M5,FOODS_3_226__WI_1,switching_cost,low,0.0,3805.5115890610923,1372.9962911611776,-2432.515297899915,-63.92084851067482,True,False
M5,FOODS_3_226__WI_1,switching_cost,medium,0.05,3805.5115890610923,1373.1462911611775,-2432.365297899915,-63.91690685929656,True,False
M5,FOODS_3_226__WI_1,switching_cost,high,0.2,3805.5115890610923,1373.5962911611778,-2431.9152978999145,-63.90508190516177,True,False
M5,FOODS_3_226__WI_2,lead_time,low,0.0,1255.0095890649873,1217.7955858478863,-37.21400321710098,-2.965236564035046,True,False
M5,FOODS_3_226__WI_2,lead_time,medium,2.0,2724.0402910680045,1922.5885783585554,-801.4517127094491,-29.421433865621232,True,False
M5,FOODS_3_226__WI_2,lead_time,high,7.0,10567.83142973542,4746.250587145837,-5821.580842589584,-55.08775268887246,True,False
M5,FOODS_3_226__WI_2,switching_cost,low,0.0,2724.0402910680045,1922.6064775946181,-801.4338134733864,-29.420776781505356,True,False
M5,FOODS_3_226__WI_2,switching_cost,medium,0.05,2724.0402910680045,1922.5885783585554,-801.4517127094491,-29.421433865621232,True,False
M5,FOODS_3_226__WI_2,switching_cost,high,0.2,2724.0402910680045,2040.929213881535,-683.1110771864696,-25.077128243159898,True,False
M5,FOODS_3_226__WI_3,lead_time,low,0.0,426.7414782849828,556.6612289938876,129.91975070890476,30.444603423842214,True,True
M5,FOODS_3_226__WI_3,lead_time,medium,2.0,1405.1775821586284,734.3807181309529,-670.7968640276755,-47.737515353554095,True,False
M5,FOODS_3_226__WI_3,lead_time,high,7.0,2696.0174968175816,2439.4528785690413,-256.5646182485402,-9.516430013951794,True,False
M5,FOODS_3_226__WI_3,switching_cost,low,0.0,1405.1775821586284,731.579122681156,-673.5984594774724,-47.93689196512038,True,False
M5,FOODS_3_226__WI_3,switching_cost,medium,0.05,1405.1775821586284,734.3807181309529,-670.7968640276755,-47.737515353554095,True,False
M5,FOODS_3_226__WI_3,switching_cost,high,0.2,1405.1775821586284,719.555167160877,-685.6224149977514,-48.79258135790218,True,False
M5,FOODS_3_234__CA_3,lead_time,low,0.0,5285.3603914035675,3441.6077704363847,-1843.7526209671828,-34.884141939799875,True,False
M5,FOODS_3_234__CA_3,lead_time,medium,2.0,7062.994196428575,4509.943794176301,-2553.0504022522746,-36.14685686055402,True,False
M5,FOODS_3_234__CA_3,lead_time,high,7.0,10791.363392857143,7779.375948660718,-3011.9874441964257,-27.911092737272426,True,False
M5,FOODS_3_234__CA_3,switching_cost,low,0.0,7062.994196428575,4509.693794176301,-2553.3004022522746,-36.15039643588209,True,False
M5,FOODS_3_234__CA_3,switching_cost,medium,0.05,7062.994196428575,4509.943794176301,-2553.0504022522746,-36.14685686055402,True,False
M5,FOODS_3_234__CA_3,switching_cost,high,0.2,7062.994196428575,4510.0937941763,-2552.900402252275,-36.14473311535718,True,False
M5,FOODS_3_234__WI_2,lead_time,low,0.0,5342.810113302019,5348.230754398932,5.420641096912732,0.1014567424624906,True,False
M5,FOODS_3_234__WI_2,lead_time,medium,2.0,5371.9216134950475,5380.459065382572,8.537451887524185,0.15892733553812224,True,False
M5,FOODS_3_234__WI_2,lead_time,high,7.0,5413.6125,5374.0625,-39.55000000000018,-0.7305657728550055,True,False
M5,FOODS_3_234__WI_2,switching_cost,low,0.0,5371.9216134950475,5380.209065382572,8.287451887524185,0.15427350739267864,True,False
M5,FOODS_3_234__WI_2,switching_cost,medium,0.05,5371.9216134950475,5380.459065382572,8.537451887524185,0.15892733553812224,True,False
M5,FOODS_3_234__WI_2,switching_cost,high,0.2,5371.9216134950475,5372.4625,0.540886504952141,0.010068771360947552,True,False
M5,FOODS_3_234__WI_3,lead_time,low,0.0,7114.139232350112,8718.637053571434,1604.4978212213218,22.553646601758818,True,True
M5,FOODS_3_234__WI_3,lead_time,medium,2.0,9742.771119929062,7934.290970524789,-1808.480149404273,-18.562276862944934,True,False
M5,FOODS_3_234__WI_3,lead_time,high,7.0,17471.45508961759,12360.261377430894,-5111.193712186696,-29.254539395656987,True,False
M5,FOODS_3_234__WI_3,switching_cost,low,0.0,9742.771119929062,7934.090970524789,-1808.6801494042738,-18.564329666993583,True,False
M5,FOODS_3_234__WI_3,switching_cost,medium,0.05,9742.771119929062,7934.290970524789,-1808.480149404273,-18.562276862944934,True,False
M5,FOODS_3_234__WI_3,switching_cost,high,0.2,9742.771119929062,7934.090970524789,-1808.6801494042738,-18.564329666993583,True,False
M5,FOODS_3_252__CA_1,lead_time,low,0.0,2505.0537925109265,2011.8684380602092,-493.18535445071734,-19.687615328865885,True,False
M5,FOODS_3_252__CA_1,lead_time,medium,2.0,3573.4692144708515,3719.1300488617358,145.66083439088425,4.076174318251494,True,True
M5,FOODS_3_252__CA_1,lead_time,high,7.0,12563.836700973601,11517.343164062508,-1046.4935369110935,-8.329410528154973,True,False
M5,FOODS_3_252__CA_1,switching_cost,low,0.0,3573.4692144708515,3718.930048861735,145.46083439088352,4.070577516152547,True,True
M5,FOODS_3_252__CA_1,switching_cost,medium,0.05,3573.4692144708515,3719.1300488617358,145.66083439088425,4.076174318251494,True,True
M5,FOODS_3_252__CA_1,switching_cost,high,0.2,3573.4692144708515,3719.330048861735,145.8608343908836,4.081771120350402,True,True
M5,FOODS_3_252__CA_2,lead_time,low,0.0,4021.0708468711705,3814.3723872776304,-206.69845959354006,-5.140383431800857,True,False
M5,FOODS_3_252__CA_2,lead_time,medium,2.0,4888.7427073700255,4535.8023351992415,-352.94037217078403,-7.219450752413471,True,False
M5,FOODS_3_252__CA_2,lead_time,high,7.0,6483.861357886075,5208.261955398654,-1275.5994024874208,-19.673452778813004,True,False
M5,FOODS_3_252__CA_2,switching_cost,low,0.0,4888.7427073700255,4535.702335199241,-353.0403721707844,-7.2214962681214185,True,False
M5,FOODS_3_252__CA_2,switching_cost,medium,0.05,4888.7427073700255,4535.8023351992415,-352.94037217078403,-7.219450752413471,True,False
M5,FOODS_3_252__CA_2,switching_cost,high,0.2,4888.7427073700255,4536.102335199241,-352.64037217078476,-7.213314205289668,True,False
M5,FOODS_3_252__CA_3,lead_time,low,0.0,2429.104428320629,2095.762409260774,-333.3420190598549,-13.722836086150165,True,False
M5,FOODS_3_252__CA_3,lead_time,medium,2.0,4529.843086752761,8793.39049999821,4263.547413245448,94.12130468081604,True,True
M5,FOODS_3_252__CA_3,lead_time,high,7.0,9250.661196908004,14265.380717442462,5014.719520534458,54.209309083880484,True,True
M5,FOODS_3_252__CA_3,switching_cost,low,0.0,4529.843086752761,3410.229552975688,-1119.6135337770734,-24.716386690111012,True,False
M5,FOODS_3_252__CA_3,switching_cost,medium,0.05,4529.843086752761,8793.39049999821,4263.547413245448,94.12130468081604,True,True
M5,FOODS_3_252__CA_3,switching_cost,high,0.2,4529.843086752761,8793.44049999821,4263.597413245449,94.12240847180931,True,True
M5,FOODS_3_252__TX_1,lead_time,low,0.0,1978.4690282500646,4294.440264544353,2315.9712362942887,117.05875620113909,True,True
M5,FOODS_3_252__TX_1,lead_time,medium,2.0,4116.9506042579815,3193.6102874782537,-923.3403167797278,-22.427772532047324,True,False
M5,FOODS_3_252__TX_1,lead_time,high,7.0,4373.889318645604,3919.0283456273714,-454.8609730182329,-10.399462352172248,True,False
M5,FOODS_3_252__TX_1,switching_cost,low,0.0,4116.9506042579815,3193.4602874782545,-923.490316779727,-22.43141600544348,True,False
M5,FOODS_3_252__TX_1,switching_cost,medium,0.05,4116.9506042579815,3193.6102874782537,-923.3403167797278,-22.427772532047324,True,False
M5,FOODS_3_252__TX_1,switching_cost,high,0.2,4116.9506042579815,3193.6602874782543,-923.2903167797272,-22.426558040915246,True,False
M5,FOODS_3_252__TX_2,lead_time,low,0.0,1170.643999445522,895.5192074444581,-275.12479200106395,-23.502003352973013,True,False
M5,FOODS_3_252__TX_2,lead_time,medium,2.0,6916.958375396316,1774.446339107465,-5142.512036288851,-74.34643606618789,True,False
M5,FOODS_3_252__TX_2,lead_time,high,7.0,11938.677602711066,3569.1747510703967,-8369.50285164067,-70.10410306866902,True,False
M5,FOODS_3_252__TX_2,switching_cost,low,0.0,6916.958375396316,1774.3463391074652,-5142.6120362888505,-74.34788178834744,True,False
M5,FOODS_3_252__TX_2,switching_cost,medium,0.05,6916.958375396316,1774.446339107465,-5142.512036288851,-74.34643606618789,True,False
M5,FOODS_3_252__TX_2,switching_cost,high,0.2,6916.958375396316,1774.7463391074652,-5142.212036288851,-74.34209889970924,True,False
M5,FOODS_3_252__TX_3,lead_time,low,0.0,1160.8230842014116,714.7460009692986,-446.07708323211295,-38.42765442065547,True,False
M5,FOODS_3_252__TX_3,lead_time,medium,2.0,6595.472101301496,1213.7560196961938,-5381.716081605302,-81.59713207707026,True,False
M5,FOODS_3_252__TX_3,lead_time,high,7.0,5947.781499493134,2459.1100547394194,-3488.6714447537147,-58.65500346727627,True,False
M5,FOODS_3_252__TX_3,switching_cost,low,0.0,6595.472101301496,1314.4137731181966,-5281.0583281833,-80.07096758306625,True,False
M5,FOODS_3_252__TX_3,switching_cost,medium,0.05,6595.472101301496,1213.7560196961938,-5381.716081605302,-81.59713207707026,True,False
M5,FOODS_3_252__TX_3,switching_cost,high,0.2,6595.472101301496,1182.474786467911,-5412.997314833585,-82.07141553620443,True,False
M5,FOODS_3_252__WI_3,lead_time,low,0.0,1924.7237139945796,1786.9629210078724,-137.7607929867072,-7.1574321023352425,True,False
M5,FOODS_3_252__WI_3,lead_time,medium,2.0,2983.273591242926,2249.951692016327,-733.3218992265993,-24.581114564188333,True,False
M5,FOODS_3_252__WI_3,lead_time,high,7.0,4555.481108127277,3053.1505225450546,-1502.3305855822227,-32.978527402999575,True,False
M5,FOODS_3_252__WI_3,switching_cost,low,0.0,2983.273591242926,2248.599099205747,-734.6744920371793,-24.626453778618764,True,False
M5,FOODS_3_252__WI_3,switching_cost,medium,0.05,2983.273591242926,2249.951692016327,-733.3218992265993,-24.581114564188333,True,False
M5,FOODS_3_252__WI_3,switching_cost,high,0.2,2983.273591242926,2250.4016920163267,-732.8718992265995,-24.56603046324229,True,False
M5,FOODS_3_281__CA_3,lead_time,low,0.0,10767.912946428576,8451.090204364848,-2316.8227420637286,-21.51598692885194,True,False
M5,FOODS_3_281__CA_3,lead_time,medium,2.0,9745.817271234611,9076.111160714294,-669.7061105203175,-6.871728577314874,True,False
M5,FOODS_3_281__CA_3,lead_time,high,7.0,10232.654017857149,10234.822996500377,2.168978643228911,0.021196638129695345,True,False
M5,FOODS_3_281__CA_3,switching_cost,low,0.0,9745.817271234611,9075.511160714294,-670.3061105203178,-6.877885064588355,True,False
M5,FOODS_3_281__CA_3,switching_cost,medium,0.05,9745.817271234611,9076.111160714294,-669.7061105203175,-6.871728577314874,True,False
M5,FOODS_3_281__CA_3,switching_cost,high,0.2,9745.817271234611,9077.911160714291,-667.90611052032,-6.853259115494467,True,False
M5,FOODS_3_282__CA_3,lead_time,low,0.0,1490.5299510189802,1102.427973701142,-388.1019773178382,-26.03785164145931,True,False
M5,FOODS_3_282__CA_3,lead_time,medium,2.0,5088.046306011306,1694.4310224362528,-3393.6152835750536,-66.69780657392296,True,False
M5,FOODS_3_282__CA_3,lead_time,high,7.0,9668.944482075709,4583.945331112438,-5084.999150963271,-52.591047144699644,True,False
M5,FOODS_3_282__CA_3,switching_cost,low,0.0,5088.046306011306,1694.2810224362527,-3393.765283575053,-66.7007546602999,True,False
M5,FOODS_3_282__CA_3,switching_cost,medium,0.05,5088.046306011306,1694.4310224362528,-3393.6152835750536,-66.69780657392296,True,False
M5,FOODS_3_282__CA_3,switching_cost,high,0.2,5088.046306011306,1694.8810224362524,-3393.1652835750538,-66.68896231479215,True,False
M5,FOODS_3_288__CA_3,lead_time,low,0.0,883.0908423329947,1007.5023329822113,124.4114906492166,14.088187158700451,True,True
M5,FOODS_3_288__CA_3,lead_time,medium,2.0,3186.5456085776314,1873.7960819870968,-1312.7495265905345,-41.19663384251708,True,False
M5,FOODS_3_288__CA_3,lead_time,high,7.0,4803.55615683472,2050.7978559854846,-2752.7583008492356,-57.30667470041928,True,False
M5,FOODS_3_288__CA_3,switching_cost,low,0.0,3186.5456085776314,1877.374653415668,-1309.1709551619633,-41.08433130967593,True,False
M5,FOODS_3_288__CA_3,switching_cost,medium,0.05,3186.5456085776314,1873.7960819870968,-1312.7495265905345,-41.19663384251708,True,False
M5,FOODS_3_288__CA_3,switching_cost,high,0.2,3186.5456085776314,1873.8960819870967,-1312.6495265905346,-41.1934956479866,True,False
M5,FOODS_3_318__CA_3,lead_time,low,0.0,1874.1947338186785,3135.2744244604796,1261.079690641801,67.28648138245201,True,True
M5,FOODS_3_318__CA_3,lead_time,medium,2.0,1861.6706727181977,1842.0177219871784,-19.652950731019246,-1.0556620469464808,True,False
M5,FOODS_3_318__CA_3,lead_time,high,7.0,1999.1492065896507,4642.562583531356,2643.413376941705,132.22691774222818,True,True
M5,FOODS_3_318__CA_3,switching_cost,low,0.0,1861.6706727181977,1841.8677219871781,-19.802950731019564,-1.0637193259377917,True,False
M5,FOODS_3_318__CA_3,switching_cost,medium,0.05,1861.6706727181977,1842.0177219871784,-19.652950731019246,-1.0556620469464808,True,False
M5,FOODS_3_318__CA_3,switching_cost,high,0.2,1861.6706727181977,1842.4677219871785,-19.2029507310192,-1.031490209972597,True,False
M5,FOODS_3_318__WI_3,lead_time,low,0.0,1983.0632178321375,1795.5258708615675,-187.53734697057007,-9.456952520937977,True,False
M5,FOODS_3_318__WI_3,lead_time,medium,2.0,6451.565552197905,3660.5913578363948,-2790.9741943615104,-43.26041751851514,True,False
M5,FOODS_3_318__WI_3,lead_time,high,7.0,3752.23436810832,3652.151651276575,-100.08271683174462,-2.66728319750989,True,False
M5,FOODS_3_318__WI_3,switching_cost,low,0.0,6451.565552197905,3660.3913578363945,-2791.1741943615107,-43.263517541267476,True,False
M5,FOODS_3_318__WI_3,switching_cost,medium,0.05,6451.565552197905,3660.5913578363948,-2790.9741943615104,-43.26041751851514,True,False
M5,FOODS_3_318__WI_3,switching_cost,high,0.2,6451.565552197905,3660.9913578363944,-2790.5741943615108,-43.25421747301048,True,False
M5,FOODS_3_319__CA_3,lead_time,low,0.0,751.794363839286,993.9625308437244,242.16816700443837,32.212022150276134,True,True
M5,FOODS_3_319__CA_3,lead_time,medium,2.0,1351.4193638392858,1560.5401449514995,209.12078111221376,15.474158999625148,True,True
M5,FOODS_3_319__CA_3,lead_time,high,7.0,3067.2184709821427,3203.7207873637944,136.50231638165178,4.4503617095766534,True,True
M5,FOODS_3_319__CA_3,switching_cost,low,0.0,1351.4193638392858,1560.5401449514995,209.12078111221376,15.474158999625148,True,True
M5,FOODS_3_319__CA_3,switching_cost,medium,0.05,1351.4193638392858,1560.5401449514995,209.12078111221376,15.474158999625148,True,True
M5,FOODS_3_319__CA_3,switching_cost,high,0.2,1351.4193638392858,1560.5401449514995,209.12078111221376,15.474158999625148,True,True
M5,FOODS_3_376__WI_2,lead_time,low,0.0,22884.3125,21099.868933632006,-1784.4435663679942,-7.797671729784297,True,False
M5,FOODS_3_376__WI_2,lead_time,medium,2.0,24720.591607454084,25434.6545956946,714.0629882405156,2.8885351919539084,True,True
M5,FOODS_3_376__WI_2,lead_time,high,7.0,38069.31016322545,30035.495075334828,-8033.81508789062,-21.103127567704657,True,False
M5,FOODS_3_376__WI_2,switching_cost,low,0.0,24720.591607454084,25434.4045956946,713.8129882405156,2.887523889295906,True,True
M5,FOODS_3_376__WI_2,switching_cost,medium,0.05,24720.591607454084,25434.6545956946,714.0629882405156,2.8885351919539084,True,True
M5,FOODS_3_376__WI_2,switching_cost,high,0.2,24720.591607454084,25435.404595694603,714.8129882405192,2.891569099927929,True,True
M5,FOODS_3_377__TX_2,lead_time,low,0.0,397.8680436038569,472.39367035210097,74.52562674824406,18.731242165919358,True,True
M5,FOODS_3_377__TX_2,lead_time,medium,2.0,1084.9151715559308,957.0864551491807,-127.82871640675012,-11.782369696556515,True,False
M5,FOODS_3_377__TX_2,lead_time,high,7.0,6643.284572009529,2229.2289852366216,-4414.055586772907,-66.44387334197394,True,False
M5,FOODS_3_377__TX_2,switching_cost,low,0.0,1084.9151715559308,956.9864551491806,-127.92871640675014,-11.791587007054313,True,False
M5,FOODS_3_377__TX_2,switching_cost,medium,0.05,1084.9151715559308,957.0864551491807,-127.82871640675012,-11.782369696556515,True,False
M5,FOODS_3_377__TX_2,switching_cost,high,0.2,1084.9151715559308,957.3864551491807,-127.52871640675005,-11.754717765063122,True,False
M5,FOODS_3_377__TX_3,lead_time,low,0.0,401.9645368045992,389.53829312410534,-12.426243680493883,-3.09137810496314,True,False
M5,FOODS_3_377__TX_3,lead_time,medium,2.0,1389.9585548173486,839.1796920560981,-550.7788627612505,-39.62556011849052,True,False
M5,FOODS_3_377__TX_3,lead_time,high,7.0,7278.405071123555,1933.1984506474212,-5345.206620476134,-73.4392572032406,True,False
M5,FOODS_3_377__TX_3,switching_cost,low,0.0,1389.9585548173486,843.2957454055553,-546.6628094117933,-39.32943234293983,True,False
M5,FOODS_3_377__TX_3,switching_cost,medium,0.05,1389.9585548173486,839.1796920560981,-550.7788627612505,-39.62556011849052,True,False
M5,FOODS_3_377__TX_3,switching_cost,high,0.2,1389.9585548173486,786.8960482560158,-603.0625065613328,-43.38708549770968,True,False
M5,FOODS_3_412__WI_2,lead_time,low,0.0,12824.876529586183,12168.153716755336,-656.722812830847,-5.12069501266409,True,False
M5,FOODS_3_412__WI_2,lead_time,medium,2.0,12031.578125000002,11350.45545856543,-681.1226664345722,-5.661124911114453,True,False
M5,FOODS_3_412__WI_2,lead_time,high,7.0,8629.285714285716,7859.156281872953,-770.129432412763,-8.92460231253926,True,False
M5,FOODS_3_412__WI_2,switching_cost,low,0.0,12031.578125000002,11350.40545856543,-681.1726664345715,-5.661540484196219,True,False
M5,FOODS_3_412__WI_2,switching_cost,medium,0.05,12031.578125000002,11350.45545856543,-681.1226664345722,-5.661124911114453,True,False
M5,FOODS_3_412__WI_2,switching_cost,high,0.2,12031.578125000002,11350.60545856543,-680.9726664345726,-5.659878191869136,True,False
M5,FOODS_3_462__WI_2,lead_time,low,0.0,3265.3027104877738,2907.213724660739,-358.0889858270348,-10.966486649978712,True,False
M5,FOODS_3_462__WI_2,lead_time,medium,2.0,6205.276976105821,3272.150719721006,-2933.1262563848145,-47.268256802704805,True,False
M5,FOODS_3_462__WI_2,lead_time,high,7.0,11866.93466796875,6491.3355417123785,-5375.599126256371,-45.29896958787679,True,False
M5,FOODS_3_462__WI_2,switching_cost,low,0.0,6205.276976105821,3271.5484540770435,-2933.728522028777,-47.2779625039375,True,False
M5,FOODS_3_462__WI_2,switching_cost,medium,0.05,6205.276976105821,3272.150719721006,-2933.1262563848145,-47.268256802704805,True,False
M5,FOODS_3_462__WI_2,switching_cost,high,0.2,6205.276976105821,3272.2007197210064,-2933.0762563848143,-47.26745103689946,True,False
M5,FOODS_3_501__CA_3,lead_time,low,0.0,840.615075931468,779.4144842126216,-61.200591718846454,-7.28045373811924,True,False
M5,FOODS_3_501__CA_3,lead_time,medium,2.0,2262.5570710199245,564.4784033977493,-1698.078667622175,-75.051307627644,True,False
M5,FOODS_3_501__CA_3,lead_time,high,7.0,1408.0796377563368,1641.6601922483155,233.58055449197877,16.588589752222457,True,True
M5,FOODS_3_501__CA_3,switching_cost,low,0.0,2262.5570710199245,560.7306062084931,-1701.8264648114314,-75.2169519438586,True,False
M5,FOODS_3_501__CA_3,switching_cost,medium,0.05,2262.5570710199245,564.4784033977493,-1698.078667622175,-75.051307627644,True,False
M5,FOODS_3_501__CA_3,switching_cost,high,0.2,2262.5570710199245,618.208334324243,-1644.3487366956815,-72.6765639531221,True,False
M5,FOODS_3_541__CA_3,lead_time,low,0.0,1017.2831555523558,912.7654575892861,-104.51769796306962,-10.274199213130537,True,False
M5,FOODS_3_541__CA_3,lead_time,medium,2.0,1882.4346691207882,1657.7227967203312,-224.71187240045697,-11.937299927939126,True,False
M5,FOODS_3_541__CA_3,lead_time,high,7.0,3672.6194754464286,3340.5676897321437,-332.05178571428496,-9.041279335750461,True,False
M5,FOODS_3_541__CA_3,switching_cost,low,0.0,1882.4346691207882,1657.6727967203312,-224.76187240045692,-11.939956062615147,True,False
M5,FOODS_3_541__CA_3,switching_cost,medium,0.05,1882.4346691207882,1657.7227967203312,-224.71187240045697,-11.937299927939126,True,False
M5,FOODS_3_541__CA_3,switching_cost,high,0.2,1882.4346691207882,1657.8727967203313,-224.56187240045688,-11.929331523911053,True,False
M5,FOODS_3_547__WI_2,lead_time,low,0.0,6705.837635995962,4860.192014839032,-1845.6456211569302,-27.522969110522045,True,False
M5,FOODS_3_547__WI_2,lead_time,medium,2.0,4734.921242160859,2733.068123717237,-2001.853118443622,-42.278488195720094,True,False
M5,FOODS_3_547__WI_2,lead_time,high,7.0,2932.5684241722975,2709.285087717062,-223.28333645523526,-7.613917363863584,True,False
M5,FOODS_3_547__WI_2,switching_cost,low,0.0,4734.921242160859,2732.9181237172374,-2002.0031184436216,-42.28165614704025,True,False
M5,FOODS_3_547__WI_2,switching_cost,medium,0.05,4734.921242160859,2733.068123717237,-2001.853118443622,-42.278488195720094,True,False
M5,FOODS_3_547__WI_2,switching_cost,high,0.2,4734.921242160859,2733.518123717237,-2001.4031184436221,-42.26898434175959,True,False
M5,FOODS_3_555__CA_1,lead_time,low,0.0,773.4632512837338,908.3760308055349,134.9127795218011,17.442687716305,True,True
M5,FOODS_3_555__CA_1,lead_time,medium,2.0,1319.9094121722721,1057.6026385205473,-262.3067736517248,-19.87308910995848,True,False
M5,FOODS_3_555__CA_1,lead_time,high,7.0,2331.5802518321557,2698.029558948129,366.44930711597317,15.716778645213578,True,True
M5,FOODS_3_555__CA_1,switching_cost,low,0.0,1319.9094121722721,1057.5526385205474,-262.3567736517248,-19.876877248715495,True,False
M5,FOODS_3_555__CA_1,switching_cost,medium,0.05,1319.9094121722721,1057.6026385205473,-262.3067736517248,-19.87308910995848,True,False
M5,FOODS_3_555__CA_1,switching_cost,high,0.2,1319.9094121722721,1057.7526385205472,-262.15677365172496,-19.861724693687442,True,False
M5,FOODS_3_555__CA_3,lead_time,low,0.0,2526.223222264626,2327.2377282258744,-198.98549403875177,-7.87679775425276,True,False
M5,FOODS_3_555__CA_3,lead_time,medium,2.0,3946.2725615094096,2751.6408440854925,-1194.631717423917,-30.27240766580457,True,False
M5,FOODS_3_555__CA_3,lead_time,high,7.0,7857.691723045956,7726.879101562506,-130.81262148345013,-1.664771616068719,True,False
M5,FOODS_3_555__CA_3,switching_cost,low,0.0,3946.2725615094096,2751.5408440854926,-1194.731717423917,-30.274941702631512,True,False
M5,FOODS_3_555__CA_3,switching_cost,medium,0.05,3946.2725615094096,2751.6408440854925,-1194.631717423917,-30.27240766580457,True,False
M5,FOODS_3_555__CA_3,switching_cost,high,0.2,3946.2725615094096,2751.9408440854922,-1194.3317174239173,-30.26480555532377,True,False
M5,FOODS_3_555__TX_1,lead_time,low,0.0,1149.84240072567,679.5257461175922,-470.31665460807767,-40.90270582396849,True,False
M5,FOODS_3_555__TX_1,lead_time,medium,2.0,2572.9877249129995,2388.240919435378,-184.74680547762136,-7.180244339637035,True,False
M5,FOODS_3_555__TX_1,lead_time,high,7.0,6935.092867253023,2749.493339563458,-4185.599527689565,-60.35390740697425,True,False
M5,FOODS_3_555__TX_1,switching_cost,low,0.0,2572.9877249129995,2388.0909194353785,-184.896805477621,-7.1860741381450985,True,False
M5,FOODS_3_555__TX_1,switching_cost,medium,0.05,2572.9877249129995,2388.240919435378,-184.74680547762136,-7.180244339637035,True,False
M5,FOODS_3_555__TX_1,switching_cost,high,0.2,2572.9877249129995,2388.690919435378,-184.29680547762155,-7.162754944112808,True,False
M5,FOODS_3_555__TX_2,lead_time,low,0.0,824.2099544079382,536.0349708091686,-288.1749835987696,-34.96378344590327,True,False
M5,FOODS_3_555__TX_2,lead_time,medium,2.0,4389.995033752244,1786.818882123947,-2603.176151628297,-59.297929305475634,True,False
M5,FOODS_3_555__TX_2,lead_time,high,7.0,4465.2891661418425,2852.8693139214483,-1612.4198522203942,-36.11008810911071,True,False
M5,FOODS_3_555__TX_2,switching_cost,low,0.0,4389.995033752244,1786.718882123947,-2603.276151628297,-59.30020721238057,True,False
M5,FOODS_3_555__TX_2,switching_cost,medium,0.05,4389.995033752244,1786.818882123947,-2603.176151628297,-59.297929305475634,True,False
M5,FOODS_3_555__TX_2,switching_cost,high,0.2,4389.995033752244,1787.118882123947,-2602.876151628297,-59.29109558476084,True,False
M5,FOODS_3_555__TX_3,lead_time,low,0.0,998.1950958921121,1022.2632797571158,24.068183865003675,2.4111703177116226,True,True
M5,FOODS_3_555__TX_3,lead_time,medium,2.0,2423.312995983236,2624.18366971961,200.8706737363741,8.289093240094342,True,True
M5,FOODS_3_555__TX_3,lead_time,high,7.0,7284.389311399249,5013.513342259538,-2270.875969139711,-31.174555231226396,True,False
M5,FOODS_3_555__TX_3,switching_cost,low,0.0,2423.312995983236,2623.0229554338953,199.70995945065943,8.241195412300797,True,True
M5,FOODS_3_555__TX_3,switching_cost,medium,0.05,2423.312995983236,2624.18366971961,200.8706737363741,8.289093240094342,True,True
M5,FOODS_3_555__TX_3,switching_cost,high,0.2,2423.312995983236,2624.2836697196094,200.97067373637356,8.293219822181149,True,True
M5,FOODS_3_555__WI_3,lead_time,low,0.0,995.3420863900494,1167.773998252694,172.43191186264448,17.323884342922558,True,True
M5,FOODS_3_555__WI_3,lead_time,medium,2.0,2289.587307931583,1935.7126934363762,-353.87461449520674,-15.455825303945177,True,False
M5,FOODS_3_555__WI_3,lead_time,high,7.0,5618.9656394189,2831.972273126594,-2786.993366292306,-49.59975812524332,True,False
M5,FOODS_3_555__WI_3,switching_cost,low,0.0,2289.587307931583,1924.3484077220905,-365.2389002094924,-15.952171771053791,True,False
M5,FOODS_3_555__WI_3,switching_cost,medium,0.05,2289.587307931583,1935.7126934363762,-353.87461449520674,-15.455825303945177,True,False
M5,FOODS_3_555__WI_3,switching_cost,high,0.2,2289.587307931583,1935.8626934363763,-353.72461449520665,-15.449273904944993,True,False
M5,FOODS_3_586__CA_1,lead_time,low,0.0,1425.8885156369877,964.2739878686176,-461.61452776837007,-32.37381623500578,True,False
M5,FOODS_3_586__CA_1,lead_time,medium,2.0,2263.6272435838064,3336.0364232802367,1072.4091796964303,47.37569680415125,True,True
M5,FOODS_3_586__CA_1,lead_time,high,7.0,7471.036272321428,6280.82931010486,-1190.2069622165682,-15.93094878452173,True,False
M5,FOODS_3_586__CA_1,switching_cost,low,0.0,2263.6272435838064,3336.1399947088084,1072.512751125002,47.38027226722121,True,True
M5,FOODS_3_586__CA_1,switching_cost,medium,0.05,2263.6272435838064,3336.0364232802367,1072.4091796964303,47.37569680415125,True,True
M5,FOODS_3_586__CA_1,switching_cost,high,0.2,2263.6272435838064,3338.4404957562733,1074.813252172467,47.48190123700789,True,True
M5,FOODS_3_586__CA_2,lead_time,low,0.0,474.3046935594117,664.681925400091,190.37723184067931,40.13817160694669,True,True
M5,FOODS_3_586__CA_2,lead_time,medium,2.0,2071.0891259596283,1852.7743236399824,-218.31480231964588,-10.541062650719624,True,False
M5,FOODS_3_586__CA_2,lead_time,high,7.0,3310.7900635423916,2373.8719106457493,-936.9181528966424,-28.298929709067192,True,False
M5,FOODS_3_586__CA_2,switching_cost,low,0.0,2071.0891259596283,1852.6743236399825,-218.4148023196458,-10.54589102815382,True,False
M5,FOODS_3_586__CA_2,switching_cost,medium,0.05,2071.0891259596283,1852.7743236399824,-218.31480231964588,-10.541062650719624,True,False
M5,FOODS_3_586__CA_2,switching_cost,high,0.2,2071.0891259596283,1853.0743236399826,-218.0148023196457,-10.526577518417014,True,False
M5,FOODS_3_586__CA_3,lead_time,low,0.0,925.528919444475,961.4481070772503,35.91918763277522,3.880936281746311,True,True
M5,FOODS_3_586__CA_3,lead_time,medium,2.0,2752.084764851584,2351.785249965924,-400.2995148856603,-14.545319243001146,True,False
M5,FOODS_3_586__CA_3,lead_time,high,7.0,26146.882402442054,9916.9178423063,-16229.964560135753,-62.07227427855764,True,False
M5,FOODS_3_586__CA_3,switching_cost,low,0.0,2752.084764851584,2351.185249965924,-400.8995148856602,-14.567120897065832,True,False
M5,FOODS_3_586__CA_3,switching_cost,medium,0.05,2752.084764851584,2351.785249965924,-400.2995148856603,-14.545319243001146,True,False
M5,FOODS_3_586__CA_3,switching_cost,high,0.2,2752.084764851584,2358.3227845298634,-393.7619803217208,-14.307770798002865,True,False
M5,FOODS_3_586__TX_1,lead_time,low,0.0,1194.6150092815642,1503.9312684749746,309.31625919341036,25.892547539598695,True,True
M5,FOODS_3_586__TX_1,lead_time,medium,2.0,2913.5732558821433,3586.8258160801065,673.2525601979632,23.10745263874007,True,True
M5,FOODS_3_586__TX_1,lead_time,high,7.0,12553.519881497536,14474.459442015692,1920.9395605181562,15.3019995877762,True,True
M5,FOODS_3_586__TX_1,switching_cost,low,0.0,2913.5732558821433,3586.6758160801073,673.1025601979641,23.102304321302146,True,True
M5,FOODS_3_586__TX_1,switching_cost,medium,0.05,2913.5732558821433,3586.8258160801065,673.2525601979632,23.10745263874007,True,True
M5,FOODS_3_586__TX_1,switching_cost,high,0.2,2913.5732558821433,3587.275816080107,673.7025601979635,23.122897591053924,True,True
M5,FOODS_3_586__TX_2,lead_time,low,0.0,858.364361710094,1060.6806274778912,202.31626576779718,23.569975035395043,True,True
M5,FOODS_3_586__TX_2,lead_time,medium,2.0,8722.848599107323,1819.7056373156931,-6903.14296179163,-79.13863095707156,True,False
M5,FOODS_3_586__TX_2,lead_time,high,7.0,20586.066134782268,7230.827319541177,-13355.238815241091,-64.87513800743137,True,False
M5,FOODS_3_586__TX_2,switching_cost,low,0.0,8722.848599107323,1818.9913516014076,-6903.857247505915,-79.14681963197711,True,False
M5,FOODS_3_586__TX_2,switching_cost,medium,0.05,8722.848599107323,1819.7056373156931,-6903.14296179163,-79.13863095707156,True,False
M5,FOODS_3_586__TX_2,switching_cost,high,0.2,8722.848599107323,1840.4627801728363,-6882.385818934486,-78.90066806431575,True,False
M5,FOODS_3_586__TX_3,lead_time,low,0.0,804.6168963481848,531.5495416575292,-273.06735469065563,-33.93756158116896,True,False
M5,FOODS_3_586__TX_3,lead_time,medium,2.0,2118.4316152690017,1307.019242228537,-811.4123730404647,-38.30250489050742,True,False
M5,FOODS_3_586__TX_3,lead_time,high,7.0,5913.864108888612,3328.5494579231568,-2585.314650965455,-43.71616600184801,True,False
M5,FOODS_3_586__TX_3,switching_cost,low,0.0,2118.4316152690017,1306.869242228537,-811.5623730404648,-38.30958560054398,True,False
M5,FOODS_3_586__TX_3,switching_cost,medium,0.05,2118.4316152690017,1307.019242228537,-811.4123730404647,-38.30250489050742,True,False
M5,FOODS_3_586__TX_3,switching_cost,high,0.2,2118.4316152690017,1307.469242228537,-810.9623730404646,-38.28126276039774,True,False
M5,FOODS_3_586__WI_3,lead_time,low,0.0,966.7976494827411,556.1889911830937,-410.60865829964746,-42.471002956961314,True,False
M5,FOODS_3_586__WI_3,lead_time,medium,2.0,2129.4926471645563,1338.3047372482129,-791.1879099163434,-37.15382210733712,True,False
M5,FOODS_3_586__WI_3,lead_time,high,7.0,5154.46989762799,2453.722300983555,-2700.7475966444345,-52.396224059573576,True,False
M5,FOODS_3_586__WI_3,switching_cost,low,0.0,2129.4926471645563,1328.4166326566447,-801.0760145079116,-37.61816297297638,True,False
M5,FOODS_3_586__WI_3,switching_cost,medium,0.05,2129.4926471645563,1338.3047372482129,-791.1879099163434,-37.15382210733712,True,False
M5,FOODS_3_586__WI_3,switching_cost,high,0.2,2129.4926471645563,1338.6047372482126,-790.8879099163437,-37.139734244653056,True,False
M5,FOODS_3_587__CA_1,lead_time,low,0.0,635.5628078037271,469.224524139973,-166.33828366375405,-26.171808926101008,True,False
M5,FOODS_3_587__CA_1,lead_time,medium,2.0,1130.828997039989,941.5917345185829,-189.23726252140602,-16.73438362623753,True,False
M5,FOODS_3_587__CA_1,lead_time,high,7.0,2757.8031711166473,2459.8277536485207,-297.9754174681266,-10.804810894008616,True,False
M5,FOODS_3_587__CA_1,switching_cost,low,0.0,1130.828997039989,941.441734518583,-189.387262521406,-16.74764823126558,True,False
M5,FOODS_3_587__CA_1,switching_cost,medium,0.05,1130.828997039989,941.5917345185829,-189.23726252140602,-16.73438362623753,True,False
M5,FOODS_3_587__CA_1,switching_cost,high,0.2,1130.828997039989,942.0417345185829,-188.7872625214061,-16.694589811153392,True,False
M5,FOODS_3_587__CA_3,lead_time,low,0.0,1271.0719462495701,1070.6398195728727,-200.4321266766974,-15.76874757310892,True,False
M5,FOODS_3_587__CA_3,lead_time,medium,2.0,2981.3720897875883,2164.499000423994,-816.8730893635943,-27.399233130333407,True,False
M5,FOODS_3_587__CA_3,lead_time,high,7.0,5096.3840568986225,2166.31266616992,-2930.0713907287027,-57.4931433348801,True,False
M5,FOODS_3_587__CA_3,switching_cost,low,0.0,2981.3720897875883,2160.4497406476444,-820.9223491399439,-27.535051795511762,True,False
M5,FOODS_3_587__CA_3,switching_cost,medium,0.05,2981.3720897875883,2164.499000423994,-816.8730893635943,-27.399233130333407,True,False
M5,FOODS_3_587__CA_3,switching_cost,high,0.2,2981.3720897875883,2165.199000423994,-816.173089363594,-27.37575400800587,True,False
M5,FOODS_3_587__TX_1,lead_time,low,0.0,595.3681963872273,345.09741925618897,-250.2707771310383,-42.036302686256064,True,False
M5,FOODS_3_587__TX_1,lead_time,medium,2.0,1114.2424967349018,783.567508401336,-330.6749883335658,-29.677111517694993,True,False
M5,FOODS_3_587__TX_1,lead_time,high,7.0,7174.804713808348,2720.583027622751,-4454.221686185598,-62.08143446208615,True,False
M5,FOODS_3_587__TX_1,switching_cost,low,0.0,1114.2424967349018,783.7381298175486,-330.5043669173532,-29.661798745411346,True,False
M5,FOODS_3_587__TX_1,switching_cost,medium,0.05,1114.2424967349018,783.567508401336,-330.6749883335658,-29.677111517694993,True,False
M5,FOODS_3_587__TX_1,switching_cost,high,0.2,1114.2424967349018,779.3157226870502,-334.9267740478516,-30.0586968302948,True,False
M5,FOODS_3_587__TX_2,lead_time,low,0.0,531.3485778608157,537.2846163611911,5.936038500375389,1.1171646538085414,True,True
M5,FOODS_3_587__TX_2,lead_time,medium,2.0,2031.7842795953406,978.2804453781657,-1053.503834217175,-51.851165736305205,True,False
M5,FOODS_3_587__TX_2,lead_time,high,7.0,5368.442704993673,2432.78802071336,-2935.654684280313,-54.68354317257769,True,False
M5,FOODS_3_587__TX_2,switching_cost,low,0.0,2031.7842795953406,978.1804453781657,-1053.603834217175,-51.8560875186521,True,False
M5,FOODS_3_587__TX_2,switching_cost,medium,0.05,2031.7842795953406,978.2804453781657,-1053.503834217175,-51.851165736305205,True,False
M5,FOODS_3_587__TX_2,switching_cost,high,0.2,2031.7842795953406,978.5804453781656,-1053.203834217175,-51.83640038926455,True,False
M5,FOODS_3_587__TX_3,lead_time,low,0.0,3198.7730666854986,498.4256809961858,-2700.347385689313,-84.41822315602263,True,False
M5,FOODS_3_587__TX_3,lead_time,medium,2.0,4240.373632612392,1980.3302976525338,-2260.043334959858,-53.29821215701457,True,False
M5,FOODS_3_587__TX_3,lead_time,high,7.0,7779.347714361476,3496.784122943553,-4282.563591417924,-55.05042001801605,True,False
M5,FOODS_3_587__TX_3,switching_cost,low,0.0,4240.373632612392,1979.9302976525337,-2260.443334959858,-53.307645288022734,True,False
M5,FOODS_3_587__TX_3,switching_cost,medium,0.05,4240.373632612392,1980.3302976525338,-2260.043334959858,-53.29821215701457,True,False
M5,FOODS_3_587__TX_3,switching_cost,high,0.2,4240.373632612392,1913.150544693723,-2327.2230879186686,-54.88250068390607,True,False
M5,FOODS_3_587__WI_3,lead_time,low,0.0,15981.216426224611,18042.990625668142,2061.774199443531,12.901234452092348,True,True
M5,FOODS_3_587__WI_3,lead_time,medium,2.0,17144.80803571429,18744.277037473257,1599.4690017589674,9.329174164138315,True,True
M5,FOODS_3_587__WI_3,lead_time,high,7.0,20328.808035714294,20853.207042846614,524.3990071323205,2.5795856117635614,True,True
M5,FOODS_3_587__WI_3,switching_cost,low,0.0,17144.80803571429,18743.527037473257,1598.7190017589674,9.324799661965777,True,True
M5,FOODS_3_587__WI_3,switching_cost,medium,0.05,17144.80803571429,18744.277037473257,1599.4690017589674,9.329174164138315,True,True
M5,FOODS_3_587__WI_3,switching_cost,high,0.2,17144.80803571429,18746.527037473257,1601.7190017589674,9.342297670655933,True,True
M5,FOODS_3_607__CA_3,lead_time,low,0.0,344.4684477291256,375.83178082937394,31.363333100248326,9.104849314068682,True,True
M5,FOODS_3_607__CA_3,lead_time,medium,2.0,2664.159873684414,925.8669888297648,-1738.2928848546492,-65.24731875233404,True,False
M5,FOODS_3_607__CA_3,lead_time,high,7.0,2841.696866236908,1307.243564817774,-1534.453301419134,-53.99778279134749,True,False
M5,FOODS_3_607__CA_3,switching_cost,low,0.0,2664.159873684414,925.8169888297646,-1738.3428848546494,-65.24919551658132,True,False
M5,FOODS_3_607__CA_3,switching_cost,medium,0.05,2664.159873684414,925.8669888297648,-1738.2928848546492,-65.24731875233404,True,False
M5,FOODS_3_607__CA_3,switching_cost,high,0.2,2664.159873684414,926.0169888297646,-1738.1428848546493,-65.24168845959215,True,False
M5,FOODS_3_635__CA_3,lead_time,low,0.0,1214.1936383928567,1271.3776357442568,57.183997351400194,4.709627488008475,True,True
M5,FOODS_3_635__CA_3,lead_time,medium,2.0,2456.693638392857,2472.4761830149955,15.78254462213863,0.6424303126564614,True,False
M5,FOODS_3_635__CA_3,lead_time,high,7.0,5521.104352678572,5544.485717052359,23.38136437378762,0.42349071635358815,True,False
M5,FOODS_3_635__CA_3,switching_cost,low,0.0,2456.693638392857,2472.4261830149953,15.732544622138448,0.6403950568468323,True,False
M5,FOODS_3_635__CA_3,switching_cost,medium,0.05,2456.693638392857,2472.4761830149955,15.78254462213863,0.6424303126564614,True,False
M5,FOODS_3_635__CA_3,switching_cost,high,0.2,2456.693638392857,2472.626183014995,15.932544622138266,0.6485360800853122,True,False
M5,FOODS_3_681__CA_3,lead_time,low,0.0,1316.9208797292013,1020.8807586370834,-296.04012109211783,-22.479719598112275,True,False
M5,FOODS_3_681__CA_3,lead_time,medium,2.0,3307.941930227267,1437.2667261999316,-1870.6752040273357,-56.55102911370677,True,False
M5,FOODS_3_681__CA_3,lead_time,high,7.0,15422.331009347095,4560.536799365262,-10861.794209981834,-70.42900456097568,True,False
M5,FOODS_3_681__CA_3,switching_cost,low,0.0,3307.941930227267,1436.8167261999308,-1871.1252040273364,-56.56463273824107,True,False
M5,FOODS_3_681__CA_3,switching_cost,medium,0.05,3307.941930227267,1437.2667261999316,-1870.6752040273357,-56.55102911370677,True,False
M5,FOODS_3_681__CA_3,switching_cost,high,0.2,3307.941930227267,1455.9281689279735,-1852.0137612992937,-55.98688853561749,True,False
M5,FOODS_3_681__WI_3,lead_time,low,0.0,5022.968161286072,5073.165613292083,50.19745200601119,0.9993583553426052,True,False
M5,FOODS_3_681__WI_3,lead_time,medium,2.0,13841.877329799112,5704.670609955831,-8137.206719843281,-58.786872083639366,True,False
M5,FOODS_3_681__WI_3,lead_time,high,7.0,22627.918940952848,8024.81029794999,-14603.108643002859,-64.53580057940552,True,False
M5,FOODS_3_681__WI_3,switching_cost,low,0.0,13841.877329799112,5704.370609955831,-8137.506719843281,-58.7890394197084,True,False
M5,FOODS_3_681__WI_3,switching_cost,medium,0.05,13841.877329799112,5704.670609955831,-8137.206719843281,-58.786872083639366,True,False
M5,FOODS_3_681__WI_3,switching_cost,high,0.2,13841.877329799112,5704.188070535747,-8137.689259263365,-58.790358167272295,True,False
M5,FOODS_3_694__CA_3,lead_time,low,0.0,1759.1186792440049,1663.5006048430473,-95.61807440095754,-5.4355669989275635,True,False
M5,FOODS_3_694__CA_3,lead_time,medium,2.0,2849.816678111497,2796.9975815969647,-52.81909651453225,-1.8534208505486802,True,False
M5,FOODS_3_694__CA_3,lead_time,high,7.0,5822.869642749236,3650.5223843509534,-2172.3472583982825,-37.30715938494925,True,False
M5,FOODS_3_694__CA_3,switching_cost,low,0.0,2849.816678111497,2796.8975815969643,-52.91909651453261,-1.8569298481894208,True,False
M5,FOODS_3_694__CA_3,switching_cost,medium,0.05,2849.816678111497,2796.9975815969647,-52.81909651453225,-1.8534208505486802,True,False
M5,FOODS_3_694__CA_3,switching_cost,high,0.2,2849.816678111497,2611.555938901798,-238.26073920969884,-8.360563717648967,True,False
M5,FOODS_3_694__TX_1,lead_time,low,0.0,400.05016613421054,417.62486671031155,17.57470057610101,4.393124178882348,True,True
M5,FOODS_3_694__TX_1,lead_time,medium,2.0,1002.1398104087086,644.3148586366609,-357.8249517720477,-35.70609091221652,True,False
M5,FOODS_3_694__TX_1,lead_time,high,7.0,3221.7318139112253,1496.5290100164177,-1725.2028038948076,-53.54892658803863,True,False
M5,FOODS_3_694__TX_1,switching_cost,low,0.0,1002.1398104087086,643.2524068323648,-358.8874035763438,-35.81210923353864,True,False
M5,FOODS_3_694__TX_1,switching_cost,medium,0.05,1002.1398104087086,644.3148586366609,-357.8249517720477,-35.70609091221652,True,False
M5,FOODS_3_694__TX_1,switching_cost,high,0.2,1002.1398104087086,644.614858636661,-357.52495177204764,-35.676154969458416,True,False
M5,FOODS_3_694__WI_1,lead_time,low,0.0,1020.0885114405335,1055.0697972601454,34.98128581961191,3.4292402499673837,True,True
M5,FOODS_3_694__WI_1,lead_time,medium,2.0,2875.6748158747882,1371.1281740011736,-1504.5466418736146,-52.31977668573515,True,False
M5,FOODS_3_694__WI_1,lead_time,high,7.0,5050.926221934966,2105.5043097726343,-2945.4219121623314,-58.31449090210559,True,False
M5,FOODS_3_694__WI_1,switching_cost,low,0.0,2875.6748158747882,1365.9732486586652,-1509.701567216123,-52.4990363612051,True,False
M5,FOODS_3_694__WI_1,switching_cost,medium,0.05,2875.6748158747882,1371.1281740011736,-1504.5466418736146,-52.31977668573515,True,False
M5,FOODS_3_694__WI_1,switching_cost,high,0.2,2875.6748158747882,1371.4281740011738,-1504.2466418736144,-52.309344351788894,True,False
M5,FOODS_3_694__WI_2,lead_time,low,0.0,912.9741997349216,685.8112158956645,-227.1629838392571,-24.88164330440148,True,False
M5,FOODS_3_694__WI_2,lead_time,medium,2.0,4697.114627470236,947.164137216367,-3749.9504902538692,-79.8351921906047,True,False
M5,FOODS_3_694__WI_2,lead_time,high,7.0,5861.266364358305,1938.9044936792056,-3922.361870679099,-66.92004128204336,True,False
M5,FOODS_3_694__WI_2,switching_cost,low,0.0,4697.114627470236,947.114137216367,-3750.000490253869,-79.83625667388786,True,False
M5,FOODS_3_694__WI_2,switching_cost,medium,0.05,4697.114627470236,947.164137216367,-3749.9504902538692,-79.8351921906047,True,False
M5,FOODS_3_694__WI_2,switching_cost,high,0.2,4697.114627470236,947.3141372163669,-3749.800490253869,-79.83199874075524,True,False
M5,FOODS_3_694__WI_3,lead_time,low,0.0,984.1611088042971,679.8666639657386,-304.29444483855855,-30.919169850987096,True,False
M5,FOODS_3_694__WI_3,lead_time,medium,2.0,2773.699400422123,1558.9356447870541,-1214.7637556350687,-43.79579688592775,True,False
M5,FOODS_3_694__WI_3,lead_time,high,7.0,6058.154119743425,3113.475272394224,-2944.6788473492015,-48.60686587276711,True,False
M5,FOODS_3_694__WI_3,switching_cost,low,0.0,2773.699400422123,1558.8356447870544,-1214.8637556350684,-43.79940217927657,True,False
M5,FOODS_3_694__WI_3,switching_cost,medium,0.05,2773.699400422123,1558.9356447870541,-1214.7637556350687,-43.79579688592775,True,False
M5,FOODS_3_694__WI_3,switching_cost,high,0.2,2773.699400422123,1559.2356447870543,-1214.4637556350685,-43.78498100588125,True,False
M5,FOODS_3_711__CA_3,lead_time,low,0.0,1439.0386893441864,819.98399531232,-619.0546940318665,-43.01862754739336,True,False
M5,FOODS_3_711__CA_3,lead_time,medium,2.0,2433.785332846851,940.6468564977631,-1493.1384763490878,-61.350459146802876,True,False
M5,FOODS_3_711__CA_3,lead_time,high,7.0,4714.859683295037,3404.671130612886,-1310.188552682151,-27.788495113103977,True,False
M5,FOODS_3_711__CA_3,switching_cost,low,0.0,2433.785332846851,940.5468564977631,-1493.2384763490877,-61.35456797261633,True,False
M5,FOODS_3_711__CA_3,switching_cost,medium,0.05,2433.785332846851,940.6468564977631,-1493.1384763490878,-61.350459146802876,True,False
M5,FOODS_3_711__CA_3,switching_cost,high,0.2,2433.785332846851,940.9468564977631,-1492.8384763490878,-61.33813266936252,True,False
M5,FOODS_3_711__WI_2,lead_time,low,0.0,3546.3670445215002,3325.6670646550865,-220.69997986641374,-6.223269534589082,True,False
M5,FOODS_3_711__WI_2,lead_time,medium,2.0,3190.104774481777,2897.021823282258,-293.0829511995189,-9.187251576936978,True,False
M5,FOODS_3_711__WI_2,lead_time,high,7.0,3123.784165232076,3272.0938219433406,148.30965671126478,4.747756210623034,True,True
M5,FOODS_3_711__WI_2,switching_cost,low,0.0,3190.104774481777,2896.971823282258,-293.1329511995191,-9.18881892357713,True,False
M5,FOODS_3_711__WI_2,switching_cost,medium,0.05,3190.104774481777,2897.021823282258,-293.0829511995189,-9.187251576936978,True,False
M5,FOODS_3_711__WI_2,switching_cost,high,0.2,3190.104774481777,2897.1718232822577,-292.93295119951927,-9.18254953701655,True,False
M5,FOODS_3_714__CA_1,lead_time,low,0.0,3994.330361867511,2594.858725503544,-1399.4716363639668,-35.03645191004324,True,False
M5,FOODS_3_714__CA_1,lead_time,medium,2.0,6178.778750198557,3103.522001569814,-3075.2567486287426,-49.771271524003325,True,False
M5,FOODS_3_714__CA_1,lead_time,high,7.0,3812.781009645022,3229.2862884237034,-583.4947212213187,-15.303651579917078,True,False
M5,FOODS_3_714__CA_1,switching_cost,low,0.0,6178.778750198557,3103.479397022771,-3075.2993531757857,-49.77196105422872,True,False
M5,FOODS_3_714__CA_1,switching_cost,medium,0.05,6178.778750198557,3103.522001569814,-3075.2567486287426,-49.771271524003325,True,False
M5,FOODS_3_714__CA_1,switching_cost,high,0.2,6178.778750198557,3103.672001569814,-3075.106748628743,-49.76884385979873,True,False
M5,FOODS_3_714__CA_3,lead_time,low,0.0,969.6740766088485,874.2826598924136,-95.39141671643495,-9.837472096814068,True,False
M5,FOODS_3_714__CA_3,lead_time,medium,2.0,1722.5011477807102,1376.850648039112,-345.6504997415982,-20.06677906641387,True,False
M5,FOODS_3_714__CA_3,lead_time,high,7.0,3815.2157911636623,3401.588196595151,-413.6275945685111,-10.841525544282579,True,False
M5,FOODS_3_714__CA_3,switching_cost,low,0.0,1722.5011477807102,1376.600648039112,-345.9004997415982,-20.081292844841368,True,False
M5,FOODS_3_714__CA_3,switching_cost,medium,0.05,1722.5011477807102,1376.850648039112,-345.6504997415982,-20.06677906641387,True,False
M5,FOODS_3_714__CA_3,switching_cost,high,0.2,1722.5011477807102,1377.5342265251934,-344.9669212555168,-20.02709383967471,True,False
M5,FOODS_3_714__TX_1,lead_time,low,0.0,895.728116493387,793.6766615869819,-102.05145490640507,-11.393128453522035,True,False
M5,FOODS_3_714__TX_1,lead_time,medium,2.0,2492.190186633954,1508.089893230252,-984.1002934037019,-39.48736732379421,True,False
M5,FOODS_3_714__TX_1,lead_time,high,7.0,10980.955862862726,3796.600722986135,-7184.35513987659,-65.425589808387,True,False
M5,FOODS_3_714__TX_1,switching_cost,low,0.0,2492.190186633954,1511.729178944538,-980.461007689416,-39.341339715877126,True,False
M5,FOODS_3_714__TX_1,switching_cost,medium,0.05,2492.190186633954,1508.089893230252,-984.1002934037019,-39.48736732379421,True,False
M5,FOODS_3_714__TX_1,switching_cost,high,0.2,2492.190186633954,1508.389893230252,-983.800293403702,-39.47532971921616,True,False
M5,FOODS_3_714__TX_2,lead_time,low,0.0,670.765291166208,582.2593878730805,-88.50590329312752,-13.194764913856694,True,False
M5,FOODS_3_714__TX_2,lead_time,medium,2.0,1514.3234264699058,812.7107336364494,-701.6126928334564,-46.331759818905475,True,False
M5,FOODS_3_714__TX_2,lead_time,high,7.0,1944.4029367615478,1541.867026564066,-402.5359101974818,-20.70228873794624,True,False
M5,FOODS_3_714__TX_2,switching_cost,low,0.0,1514.3234264699058,826.8026265779101,-687.5207998919957,-45.401186290480915,True,False
M5,FOODS_3_714__TX_2,switching_cost,medium,0.05,1514.3234264699058,812.7107336364494,-701.6126928334564,-46.331759818905475,True,False
M5,FOODS_3_714__TX_2,switching_cost,high,0.2,1514.3234264699058,813.0107336364493,-701.3126928334565,-46.31194899152501,True,False
M5,FOODS_3_714__TX_3,lead_time,low,0.0,1295.2638934064857,1234.3649695281454,-60.89892387834038,-4.70166150607186,True,False
M5,FOODS_3_714__TX_3,lead_time,medium,2.0,4092.5889315731456,1756.5564869537009,-2336.0324446194445,-57.07957685653759,True,False
M5,FOODS_3_714__TX_3,lead_time,high,7.0,9853.968856474432,2782.380933868885,-7071.587922605547,-71.76385500710451,True,False
M5,FOODS_3_714__TX_3,switching_cost,low,0.0,4092.5889315731456,1756.2564869537007,-2336.3324446194447,-57.086907179837006,True,False
M5,FOODS_3_714__TX_3,switching_cost,medium,0.05,4092.5889315731456,1756.5564869537009,-2336.0324446194445,-57.07957685653759,True,False
M5,FOODS_3_714__TX_3,switching_cost,high,0.2,4092.5889315731456,1760.6867882929864,-2331.902143280159,-56.978655376067834,True,False
M5,FOODS_3_714__WI_3,lead_time,low,0.0,866.307780975047,844.964490988012,-21.34328998703495,-2.4637075247105185,True,False
M5,FOODS_3_714__WI_3,lead_time,medium,2.0,2222.049527710486,1241.1016318931343,-980.9478958173518,-44.14608601582714,True,False
M5,FOODS_3_714__WI_3,lead_time,high,7.0,4209.416850356649,2998.355794719415,-1211.061055637234,-28.770280984042365,True,False
M5,FOODS_3_714__WI_3,switching_cost,low,0.0,2222.049527710486,1240.9516318931342,-981.0978958173519,-44.15283654042749,True,False
M5,FOODS_3_714__WI_3,switching_cost,medium,0.05,2222.049527710486,1241.1016318931343,-980.9478958173518,-44.14608601582714,True,False
M5,FOODS_3_714__WI_3,switching_cost,high,0.2,2222.049527710486,1241.5516318931343,-980.4978958173517,-44.12583444202609,True,False
M5,FOODS_3_723__CA_3,lead_time,low,0.0,1989.2619902119313,1554.5223678188754,-434.7396223930559,-21.854317054876205,True,False
M5,FOODS_3_723__CA_3,lead_time,medium,2.0,3297.0041290968584,5762.568966986038,2465.564837889179,74.78197604091464,True,True
M5,FOODS_3_723__CA_3,lead_time,high,7.0,7942.8069844119855,5679.117660696825,-2263.6893237151608,-28.499865704375342,True,False
M5,FOODS_3_723__CA_3,switching_cost,low,0.0,3297.0041290968584,5762.218966986036,2465.214837889178,74.77136034295684,True,True
M5,FOODS_3_723__CA_3,switching_cost,medium,0.05,3297.0041290968584,5762.568966986038,2465.564837889179,74.78197604091464,True,True
M5,FOODS_3_723__CA_3,switching_cost,high,0.2,3297.0041290968584,5058.2512605493,1761.2471314524419,53.41962164708895,True,True
M5,FOODS_3_723__WI_3,lead_time,low,0.0,508.5202986103179,615.6526711704342,107.13237256011632,21.06747220374235,True,True
M5,FOODS_3_723__WI_3,lead_time,medium,2.0,2944.516217072697,1205.4605135273398,-1739.0557035453573,-59.06082953328906,True,False
M5,FOODS_3_723__WI_3,lead_time,high,7.0,5306.580885893297,1753.236892054373,-3553.343993838924,-66.9610822909517,True,False
M5,FOODS_3_723__WI_3,switching_cost,low,0.0,2944.516217072697,1201.555077357507,-1742.9611397151903,-59.193463755073566,True,False
M5,FOODS_3_723__WI_3,switching_cost,medium,0.05,2944.516217072697,1205.4605135273398,-1739.0557035453573,-59.06082953328906,True,False
M5,FOODS_3_723__WI_3,switching_cost,high,0.2,2944.516217072697,1200.731678970058,-1743.784538102639,-59.22142754697509,True,False
M5,FOODS_3_752__CA_3,lead_time,low,0.0,5437.8942233755715,5234.2811034526,-203.61311992297124,-3.744337634367931,True,False
M5,FOODS_3_752__CA_3,lead_time,medium,2.0,5718.306095375268,5523.45814974394,-194.847945631328,-3.407441686077509,True,False
M5,FOODS_3_752__CA_3,lead_time,high,7.0,8084.990284727076,6792.160022600747,-1292.8302621263292,-15.990498647457201,True,False
M5,FOODS_3_752__CA_3,switching_cost,low,0.0,5718.306095375268,5437.077861614805,-281.2282337604629,-4.918033925954204,True,False
M5,FOODS_3_752__CA_3,switching_cost,medium,0.05,5718.306095375268,5523.45814974394,-194.847945631328,-3.407441686077509,True,False
M5,FOODS_3_752__CA_3,switching_cost,high,0.2,5718.306095375268,5523.90814974394,-194.39794563132818,-3.399572222769769,True,False
M5,FOODS_3_804__CA_3,lead_time,low,0.0,3455.890320614718,3254.504036227441,-201.3862843872771,-5.827334368396722,True,False
M5,FOODS_3_804__CA_3,lead_time,medium,2.0,4314.722498893294,3359.98952635259,-954.7329725407039,-22.127332007692,True,False
M5,FOODS_3_804__CA_3,lead_time,high,7.0,1894.5568307059148,1894.0836431806963,-0.47318752521846363,-0.024976158938560488,True,False
M5,FOODS_3_804__CA_3,switching_cost,low,0.0,4314.722498893294,3359.8395263525904,-954.8829725407036,-22.130808476921207,True,False
M5,FOODS_3_804__CA_3,switching_cost,medium,0.05,4314.722498893294,3359.98952635259,-954.7329725407039,-22.127332007692,True,False
M5,FOODS_3_804__CA_3,switching_cost,high,0.2,4314.722498893294,3360.4395263525903,-954.2829725407037,-22.11690260000435,True,False
M5,FOODS_3_808__CA_1,lead_time,low,0.0,1215.8433825154261,1185.6332258119319,-30.21015670349425,-2.4847079104048135,True,False
M5,FOODS_3_808__CA_1,lead_time,medium,2.0,1248.2308785885741,1340.5522326269881,92.32135403841403,7.396176109888066,True,True
M5,FOODS_3_808__CA_1,lead_time,high,7.0,1239.115625,1272.2351013979576,33.11947639795767,2.672831794688867,True,True
M5,FOODS_3_808__CA_1,switching_cost,low,0.0,1248.2308785885741,1340.202232626988,91.97135403841389,7.368136425403101,True,True
M5,FOODS_3_808__CA_1,switching_cost,medium,0.05,1248.2308785885741,1340.5522326269881,92.32135403841403,7.396176109888066,True,True
M5,FOODS_3_808__CA_1,switching_cost,high,0.2,1248.2308785885741,1341.602232626988,93.37135403841398,7.480295163342924,True,True
M5,FOODS_3_808__CA_3,lead_time,low,0.0,1685.6494484940113,1785.4852588467957,99.83581035278439,5.922691129046995,True,True
M5,FOODS_3_808__CA_3,lead_time,medium,2.0,2117.7721001587483,2810.8843226841527,693.1122225254044,32.72836687542765,True,True
M5,FOODS_3_808__CA_3,lead_time,high,7.0,6923.042206554614,6647.608876255579,-275.4333302990344,-3.9785013882807045,True,False
M5,FOODS_3_808__CA_3,switching_cost,low,0.0,2117.7721001587483,2810.784322684153,693.0122225254045,32.72364493202343,True,True
M5,FOODS_3_808__CA_3,switching_cost,medium,0.05,2117.7721001587483,2810.8843226841527,693.1122225254044,32.72836687542765,True,True
M5,FOODS_3_808__CA_3,switching_cost,high,0.2,2117.7721001587483,2811.184322684153,693.4122225254046,32.74253270564034,True,True
M5,HOUSEHOLD_1_118__CA_3,lead_time,low,0.0,2072.6901329312436,2573.1165815497693,500.4264486185257,24.143813909646575,True,True
M5,HOUSEHOLD_1_118__CA_3,lead_time,medium,2.0,4767.8884041489655,2391.9480972091173,-2375.940306939848,-49.83212914279475,True,False
M5,HOUSEHOLD_1_118__CA_3,lead_time,high,7.0,10592.53035714286,3958.041768038524,-6634.488589104336,-62.633651879321754,True,False
M5,HOUSEHOLD_1_118__CA_3,switching_cost,low,0.0,4767.8884041489655,2391.7980972091177,-2376.090306939848,-49.83527518958286,True,False
M5,HOUSEHOLD_1_118__CA_3,switching_cost,medium,0.05,4767.8884041489655,2391.9480972091173,-2375.940306939848,-49.83212914279475,True,False
M5,HOUSEHOLD_1_118__CA_3,switching_cost,high,0.2,4767.8884041489655,2392.3980972091176,-2375.490306939848,-49.822691002430375,True,False
M5,HOUSEHOLD_1_334__CA_3,lead_time,low,0.0,6855.3642857142895,6223.027418015778,-632.3368676985119,-9.22397178828588,True,False
M5,HOUSEHOLD_1_334__CA_3,lead_time,medium,2.0,8913.813293423158,8571.20570317315,-342.6075902500088,-3.843558070739417,True,False
M5,HOUSEHOLD_1_334__CA_3,lead_time,high,7.0,8533.558440717494,5913.864542799951,-2619.693897917543,-30.698728040787657,True,False
M5,HOUSEHOLD_1_334__CA_3,switching_cost,low,0.0,8913.813293423158,8570.855703173149,-342.95759025000916,-3.8474845608786996,True,False
M5,HOUSEHOLD_1_334__CA_3,switching_cost,medium,0.05,8913.813293423158,8571.20570317315,-342.6075902500088,-3.843558070739417,True,False
M5,HOUSEHOLD_1_334__CA_3,switching_cost,high,0.2,8913.813293423158,8572.255703173149,-341.5575902500095,-3.831778600321588,True,False
M5,HOUSEHOLD_1_459__CA_3,lead_time,low,0.0,5333.47766618245,5876.733817808102,543.2561516256519,10.185777191310507,True,True
M5,HOUSEHOLD_1_459__CA_3,lead_time,medium,2.0,6356.919838360084,6820.319675972875,463.3998376127911,7.289691381924613,True,True
M5,HOUSEHOLD_1_459__CA_3,lead_time,high,7.0,9194.245560560781,10661.735642587933,1467.4900820271523,15.960962455930384,True,True
M5,HOUSEHOLD_1_459__CA_3,switching_cost,low,0.0,6356.919838360084,7106.716104544306,749.7962661842221,11.794961793597974,True,True
M5,HOUSEHOLD_1_459__CA_3,switching_cost,medium,0.05,6356.919838360084,6820.319675972875,463.3998376127911,7.289691381924613,True,True
M5,HOUSEHOLD_1_459__CA_3,switching_cost,high,0.2,6356.919838360084,6821.219675972877,464.29983761279254,7.303849181973789,True,True
Walmart,store_001__dept_009,lead_time,low,0.0,1971820.5936780965,2322593.298923077,350772.7052449805,17.78928095028532,True,True
Walmart,store_001__dept_009,lead_time,medium,2.0,2725838.982769232,2181769.2822543713,-544069.7005148605,-19.959715300649552,True,False
Walmart,store_001__dept_009,lead_time,high,7.0,3502157.402615385,2920595.8904376365,-581561.5121777486,-16.605807373005074,True,False
Walmart,store_001__dept_009,switching_cost,low,0.0,2725838.982769232,2181769.232254371,-544069.7505148607,-19.959717134947198,True,False
Walmart,store_001__dept_009,switching_cost,medium,0.05,2725838.982769232,2181769.2822543713,-544069.7005148605,-19.959715300649552,True,False
Walmart,store_001__dept_009,switching_cost,high,0.2,2725838.982769232,2181769.4322543712,-544069.5505148605,-19.95970979775665,True,False
Walmart,store_001__dept_024,lead_time,low,0.0,1700144.8709134613,1700145.0709134613,0.19999999995343387,1.1763703398168474e-05,False,False
Walmart,store_001__dept_024,lead_time,medium,2.0,1790575.2143749997,1518993.2001509208,-271582.014224079,-15.167305569951981,True,False
Walmart,store_001__dept_024,lead_time,high,7.0,1593364.3571885074,1584828.4551216564,-8535.902066851035,-0.5357156402012556,True,False
Walmart,store_001__dept_024,switching_cost,low,0.0,1790575.2143749997,1518992.900150921,-271582.3142240788,-15.167322324344504,True,False
Walmart,store_001__dept_024,switching_cost,medium,0.05,1790575.2143749997,1518993.2001509208,-271582.014224079,-15.167305569951981,True,False
Walmart,store_001__dept_024,switching_cost,high,0.2,1790575.2143749997,1518994.100150921,-271581.11422407883,-15.167255306774377,True,False
Walmart,store_001__dept_038,lead_time,low,0.0,158583.2804419366,197230.93659488726,38647.65615295066,24.370574278226663,True,True
Walmart,store_001__dept_038,lead_time,medium,2.0,361043.50717924716,370391.11302670895,9347.60584746179,2.589052471956236,True,True
Walmart,store_001__dept_038,lead_time,high,7.0,2263376.138238136,2204154.8930984307,-59221.24513970548,-2.6165003747810407,True,False
Walmart,store_001__dept_038,switching_cost,low,0.0,361043.50717924716,370390.7130267089,9347.205847461766,2.5889416819843714,True,True
Walmart,store_001__dept_038,switching_cost,medium,0.05,361043.50717924716,370391.11302670895,9347.60584746179,2.589052471956236,True,True
Walmart,store_001__dept_038,switching_cost,high,0.2,361043.50717924716,370392.31302670896,9348.805847461801,2.589384841871814,True,True
Walmart,store_001__dept_090,lead_time,low,0.0,251152.55492103193,235566.85236518734,-15585.70255584459,-6.205671513373649,True,False
Walmart,store_001__dept_090,lead_time,medium,2.0,549835.1799485477,485284.20598453697,-64550.97396401077,-11.740058897295604,True,False
Walmart,store_001__dept_090,lead_time,high,7.0,2729181.7292220294,2906881.3925083447,177699.66328631528,6.511096765145416,True,True
Walmart,store_001__dept_090,switching_cost,low,0.0,549835.1799485477,485283.95598453697,-64551.22396401077,-11.740104365466633,True,False
Walmart,store_001__dept_090,switching_cost,medium,0.05,549835.1799485477,485284.20598453697,-64550.97396401077,-11.740058897295604,True,False
Walmart,store_001__dept_090,switching_cost,high,0.2,549835.1799485477,485284.9559845369,-64550.22396401083,-11.739922492782526,True,False
Walmart,store_001__dept_092,lead_time,low,0.0,509169.54943618394,566939.4083322372,57769.85889605322,11.345898229778905,True,True
Walmart,store_001__dept_092,lead_time,medium,2.0,1004119.9726094542,900637.0577472073,-103482.91486224683,-10.305831741731108,True,False
Walmart,store_001__dept_092,lead_time,high,7.0,4523067.330145472,4339989.384714635,-183077.94543083664,-4.0476502352873105,True,False
Walmart,store_001__dept_092,switching_cost,low,0.0,1004119.9726094542,873136.0488534217,-130983.92375603248,-13.044648779929986,True,False
Walmart,store_001__dept_092,switching_cost,medium,0.05,1004119.9726094542,900637.0577472073,-103482.91486224683,-10.305831741731108,True,False
Walmart,store_001__dept_092,switching_cost,high,0.2,1004119.9726094542,900637.6577472072,-103482.31486224697,-10.305771987915207,True,False
Walmart,store_001__dept_095,lead_time,low,0.0,355257.634242775,424985.82479763293,69728.19055485795,19.627499547893542,True,True
Walmart,store_001__dept_095,lead_time,medium,2.0,656148.4984699849,657305.0072163076,1156.50874632271,0.17625716572078903,True,False
Walmart,store_001__dept_095,lead_time,high,7.0,3923289.5413427954,4295083.963941169,371794.4225983736,9.476599131429955,True,True
Walmart,store_001__dept_095,switching_cost,low,0.0,656148.4984699849,657304.8072163076,1156.3087463227566,0.1762266848158689,True,False
Walmart,store_001__dept_095,switching_cost,medium,0.05,656148.4984699849,657305.0072163076,1156.50874632271,0.17625716572078903,True,False
Walmart,store_001__dept_095,switching_cost,high,0.2,656148.4984699849,657305.6072163074,1157.1087463225704,0.1763486084355494,True,False
Walmart,store_002__dept_038,lead_time,low,0.0,122491.80382596084,128865.41853727297,6373.614711312126,5.203298924692057,True,True
Walmart,store_002__dept_038,lead_time,medium,2.0,485349.75892513274,464258.2835066141,-21091.475418518647,-4.345623961002543,True,False
Walmart,store_002__dept_038,lead_time,high,7.0,2578003.7859326685,2438966.3798452723,-139037.4060873962,-5.393219623884119,True,False
Walmart,store_002__dept_038,switching_cost,low,0.0,485349.75892513274,462716.5905145159,-22633.16841061687,-4.663269733715502,True,False
Walmart,store_002__dept_038,switching_cost,medium,0.05,485349.75892513274,464258.2835066141,-21091.475418518647,-4.345623961002543,True,False
Walmart,store_002__dept_038,switching_cost,high,0.2,485349.75892513274,459886.9297790706,-25462.82914606214,-5.246284494392814,True,False
Walmart,store_002__dept_090,lead_time,low,0.0,218239.99551997136,196713.5362202737,-21526.459299697657,-9.863663737899843,True,False
Walmart,store_002__dept_090,lead_time,medium,2.0,633816.482651545,586623.8066561824,-47192.67599536257,-7.445795003300319,True,False
Walmart,store_002__dept_090,lead_time,high,7.0,3227117.191346825,2976115.0174208274,-251002.1739259977,-7.777907000062892,True,False
Walmart,store_002__dept_090,switching_cost,low,0.0,633816.482651545,586623.5066561823,-47192.97599536262,-7.445842335613105,True,False
Walmart,store_002__dept_090,switching_cost,medium,0.05,633816.482651545,586623.8066561824,-47192.67599536257,-7.445795003300319,True,False
Walmart,store_002__dept_090,switching_cost,high,0.2,633816.482651545,586624.7066561824,-47191.77599536255,-7.445653006361986,True,False
Walmart,store_002__dept_091,lead_time,low,0.0,210015.34062836564,143440.67082000143,-66574.66980836421,-31.699908020610724,True,False
Walmart,store_002__dept_091,lead_time,medium,2.0,385932.04299356026,351964.1801153315,-33967.86287822877,-8.80151402167857,True,False
Walmart,store_002__dept_091,lead_time,high,7.0,2370665.7824041215,2437994.0999116576,67328.31750753615,2.8400594468975577,True,True
Walmart,store_002__dept_091,switching_cost,low,0.0,385932.04299356026,351964.0301153314,-33968.01287822885,-8.801552888624915,True,False
Walmart,store_002__dept_091,switching_cost,medium,0.05,385932.04299356026,351964.1801153315,-33967.86287822877,-8.80151402167857,True,False
Walmart,store_002__dept_091,switching_cost,high,0.2,385932.04299356026,351964.63011533144,-33967.41287822882,-8.801397420839608,True,False
Walmart,store_002__dept_092,lead_time,low,0.0,503972.97523937415,521967.23430042824,17994.259061054094,3.5704809474173262,True,True
Walmart,store_002__dept_092,lead_time,medium,2.0,1423391.9884047178,1104085.4859290204,-319306.5024756973,-22.43278767035661,True,False
Walmart,store_002__dept_092,lead_time,high,7.0,6097980.4708064655,5490986.275815098,-606994.1949913679,-9.954019989032405,True,False
Walmart,store_002__dept_092,switching_cost,low,0.0,1423391.9884047178,1104085.0859290203,-319306.90247569745,-22.43281577224305,True,False
Walmart,store_002__dept_092,switching_cost,medium,0.05,1423391.9884047178,1104085.4859290204,-319306.5024756973,-22.43278767035661,True,False
Walmart,store_002__dept_092,switching_cost,high,0.2,1423391.9884047178,1104086.6859290202,-319305.3024756976,-22.432703364697346,True,False
Walmart,store_002__dept_095,lead_time,low,0.0,288968.97560502123,223079.65546265212,-65889.3201423691,-22.801520476173977,True,False
Walmart,store_002__dept_095,lead_time,medium,2.0,770151.1666016427,747240.0892004472,-22911.077401195536,-2.974880568225665,True,False
Walmart,store_002__dept_095,lead_time,high,7.0,4649090.037543732,4900157.879566423,251067.84202269092,5.40036523266257,True,True
Walmart,store_002__dept_095,switching_cost,low,0.0,770151.1666016427,747239.9892004471,-22911.17740119563,-2.974893552689551,True,False
Walmart,store_002__dept_095,switching_cost,medium,0.05,770151.1666016427,747240.0892004472,-22911.077401195536,-2.974880568225665,True,False
Walmart,store_002__dept_095,switching_cost,high,0.2,770151.1666016427,747240.3892004471,-22910.777401195606,-2.974841614834053,True,False
Walmart,store_003__dept_038,lead_time,low,0.0,208690.07630787446,203373.84270313015,-5316.23360474431,-2.5474299970552616,True,False
Walmart,store_003__dept_038,lead_time,medium,2.0,710790.2350399004,573298.015373172,-137492.2196667284,-19.343571828756232,True,False
Walmart,store_003__dept_038,lead_time,high,7.0,3569708.944180409,3049104.878265158,-520604.06591525115,-14.583935947046232,True,False
Walmart,store_003__dept_038,switching_cost,low,0.0,710790.2350399004,573297.815373172,-137492.41966672835,-19.343599966452857,True,False
Walmart,store_003__dept_038,switching_cost,medium,0.05,710790.2350399004,573298.015373172,-137492.2196667284,-19.343571828756232,True,False
Walmart,store_003__dept_038,switching_cost,high,0.2,710790.2350399004,573298.615373172,-137491.61966672842,-19.343487415666353,True,False
Walmart,store_004__dept_002,lead_time,low,0.0,313622.0581208936,261512.9872250072,-52109.0708958864,-16.61524422360612,True,False
Walmart,store_004__dept_002,lead_time,medium,2.0,707039.6045706595,588907.149797002,-118132.45477365749,-16.70803926823758,True,False
Walmart,store_004__dept_002,lead_time,high,7.0,3018045.542942344,2999446.0548994564,-18599.488042887766,-0.616275923548682,True,False
Walmart,store_004__dept_002,switching_cost,low,0.0,707039.6045706595,588906.649797002,-118132.95477365749,-16.708109985634,True,False
Walmart,store_004__dept_002,switching_cost,medium,0.05,707039.6045706595,588907.149797002,-118132.45477365749,-16.70803926823758,True,False
Walmart,store_004__dept_002,switching_cost,high,0.2,707039.6045706595,588908.649797002,-118130.95477365749,-16.707827116048325,True,False
Walmart,store_004__dept_038,lead_time,low,0.0,223329.67483489338,155187.4718872684,-68142.20294762499,-30.511933981904647,True,False
Walmart,store_004__dept_038,lead_time,medium,2.0,408503.54412195453,343898.1699193512,-64605.37420260336,-15.815131871491449,True,False
Walmart,store_004__dept_038,lead_time,high,7.0,2389505.3309782576,2316809.6480546747,-72695.68292358285,-3.0422900497912435,True,False
Walmart,store_004__dept_038,switching_cost,low,0.0,408503.54412195453,343897.6199193512,-64605.924202603346,-15.815266509246223,True,False
Walmart,store_004__dept_038,switching_cost,medium,0.05,408503.54412195453,343898.1699193512,-64605.37420260336,-15.815131871491449,True,False
Walmart,store_004__dept_038,switching_cost,high,0.2,408503.54412195453,343899.8199193511,-64603.72420260345,-15.814727958227133,True,False
Walmart,store_004__dept_040,lead_time,low,0.0,192209.10819914416,150006.2745193605,-42202.83367978365,-21.956729353355154,True,False
Walmart,store_004__dept_040,lead_time,medium,2.0,528303.3927442741,484298.50312625366,-44004.88961802045,-8.329473219817286,True,False
Walmart,store_004__dept_040,lead_time,high,7.0,2622289.2954680067,2358819.61681257,-263469.6786554367,-10.047315493022847,True,False
Walmart,store_004__dept_040,switching_cost,low,0.0,528303.3927442741,484298.2031262537,-44005.189618020435,-8.329530005369698,True,False
Walmart,store_004__dept_040,switching_cost,medium,0.05,528303.3927442741,484298.50312625366,-44004.88961802045,-8.329473219817286,True,False
Walmart,store_004__dept_040,switching_cost,high,0.2,528303.3927442741,484299.4031262537,-44003.98961802042,-8.329302863160034,True,False
Walmart,store_004__dept_059,lead_time,low,0.0,5259.046385726573,3588.5840723164024,-1670.4623134101707,-31.76359725489253,True,False
Walmart,store_004__dept_059,lead_time,medium,2.0,7285.003624029729,5606.65569333493,-1678.3479306947984,-23.038395274900545,True,False
Walmart,store_004__dept_059,lead_time,high,7.0,11744.831518248997,11706.927625031884,-37.903893217113364,-0.32272828399640036,True,False
Walmart,store_004__dept_059,switching_cost,low,0.0,7285.003624029729,5606.555693334931,-1678.4479306947978,-23.039767957814107,True,False
Walmart,store_004__dept_059,switching_cost,medium,0.05,7285.003624029729,5606.65569333493,-1678.3479306947984,-23.038395274900545,True,False
Walmart,store_004__dept_059,switching_cost,high,0.2,7285.003624029729,5606.95569333493,-1678.0479306947982,-23.03427722615983,True,False
Walmart,store_004__dept_072,lead_time,low,0.0,833665.5359526568,811013.220154185,-22652.3157984718,-2.7171947047788487,True,False
Walmart,store_004__dept_072,lead_time,medium,2.0,1849673.8248638597,1628416.0219522773,-221257.8029115824,-11.96199026754717,True,False
Walmart,store_004__dept_072,lead_time,high,7.0,4725197.975344963,4050031.317990591,-675166.6573543726,-14.288642737875591,True,False
Walmart,store_004__dept_072,switching_cost,low,0.0,1849673.8248638597,1628415.6719522772,-221258.1529115825,-11.962009189802295,True,False
Walmart,store_004__dept_072,switching_cost,medium,0.05,1849673.8248638597,1628416.0219522773,-221257.8029115824,-11.96199026754717,True,False
Walmart,store_004__dept_072,switching_cost,high,0.2,1849673.8248638597,1628417.071952277,-221256.7529115826,-11.961933500781825,True,False
Walmart,store_004__dept_090,lead_time,low,0.0,231643.61652094978,245919.8325384906,14276.216017540806,6.163008604318551,True,True
Walmart,store_004__dept_090,lead_time,medium,2.0,611524.2911257969,466291.5152262054,-145232.77589959145,-23.749306120321485,True,False
Walmart,store_004__dept_090,lead_time,high,7.0,3036045.9385194248,2568409.9646040415,-467635.9739153832,-15.402796380065093,True,False
Walmart,store_004__dept_090,switching_cost,low,0.0,611524.2911257969,466291.01522620546,-145233.2758995914,-23.749387883222354,True,False
Walmart,store_004__dept_090,switching_cost,medium,0.05,611524.2911257969,466291.5152262054,-145232.77589959145,-23.749306120321485,True,False
Walmart,store_004__dept_090,switching_cost,high,0.2,611524.2911257969,466293.01522620546,-145231.2758995914,-23.74906083161884,True,False
Walmart,store_004__dept_092,lead_time,low,0.0,568157.7487391841,539956.3710140361,-28201.37772514799,-4.963652750971102,True,False
Walmart,store_004__dept_092,lead_time,medium,2.0,1305786.7622904475,1186291.3065667106,-119495.4557237369,-9.151222785727507,True,False
Walmart,store_004__dept_092,lead_time,high,7.0,6026603.831291979,4997336.723085535,-1029267.1082064444,-17.07872521605242,True,False
Walmart,store_004__dept_092,switching_cost,low,0.0,1305786.7622904475,1186291.2565667108,-119495.50572373671,-9.151226614836611,True,False
Walmart,store_004__dept_092,switching_cost,medium,0.05,1305786.7622904475,1186291.3065667106,-119495.4557237369,-9.151222785727507,True,False
Walmart,store_004__dept_092,switching_cost,high,0.2,1305786.7622904475,1186291.4565667107,-119495.30572373676,-9.151211298400137,True,False
Walmart,store_004__dept_095,lead_time,low,0.0,556007.6356423323,505116.86482513236,-50890.7708171999,-9.152890635828756,True,False
Walmart,store_004__dept_095,lead_time,medium,2.0,1263653.9585500425,1043324.0986377808,-220329.85991226172,-17.435933185780964,True,False
Walmart,store_004__dept_095,lead_time,high,7.0,5350092.93580288,5218997.567459683,-131095.3683431968,-2.450338151434813,True,False
Walmart,store_004__dept_095,switching_cost,low,0.0,1263653.9585500425,1043323.8486377808,-220330.10991226172,-17.435952969678155,True,False
Walmart,store_004__dept_095,switching_cost,medium,0.05,1263653.9585500425,1043324.0986377808,-220329.85991226172,-17.435933185780964,True,False
Walmart,store_004__dept_095,switching_cost,high,0.2,1263653.9585500425,1043324.8486377808,-220329.10991226172,-17.435873834089396,True,False
Walmart,store_006__dept_036,lead_time,low,0.0,74722.95025705193,70342.48731821598,-4380.462938835946,-5.862272466179215,True,False
Walmart,store_006__dept_036,lead_time,medium,2.0,206763.07938903806,313354.80116490286,106591.7217758648,51.55258960682512,True,True
Walmart,store_006__dept_036,lead_time,high,7.0,632507.2276875657,661282.0601780817,28774.83249051601,4.549328644941537,True,True
Walmart,store_006__dept_036,switching_cost,low,0.0,206763.07938903806,313354.7511649029,106591.67177586482,51.55256542455808,True,True
Walmart,store_006__dept_036,switching_cost,medium,0.05,206763.07938903806,313354.80116490286,106591.7217758648,51.55258960682512,True,True
Walmart,store_006__dept_036,switching_cost,high,0.2,206763.07938903806,313354.9511649029,106591.87177586483,51.55266215362625,True,True
Walmart,store_006__dept_038,lead_time,low,0.0,225303.2331595258,178148.70019856046,-47154.53296096533,-20.929363640146963,True,False
Walmart,store_006__dept_038,lead_time,medium,2.0,458909.63720035134,363579.72523398144,-95329.9119663699,-20.77313358419419,True,False
Walmart,store_006__dept_038,lead_time,high,7.0,2280868.173009274,2338628.571119744,57760.3981104698,2.53238651816792,True,True
Walmart,store_006__dept_038,switching_cost,low,0.0,458909.63720035134,363579.1252339814,-95330.51196636993,-20.773264328888004,True,False
Walmart,store_006__dept_038,switching_cost,medium,0.05,458909.63720035134,363579.72523398144,-95329.9119663699,-20.77313358419419,True,False
Walmart,store_006__dept_038,switching_cost,high,0.2,458909.63720035134,363581.5252339814,-95328.11196636996,-20.772741350112792,True,False
Walmart,store_006__dept_072,lead_time,low,0.0,164455.7246670945,136690.60446916535,-27765.12019792915,-16.883036607046492,True,False
Walmart,store_006__dept_072,lead_time,medium,2.0,438158.74879192194,415213.35131876287,-22945.39747315907,-5.236777203792786,True,False
Walmart,store_006__dept_072,lead_time,high,7.0,2384611.5302688256,2459590.5024872296,74978.97221840406,3.1442845623560083,True,True
Walmart,store_006__dept_072,switching_cost,low,0.0,438158.74879192194,415213.0013187629,-22945.74747315905,-5.236857083516961,True,False
Walmart,store_006__dept_072,switching_cost,medium,0.05,438158.74879192194,415213.35131876287,-22945.39747315907,-5.236777203792786,True,False
Walmart,store_006__dept_072,switching_cost,high,0.2,438158.74879192194,415214.4013187629,-22944.347473159025,-5.23653756462024,True,False
Walmart,store_006__dept_092,lead_time,low,0.0,214416.2972674087,223742.23347633408,9325.936208925385,4.349453062933257,True,True
Walmart,store_006__dept_092,lead_time,medium,2.0,553144.6711356671,524769.4569433101,-28375.21419235703,-5.129799792538828,True,False
Walmart,store_006__dept_092,lead_time,high,7.0,3008786.050424676,3227607.523652296,218821.47322762012,7.272749526232831,True,True
Walmart,store_006__dept_092,switching_cost,low,0.0,553144.6711356671,524769.1069433101,-28375.564192357007,-5.129863067124707,True,False
Walmart,store_006__dept_092,switching_cost,medium,0.05,553144.6711356671,524769.4569433101,-28375.21419235703,-5.129799792538828,True,False
Walmart,store_006__dept_092,switching_cost,high,0.2,553144.6711356671,524770.5069433101,-28374.164192356984,-5.129609968781167,True,False
Walmart,store_006__dept_095,lead_time,low,0.0,216488.95302442793,273660.94461536326,57171.99159093533,26.40873392947871,True,True
Walmart,store_006__dept_095,lead_time,medium,2.0,574961.2039557257,686503.7062259968,111542.50227027119,19.400004992138637,True,True
Walmart,store_006__dept_095,lead_time,high,7.0,3264334.973475246,3513177.7794558103,248842.8059805641,7.6230781461635155,True,True
Walmart,store_006__dept_095,switching_cost,low,0.0,574961.2039557257,686503.6062259967,111542.4022702711,19.39998759966078,True,True
Walmart,store_006__dept_095,switching_cost,medium,0.05,574961.2039557257,686503.7062259968,111542.50227027119,19.400004992138637,True,True
Walmart,store_006__dept_095,switching_cost,high,0.2,574961.2039557257,686504.0062259967,111542.802270271,19.40005716957213,True,True
Walmart,store_009__dept_085,lead_time,low,0.0,7397.594912314153,7587.884498518535,190.28958620438243,2.572316928135973,True,True
Walmart,store_009__dept_085,lead_time,medium,2.0,16481.035169325376,13381.648684940557,-3099.3864843848187,-18.805775562893157,True,False
Walmart,store_009__dept_085,lead_time,high,7.0,33921.93209158297,28328.01239431929,-5593.919697263678,-16.490569234562248,True,False
Walmart,store_009__dept_085,switching_cost,low,0.0,16481.035169325376,13381.348684940556,-3099.68648438482,-18.807595836904582,True,False
Walmart,store_009__dept_085,switching_cost,medium,0.05,16481.035169325376,13381.648684940557,-3099.3864843848187,-18.805775562893157,True,False
Walmart,store_009__dept_085,switching_cost,high,0.2,16481.035169325376,13400.937344213453,-3080.097825111923,-18.688740078927953,True,False
Walmart,store_010__dept_002,lead_time,low,0.0,195293.5782163422,138621.67934615383,-56671.898870188365,-29.018823551590827,True,False
Walmart,store_010__dept_002,lead_time,medium,2.0,461260.76806260034,478456.30676155834,17195.538698958,3.7279430399388085,True,True
Walmart,store_010__dept_002,lead_time,high,7.0,3144473.8578968756,3225079.491035503,80605.63313862728,2.5634060507832905,True,True
Walmart,store_010__dept_002,switching_cost,low,0.0,461260.76806260034,478456.0567615584,17195.28869895806,3.727888840662119,True,True
Walmart,store_010__dept_002,switching_cost,medium,0.05,461260.76806260034,478456.30676155834,17195.538698958,3.7279430399388085,True,True
Walmart,store_010__dept_002,switching_cost,high,0.2,461260.76806260034,478457.05676155846,17196.288698958117,3.7281056377689397,True,True
Walmart,store_010__dept_008,lead_time,low,0.0,144026.98428616032,119788.5410369861,-24238.44324917422,-16.82909863683323,True,False
Walmart,store_010__dept_008,lead_time,medium,2.0,418486.1897336026,371542.1655277308,-46944.0242058718,-11.21758025892208,True,False
Walmart,store_010__dept_008,lead_time,high,7.0,2542163.9711736,2532845.041122623,-9318.93005097704,-0.3665747039391373,True,False
Walmart,store_010__dept_008,switching_cost,low,0.0,418486.1897336026,371541.6155277308,-46944.57420587179,-11.217711685003387,True,False
Walmart,store_010__dept_008,switching_cost,medium,0.05,418486.1897336026,371542.1655277308,-46944.0242058718,-11.21758025892208,True,False
Walmart,store_010__dept_008,switching_cost,high,0.2,418486.1897336026,371543.81552773074,-46942.374205871834,-11.217185980678153,True,False
Walmart,store_010__dept_016,lead_time,low,0.0,352839.488236439,177086.66251649955,-175752.82571993946,-49.81098532887761,True,False
Walmart,store_010__dept_016,lead_time,medium,2.0,459965.3924554743,546962.7174385905,86997.32498311618,18.913884916143495,True,True
Walmart,store_010__dept_016,lead_time,high,7.0,2099672.9095934588,2227900.127042532,128227.21744907321,6.10700918524975,True,True
Walmart,store_010__dept_016,switching_cost,low,0.0,459965.3924554743,546962.5674385906,86997.17498311627,18.913852304994403,True,True
Walmart,store_010__dept_016,switching_cost,medium,0.05,459965.3924554743,546962.7174385905,86997.32498311618,18.913884916143495,True,True
Walmart,store_010__dept_016,switching_cost,high,0.2,459965.3924554743,546963.1674385905,86997.77498311625,18.91398274959085,True,True
Walmart,store_010__dept_038,lead_time,low,0.0,331213.7627194362,249446.90949850192,-81766.85322093428,-24.68703369980346,True,False
Walmart,store_010__dept_038,lead_time,medium,2.0,1044852.2240637835,626564.6492572165,-418287.57480656705,-40.03318030751806,True,False
Walmart,store_010__dept_038,lead_time,high,7.0,3873604.644520532,3408043.9930445747,-465560.65147595713,-12.018796294415932,True,False
Walmart,store_010__dept_038,switching_cost,low,0.0,1044852.2240637835,626564.2492572165,-418287.9748065671,-40.0332185904437,True,False
Walmart,store_010__dept_038,switching_cost,medium,0.05,1044852.2240637835,626564.6492572165,-418287.57480656705,-40.03318030751806,True,False
Walmart,store_010__dept_038,switching_cost,high,0.2,1044852.2240637835,626565.8492572164,-418286.3748065671,-40.03306545874114,True,False
Walmart,store_010__dept_040,lead_time,low,0.0,351215.47652237077,316354.8792852545,-34860.59723711625,-9.925700764184802,True,False
Walmart,store_010__dept_040,lead_time,medium,2.0,826515.9729983119,668996.8525880367,-157519.12041027518,-19.05820644201838,True,False
Walmart,store_010__dept_040,lead_time,high,7.0,3482227.397216374,3068174.7955784765,-414052.60163789755,-11.890452701879358,True,False
Walmart,store_010__dept_040,switching_cost,low,0.0,826515.9729983119,668996.6025880369,-157519.37041027495,-19.058236689467666,True,False
Walmart,store_010__dept_040,switching_cost,medium,0.05,826515.9729983119,668996.8525880367,-157519.12041027518,-19.05820644201838,True,False
Walmart,store_010__dept_040,switching_cost,high,0.2,826515.9729983119,668997.6025880367,-157518.37041027518,-19.05811569967044,True,False
Walmart,store_010__dept_072,lead_time,low,0.0,496132.6361060762,421558.7824791156,-74573.8536269606,-15.031031663681212,True,False
Walmart,store_010__dept_072,lead_time,medium,2.0,1405278.8149661545,1088886.5208989284,-316392.2940672261,-22.51455659173559,True,False
Walmart,store_010__dept_072,lead_time,high,7.0,5325950.396169103,4089897.0899914107,-1236053.306177692,-23.208126517039503,True,False
Walmart,store_010__dept_072,switching_cost,low,0.0,1405278.8149661545,1088885.9708989286,-316392.84406722593,-22.514595729876287,True,False
Walmart,store_010__dept_072,switching_cost,medium,0.05,1405278.8149661545,1088886.5208989284,-316392.2940672261,-22.51455659173559,True,False
Walmart,store_010__dept_072,switching_cost,high,0.2,1405278.8149661545,1088888.1708989283,-316390.6440672262,-22.51443917731346,True,False
Walmart,store_011__dept_033,lead_time,low,0.0,602803.103780286,602704.1637311276,-98.94004915840924,-0.016413327757926012,True,False
Walmart,store_011__dept_033,lead_time,medium,2.0,749226.6994835386,450061.26115068275,-299165.4383328559,-39.92989552282085,True,False
Walmart,store_011__dept_033,lead_time,high,7.0,550305.7852096768,528286.7096848554,-22019.07552482141,-4.001243693346187,True,False
Walmart,store_011__dept_033,switching_cost,low,0.0,749226.6994835386,450060.81115068274,-299165.8883328559,-39.92995558474874,True,False
Walmart,store_011__dept_033,switching_cost,medium,0.05,749226.6994835386,450061.26115068275,-299165.4383328559,-39.92989552282085,True,False
Walmart,store_011__dept_033,switching_cost,high,0.2,749226.6994835386,450062.61115068273,-299164.0883328559,-39.929715337037166,True,False
Walmart,store_011__dept_044,lead_time,low,0.0,148694.3436265015,82409.33780758783,-66285.00581891368,-44.578027786592834,True,False
Walmart,store_011__dept_044,lead_time,medium,2.0,403986.5857788465,156269.1044733294,-247717.4813055171,-61.318244225347755,True,False
Walmart,store_011__dept_044,lead_time,high,7.0,466313.83255769266,421202.89061325946,-45110.9419444332,-9.673944625876404,True,False
Walmart,store_011__dept_044,switching_cost,low,0.0,403986.5857788465,156268.75447332943,-247717.8313055171,-61.31833086188775,True,False
Walmart,store_011__dept_044,switching_cost,medium,0.05,403986.5857788465,156269.1044733294,-247717.4813055171,-61.318244225347755,True,False
Walmart,store_011__dept_044,switching_cost,high,0.2,403986.5857788465,156270.15447332943,-247716.4313055171,-61.31798431572774,True,False
Walmart,store_012__dept_090,lead_time,low,0.0,15108.699713343172,16459.232971607624,1350.5332582644514,8.938778875006262,True,True
Walmart,store_012__dept_090,lead_time,medium,2.0,49050.563428387075,51675.13821121541,2624.5747828283347,5.350753588509061,True,True
Walmart,store_012__dept_090,lead_time,high,7.0,338527.5630481903,347148.0943390505,8620.531290860206,2.5464784058463947,True,True
Walmart,store_012__dept_090,switching_cost,low,0.0,49050.563428387075,51675.088211215414,2624.524782828339,5.350651652880802,True,True
Walmart,store_012__dept_090,switching_cost,medium,0.05,49050.563428387075,51675.13821121541,2624.5747828283347,5.350753588509061,True,True
Walmart,store_012__dept_090,switching_cost,high,0.2,49050.563428387075,51675.28821121541,2624.724782828336,5.35105939539387,True,True
Walmart,store_013__dept_038,lead_time,low,0.0,166312.40231490321,138994.79106222242,-27317.6112526808,-16.42548052487176,True,False
Walmart,store_013__dept_038,lead_time,medium,2.0,450603.3945662714,399773.8358994895,-50829.55866678187,-11.280331945947257,True,False
Walmart,store_013__dept_038,lead_time,high,7.0,2580002.732594758,2448703.0508180833,-131299.68177667446,-5.089129562456853,True,False
Walmart,store_013__dept_038,switching_cost,low,0.0,450603.3945662714,399773.5858994895,-50829.80866678187,-11.280387427109408,True,False
Walmart,store_013__dept_038,switching_cost,medium,0.05,450603.3945662714,399773.8358994895,-50829.55866678187,-11.280331945947257,True,False
Walmart,store_013__dept_038,switching_cost,high,0.2,450603.3945662714,399774.58589948947,-50828.80866678193,-11.280165502460815,True,False
Walmart,store_013__dept_055,lead_time,low,0.0,163358.37166228355,198085.26285005437,34726.891187770816,21.258103171818416,True,True
Walmart,store_013__dept_055,lead_time,medium,2.0,360887.2496455612,198646.6503677524,-162240.59927780883,-44.95603528169822,True,False
Walmart,store_013__dept_055,lead_time,high,7.0,804021.6289897226,604046.2349798564,-199975.39400986617,-24.871892347117736,True,False
Walmart,store_013__dept_055,switching_cost,low,0.0,360887.2496455612,198646.20036775238,-162241.04927780884,-44.95615997438283,True,False
Walmart,store_013__dept_055,switching_cost,medium,0.05,360887.2496455612,198646.6503677524,-162240.59927780883,-44.95603528169822,True,False
Walmart,store_013__dept_055,switching_cost,high,0.2,360887.2496455612,198648.00036775236,-162239.24927780885,-44.9556612036444,True,False
Walmart,store_013__dept_090,lead_time,low,0.0,392241.5183295815,375756.3368394393,-16485.18149014219,-4.202814011210943,True,False
Walmart,store_013__dept_090,lead_time,medium,2.0,1184556.3448930185,1234399.4986337605,49843.15374074201,4.207748660975981,True,True
Walmart,store_013__dept_090,lead_time,high,7.0,4741858.374020524,4175558.4151511807,-566299.9588693436,-11.942574286316981,True,False
Walmart,store_013__dept_090,switching_cost,low,0.0,1184556.3448930185,1234399.2986337603,49842.953740741825,4.2077317770176075,True,True
Walmart,store_013__dept_090,switching_cost,medium,0.05,1184556.3448930185,1234399.4986337605,49843.15374074201,4.207748660975981,True,True
Walmart,store_013__dept_090,switching_cost,high,0.2,1184556.3448930185,1234400.0986337604,49843.75374074187,4.207799312851043,True,True
Walmart,store_013__dept_091,lead_time,low,0.0,285875.11612274335,231602.345848977,-54272.770273766335,-18.984782939437014,True,False
Walmart,store_013__dept_091,lead_time,medium,2.0,557447.5953971912,401845.8299717253,-155601.76542546594,-27.913254395616676,True,False
Walmart,store_013__dept_091,lead_time,high,7.0,2708191.216166583,2508553.8591821487,-199637.35698443418,-7.371612306867269,True,False
Walmart,store_013__dept_091,switching_cost,low,0.0,557447.5953971912,401845.37997172534,-155602.2154254659,-27.913335120693553,True,False
Walmart,store_013__dept_091,switching_cost,medium,0.05,557447.5953971912,401845.8299717253,-155601.76542546594,-27.913254395616676,True,False
Walmart,store_013__dept_091,switching_cost,high,0.2,557447.5953971912,401847.17997172533,-155600.4154254659,-27.913012220386,True,False
Walmart,store_013__dept_092,lead_time,low,0.0,486293.6157641749,500969.5215884028,14675.905824227899,3.017910445146557,True,True
Walmart,store_013__dept_092,lead_time,medium,2.0,1334025.4702366414,1086278.782267265,-247746.68796937633,-18.571361154403508,True,False
Walmart,store_013__dept_092,lead_time,high,7.0,6122783.3005949175,5723818.790631564,-398964.50996335316,-6.5160645147214,True,False
Walmart,store_013__dept_092,switching_cost,low,0.0,1334025.4702366414,1086278.432267265,-247747.03796937643,-18.57138739078414,True,False
Walmart,store_013__dept_092,switching_cost,medium,0.05,1334025.4702366414,1086278.782267265,-247746.68796937633,-18.571361154403508,True,False
Walmart,store_013__dept_092,switching_cost,high,0.2,1334025.4702366414,1086279.832267265,-247745.6379693763,-18.57128244526163,True,False
Walmart,store_013__dept_095,lead_time,low,0.0,436359.8990019148,460770.211686489,24410.312684574223,5.594077902302179,True,True
Walmart,store_013__dept_095,lead_time,medium,2.0,1024496.7473833946,1032241.0759561094,7744.328572714818,0.755915388945269,True,False
Walmart,store_013__dept_095,lead_time,high,7.0,5075327.996817655,5464135.849696017,388807.85287836194,7.660743367170619,True,True
Walmart,store_013__dept_095,switching_cost,low,0.0,1024496.7473833946,1032241.0259561094,7744.278572714771,0.7559105085002921,True,False
Walmart,store_013__dept_095,switching_cost,medium,0.05,1024496.7473833946,1032241.0759561094,7744.328572714818,0.755915388945269,True,False
Walmart,store_013__dept_095,switching_cost,high,0.2,1024496.7473833946,1032241.2259561096,7744.478572714957,0.7559300302801998,True,False
Walmart,store_014__dept_038,lead_time,low,0.0,306490.5147976279,207836.75254475384,-98653.76225287409,-32.18819424738609,True,False
Walmart,store_014__dept_038,lead_time,medium,2.0,1499184.286037094,552178.2720575978,-947006.0139794962,-63.16808565828742,True,False
Walmart,store_014__dept_038,lead_time,high,7.0,3847559.5513681825,3172791.5808384866,-674767.970529696,-17.537557548388047,True,False
Walmart,store_014__dept_038,switching_cost,low,0.0,1499184.286037094,552177.9220575979,-947006.3639794961,-63.168109004316534,True,False
Walmart,store_014__dept_038,switching_cost,medium,0.05,1499184.286037094,552178.2720575978,-947006.0139794962,-63.16808565828742,True,False
Walmart,store_014__dept_038,switching_cost,high,0.2,1499184.286037094,552179.3220575977,-947004.9639794963,-63.16801562020006,True,False
Walmart,store_014__dept_072,lead_time,low,0.0,1078654.3325412704,778482.2527921279,-300172.0797491425,-27.82838493235808,True,False
Walmart,store_014__dept_072,lead_time,medium,2.0,5025908.459432693,1902399.775352387,-3123508.6840803064,-62.148141162779496,True,False
Walmart,store_014__dept_072,lead_time,high,7.0,5485244.289865384,4210181.467385838,-1275062.822479546,-23.24532427544513,True,False
Walmart,store_014__dept_072,switching_cost,low,0.0,5025908.459432693,1902399.525352387,-3123508.9340803064,-62.148146137004595,True,False
Walmart,store_014__dept_072,switching_cost,medium,0.05,5025908.459432693,1902399.775352387,-3123508.6840803064,-62.148141162779496,True,False
Walmart,store_014__dept_072,switching_cost,high,0.2,5025908.459432693,1902400.525352387,-3123507.9340803064,-62.1481262401042,True,False
Walmart,store_014__dept_090,lead_time,low,0.0,403348.3674435207,232299.47311350808,-171048.8943300126,-42.40723606101218,True,False
Walmart,store_014__dept_090,lead_time,medium,2.0,2353302.5659852982,630181.5774786508,-1723120.9885066473,-73.22139589752236,True,False
Walmart,store_014__dept_090,lead_time,high,7.0,4378935.00876784,3227487.73785154,-1151447.2709163004,-26.295144107203786,True,False
Walmart,store_014__dept_090,switching_cost,low,0.0,2353302.5659852982,630181.0774786507,-1723121.4885066475,-73.22141714425906,True,False
Walmart,store_014__dept_090,switching_cost,medium,0.05,2353302.5659852982,630181.5774786508,-1723120.9885066473,-73.22139589752236,True,False
Walmart,store_014__dept_090,switching_cost,high,0.2,2353302.5659852982,630183.0774786508,-1723119.4885066473,-73.22133215731225,True,False
Walmart,store_014__dept_091,lead_time,low,0.0,277668.02887421957,218041.21409036632,-59626.814783853246,-21.474137669217765,True,False
Walmart,store_014__dept_091,lead_time,medium,2.0,997324.64200358,440459.66137373925,-556864.9806298407,-55.83587902842992,True,False
Walmart,store_014__dept_091,lead_time,high,7.0,3407209.6798287276,2607622.149203732,-799587.5306249955,-23.46751758069638,True,False
Walmart,store_014__dept_091,switching_cost,low,0.0,997324.64200358,440459.2113737393,-556865.4306298407,-55.835924149143985,True,False
Walmart,store_014__dept_091,switching_cost,medium,0.05,997324.64200358,440459.66137373925,-556864.9806298407,-55.83587902842992,True,False
Walmart,store_014__dept_091,switching_cost,high,0.2,997324.64200358,440461.0113737393,-556863.6306298408,-55.83574366628774,True,False
Walmart,store_014__dept_092,lead_time,low,0.0,662339.913143986,495587.9623977508,-166751.9507462352,-25.176189360942985,True,False
Walmart,store_014__dept_092,lead_time,medium,2.0,3192384.978650972,981585.4818411102,-2210799.4968098616,-69.25228353079441,True,False
Walmart,store_014__dept_092,lead_time,high,7.0,7165954.632057659,5272304.133235064,-1893650.498822595,-26.42565570190953,True,False
Walmart,store_014__dept_092,switching_cost,low,0.0,3192384.978650972,981584.9318411099,-2210800.046809862,-69.25230075929298,True,False
Walmart,store_014__dept_092,switching_cost,medium,0.05,3192384.978650972,981585.4818411102,-2210799.4968098616,-69.25228353079441,True,False
Walmart,store_014__dept_092,switching_cost,high,0.2,3192384.978650972,981587.1318411102,-2210797.8468098617,-69.25223184529874,True,False
Walmart,store_014__dept_095,lead_time,low,0.0,651580.7253684225,322016.8398610677,-329563.88550735475,-50.579133586404026,True,False
Walmart,store_014__dept_095,lead_time,medium,2.0,1991842.0538140957,779961.5103868984,-1211880.5434271973,-60.84220087163124,True,False
Walmart,store_014__dept_095,lead_time,high,7.0,4496008.090516163,4671047.374525561,175039.28400939796,3.8932155032955604,True,True
Walmart,store_014__dept_095,switching_cost,low,0.0,1991842.0538140957,779961.2103868983,-1211880.8434271975,-60.842215933066434,True,False
Walmart,store_014__dept_095,switching_cost,medium,0.05,1991842.0538140957,779961.5103868984,-1211880.5434271973,-60.84220087163124,True,False
Walmart,store_014__dept_095,switching_cost,high,0.2,1991842.0538140957,779962.4103868983,-1211879.6434271974,-60.84215568732567,True,False
Walmart,store_015__dept_052,lead_time,low,0.0,23813.779105711103,23853.187948313403,39.408842602300865,0.16548756258871025,True,False
Walmart,store_015__dept_052,lead_time,medium,2.0,49714.593773162684,31350.335478583762,-18364.25829457892,-36.93937111981886,True,False
Walmart,store_015__dept_052,lead_time,high,7.0,85175.20075,63233.47097436529,-21941.72977563471,-25.760702155591584,True,False
Walmart,store_015__dept_052,switching_cost,low,0.0,49714.593773162684,31350.035478583763,-18364.55829457892,-36.939974564355424,True,False
Walmart,store_015__dept_052,switching_cost,medium,0.05,49714.593773162684,31350.335478583762,-18364.25829457892,-36.93937111981886,True,False
Walmart,store_015__dept_052,switching_cost,high,0.2,49714.593773162684,31351.235478583756,-18363.358294578928,-36.937560786209175,True,False
Walmart,store_016__dept_041,lead_time,low,0.0,7386.570649997373,11174.499522861177,3787.928872863804,51.2812921225515,True,True
Walmart,store_016__dept_041,lead_time,medium,2.0,29142.718349998562,27964.40942351584,-1178.3089264827213,-4.043236160509987,True,False
Walmart,store_016__dept_041,lead_time,high,7.0,71636.4276618076,70647.5455700602,-988.8820917473931,-1.3804179298496873,True,False
Walmart,store_016__dept_041,switching_cost,low,0.0,29142.718349998562,27964.209423515837,-1178.5089264827257,-4.043922438288204,True,False
Walmart,store_016__dept_041,switching_cost,medium,0.05,29142.718349998562,27964.40942351584,-1178.3089264827213,-4.043236160509987,True,False
Walmart,store_016__dept_041,switching_cost,high,0.2,29142.718349998562,27965.00942351584,-1177.7089264827227,-4.041177327175387,True,False
Walmart,store_017__dept_097,lead_time,low,0.0,41567.02340027533,45766.03009595563,4199.006695680306,10.10177383943372,True,True
Walmart,store_017__dept_097,lead_time,medium,2.0,160729.80632492152,132370.07530558706,-28359.73101933446,-17.64435089407385,True,False
Walmart,store_017__dept_097,lead_time,high,7.0,498321.3921931496,368113.6299536853,-130207.76223946433,-26.129274054724053,True,False
Walmart,store_017__dept_097,switching_cost,low,0.0,160729.80632492152,132369.77530558704,-28360.031019334478,-17.644537542715366,True,False
Walmart,store_017__dept_097,switching_cost,medium,0.05,160729.80632492152,132370.07530558706,-28359.73101933446,-17.64435089407385,True,False
Walmart,store_017__dept_097,switching_cost,high,0.2,160729.80632492152,132370.97530558708,-28358.831019334437,-17.643790948149324,True,False
Walmart,store_019__dept_092,lead_time,low,0.0,450185.2306925683,540659.0292393322,90473.7985467639,20.09701615656701,True,True
Walmart,store_019__dept_092,lead_time,medium,2.0,1404754.4843349257,1220445.740570706,-184308.74376421957,-13.120352760538058,True,False
Walmart,store_019__dept_092,lead_time,high,7.0,5546279.759899761,4039592.798365592,-1506686.9615341686,-27.165722371736248,True,False
Walmart,store_019__dept_092,switching_cost,low,0.0,1404754.4843349257,1220445.440570706,-184309.04376421962,-13.120374116583074,True,False
Walmart,store_019__dept_092,switching_cost,medium,0.05,1404754.4843349257,1220445.740570706,-184308.74376421957,-13.120352760538058,True,False
Walmart,store_019__dept_092,switching_cost,high,0.2,1404754.4843349257,1220446.640570706,-184307.84376421967,-13.120288692403024,True,False
Walmart,store_019__dept_095,lead_time,low,0.0,354715.8681191395,340336.29918158165,-14379.568937557866,-4.053827367183967,True,False
Walmart,store_019__dept_095,lead_time,medium,2.0,986185.3981974333,1168407.522028653,182222.12383121962,18.477471291330044,True,True
Walmart,store_019__dept_095,lead_time,high,7.0,3202877.3182078567,3082645.586136873,-120231.73207098385,-3.753866293519432,True,False
Walmart,store_019__dept_095,switching_cost,low,0.0,986185.3981974333,1168407.372028653,182221.97383121972,18.477456081208278,True,True
Walmart,store_019__dept_095,switching_cost,medium,0.05,986185.3981974333,1168407.522028653,182222.12383121962,18.477471291330044,True,True
Walmart,store_019__dept_095,switching_cost,high,0.2,986185.3981974333,1168407.972028653,182222.57383121958,18.477516921695365,True,True
Walmart,store_020__dept_038,lead_time,low,0.0,214072.92653707153,197782.5644557214,-16290.362081350118,-7.609725500963372,True,False
Walmart,store_020__dept_038,lead_time,medium,2.0,663980.1134380489,560468.8275796482,-103511.28585840063,-15.589515975474846,True,False
Walmart,store_020__dept_038,lead_time,high,7.0,3621997.6730278376,3372358.7623987077,-249638.91062912997,-6.892299033987019,True,False
Walmart,store_020__dept_038,switching_cost,low,0.0,663980.1134380489,560468.5275796481,-103511.5858584008,-15.58956115755095,True,False
Walmart,store_020__dept_038,switching_cost,medium,0.05,663980.1134380489,560468.8275796482,-103511.28585840063,-15.589515975474846,True,False
Walmart,store_020__dept_038,switching_cost,high,0.2,663980.1134380489,560469.7275796481,-103510.38585840072,-15.589380429246624,True,False
Walmart,store_020__dept_040,lead_time,low,0.0,157408.34037950396,134649.5094622174,-22758.83091728657,-14.458465709260462,True,False
Walmart,store_020__dept_040,lead_time,medium,2.0,512782.0604711407,413229.09239677404,-99552.96807436668,-19.414284497959635,True,False
Walmart,store_020__dept_040,lead_time,high,7.0,2899742.2181787784,2636329.5700476123,-263412.6481311661,-9.084002242675416,True,False
Walmart,store_020__dept_040,switching_cost,low,0.0,512782.0604711407,413228.7423967741,-99553.3180743666,-19.41435275307753,True,False
Walmart,store_020__dept_040,switching_cost,medium,0.05,512782.0604711407,413229.09239677404,-99552.96807436668,-19.414284497959635,True,False
Walmart,store_020__dept_040,switching_cost,high,0.2,512782.0604711407,413230.14239677414,-99551.91807436658,-19.414079732605884,True,False
Walmart,store_020__dept_072,lead_time,low,0.0,3616166.778442139,3513957.239126084,-102209.5393160549,-2.8264608791104275,True,False
Walmart,store_020__dept_072,lead_time,medium,2.0,5228418.889979989,4723442.166199965,-504976.72378002387,-9.65830654364338,True,False
Walmart,store_020__dept_072,lead_time,high,7.0,6285021.235695287,4218069.601335792,-2066951.6343594948,-32.886947503381606,True,False
Walmart,store_020__dept_072,switching_cost,low,0.0,5228418.889979989,4723441.816199965,-504977.0737800244,-9.658313237827757,True,False
Walmart,store_020__dept_072,switching_cost,medium,0.05,5228418.889979989,4723442.166199965,-504976.72378002387,-9.65830654364338,True,False
Walmart,store_020__dept_072,switching_cost,high,0.2,5228418.889979989,4723443.216199964,-504975.673780025,-9.658286461090299,True,False
Walmart,store_020__dept_090,lead_time,low,0.0,272855.788360983,207234.4944340812,-65621.29392690182,-24.049808259917178,True,False
Walmart,store_020__dept_090,lead_time,medium,2.0,608090.1485579705,504854.6468226291,-103235.50173534144,-16.977006119923974,True,False
Walmart,store_020__dept_090,lead_time,high,7.0,3073337.123350814,2906075.5873633423,-167261.5359874717,-5.442342615674681,True,False
Walmart,store_020__dept_090,switching_cost,low,0.0,608090.1485579705,504854.3968226291,-103235.75173534144,-16.977047232249273,True,False
Walmart,store_020__dept_090,switching_cost,medium,0.05,608090.1485579705,504854.6468226291,-103235.50173534144,-16.977006119923974,True,False
Walmart,store_020__dept_090,switching_cost,high,0.2,608090.1485579705,504855.39682262903,-103234.7517353415,-16.97688278294808,True,False
Walmart,store_020__dept_092,lead_time,low,0.0,565344.6326756165,370447.0028857086,-194897.62978990795,-34.4741275542871,True,False
Walmart,store_020__dept_092,lead_time,medium,2.0,971319.1840343575,1030654.0879826999,59334.90394834231,6.108692685538837,True,True
Walmart,store_020__dept_092,lead_time,high,7.0,5012492.882364845,4892074.636550963,-120418.24581388198,-2.402362430030421,True,False
Walmart,store_020__dept_092,switching_cost,low,0.0,971319.1840343575,1030653.6379826999,59334.45394834236,6.108646356792596,True,True
Walmart,store_020__dept_092,switching_cost,medium,0.05,971319.1840343575,1030654.0879826999,59334.90394834231,6.108692685538837,True,True
Walmart,store_020__dept_092,switching_cost,high,0.2,971319.1840343575,1030655.4379827001,59336.25394834252,6.108831671777593,True,True
Walmart,store_020__dept_095,lead_time,low,0.0,452259.3569109522,270574.3649694932,-181684.991941459,-40.1727436182668,True,False
Walmart,store_020__dept_095,lead_time,medium,2.0,836721.0589135601,940719.8300464054,103998.77113284532,12.429323969434025,True,True
Walmart,store_020__dept_095,lead_time,high,7.0,4996141.007487705,5434957.48163267,438816.4741449654,8.783108272711122,True,True
Walmart,store_020__dept_095,switching_cost,low,0.0,836721.0589135601,940719.6800464055,103998.62113284541,12.429306042312637,True,True
Walmart,store_020__dept_095,switching_cost,medium,0.05,836721.0589135601,940719.8300464054,103998.77113284532,12.429323969434025,True,True
Walmart,store_020__dept_095,switching_cost,high,0.2,836721.0589135601,940720.2800464055,103999.22113284539,12.42937775079823,True,True
Walmart,store_022__dept_082,lead_time,low,0.0,113496.97348682926,101506.63519399754,-11990.338292831715,-10.564456411891136,True,False
Walmart,store_022__dept_082,lead_time,medium,2.0,268435.9697157147,161899.45949417897,-106536.51022153572,-39.68786684376259,True,False
Walmart,store_022__dept_082,lead_time,high,7.0,928896.9086005895,572022.2402349637,-356874.6683656258,-38.4191900157433,True,False
Walmart,store_022__dept_082,switching_cost,low,0.0,268435.9697157147,161899.05949417898,-106536.91022153571,-39.68801585508936,True,False
Walmart,store_022__dept_082,switching_cost,medium,0.05,268435.9697157147,161899.45949417897,-106536.51022153572,-39.68786684376259,True,False
Walmart,store_022__dept_082,switching_cost,high,0.2,268435.9697157147,161900.65949417895,-106535.31022153574,-39.687419809782284,True,False
Walmart,store_023__dept_020,lead_time,low,0.0,68203.16784387188,68909.75467528924,706.5868314173567,1.036002950823118,True,True
Walmart,store_023__dept_020,lead_time,medium,2.0,169933.58602691905,188603.17205761917,18669.586030700128,10.986401492017412,True,True
Walmart,store_023__dept_020,lead_time,high,7.0,401536.8346014099,441022.9802250225,39486.14562361257,9.833754271338254,True,True
Walmart,store_023__dept_020,switching_cost,low,0.0,169933.58602691905,188602.9720576192,18669.386030700145,10.98628379897941,True,True
Walmart,store_023__dept_020,switching_cost,medium,0.05,169933.58602691905,188603.17205761917,18669.586030700128,10.986401492017412,True,True
Walmart,store_023__dept_020,switching_cost,high,0.2,169933.58602691905,188603.7720576192,18670.186030700163,10.986754571131474,True,True
Walmart,store_023__dept_034,lead_time,low,0.0,130731.16157487071,169382.6656071673,38651.50403229658,29.565639566478247,True,True
Walmart,store_023__dept_034,lead_time,medium,2.0,340964.6310096421,251615.6257592232,-89349.00525041888,-26.20477232076666,True,False
Walmart,store_023__dept_034,lead_time,high,7.0,1103413.60650572,1269785.3607351333,166371.75422941335,15.077913961590331,True,True
Walmart,store_023__dept_034,switching_cost,low,0.0,340964.6310096421,251615.37575922319,-89349.25525041891,-26.20484564215466,True,False
Walmart,store_023__dept_034,switching_cost,medium,0.05,340964.6310096421,251615.6257592232,-89349.00525041888,-26.20477232076666,True,False
Walmart,store_023__dept_034,switching_cost,high,0.2,340964.6310096421,251616.37575922319,-89348.25525041891,-26.204552356602715,True,False
Walmart,store_023__dept_041,lead_time,low,0.0,63754.63863427165,27734.554836860854,-36020.0837974108,-56.497981274805646,True,False
Walmart,store_023__dept_041,lead_time,medium,2.0,56134.74968248579,36942.31864523964,-19192.431037246148,-34.18992895809464,True,False
Walmart,store_023__dept_041,lead_time,high,7.0,101303.47271394228,81645.06304913679,-19658.409664805484,-19.405464727074378,True,False
Walmart,store_023__dept_041,switching_cost,low,0.0,56134.74968248579,36941.968645239634,-19192.781037246154,-34.19055245780201,True,False
Walmart,store_023__dept_041,switching_cost,medium,0.05,56134.74968248579,36942.31864523964,-19192.431037246148,-34.18992895809464,True,False
Walmart,store_023__dept_041,switching_cost,high,0.2,56134.74968248579,36943.368645239636,-19191.381037246152,-34.188058458972556,True,False
Walmart,store_024__dept_092,lead_time,low,0.0,486670.7571494795,520245.70463447866,33574.94748499914,6.898903825998054,True,True
Walmart,store_024__dept_092,lead_time,medium,2.0,952785.0232456417,914936.0975748588,-37848.92567078292,-3.9724517858027792,True,False
Walmart,store_024__dept_092,lead_time,high,7.0,4238860.1716048,4057387.0757015245,-181473.09590327553,-4.281176744609889,True,False
Walmart,store_024__dept_092,switching_cost,low,0.0,952785.0232456417,914935.947574859,-37849.07567078271,-3.972467529123269,True,False
Walmart,store_024__dept_092,switching_cost,medium,0.05,952785.0232456417,914936.0975748588,-37848.92567078292,-3.9724517858027792,True,False
Walmart,store_024__dept_092,switching_cost,high,0.2,952785.0232456417,914936.5475748589,-37848.47567078285,-3.9724045558412358,True,False
Walmart,store_024__dept_095,lead_time,low,0.0,196594.28848864112,295883.7999788673,99289.51149022617,50.504779286079284,True,True
Walmart,store_024__dept_095,lead_time,medium,2.0,604147.4854990416,743271.6353371413,139124.14983809972,23.02817659220737,True,True
Walmart,store_024__dept_095,lead_time,high,7.0,3486632.9423126886,3637587.6330892355,150954.69077654695,4.329526315908049,True,True
Walmart,store_024__dept_095,switching_cost,low,0.0,604147.4854990416,743271.5853371413,139124.09983809968,23.028168316082542,True,True
Walmart,store_024__dept_095,switching_cost,medium,0.05,604147.4854990416,743271.6353371413,139124.14983809972,23.02817659220737,True,True
Walmart,store_024__dept_095,switching_cost,high,0.2,604147.4854990416,743271.7853371412,139124.29983809963,23.028201420581816,True,True
Walmart,store_025__dept_067,lead_time,low,0.0,26890.493343058784,30265.4900570937,3374.9967140349145,12.550891763040484,True,True
Walmart,store_025__dept_067,lead_time,medium,2.0,185320.22060506776,150183.08640629493,-35137.13419877284,-18.960226835501608,True,False
Walmart,store_025__dept_067,lead_time,high,7.0,508850.4566612737,500311.2489278847,-8539.207733389048,-1.6781369892870783,True,False
Walmart,store_025__dept_067,switching_cost,low,0.0,185320.22060506776,149382.07430530284,-35938.14629976492,-19.392458190707636,True,False
Walmart,store_025__dept_067,switching_cost,medium,0.05,185320.22060506776,150183.08640629493,-35137.13419877284,-18.960226835501608,True,False
Walmart,store_025__dept_067,switching_cost,high,0.2,185320.22060506776,150183.38640629494,-35136.83419877282,-18.960064953544506,True,False
Walmart,store_026__dept_028,lead_time,low,0.0,39212.06033187582,32951.0571519171,-6261.003179958723,-15.967034445443561,True,False
Walmart,store_026__dept_028,lead_time,medium,2.0,49430.926221153844,43740.19847860287,-5690.727742550975,-11.51248454680107,True,False
Walmart,store_026__dept_028,lead_time,high,7.0,40949.56898076924,39719.35757573051,-1230.2114050387318,-3.0042108761058373,True,False
Walmart,store_026__dept_028,switching_cost,low,0.0,49430.926221153844,43739.84847860287,-5691.077742550973,-11.513192605554478,True,False
Walmart,store_026__dept_028,switching_cost,medium,0.05,49430.926221153844,43740.19847860287,-5690.727742550975,-11.51248454680107,True,False
Walmart,store_026__dept_028,switching_cost,high,0.2,49430.926221153844,43741.248478602865,-5689.677742550979,-11.510360370540852,True,False
Walmart,store_026__dept_038,lead_time,low,0.0,241858.8758766762,224304.0606901477,-17554.815186528518,-7.258288587878708,True,False
Walmart,store_026__dept_038,lead_time,medium,2.0,792249.3195303822,668546.0193444848,-123703.30018589739,-15.614188253165606,True,False
Walmart,store_026__dept_038,lead_time,high,7.0,3152777.5954506956,3276503.168304617,123725.57285392145,3.924335577379496,True,True
Walmart,store_026__dept_038,switching_cost,low,0.0,792249.3195303822,668545.4193444848,-123703.90018589736,-15.61426398690058,True,False
Walmart,store_026__dept_038,switching_cost,medium,0.05,792249.3195303822,668546.0193444848,-123703.30018589739,-15.614188253165606,True,False
Walmart,store_026__dept_038,switching_cost,high,0.2,792249.3195303822,668547.8193444848,-123701.50018589734,-15.613961051960676,True,False
Walmart,store_026__dept_092,lead_time,low,0.0,358688.7427725605,384782.83523553854,26094.092462978035,7.274856819112367,True,True
Walmart,store_026__dept_092,lead_time,medium,2.0,581094.4713719967,595277.6720210435,14183.200649046805,2.44077363454508,True,True
Walmart,store_026__dept_092,lead_time,high,7.0,2663147.347601995,2601276.5688970666,-61870.778704928234,-2.3232202589405793,True,False
Walmart,store_026__dept_092,switching_cost,low,0.0,581094.4713719967,595277.1720210435,14182.700649046805,2.4406875900162417,True,True
Walmart,store_026__dept_092,switching_cost,medium,0.05,581094.4713719967,595277.6720210435,14183.200649046805,2.44077363454508,True,True
Walmart,store_026__dept_092,switching_cost,high,0.2,581094.4713719967,595279.1720210435,14184.700649046805,2.4410317681315967,True,True
Walmart,store_027__dept_002,lead_time,low,0.0,328974.10760289343,333042.8721375899,4068.764534696471,1.2368038823310374,True,True
Walmart,store_027__dept_002,lead_time,medium,2.0,816506.4645289525,751379.5174520337,-65126.94707691879,-7.976292890037425,True,False
Walmart,store_027__dept_002,lead_time,high,7.0,2510021.6406474314,2670065.0556138093,160043.4149663779,6.376176698026258,True,True
Walmart,store_027__dept_002,switching_cost,low,0.0,816506.4645289525,770584.0180790551,-45922.44644989737,-5.624259996078574,True,False
Walmart,store_027__dept_002,switching_cost,medium,0.05,816506.4645289525,751379.5174520337,-65126.94707691879,-7.976292890037425,True,False
Walmart,store_027__dept_002,switching_cost,high,0.2,816506.4645289525,751380.1174520337,-65126.34707691881,-7.976219406234659,True,False
Walmart,store_027__dept_044,lead_time,low,0.0,58332.77104941014,37440.82192631044,-20891.9491230997,-35.81511515268733,True,False
Walmart,store_027__dept_044,lead_time,medium,2.0,111772.18614431008,68321.40164175685,-43450.78450255323,-38.874415900261205,True,False
Walmart,store_027__dept_044,lead_time,high,7.0,196999.547967728,124334.0716754075,-72665.4762923205,-36.886113212921884,True,False
Walmart,store_027__dept_044,switching_cost,low,0.0,111772.18614431008,68321.20164175684,-43450.98450255324,-38.87459483565373,True,False
Walmart,store_027__dept_044,switching_cost,medium,0.05,111772.18614431008,68321.40164175685,-43450.78450255323,-38.874415900261205,True,False
Walmart,store_027__dept_044,switching_cost,high,0.2,111772.18614431008,68322.00164175685,-43450.184502553224,-38.873879094083655,True,False
Walmart,store_027__dept_090,lead_time,low,0.0,402096.8384166376,324485.5282246476,-77611.31019199,-19.301646463475066,True,False
Walmart,store_027__dept_090,lead_time,medium,2.0,1011771.0549574676,778633.8368689457,-233137.21808852185,-23.04248742303884,True,False
Walmart,store_027__dept_090,lead_time,high,7.0,4321343.782090665,3214193.2230248554,-1107150.5590658095,-25.62051562882531,True,False
Walmart,store_027__dept_090,switching_cost,low,0.0,1011771.0549574676,778633.4368689456,-233137.618088522,-23.042526957674486,True,False
Walmart,store_027__dept_090,switching_cost,medium,0.05,1011771.0549574676,778633.8368689457,-233137.21808852185,-23.04248742303884,True,False
Walmart,store_027__dept_090,switching_cost,high,0.2,1011771.0549574676,778635.0368689457,-233136.0180885219,-23.042368819131948,True,False
Walmart,store_027__dept_092,lead_time,low,0.0,854401.9130002642,697549.6930603063,-156852.21993995795,-18.35813070562606,True,False
Walmart,store_027__dept_092,lead_time,medium,2.0,2061641.125579521,1592271.8906679298,-469369.2349115913,-22.766776869551094,True,False
Walmart,store_027__dept_092,lead_time,high,7.0,7769440.66165789,6147296.6726831645,-1622143.9889747258,-20.878516995180746,True,False
Walmart,store_027__dept_092,switching_cost,low,0.0,2061641.125579521,1592271.3906679293,-469369.73491159175,-22.766801122074693,True,False
Walmart,store_027__dept_092,switching_cost,medium,0.05,2061641.125579521,1592271.8906679298,-469369.2349115913,-22.766776869551094,True,False
Walmart,store_027__dept_092,switching_cost,high,0.2,2061641.125579521,1592273.3906679293,-469367.73491159175,-22.766704111980395,True,False
Walmart,store_027__dept_095,lead_time,low,0.0,424643.2373863927,504575.51583999343,79932.27845360071,18.823396069032054,True,True
Walmart,store_027__dept_095,lead_time,medium,2.0,925720.5152749117,1195817.6539304992,270097.13865558757,29.176963694639166,True,True
Walmart,store_027__dept_095,lead_time,high,7.0,4073118.2282908317,4347477.014685097,274358.7863942655,6.73584146142972,True,True
Walmart,store_027__dept_095,switching_cost,low,0.0,925720.5152749117,1195817.453930499,270096.9386555874,29.176942089846257,True,True
Walmart,store_027__dept_095,switching_cost,medium,0.05,925720.5152749117,1195817.6539304992,270097.13865558757,29.176963694639166,True,True
Walmart,store_027__dept_095,switching_cost,high,0.2,925720.5152749117,1195818.253930499,270097.7386555874,29.1770285090178,True,True
Walmart,store_028__dept_092,lead_time,low,0.0,824752.7303083751,739917.0437889318,-84835.68651944329,-10.286196504948,True,False
Walmart,store_028__dept_092,lead_time,medium,2.0,1194758.9868124055,1007974.3438041416,-186784.6430082639,-15.633667130355873,True,False
Walmart,store_028__dept_092,lead_time,high,7.0,3469787.9591866285,2792486.142705139,-677301.8164814897,-19.51997714120432,True,False
Walmart,store_028__dept_092,switching_cost,low,0.0,1194758.9868124055,1007974.0938041415,-186784.893008264,-15.633688055078169,True,False
Walmart,store_028__dept_092,switching_cost,medium,0.05,1194758.9868124055,1007974.3438041416,-186784.6430082639,-15.633667130355873,True,False
Walmart,store_028__dept_092,switching_cost,high,0.2,1194758.9868124055,1007975.0938041416,-186783.8930082639,-15.633604356189009,True,False
Walmart,store_028__dept_095,lead_time,low,0.0,354713.7425233854,349059.63987614977,-5654.102647235617,-1.5939902996182496,True,False
Walmart,store_028__dept_095,lead_time,medium,2.0,543987.4488774047,635438.6144149199,91451.16553751519,16.81126388600282,True,True
Walmart,store_028__dept_095,lead_time,high,7.0,3050010.9958481565,3322057.753621814,272046.75777365733,8.919533671976344,True,True
Walmart,store_028__dept_095,switching_cost,low,0.0,543987.4488774047,635438.4144149198,91450.96553751512,16.811227120448674,True,True
Walmart,store_028__dept_095,switching_cost,medium,0.05,543987.4488774047,635438.6144149199,91451.16553751519,16.81126388600282,True,True
Walmart,store_028__dept_095,switching_cost,high,0.2,543987.4488774047,635439.21441492,91451.76553751528,16.81137418266524,True,True
Walmart,store_030__dept_016,lead_time,low,0.0,8504.78347453989,8599.602480332613,94.81900579272224,1.1148902976374946,True,True
Walmart,store_030__dept_016,lead_time,medium,2.0,25299.50947576975,39145.76063125745,13846.251155487698,54.72932654583185,True,True
Walmart,store_030__dept_016,lead_time,high,7.0,118575.783230949,125731.33707009602,7155.553839147018,6.034582816299185,True,True
Walmart,store_030__dept_016,switching_cost,low,0.0,25299.50947576975,39145.56063125744,13846.051155487687,54.72853601667078,True,True
Walmart,store_030__dept_016,switching_cost,medium,0.05,25299.50947576975,39145.76063125745,13846.251155487698,54.72932654583185,True,True
Walmart,store_030__dept_016,switching_cost,high,0.2,25299.50947576975,39146.36063125745,13846.851155487697,54.73169813331489,True,True
Walmart,store_030__dept_025,lead_time,low,0.0,2228.3732046116606,2236.7175883318732,8.34438372021259,0.3744607816564896,True,False
Walmart,store_030__dept_025,lead_time,medium,2.0,2383.9488125000007,2419.843168742029,35.89435624202815,1.505668077008182,True,True
Walmart,store_030__dept_025,lead_time,high,7.0,3531.221932692309,2610.3865882256937,-920.8353444666154,-26.07696038420737,True,False
Walmart,store_030__dept_025,switching_cost,low,0.0,2383.9488125000007,2419.443168742028,35.49435624202715,1.4888891932543178,True,True
Walmart,store_030__dept_025,switching_cost,medium,0.05,2383.9488125000007,2419.843168742029,35.89435624202815,1.505668077008182,True,True
Walmart,store_030__dept_025,switching_cost,high,0.2,2383.9488125000007,2421.0431687420282,37.094356242027516,1.5560047282696219,True,True
Walmart,store_031__dept_038,lead_time,low,0.0,212007.40435820544,194792.33262157883,-17215.071736626618,-8.120033254848126,True,False
Walmart,store_031__dept_038,lead_time,medium,2.0,610861.5359272852,517719.0346026479,-93142.50132463733,-15.247727323876664,True,False
Walmart,store_031__dept_038,lead_time,high,7.0,2910208.915645809,2774527.741174448,-135681.1744713611,-4.6622486015321645,True,False
Walmart,store_031__dept_038,switching_cost,low,0.0,610861.5359272852,517718.5846026479,-93142.95132463728,-15.247800990325356,True,False
Walmart,store_031__dept_038,switching_cost,medium,0.05,610861.5359272852,517719.0346026479,-93142.50132463733,-15.247727323876664,True,False
Walmart,store_031__dept_038,switching_cost,high,0.2,610861.5359272852,517720.38460264774,-93141.15132463747,-15.247506324530582,True,False
Walmart,store_031__dept_090,lead_time,low,0.0,244881.2781973219,198157.74704301276,-46723.53115430914,-19.080074842087345,True,False
Walmart,store_031__dept_090,lead_time,medium,2.0,535172.3759626696,429862.9992237102,-105309.3767389594,-19.67765554967754,True,False
Walmart,store_031__dept_090,lead_time,high,7.0,2771013.8275442105,2588201.412060692,-182812.4154835185,-6.597311556742919,True,False
Walmart,store_031__dept_090,switching_cost,low,0.0,535172.3759626696,429862.6492237103,-105309.72673895932,-19.677720949166684,True,False
Walmart,store_031__dept_090,switching_cost,medium,0.05,535172.3759626696,429862.9992237102,-105309.3767389594,-19.67765554967754,True,False
Walmart,store_031__dept_090,switching_cost,high,0.2,535172.3759626696,429864.04922371026,-105308.32673895935,-19.67745935121005,True,False
Walmart,store_031__dept_092,lead_time,low,0.0,569772.607038675,442211.82008134143,-127560.78695733356,-22.388016795036094,True,False
Walmart,store_031__dept_092,lead_time,medium,2.0,1182139.047473452,840939.0093264548,-341200.0381469972,-28.8629361221282,True,False
Walmart,store_031__dept_092,lead_time,high,7.0,4611648.027828668,3996878.656049489,-614769.3717791792,-13.33079558694411,True,False
Walmart,store_031__dept_092,switching_cost,low,0.0,1182139.047473452,840938.5593264548,-341200.4881469973,-28.86297418871614,True,False
Walmart,store_031__dept_092,switching_cost,medium,0.05,1182139.047473452,840939.0093264548,-341200.0381469972,-28.8629361221282,True,False
Walmart,store_031__dept_092,switching_cost,high,0.2,1182139.047473452,840940.3593264547,-341198.68814699736,-28.862821922364414,True,False
Walmart,store_031__dept_095,lead_time,low,0.0,336354.37887777784,294252.5858087423,-42101.79306903551,-12.517093789444667,True,False
Walmart,store_031__dept_095,lead_time,medium,2.0,646061.134257552,564366.1527263224,-81694.98153122957,-12.645085302200194,True,False
Walmart,store_031__dept_095,lead_time,high,7.0,3392419.576839229,3536203.6000066386,143784.02316740947,4.238391505256414,True,True
Walmart,store_031__dept_095,switching_cost,low,0.0,646061.134257552,564365.8027263223,-81695.33153122966,-12.64513947663997,True,False
Walmart,store_031__dept_095,switching_cost,medium,0.05,646061.134257552,564366.1527263224,-81694.98153122957,-12.645085302200194,True,False
Walmart,store_031__dept_095,switching_cost,high,0.2,646061.134257552,564367.2027263225,-81693.93153122952,-12.644922778880902,True,False
Walmart,store_031__dept_097,lead_time,low,0.0,121181.87482102007,78644.0452682848,-42537.829552735275,-35.10246859570513,True,False
Walmart,store_031__dept_097,lead_time,medium,2.0,240520.64988459984,170123.53368842852,-70397.11619617132,-29.268637112841404,True,False
Walmart,store_031__dept_097,lead_time,high,7.0,997949.9947630888,901044.9430302681,-96905.05173282069,-9.710411567848722,True,False
Walmart,store_031__dept_097,switching_cost,low,0.0,240520.64988459984,170123.33368842848,-70397.31619617136,-29.268720265784875,True,False
Walmart,store_031__dept_097,switching_cost,medium,0.05,240520.64988459984,170123.53368842852,-70397.11619617132,-29.268637112841404,True,False
Walmart,store_031__dept_097,switching_cost,high,0.2,240520.64988459984,170124.1336884285,-70396.51619617135,-29.268387654011043,True,False
Walmart,store_032__dept_092,lead_time,low,0.0,462473.5232362388,468433.5532779573,5960.030041718506,1.2887289200930165,True,True
Walmart,store_032__dept_092,lead_time,medium,2.0,1182768.979030228,1158970.444872343,-23798.534157885006,-2.0121033422264607,True,False
Walmart,store_032__dept_092,lead_time,high,7.0,4239164.242805872,3423098.2897184733,-816065.9530873988,-19.250633057502167,True,False
Walmart,store_032__dept_092,switching_cost,low,0.0,1182768.979030228,1158970.0448723428,-23798.934157885145,-2.0121371611722765,True,False
Walmart,store_032__dept_092,switching_cost,medium,0.05,1182768.979030228,1158970.444872343,-23798.534157885006,-2.0121033422264607,True,False
Walmart,store_032__dept_092,switching_cost,high,0.2,1182768.979030228,1158971.644872343,-23797.334157885052,-2.0120018853890542,True,False
Walmart,store_032__dept_095,lead_time,low,0.0,261843.25116566572,226921.91031187942,-34921.3408537863,-13.336735126196514,True,False
Walmart,store_032__dept_095,lead_time,medium,2.0,716031.5970587421,562944.2514739602,-153087.34558478184,-21.379970690346894,True,False
Walmart,store_032__dept_095,lead_time,high,7.0,2869726.0919610034,2703017.6864768146,-166708.4054841888,-5.809209664685106,True,False
Walmart,store_032__dept_095,switching_cost,low,0.0,716031.5970587421,562944.0014739602,-153087.59558478184,-21.38000560500723,True,False
Walmart,store_032__dept_095,switching_cost,medium,0.05,716031.5970587421,562944.2514739602,-153087.34558478184,-21.379970690346894,True,False
Walmart,store_032__dept_095,switching_cost,high,0.2,716031.5970587421,562945.0014739602,-153086.59558478184,-21.379865946365893,True,False
Walmart,store_035__dept_072,lead_time,low,0.0,1188342.1403924108,1311011.2521734813,122669.11178107047,10.322709900749883,True,True
Walmart,store_035__dept_072,lead_time,medium,2.0,2109424.3084472655,2365527.374014418,256103.06556715257,12.140898563725592,True,True
Walmart,store_035__dept_072,lead_time,high,7.0,4436393.984723184,3946438.3163805963,-489955.668342588,-11.04400713799903,True,False
Walmart,store_035__dept_072,switching_cost,low,0.0,2109424.3084472655,2365527.174014418,256102.8655671524,12.140889082465735,True,True
Walmart,store_035__dept_072,switching_cost,medium,0.05,2109424.3084472655,2365527.374014418,256103.06556715257,12.140898563725592,True,True
Walmart,store_035__dept_072,switching_cost,high,0.2,2109424.3084472655,2365527.9740144177,256103.6655671522,12.140927007505121,True,True
Walmart,store_036__dept_067,lead_time,low,0.0,2451.4676133133758,2470.4161651618806,18.94855184850485,0.7729472641449341,True,False
Walmart,store_036__dept_067,lead_time,medium,2.0,18297.958890433132,7967.556555822977,-10330.402334610155,-56.45658292527524,True,False
Walmart,store_036__dept_067,lead_time,high,7.0,32765.41495518142,31253.869784389546,-1511.5451707918728,-4.613233718722801,True,False
Walmart,store_036__dept_067,switching_cost,low,0.0,18297.958890433132,7967.206555822979,-10330.752334610153,-56.45849570692534,True,False
Walmart,store_036__dept_067,switching_cost,medium,0.05,18297.958890433132,7967.556555822977,-10330.402334610155,-56.45658292527524,True,False
Walmart,store_036__dept_067,switching_cost,high,0.2,18297.958890433132,7968.6065558229775,-10329.352334610154,-56.45084458032492,True,False
Walmart,store_037__dept_023,lead_time,low,0.0,649.7337885248822,1287.85398030374,638.1201917788577,98.21256075162854,True,True
Walmart,store_037__dept_023,lead_time,medium,2.0,1159.861644222263,665.8951296411241,-493.966514581139,-42.58839983559976,True,False
Walmart,store_037__dept_023,lead_time,high,7.0,1873.8692144600636,1953.8598905902902,79.99067613022657,4.268743811625886,True,True
Walmart,store_037__dept_023,switching_cost,low,0.0,1159.861644222263,665.6451296411241,-494.216514581139,-42.60995413056635,True,False
Walmart,store_037__dept_023,switching_cost,medium,0.05,1159.861644222263,665.8951296411241,-493.966514581139,-42.58839983559976,True,False
Walmart,store_037__dept_023,switching_cost,high,0.2,1159.861644222263,752.3974133900158,-407.46423083224727,-35.13041687877087,True,False
Walmart,store_039__dept_012,lead_time,low,0.0,10760.648250361735,11456.363338858951,695.7150884972161,6.465364096199581,True,True
Walmart,store_039__dept_012,lead_time,medium,2.0,35877.42143042356,38660.00700744319,2782.585577019636,7.7558126143927435,True,True
Walmart,store_039__dept_012,lead_time,high,7.0,193376.37017871134,211664.91090500623,18288.540726294887,9.457484753381857,True,True
Walmart,store_039__dept_012,switching_cost,low,0.0,35877.42143042356,39830.97457611309,3953.5531456895333,11.01961341719217,True,True
Walmart,store_039__dept_012,switching_cost,medium,0.05,35877.42143042356,38660.00700744319,2782.585577019636,7.7558126143927435,True,True
Walmart,store_039__dept_012,switching_cost,high,0.2,35877.42143042356,38899.00950744319,3021.588077019631,8.421976710002259,True,True
Walmart,store_039__dept_090,lead_time,low,0.0,275533.8059812525,251202.14872281885,-24331.657258433668,-8.830733917307123,True,False
Walmart,store_039__dept_090,lead_time,medium,2.0,707133.6470348754,615994.1250584464,-91139.52197642892,-12.888585115217122,True,False
Walmart,store_039__dept_090,lead_time,high,7.0,2776192.9862989676,2473751.789021985,-302441.1972769825,-10.89409845675666,True,False
Walmart,store_039__dept_090,switching_cost,low,0.0,707133.6470348754,615993.9250584466,-91139.72197642876,-12.888613398413753,True,False
Walmart,store_039__dept_090,switching_cost,medium,0.05,707133.6470348754,615994.1250584464,-91139.52197642892,-12.888585115217122,True,False
Walmart,store_039__dept_090,switching_cost,high,0.2,707133.6470348754,615994.7250584465,-91138.92197642883,-12.888500265627146,True,False
Walmart,store_039__dept_092,lead_time,low,0.0,447173.29348422214,414032.79573767993,-33140.49774654221,-7.411108451563091,True,False
Walmart,store_039__dept_092,lead_time,medium,2.0,1091316.9987334427,1051942.5672582546,-39374.43147518812,-3.6079738078748127,True,False
Walmart,store_039__dept_092,lead_time,high,7.0,4247642.128542162,3921714.0026284093,-325928.12591375224,-7.673154094683924,True,False
Walmart,store_039__dept_092,switching_cost,low,0.0,1091316.9987334427,1051942.3172582546,-39374.68147518812,-3.6079967159757853,True,False
Walmart,store_039__dept_092,switching_cost,medium,0.05,1091316.9987334427,1051942.5672582546,-39374.43147518812,-3.6079738078748127,True,False
Walmart,store_039__dept_092,switching_cost,high,0.2,1091316.9987334427,1051943.3172582544,-39373.68147518835,-3.6079050835719166,True,False
Walmart,store_039__dept_095,lead_time,low,0.0,681924.8891280281,421464.7710432721,-260460.11808475596,-38.19483967183017,True,False
Walmart,store_039__dept_095,lead_time,medium,2.0,2250120.0533411196,1100741.497331006,-1149378.5560101136,-51.08076585973464,True,False
Walmart,store_039__dept_095,lead_time,high,7.0,7014218.0499043595,4096559.328392472,-2917658.7215118874,-41.596350452088814,True,False
Walmart,store_039__dept_095,switching_cost,low,0.0,2250120.0533411196,1100741.0973310058,-1149378.9560101137,-51.08078363656391,True,False
Walmart,store_039__dept_095,switching_cost,medium,0.05,2250120.0533411196,1100741.497331006,-1149378.5560101136,-51.08076585973464,True,False
Walmart,store_039__dept_095,switching_cost,high,0.2,2250120.0533411196,1100742.697331006,-1149377.3560101136,-51.080712529246874,True,False
Walmart,store_040__dept_003,lead_time,low,0.0,1346668.1178365382,1346668.3178365382,0.19999999995343387,1.4851469141093184e-05,False,False
Walmart,store_040__dept_003,lead_time,medium,2.0,1333399.2797433294,1051643.9002019227,-281755.37954140664,-21.13060834978422,True,False
Walmart,store_040__dept_003,lead_time,high,7.0,1214393.8919326921,1214394.0919326923,0.20000000018626451,1.6469121058239768e-05,False,False
Walmart,store_040__dept_003,switching_cost,low,0.0,1333399.2797433294,1051643.5002019228,-281755.77954140655,-21.130638348300494,True,False
Walmart,store_040__dept_003,switching_cost,medium,0.05,1333399.2797433294,1051643.9002019227,-281755.37954140664,-21.13060834978422,True,False
Walmart,store_040__dept_003,switching_cost,high,0.2,1333399.2797433294,1051645.100201923,-281754.17954140645,-21.13051835423537,True,False
Walmart,store_040__dept_092,lead_time,low,0.0,315258.98151932895,349790.2111913858,34531.229672056856,10.953289738373305,True,True
Walmart,store_040__dept_092,lead_time,medium,2.0,607478.2079524654,599264.3599370247,-8213.848015440744,-1.352122250298643,True,False
Walmart,store_040__dept_092,lead_time,high,7.0,2874886.1190188825,2973998.2617432647,99112.14272438223,3.4475154361316545,True,True
Walmart,store_040__dept_092,switching_cost,low,0.0,607478.2079524654,599264.1599370247,-8214.048015440698,-1.3521551732903379,True,False
Walmart,store_040__dept_092,switching_cost,medium,0.05,607478.2079524654,599264.3599370247,-8213.848015440744,-1.352122250298643,True,False
Walmart,store_040__dept_092,switching_cost,high,0.2,607478.2079524654,599264.9599370247,-8213.248015440651,-1.3520234813235195,True,False
Walmart,store_041__dept_013,lead_time,low,0.0,165913.14652815397,169098.02619173413,3184.8796635801555,1.9196065714055457,True,True
Walmart,store_041__dept_013,lead_time,medium,2.0,495980.8101868958,503554.2980373142,7573.487850418431,1.5269719502987595,True,True
Walmart,store_041__dept_013,lead_time,high,7.0,1567942.64533277,966502.1603867313,-601440.4849460387,-38.35857687373462,True,False
Walmart,store_041__dept_013,switching_cost,low,0.0,495980.8101868958,503554.1980373142,7573.387850418454,1.5269517882283885,True,True
Walmart,store_041__dept_013,switching_cost,medium,0.05,495980.8101868958,503554.2980373142,7573.487850418431,1.5269719502987595,True,True
Walmart,store_041__dept_013,switching_cost,high,0.2,495980.8101868958,503554.5980373142,7573.787850418419,1.5270324365098844,True,True
Walmart,store_041__dept_092,lead_time,low,0.0,458401.6375743393,367561.16798794083,-90840.46958639845,-19.81678557412806,True,False
Walmart,store_041__dept_092,lead_time,medium,2.0,1249996.8742291788,1382691.4257026373,132694.55147345853,10.615590663399518,True,True
Walmart,store_041__dept_092,lead_time,high,7.0,4599206.12117943,4706557.398116534,107351.27693710383,2.3341262406733456,True,True
Walmart,store_041__dept_092,switching_cost,low,0.0,1249996.8742291788,1382691.025702637,132694.15147345816,10.615558663319469,True,True
Walmart,store_041__dept_092,switching_cost,medium,0.05,1249996.8742291788,1382691.4257026373,132694.55147345853,10.615590663399518,True,True
Walmart,store_041__dept_092,switching_cost,high,0.2,1249996.8742291788,1382692.6257026372,132695.75147345848,10.615686663639575,True,True
Walmart,store_041__dept_095,lead_time,low,0.0,220855.61454230585,237974.62433279876,17119.009790492913,7.751222365784002,True,True
Walmart,store_041__dept_095,lead_time,medium,2.0,614670.167637194,582226.1140927228,-32444.053544471273,-5.278286673515805,True,False
Walmart,store_041__dept_095,lead_time,high,7.0,2968035.6628247644,3125738.4510934316,157702.78826866718,5.313372418125763,True,True
Walmart,store_041__dept_095,switching_cost,low,0.0,614670.167637194,582225.9640927229,-32444.20354447118,-5.278311076847511,True,False
Walmart,store_041__dept_095,switching_cost,medium,0.05,614670.167637194,582226.1140927228,-32444.053544471273,-5.278286673515805,True,False
Walmart,store_041__dept_095,switching_cost,high,0.2,614670.167637194,582226.5640927228,-32443.603544471203,-5.27821346352063,True,False
Walmart,store_042__dept_092,lead_time,low,0.0,339599.58945584897,412650.2009421064,73050.61148625746,21.51080677197188,True,True
Walmart,store_042__dept_092,lead_time,medium,2.0,735581.3305601993,537772.4072309724,-197808.9233292269,-26.89150949203412,True,False
Walmart,store_042__dept_092,lead_time,high,7.0,2841598.42940959,2748714.658441083,-92883.77096850704,-3.268715593561398,True,False
Walmart,store_042__dept_092,switching_cost,low,0.0,735581.3305601993,537772.2072309726,-197809.12332922674,-26.89153668141367,True,False
Walmart,store_042__dept_092,switching_cost,medium,0.05,735581.3305601993,537772.4072309724,-197808.9233292269,-26.89150949203412,True,False
Walmart,store_042__dept_092,switching_cost,high,0.2,735581.3305601993,537773.0072309725,-197808.3233292268,-26.891427923895407,True,False
Walmart,store_043__dept_092,lead_time,low,0.0,414404.2001282728,241580.19609272564,-172824.00403554717,-41.704211487733964,True,False
Walmart,store_043__dept_092,lead_time,medium,2.0,721820.5577890803,416824.24829579314,-304996.3094932872,-42.25375769671673,True,False
Walmart,store_043__dept_092,lead_time,high,7.0,2813138.758839262,2290348.6061961935,-522790.1526430687,-18.58387365359748,True,False
Walmart,store_043__dept_092,switching_cost,low,0.0,721820.5577890803,416823.7982957931,-304996.7594932872,-42.2538200390808,True,False
Walmart,store_043__dept_092,switching_cost,medium,0.05,721820.5577890803,416824.24829579314,-304996.3094932872,-42.25375769671673,True,False
Walmart,store_043__dept_092,switching_cost,high,0.2,721820.5577890803,416825.5982957931,-304994.9594932872,-42.25357066962456,True,False
Walmart,store_044__dept_012,lead_time,low,0.0,936.682635334508,920.1290125160306,-16.55362281847738,-1.7672605633994434,True,False
Walmart,store_044__dept_012,lead_time,medium,2.0,1278.486031207209,1126.9966371776154,-151.48939402959354,-11.849123911549494,True,False
Walmart,store_044__dept_012,lead_time,high,7.0,3674.8296959568233,3574.9614092477145,-99.86828670910882,-2.717630338597389,True,False
Walmart,store_044__dept_012,switching_cost,low,0.0,1278.486031207209,1126.8466371776153,-151.63939402959363,-11.86085653876158,True,False
Walmart,store_044__dept_012,switching_cost,medium,0.05,1278.486031207209,1126.9966371776154,-151.48939402959354,-11.849123911549494,True,False
Walmart,store_044__dept_012,switching_cost,high,0.2,1278.486031207209,1127.4466371776152,-151.03939402959372,-11.813926029913283,True,False
Walmart,store_044__dept_080,lead_time,low,0.0,12030.294933994586,11495.945320255709,-534.3496137388775,-4.441700030386952,True,False
Walmart,store_044__dept_080,lead_time,medium,2.0,44514.77828100385,46023.097023481394,1508.318742477546,3.3883550603265684,True,True
Walmart,store_044__dept_080,lead_time,high,7.0,191914.37115739382,171497.49584692635,-20416.87531046747,-10.638533835344239,True,False
Walmart,store_044__dept_080,switching_cost,low,0.0,44514.77828100385,46022.7970234814,1508.0187424775504,3.387681126833961,True,True
Walmart,store_044__dept_080,switching_cost,medium,0.05,44514.77828100385,46023.097023481394,1508.318742477546,3.3883550603265684,True,True
Walmart,store_044__dept_080,switching_cost,high,0.2,44514.77828100385,46023.997023481395,1509.2187424775475,3.390376860804423,True,True
