planning_unit,regime,beam_width,rounding_multiplier,baseline_cost,approximate_dp_cost,relative_cost_change_pct
FOODS_1_218__TX_2,long_lead,48,0.05,2935.236830357142,2695.7256511186665,-8.159858746707442
FOODS_1_218__TX_2,long_lead,48,0.1,2935.236830357142,2943.4578124999994,0.28007900615832276
FOODS_1_218__TX_2,long_lead,48,0.2,2935.236830357142,2590.1466391771396,-11.756809113696422
FOODS_1_218__TX_2,long_lead,96,0.05,2935.236830357142,2514.7931919642847,-14.324010725284483
FOODS_1_218__TX_2,long_lead,96,0.1,2935.236830357142,3676.376393947962,25.249736441220737
FOODS_1_218__TX_2,long_lead,96,0.2,2935.236830357142,3676.376393947962,25.249736441220737
FOODS_1_218__TX_2,long_lead,192,0.05,2935.236830357142,2510.572209821428,-14.467814526708686
FOODS_1_218__TX_2,long_lead,192,0.1,2935.236830357142,2510.572209821428,-14.467814526708686
FOODS_1_218__TX_2,long_lead,192,0.2,2935.236830357142,2510.072209821428,-14.48484892730045
FOODS_1_218__TX_2,tight_capacity,48,0.05,6946.376633258926,6950.876633258926,0.0647819753748193
FOODS_1_218__TX_2,tight_capacity,48,0.1,6946.376633258926,6950.876633258926,0.0647819753748193
FOODS_1_218__TX_2,tight_capacity,48,0.2,6946.376633258926,6950.876633258926,0.0647819753748193
FOODS_1_218__TX_2,tight_capacity,96,0.05,6946.376633258926,6950.876633258926,0.0647819753748193
FOODS_1_218__TX_2,tight_capacity,96,0.1,6946.376633258926,6950.876633258926,0.0647819753748193
FOODS_1_218__TX_2,tight_capacity,96,0.2,6946.376633258926,6950.876633258926,0.0647819753748193
FOODS_1_218__TX_2,tight_capacity,192,0.05,6946.376633258926,6950.876633258926,0.0647819753748193
FOODS_1_218__TX_2,tight_capacity,192,0.1,6946.376633258926,6950.876633258926,0.0647819753748193
FOODS_1_218__TX_2,tight_capacity,192,0.2,6946.376633258926,6950.876633258926,0.0647819753748193
FOODS_2_197__CA_1,long_lead,48,0.05,11814.3472108999,8329.919333378795,-29.493190062218385
FOODS_2_197__CA_1,long_lead,48,0.1,11814.3472108999,8329.919333378795,-29.493190062218385
FOODS_2_197__CA_1,long_lead,48,0.2,11814.3472108999,8329.919333378795,-29.493190062218385
FOODS_2_197__CA_1,long_lead,96,0.05,11814.3472108999,8329.919333378795,-29.493190062218385
FOODS_2_197__CA_1,long_lead,96,0.1,11814.3472108999,8329.919333378795,-29.493190062218385
FOODS_2_197__CA_1,long_lead,96,0.2,11814.3472108999,8329.919333378795,-29.493190062218385
FOODS_2_197__CA_1,long_lead,192,0.05,11814.3472108999,7983.184258783845,-32.42805449785181
FOODS_2_197__CA_1,long_lead,192,0.1,11814.3472108999,7983.184258783845,-32.42805449785181
FOODS_2_197__CA_1,long_lead,192,0.2,11814.3472108999,7983.184258783845,-32.42805449785181
FOODS_2_197__CA_1,tight_capacity,48,0.05,14461.664782652906,12248.698214285709,-15.302294733187987
FOODS_2_197__CA_1,tight_capacity,48,0.1,14461.664782652906,12248.698214285709,-15.302294733187987
FOODS_2_197__CA_1,tight_capacity,48,0.2,14461.664782652906,12248.698214285709,-15.302294733187987
FOODS_2_197__CA_1,tight_capacity,96,0.05,14461.664782652906,12248.698214285709,-15.302294733187987
FOODS_2_197__CA_1,tight_capacity,96,0.1,14461.664782652906,12248.698214285709,-15.302294733187987
FOODS_2_197__CA_1,tight_capacity,96,0.2,14461.664782652906,12248.698214285709,-15.302294733187987
FOODS_2_197__CA_1,tight_capacity,192,0.05,14461.664782652906,12248.698214285709,-15.302294733187987
FOODS_2_197__CA_1,tight_capacity,192,0.1,14461.664782652906,12248.698214285709,-15.302294733187987
FOODS_2_197__CA_1,tight_capacity,192,0.2,14461.664782652906,12248.698214285709,-15.302294733187987
FOODS_2_197__CA_3,long_lead,48,0.05,2563.416569864527,632.4517021541551,-75.3277828664586
FOODS_2_197__CA_3,long_lead,48,0.1,2563.416569864527,637.0450703894769,-75.1485935653781
FOODS_2_197__CA_3,long_lead,48,0.2,2563.416569864527,632.4517021541551,-75.3277828664586
FOODS_2_197__CA_3,long_lead,96,0.05,2563.416569864527,632.4517021541551,-75.3277828664586
FOODS_2_197__CA_3,long_lead,96,0.1,2563.416569864527,632.4517021541551,-75.3277828664586
FOODS_2_197__CA_3,long_lead,96,0.2,2563.416569864527,632.4517021541551,-75.3277828664586
FOODS_2_197__CA_3,long_lead,192,0.05,2563.416569864527,632.4517021541551,-75.3277828664586
FOODS_2_197__CA_3,long_lead,192,0.1,2563.416569864527,632.4517021541551,-75.3277828664586
FOODS_2_197__CA_3,long_lead,192,0.2,2563.416569864527,632.4517021541551,-75.3277828664586
FOODS_2_197__CA_3,tight_capacity,48,0.05,2434.551020788086,3195.834488199213,31.269973843665532
FOODS_2_197__CA_3,tight_capacity,48,0.1,2434.551020788086,3195.834488199213,31.269973843665532
FOODS_2_197__CA_3,tight_capacity,48,0.2,2434.551020788086,3195.834488199213,31.269973843665532
FOODS_2_197__CA_3,tight_capacity,96,0.05,2434.551020788086,3195.834488199213,31.269973843665532
FOODS_2_197__CA_3,tight_capacity,96,0.1,2434.551020788086,3195.834488199213,31.269973843665532
FOODS_2_197__CA_3,tight_capacity,96,0.2,2434.551020788086,2416.712960335734,-0.732704317964053
FOODS_2_197__CA_3,tight_capacity,192,0.05,2434.551020788086,2417.576353192877,-0.6972401666782222
FOODS_2_197__CA_3,tight_capacity,192,0.1,2434.551020788086,2417.576353192877,-0.6972401666782222
FOODS_2_197__CA_3,tight_capacity,192,0.2,2434.551020788086,2417.576353192877,-0.6972401666782222
FOODS_2_276__CA_3,long_lead,48,0.05,1732.5539578446294,700.6167383043664,-59.561620858494734
FOODS_2_276__CA_3,long_lead,48,0.1,1732.5539578446294,700.6167383043664,-59.561620858494734
FOODS_2_276__CA_3,long_lead,48,0.2,1732.5539578446294,700.6167383043664,-59.561620858494734
FOODS_2_276__CA_3,long_lead,96,0.05,1732.5539578446294,700.6167383043664,-59.561620858494734
FOODS_2_276__CA_3,long_lead,96,0.1,1732.5539578446294,700.6167383043664,-59.561620858494734
FOODS_2_276__CA_3,long_lead,96,0.2,1732.5539578446294,700.6167383043664,-59.561620858494734
FOODS_2_276__CA_3,long_lead,192,0.05,1732.5539578446294,715.1550448999151,-58.72249509679927
FOODS_2_276__CA_3,long_lead,192,0.1,1732.5539578446294,715.1550448999151,-58.72249509679927
FOODS_2_276__CA_3,long_lead,192,0.2,1732.5539578446294,715.1550448999151,-58.72249509679927
FOODS_2_276__CA_3,tight_capacity,48,0.05,3552.0495144828615,2769.717600017458,-22.024803181250192
FOODS_2_276__CA_3,tight_capacity,48,0.1,3552.0495144828615,2795.0104999999994,-21.312738220460265
FOODS_2_276__CA_3,tight_capacity,48,0.2,3552.0495144828615,2795.0104999999994,-21.312738220460265
FOODS_2_276__CA_3,tight_capacity,96,0.05,3552.0495144828615,3160.2960449335415,-11.02894168428716
FOODS_2_276__CA_3,tight_capacity,96,0.1,3552.0495144828615,3651.326866885328,2.7949315457929407
FOODS_2_276__CA_3,tight_capacity,96,0.2,3552.0495144828615,3159.0086699335416,-11.065184844602095
FOODS_2_276__CA_3,tight_capacity,192,0.05,3552.0495144828615,3159.0086699335416,-11.065184844602095
FOODS_2_276__CA_3,tight_capacity,192,0.1,3552.0495144828615,3159.0086699335416,-11.065184844602095
FOODS_2_276__CA_3,tight_capacity,192,0.2,3552.0495144828615,3159.0086699335416,-11.065184844602095
FOODS_2_360__CA_3,long_lead,48,0.05,7955.319642857146,8160.5207271080035,2.579419727466278
FOODS_2_360__CA_3,long_lead,48,0.1,7955.319642857146,8160.5207271080035,2.579419727466278
FOODS_2_360__CA_3,long_lead,48,0.2,7955.319642857146,8009.092155679432,0.6759315179820127
FOODS_2_360__CA_3,long_lead,96,0.05,7955.319642857146,8160.5207271080035,2.579419727466278
FOODS_2_360__CA_3,long_lead,96,0.1,7955.319642857146,8160.5207271080035,2.579419727466278
FOODS_2_360__CA_3,long_lead,96,0.2,7955.319642857146,8009.092155679432,0.6759315179820127
FOODS_2_360__CA_3,long_lead,192,0.05,7955.319642857146,8160.5207271080035,2.579419727466278
FOODS_2_360__CA_3,long_lead,192,0.1,7955.319642857146,8160.5207271080035,2.579419727466278
FOODS_2_360__CA_3,long_lead,192,0.2,7955.319642857146,8009.092155679432,0.6759315179820127
FOODS_2_360__CA_3,tight_capacity,48,0.05,15111.245223929798,15223.787678571438,0.7447596341261162
FOODS_2_360__CA_3,tight_capacity,48,0.1,15111.245223929798,15223.787678571438,0.7447596341261162
FOODS_2_360__CA_3,tight_capacity,48,0.2,15111.245223929798,15223.787678571438,0.7447596341261162
FOODS_2_360__CA_3,tight_capacity,96,0.05,15111.245223929798,15223.787678571438,0.7447596341261162
FOODS_2_360__CA_3,tight_capacity,96,0.1,15111.245223929798,15223.787678571438,0.7447596341261162
FOODS_2_360__CA_3,tight_capacity,96,0.2,15111.245223929798,15223.787678571438,0.7447596341261162
FOODS_2_360__CA_3,tight_capacity,192,0.05,15111.245223929798,15223.787678571438,0.7447596341261162
FOODS_2_360__CA_3,tight_capacity,192,0.1,15111.245223929798,15223.787678571438,0.7447596341261162
FOODS_2_360__CA_3,tight_capacity,192,0.2,15111.245223929798,15223.787678571438,0.7447596341261162
FOODS_2_360__TX_3,long_lead,48,0.05,10701.141869470674,9015.142161539965,-15.7553252587063
FOODS_2_360__TX_3,long_lead,48,0.1,10701.141869470674,9015.142161539965,-15.7553252587063
FOODS_2_360__TX_3,long_lead,48,0.2,10701.141869470674,9015.142161539965,-15.7553252587063
FOODS_2_360__TX_3,long_lead,96,0.05,10701.141869470674,9015.142161539965,-15.7553252587063
FOODS_2_360__TX_3,long_lead,96,0.1,10701.141869470674,9015.142161539965,-15.7553252587063
FOODS_2_360__TX_3,long_lead,96,0.2,10701.141869470674,9015.142161539965,-15.7553252587063
FOODS_2_360__TX_3,long_lead,192,0.05,10701.141869470674,9015.142161539965,-15.7553252587063
FOODS_2_360__TX_3,long_lead,192,0.1,10701.141869470674,9015.142161539965,-15.7553252587063
FOODS_2_360__TX_3,long_lead,192,0.2,10701.141869470674,9015.142161539965,-15.7553252587063
FOODS_2_360__TX_3,tight_capacity,48,0.05,12880.793415178578,13338.093143136166,3.5502450293062826
FOODS_2_360__TX_3,tight_capacity,48,0.1,12880.793415178578,13338.093143136166,3.5502450293062826
FOODS_2_360__TX_3,tight_capacity,48,0.2,12880.793415178578,13338.093143136166,3.5502450293062826
FOODS_2_360__TX_3,tight_capacity,96,0.05,12880.793415178578,13338.093143136166,3.5502450293062826
FOODS_2_360__TX_3,tight_capacity,96,0.1,12880.793415178578,13337.593143136166,3.5463632808465113
FOODS_2_360__TX_3,tight_capacity,96,0.2,12880.793415178578,13337.593143136166,3.5463632808465113
FOODS_2_360__TX_3,tight_capacity,192,0.05,12880.793415178578,13337.593143136166,3.5463632808465113
FOODS_2_360__TX_3,tight_capacity,192,0.1,12880.793415178578,13337.593143136166,3.5463632808465113
FOODS_2_360__TX_3,tight_capacity,192,0.2,12880.793415178578,13337.593143136166,3.5463632808465113
FOODS_2_360__WI_2,long_lead,48,0.05,61689.34586356027,36850.50944102033,-40.264386134806095
FOODS_2_360__WI_2,long_lead,48,0.1,61689.34586356027,36850.50944102033,-40.264386134806095
FOODS_2_360__WI_2,long_lead,48,0.2,61689.34586356027,36850.50944102033,-40.264386134806095
FOODS_2_360__WI_2,long_lead,96,0.05,61689.34586356027,35790.4380124489,-41.98278890554711
FOODS_2_360__WI_2,long_lead,96,0.1,61689.34586356027,35790.4380124489,-41.98278890554711
FOODS_2_360__WI_2,long_lead,96,0.2,61689.34586356027,35790.4380124489,-41.98278890554711
FOODS_2_360__WI_2,long_lead,192,0.05,61689.34586356027,38070.16122673462,-38.28729954288175
FOODS_2_360__WI_2,long_lead,192,0.1,61689.34586356027,38070.16122673462,-38.28729954288175
FOODS_2_360__WI_2,long_lead,192,0.2,61689.34586356027,43077.49716423462,-30.1702805221665
FOODS_2_360__WI_2,tight_capacity,48,0.05,61237.08913899668,58122.032017495476,-5.08687980650192
FOODS_2_360__WI_2,tight_capacity,48,0.1,61237.08913899668,58122.032017495476,-5.08687980650192
FOODS_2_360__WI_2,tight_capacity,48,0.2,61237.08913899668,58122.032017495476,-5.08687980650192
FOODS_2_360__WI_2,tight_capacity,96,0.05,61237.08913899668,58122.032017495476,-5.08687980650192
FOODS_2_360__WI_2,tight_capacity,96,0.1,61237.08913899668,58122.032017495476,-5.08687980650192
FOODS_2_360__WI_2,tight_capacity,96,0.2,61237.08913899668,58122.032017495476,-5.08687980650192
FOODS_2_360__WI_2,tight_capacity,192,0.05,61237.08913899668,56245.98149028204,-8.15046521461162
FOODS_2_360__WI_2,tight_capacity,192,0.1,61237.08913899668,56245.98149028204,-8.15046521461162
FOODS_2_360__WI_2,tight_capacity,192,0.2,61237.08913899668,56245.48149028204,-8.151281713251628
FOODS_3_007__WI_2,long_lead,48,0.05,52782.8625,52785.8625,0.005683662950261555
FOODS_3_007__WI_2,long_lead,48,0.1,52782.8625,52785.8625,0.005683662950261555
FOODS_3_007__WI_2,long_lead,48,0.2,52782.8625,52785.8625,0.005683662950261555
FOODS_3_007__WI_2,long_lead,96,0.05,52782.8625,52785.8625,0.005683662950261555
FOODS_3_007__WI_2,long_lead,96,0.1,52782.8625,52785.8625,0.005683662950261555
FOODS_3_007__WI_2,long_lead,96,0.2,52782.8625,52785.8625,0.005683662950261555
FOODS_3_007__WI_2,long_lead,192,0.05,52782.8625,52785.8625,0.005683662950261555
FOODS_3_007__WI_2,long_lead,192,0.1,52782.8625,52785.8625,0.005683662950261555
FOODS_3_007__WI_2,long_lead,192,0.2,52782.8625,52785.8625,0.005683662950261555
FOODS_3_007__WI_2,tight_capacity,48,0.05,52888.837499999994,52891.837499999994,0.005672274418964116
FOODS_3_007__WI_2,tight_capacity,48,0.1,52888.837499999994,52891.837499999994,0.005672274418964116
FOODS_3_007__WI_2,tight_capacity,48,0.2,52888.837499999994,52891.837499999994,0.005672274418964116
FOODS_3_007__WI_2,tight_capacity,96,0.05,52888.837499999994,52891.837499999994,0.005672274418964116
FOODS_3_007__WI_2,tight_capacity,96,0.1,52888.837499999994,52891.837499999994,0.005672274418964116
FOODS_3_007__WI_2,tight_capacity,96,0.2,52888.837499999994,52891.837499999994,0.005672274418964116
FOODS_3_007__WI_2,tight_capacity,192,0.05,52888.837499999994,52891.837499999994,0.005672274418964116
FOODS_3_007__WI_2,tight_capacity,192,0.1,52888.837499999994,52891.837499999994,0.005672274418964116
FOODS_3_007__WI_2,tight_capacity,192,0.2,52888.837499999994,52891.837499999994,0.005672274418964116
FOODS_3_030__TX_2,long_lead,48,0.05,2099.587227957393,3930.4189871651793,87.19960451411828
FOODS_3_030__TX_2,long_lead,48,0.1,2099.587227957393,3930.4189871651793,87.19960451411828
FOODS_3_030__TX_2,long_lead,48,0.2,2099.587227957393,3930.4189871651793,87.19960451411828
FOODS_3_030__TX_2,long_lead,96,0.05,2099.587227957393,4053.8373756442593,93.07782604431634
FOODS_3_030__TX_2,long_lead,96,0.1,2099.587227957393,4286.520533671867,104.16015474822909
FOODS_3_030__TX_2,long_lead,96,0.2,2099.587227957393,4286.520533671867,104.16015474822909
FOODS_3_030__TX_2,long_lead,192,0.05,2099.587227957393,4097.611936873265,95.162738766499
FOODS_3_030__TX_2,long_lead,192,0.1,2099.587227957393,4286.520533671867,104.16015474822909
FOODS_3_030__TX_2,long_lead,192,0.2,2099.587227957393,4286.520533671867,104.16015474822909
FOODS_3_030__TX_2,tight_capacity,48,0.05,7966.581820994932,8956.763809582082,12.4291949902234
FOODS_3_030__TX_2,tight_capacity,48,0.1,7966.581820994932,8956.763809582082,12.4291949902234
FOODS_3_030__TX_2,tight_capacity,48,0.2,7966.581820994932,8956.763809582082,12.4291949902234
FOODS_3_030__TX_2,tight_capacity,96,0.05,7966.581820994932,7898.523035189374,-0.8543034809006466
FOODS_3_030__TX_2,tight_capacity,96,0.1,7966.581820994932,7898.523035189374,-0.8543034809006466
FOODS_3_030__TX_2,tight_capacity,96,0.2,7966.581820994932,7898.523035189374,-0.8543034809006466
FOODS_3_030__TX_2,tight_capacity,192,0.05,7966.581820994932,7898.523035189374,-0.8543034809006466
FOODS_3_030__TX_2,tight_capacity,192,0.1,7966.581820994932,7898.523035189374,-0.8543034809006466
FOODS_3_030__TX_2,tight_capacity,192,0.2,7966.581820994932,7898.523035189374,-0.8543034809006466
FOODS_3_030__TX_3,long_lead,48,0.05,1622.610499234392,1367.1561850520106,-15.743415582662267
FOODS_3_030__TX_3,long_lead,48,0.1,1622.610499234392,1367.1561850520106,-15.743415582662267
FOODS_3_030__TX_3,long_lead,48,0.2,1622.610499234392,1367.1561850520106,-15.743415582662267
FOODS_3_030__TX_3,long_lead,96,0.05,1622.610499234392,1367.1561850520106,-15.743415582662267
FOODS_3_030__TX_3,long_lead,96,0.1,1622.610499234392,1367.1561850520106,-15.743415582662267
FOODS_3_030__TX_3,long_lead,96,0.2,1622.610499234392,1367.1561850520106,-15.743415582662267
FOODS_3_030__TX_3,long_lead,192,0.05,1622.610499234392,1367.1561850520106,-15.743415582662267
FOODS_3_030__TX_3,long_lead,192,0.1,1622.610499234392,1602.293023090158,-1.2521474595302151
FOODS_3_030__TX_3,long_lead,192,0.2,1622.610499234392,1614.765068970735,-0.4835066867469842
FOODS_3_030__TX_3,tight_capacity,48,0.05,2087.3427770703124,1947.7503749999996,-6.687564860153806
FOODS_3_030__TX_3,tight_capacity,48,0.1,2087.3427770703124,2215.4210699411697,6.13594922107721
FOODS_3_030__TX_3,tight_capacity,48,0.2,2087.3427770703124,2641.599760914063,26.553232652170212
FOODS_3_030__TX_3,tight_capacity,96,0.05,2087.3427770703124,2641.599760914063,26.553232652170212
FOODS_3_030__TX_3,tight_capacity,96,0.1,2087.3427770703124,2641.599760914063,26.553232652170212
FOODS_3_030__TX_3,tight_capacity,96,0.2,2087.3427770703124,3543.4196210167,69.75743801840073
FOODS_3_030__TX_3,tight_capacity,192,0.05,2087.3427770703124,3543.9196210167,69.78139191832999
FOODS_3_030__TX_3,tight_capacity,192,0.1,2087.3427770703124,3543.4196210167,69.75743801840073
FOODS_3_030__TX_3,tight_capacity,192,0.2,2087.3427770703124,3543.4196210167,69.75743801840073
FOODS_3_080__CA_1,long_lead,48,0.05,1334.6458954615773,1003.3945481776797,-24.819418274937775
FOODS_3_080__CA_1,long_lead,48,0.1,1334.6458954615773,1003.3945481776797,-24.819418274937775
FOODS_3_080__CA_1,long_lead,48,0.2,1334.6458954615773,1002.3945481776797,-24.894344515928022
FOODS_3_080__CA_1,long_lead,96,0.05,1334.6458954615773,1003.3945481776797,-24.819418274937775
FOODS_3_080__CA_1,long_lead,96,0.1,1334.6458954615773,1003.3945481776797,-24.819418274937775
FOODS_3_080__CA_1,long_lead,96,0.2,1334.6458954615773,1002.3945481776797,-24.894344515928022
FOODS_3_080__CA_1,long_lead,192,0.05,1334.6458954615773,1003.3945481776797,-24.819418274937775
FOODS_3_080__CA_1,long_lead,192,0.1,1334.6458954615773,1003.3945481776797,-24.819418274937775
FOODS_3_080__CA_1,long_lead,192,0.2,1334.6458954615773,1002.3945481776797,-24.894344515928022
FOODS_3_080__CA_1,tight_capacity,48,0.05,4649.154308035713,5295.2147087987305,13.896299368819625
FOODS_3_080__CA_1,tight_capacity,48,0.1,4649.154308035713,4721.819428571427,1.562975021287585
FOODS_3_080__CA_1,tight_capacity,48,0.2,4649.154308035713,4904.445499999999,5.4911318284926365
FOODS_3_080__CA_1,tight_capacity,96,0.05,4649.154308035713,4904.445499999999,5.4911318284926365
FOODS_3_080__CA_1,tight_capacity,96,0.1,4649.154308035713,4904.445499999999,5.4911318284926365
FOODS_3_080__CA_1,tight_capacity,96,0.2,4649.154308035713,4904.445499999999,5.4911318284926365
FOODS_3_080__CA_1,tight_capacity,192,0.05,4649.154308035713,4904.445499999999,5.4911318284926365
FOODS_3_080__CA_1,tight_capacity,192,0.1,4649.154308035713,4904.445499999999,5.4911318284926365
FOODS_3_080__CA_1,tight_capacity,192,0.2,4649.154308035713,4904.445499999999,5.4911318284926365
FOODS_3_080__TX_2,long_lead,48,0.05,2094.6313573439706,1129.0874184494883,-46.096127392975205
FOODS_3_080__TX_2,long_lead,48,0.1,2094.6313573439706,1129.0874184494883,-46.096127392975205
FOODS_3_080__TX_2,long_lead,48,0.2,2094.6313573439706,1129.0874184494883,-46.096127392975205
FOODS_3_080__TX_2,long_lead,96,0.05,2094.6313573439706,1129.0874184494883,-46.096127392975205
FOODS_3_080__TX_2,long_lead,96,0.1,2094.6313573439706,1129.0874184494883,-46.096127392975205
FOODS_3_080__TX_2,long_lead,96,0.2,2094.6313573439706,1129.0874184494883,-46.096127392975205
FOODS_3_080__TX_2,long_lead,192,0.05,2094.6313573439706,1129.0874184494883,-46.096127392975205
FOODS_3_080__TX_2,long_lead,192,0.1,2094.6313573439706,1129.0874184494883,-46.096127392975205
FOODS_3_080__TX_2,long_lead,192,0.2,2094.6313573439706,1129.0874184494883,-46.096127392975205
FOODS_3_080__TX_2,tight_capacity,48,0.05,4486.447479052735,4858.496945093766,8.292740922035392
FOODS_3_080__TX_2,tight_capacity,48,0.1,4486.447479052735,4125.468280049392,-8.045991860793155
FOODS_3_080__TX_2,tight_capacity,48,0.2,4486.447479052735,4858.496945093766,8.292740922035392
FOODS_3_080__TX_2,tight_capacity,96,0.05,4486.447479052735,4125.468280049392,-8.045991860793155
FOODS_3_080__TX_2,tight_capacity,96,0.1,4486.447479052735,4573.250903633377,1.9347919481043312
FOODS_3_080__TX_2,tight_capacity,96,0.2,4486.447479052735,4858.496945093766,8.292740922035392
FOODS_3_080__TX_2,tight_capacity,192,0.05,4486.447479052735,4573.250903633377,1.9347919481043312
FOODS_3_080__TX_2,tight_capacity,192,0.1,4486.447479052735,4573.250903633377,1.9347919481043312
FOODS_3_080__TX_2,tight_capacity,192,0.2,4486.447479052735,4858.496945093766,8.292740922035392
FOODS_3_090__CA_1,long_lead,48,0.05,10462.066864132315,8328.97485710885,-20.388820246757014
FOODS_3_090__CA_1,long_lead,48,0.1,10462.066864132315,8328.97485710885,-20.388820246757014
FOODS_3_090__CA_1,long_lead,48,0.2,10462.066864132315,8328.97485710885,-20.388820246757014
FOODS_3_090__CA_1,long_lead,96,0.05,10462.066864132315,8328.97485710885,-20.388820246757014
FOODS_3_090__CA_1,long_lead,96,0.1,10462.066864132315,8328.97485710885,-20.388820246757014
FOODS_3_090__CA_1,long_lead,96,0.2,10462.066864132315,8328.97485710885,-20.388820246757014
FOODS_3_090__CA_1,long_lead,192,0.05,10462.066864132315,10002.688541085381,-4.390894543236448
FOODS_3_090__CA_1,long_lead,192,0.1,10462.066864132315,10002.688541085381,-4.390894543236448
FOODS_3_090__CA_1,long_lead,192,0.2,10462.066864132315,10002.688541085381,-4.390894543236448
FOODS_3_090__CA_1,tight_capacity,48,0.05,10759.044658905832,14998.242672353628,39.401249347345974
FOODS_3_090__CA_1,tight_capacity,48,0.1,10759.044658905832,14998.242672353628,39.401249347345974
FOODS_3_090__CA_1,tight_capacity,48,0.2,10759.044658905832,14998.242672353628,39.401249347345974
FOODS_3_090__CA_1,tight_capacity,96,0.05,10759.044658905832,14998.242672353628,39.401249347345974
FOODS_3_090__CA_1,tight_capacity,96,0.1,10759.044658905832,14998.242672353628,39.401249347345974
FOODS_3_090__CA_1,tight_capacity,96,0.2,10759.044658905832,14997.742672353628,39.39660209458468
FOODS_3_090__CA_1,tight_capacity,192,0.05,10759.044658905832,14997.742672353628,39.39660209458468
FOODS_3_090__CA_1,tight_capacity,192,0.1,10759.044658905832,14998.242672353628,39.401249347345974
FOODS_3_090__CA_1,tight_capacity,192,0.2,10759.044658905832,14998.242672353628,39.401249347345974
FOODS_3_090__CA_2,long_lead,48,0.05,14519.809045196875,7783.577382688004,-46.39339017159598
FOODS_3_090__CA_2,long_lead,48,0.1,14519.809045196875,7783.577382688004,-46.39339017159598
FOODS_3_090__CA_2,long_lead,48,0.2,14519.809045196875,7783.577382688004,-46.39339017159598
FOODS_3_090__CA_2,long_lead,96,0.05,14519.809045196875,7783.577382688004,-46.39339017159598
FOODS_3_090__CA_2,long_lead,96,0.1,14519.809045196875,7783.577382688004,-46.39339017159598
FOODS_3_090__CA_2,long_lead,96,0.2,14519.809045196875,7783.577382688004,-46.39339017159598
FOODS_3_090__CA_2,long_lead,192,0.05,14519.809045196875,7783.577382688004,-46.39339017159598
FOODS_3_090__CA_2,long_lead,192,0.1,14519.809045196875,7783.577382688004,-46.39339017159598
FOODS_3_090__CA_2,long_lead,192,0.2,14519.809045196875,7783.577382688004,-46.39339017159598
FOODS_3_090__CA_2,tight_capacity,48,0.05,17740.82815204661,19737.972156366508,11.25733244921547
FOODS_3_090__CA_2,tight_capacity,48,0.1,17740.82815204661,19737.972156366508,11.25733244921547
FOODS_3_090__CA_2,tight_capacity,48,0.2,17740.82815204661,19737.972156366508,11.25733244921547
FOODS_3_090__CA_2,tight_capacity,96,0.05,17740.82815204661,19737.972156366508,11.25733244921547
FOODS_3_090__CA_2,tight_capacity,96,0.1,17740.82815204661,19737.972156366508,11.25733244921547
FOODS_3_090__CA_2,tight_capacity,96,0.2,17740.82815204661,19737.972156366508,11.25733244921547
FOODS_3_090__CA_2,tight_capacity,192,0.05,17740.82815204661,19737.972156366508,11.25733244921547
FOODS_3_090__CA_2,tight_capacity,192,0.1,17740.82815204661,19737.972156366508,11.25733244921547
FOODS_3_090__CA_2,tight_capacity,192,0.2,17740.82815204661,19737.972156366508,11.25733244921547
FOODS_3_090__CA_3,long_lead,48,0.05,15889.042384370856,12108.399169440163,-23.794028132554395
FOODS_3_090__CA_3,long_lead,48,0.1,15889.042384370856,12108.399169440163,-23.794028132554395
FOODS_3_090__CA_3,long_lead,48,0.2,15889.042384370856,12108.399169440163,-23.794028132554395
FOODS_3_090__CA_3,long_lead,96,0.05,15889.042384370856,12108.399169440163,-23.794028132554395
FOODS_3_090__CA_3,long_lead,96,0.1,15889.042384370856,12108.399169440163,-23.794028132554395
FOODS_3_090__CA_3,long_lead,96,0.2,15889.042384370856,12108.399169440163,-23.794028132554395
FOODS_3_090__CA_3,long_lead,192,0.05,15889.042384370856,12107.399169440163,-23.800321778047994
FOODS_3_090__CA_3,long_lead,192,0.1,15889.042384370856,12107.399169440163,-23.800321778047994
FOODS_3_090__CA_3,long_lead,192,0.2,15889.042384370856,12107.399169440163,-23.800321778047994
FOODS_3_090__CA_3,tight_capacity,48,0.05,27382.460731012274,35507.554548302345,29.672621088023387
FOODS_3_090__CA_3,tight_capacity,48,0.1,27382.460731012274,35507.554548302345,29.672621088023387
FOODS_3_090__CA_3,tight_capacity,48,0.2,27382.460731012274,35507.554548302345,29.672621088023387
FOODS_3_090__CA_3,tight_capacity,96,0.05,27382.460731012274,35507.554548302345,29.672621088023387
FOODS_3_090__CA_3,tight_capacity,96,0.1,27382.460731012274,35507.554548302345,29.672621088023387
FOODS_3_090__CA_3,tight_capacity,96,0.2,27382.460731012274,35507.554548302345,29.672621088023387
FOODS_3_090__CA_3,tight_capacity,192,0.05,27382.460731012274,35507.554548302345,29.672621088023387
FOODS_3_090__CA_3,tight_capacity,192,0.1,27382.460731012274,31361.49654295423,14.531330295803043
FOODS_3_090__CA_3,tight_capacity,192,0.2,27382.460731012274,35507.554548302345,29.672621088023387
FOODS_3_090__CA_4,long_lead,48,0.05,5570.4152959725625,5244.173394113974,-5.856689035276477
FOODS_3_090__CA_4,long_lead,48,0.1,5570.4152959725625,5244.173394113974,-5.856689035276477
FOODS_3_090__CA_4,long_lead,48,0.2,5570.4152959725625,5244.173394113974,-5.856689035276477
FOODS_3_090__CA_4,long_lead,96,0.05,5570.4152959725625,1742.7010899121428,-68.71505987763382
FOODS_3_090__CA_4,long_lead,96,0.1,5570.4152959725625,1742.7010899121428,-68.71505987763382
FOODS_3_090__CA_4,long_lead,96,0.2,5570.4152959725625,1742.7010899121428,-68.71505987763382
FOODS_3_090__CA_4,long_lead,192,0.05,5570.4152959725625,1733.021650701909,-68.88882500457565
FOODS_3_090__CA_4,long_lead,192,0.1,5570.4152959725625,1733.021650701909,-68.88882500457565
FOODS_3_090__CA_4,long_lead,192,0.2,5570.4152959725625,1733.021650701909,-68.88882500457565
FOODS_3_090__CA_4,tight_capacity,48,0.05,5316.378512283001,6885.199942972449,29.50921246605807
FOODS_3_090__CA_4,tight_capacity,48,0.1,5316.378512283001,6885.199942972449,29.50921246605807
FOODS_3_090__CA_4,tight_capacity,48,0.2,5316.378512283001,4820.039303497447,-9.336039705201738
FOODS_3_090__CA_4,tight_capacity,96,0.05,5316.378512283001,4719.825062569206,-11.22104922242676
FOODS_3_090__CA_4,tight_capacity,96,0.1,5316.378512283001,4719.825062569206,-11.22104922242676
FOODS_3_090__CA_4,tight_capacity,96,0.2,5316.378512283001,4719.825062569206,-11.22104922242676
FOODS_3_090__CA_4,tight_capacity,192,0.05,5316.378512283001,4719.825062569206,-11.22104922242676
FOODS_3_090__CA_4,tight_capacity,192,0.1,5316.378512283001,4719.825062569206,-11.22104922242676
FOODS_3_090__CA_4,tight_capacity,192,0.2,5316.378512283001,4719.825062569206,-11.22104922242676
FOODS_3_090__TX_1,long_lead,48,0.05,5929.632370380258,2587.173074047724,-56.36874408991711
FOODS_3_090__TX_1,long_lead,48,0.1,5929.632370380258,2587.173074047724,-56.36874408991711
FOODS_3_090__TX_1,long_lead,48,0.2,5929.632370380258,2587.173074047724,-56.36874408991711
FOODS_3_090__TX_1,long_lead,96,0.05,5929.632370380258,2587.173074047724,-56.36874408991711
FOODS_3_090__TX_1,long_lead,96,0.1,5929.632370380258,2587.173074047724,-56.36874408991711
FOODS_3_090__TX_1,long_lead,96,0.2,5929.632370380258,2587.173074047724,-56.36874408991711
FOODS_3_090__TX_1,long_lead,192,0.05,5929.632370380258,4583.2907219349,-22.705313995022923
FOODS_3_090__TX_1,long_lead,192,0.1,5929.632370380258,4577.21007342657,-22.80786079942018
FOODS_3_090__TX_1,long_lead,192,0.2,5929.632370380258,4597.965449622339,-22.45783275553255
FOODS_3_090__TX_1,tight_capacity,48,0.05,11848.657577256317,16267.641688792784,37.29523013660869
FOODS_3_090__TX_1,tight_capacity,48,0.1,11848.657577256317,16267.641688792784,37.29523013660869
FOODS_3_090__TX_1,tight_capacity,48,0.2,11848.657577256317,16267.641688792784,37.29523013660869
FOODS_3_090__TX_1,tight_capacity,96,0.05,11848.657577256317,16267.641688792784,37.29523013660869
FOODS_3_090__TX_1,tight_capacity,96,0.1,11848.657577256317,16267.641688792784,37.29523013660869
FOODS_3_090__TX_1,tight_capacity,96,0.2,11848.657577256317,16267.641688792784,37.29523013660869
FOODS_3_090__TX_1,tight_capacity,192,0.05,11848.657577256317,16267.641688792784,37.29523013660869
FOODS_3_090__TX_1,tight_capacity,192,0.1,11848.657577256317,16267.641688792784,37.29523013660869
FOODS_3_090__TX_1,tight_capacity,192,0.2,11848.657577256317,16267.641688792784,37.29523013660869
FOODS_3_090__TX_2,long_lead,48,0.05,9357.854293267594,4897.194041897671,-47.66755403083265
FOODS_3_090__TX_2,long_lead,48,0.1,9357.854293267594,4897.194041897671,-47.66755403083265
FOODS_3_090__TX_2,long_lead,48,0.2,9357.854293267594,4897.194041897671,-47.66755403083265
FOODS_3_090__TX_2,long_lead,96,0.05,9357.854293267594,4897.194041897671,-47.66755403083265
FOODS_3_090__TX_2,long_lead,96,0.1,9357.854293267594,4897.194041897671,-47.66755403083265
FOODS_3_090__TX_2,long_lead,96,0.2,9357.854293267594,4897.194041897671,-47.66755403083265
FOODS_3_090__TX_2,long_lead,192,0.05,9357.854293267594,4897.194041897671,-47.66755403083265
FOODS_3_090__TX_2,long_lead,192,0.1,9357.854293267594,4897.194041897671,-47.66755403083265
FOODS_3_090__TX_2,long_lead,192,0.2,9357.854293267594,4897.194041897671,-47.66755403083265
FOODS_3_090__TX_2,tight_capacity,48,0.05,18210.36683680658,21678.730991907083,19.04609712798473
FOODS_3_090__TX_2,tight_capacity,48,0.1,18210.36683680658,21678.730991907083,19.04609712798473
FOODS_3_090__TX_2,tight_capacity,48,0.2,18210.36683680658,21678.730991907083,19.04609712798473
FOODS_3_090__TX_2,tight_capacity,96,0.05,18210.36683680658,21678.730991907083,19.04609712798473
FOODS_3_090__TX_2,tight_capacity,96,0.1,18210.36683680658,21678.730991907083,19.04609712798473
FOODS_3_090__TX_2,tight_capacity,96,0.2,18210.36683680658,21678.730991907083,19.04609712798473
FOODS_3_090__TX_2,tight_capacity,192,0.05,18210.36683680658,21678.730991907083,19.04609712798473
FOODS_3_090__TX_2,tight_capacity,192,0.1,18210.36683680658,21678.730991907083,19.04609712798473
FOODS_3_090__TX_2,tight_capacity,192,0.2,18210.36683680658,21678.230991907083,19.04335143919943
FOODS_3_090__TX_3,long_lead,48,0.05,10800.597821432075,8396.464183345692,-22.259264513263894
FOODS_3_090__TX_3,long_lead,48,0.1,10800.597821432075,8396.464183345692,-22.259264513263894
FOODS_3_090__TX_3,long_lead,48,0.2,10800.597821432075,8396.464183345692,-22.259264513263894
FOODS_3_090__TX_3,long_lead,96,0.05,10800.597821432075,8396.464183345692,-22.259264513263894
FOODS_3_090__TX_3,long_lead,96,0.1,10800.597821432075,8396.464183345692,-22.259264513263894
FOODS_3_090__TX_3,long_lead,96,0.2,10800.597821432075,8396.464183345692,-22.259264513263894
FOODS_3_090__TX_3,long_lead,192,0.05,10800.597821432075,8396.464183345692,-22.259264513263894
FOODS_3_090__TX_3,long_lead,192,0.1,10800.597821432075,8396.464183345692,-22.259264513263894
FOODS_3_090__TX_3,long_lead,192,0.2,10800.597821432075,8396.464183345692,-22.259264513263894
FOODS_3_090__TX_3,tight_capacity,48,0.05,15385.55879717463,20755.635513002035,34.903358315549475
FOODS_3_090__TX_3,tight_capacity,48,0.1,15385.55879717463,20755.635513002035,34.903358315549475
FOODS_3_090__TX_3,tight_capacity,48,0.2,15385.55879717463,20754.635513002035,34.89685871411684
FOODS_3_090__TX_3,tight_capacity,96,0.05,15385.55879717463,20755.135513002035,34.90010851483316
FOODS_3_090__TX_3,tight_capacity,96,0.1,15385.55879717463,20755.135513002035,34.90010851483316
FOODS_3_090__TX_3,tight_capacity,96,0.2,15385.55879717463,20755.635513002035,34.903358315549475
FOODS_3_090__TX_3,tight_capacity,192,0.05,15385.55879717463,20755.135513002035,34.90010851483316
FOODS_3_090__TX_3,tight_capacity,192,0.1,15385.55879717463,20755.135513002035,34.90010851483316
FOODS_3_090__TX_3,tight_capacity,192,0.2,15385.55879717463,20756.135513002035,34.906608116265794
FOODS_3_090__WI_3,long_lead,48,0.05,15038.997291065942,9016.697517597528,-40.04455654131953
FOODS_3_090__WI_3,long_lead,48,0.1,15038.997291065942,9016.697517597528,-40.04455654131953
FOODS_3_090__WI_3,long_lead,48,0.2,15038.997291065942,9016.697517597528,-40.04455654131953
FOODS_3_090__WI_3,long_lead,96,0.05,15038.997291065942,9016.697517597528,-40.04455654131953
FOODS_3_090__WI_3,long_lead,96,0.1,15038.997291065942,11411.253569802135,-24.122244662008832
FOODS_3_090__WI_3,long_lead,96,0.2,15038.997291065942,11411.149674410104,-24.12293550189676
FOODS_3_090__WI_3,long_lead,192,0.05,15038.997291065942,11411.149674410104,-24.12293550189676
FOODS_3_090__WI_3,long_lead,192,0.1,15038.997291065942,11411.253569802135,-24.122244662008832
FOODS_3_090__WI_3,long_lead,192,0.2,15038.997291065942,11411.253569802135,-24.122244662008832
FOODS_3_090__WI_3,tight_capacity,48,0.05,21720.257038820968,24246.566298307574,11.631120455762991
FOODS_3_090__WI_3,tight_capacity,48,0.1,21720.257038820968,24246.566298307574,11.631120455762991
FOODS_3_090__WI_3,tight_capacity,48,0.2,21720.257038820968,24246.566298307574,11.631120455762991
FOODS_3_090__WI_3,tight_capacity,96,0.05,21720.257038820968,24246.566298307574,11.631120455762991
FOODS_3_090__WI_3,tight_capacity,96,0.1,21720.257038820968,24246.566298307574,11.631120455762991
FOODS_3_090__WI_3,tight_capacity,96,0.2,21720.257038820968,24246.566298307574,11.631120455762991
FOODS_3_090__WI_3,tight_capacity,192,0.05,21720.257038820968,24246.566298307574,11.631120455762991
FOODS_3_090__WI_3,tight_capacity,192,0.1,21720.257038820968,24246.566298307574,11.631120455762991
FOODS_3_090__WI_3,tight_capacity,192,0.2,21720.257038820968,24246.566298307574,11.631120455762991
FOODS_3_099__TX_2,long_lead,48,0.05,1861.1224472463766,1223.425297244648,-34.26411577299674
FOODS_3_099__TX_2,long_lead,48,0.1,1861.1224472463766,1223.425297244648,-34.26411577299674
FOODS_3_099__TX_2,long_lead,48,0.2,1861.1224472463766,1223.425297244648,-34.26411577299674
FOODS_3_099__TX_2,long_lead,96,0.05,1861.1224472463766,1223.425297244648,-34.26411577299674
FOODS_3_099__TX_2,long_lead,96,0.1,1861.1224472463766,1223.425297244648,-34.26411577299674
FOODS_3_099__TX_2,long_lead,96,0.2,1861.1224472463766,1223.425297244648,-34.26411577299674
FOODS_3_099__TX_2,long_lead,192,0.05,1861.1224472463766,1223.425297244648,-34.26411577299674
FOODS_3_099__TX_2,long_lead,192,0.1,1861.1224472463766,1223.425297244648,-34.26411577299674
FOODS_3_099__TX_2,long_lead,192,0.2,1861.1224472463766,1223.425297244648,-34.26411577299674
FOODS_3_099__TX_2,tight_capacity,48,0.05,2909.197709938186,3010.9950969423508,3.4991567144581457
FOODS_3_099__TX_2,tight_capacity,48,0.1,2909.197709938186,3010.9950969423508,3.4991567144581457
FOODS_3_099__TX_2,tight_capacity,48,0.2,2909.197709938186,3010.9950969423508,3.4991567144581457
FOODS_3_099__TX_2,tight_capacity,96,0.05,2909.197709938186,3010.9950969423508,3.4991567144581457
FOODS_3_099__TX_2,tight_capacity,96,0.1,2909.197709938186,3010.9950969423508,3.4991567144581457
FOODS_3_099__TX_2,tight_capacity,96,0.2,2909.197709938186,3010.9950969423508,3.4991567144581457
FOODS_3_099__TX_2,tight_capacity,192,0.05,2909.197709938186,3010.9950969423508,3.4991567144581457
FOODS_3_099__TX_2,tight_capacity,192,0.1,2909.197709938186,3010.9950969423508,3.4991567144581457
FOODS_3_099__TX_2,tight_capacity,192,0.2,2909.197709938186,3010.9950969423508,3.4991567144581457
FOODS_3_120__CA_1,long_lead,48,0.05,18546.60251116071,21018.474273187378,13.327895287232156
FOODS_3_120__CA_1,long_lead,48,0.1,18546.60251116071,21018.474273187378,13.327895287232156
FOODS_3_120__CA_1,long_lead,48,0.2,18546.60251116071,21018.474273187378,13.327895287232156
FOODS_3_120__CA_1,long_lead,96,0.05,18546.60251116071,21018.474273187378,13.327895287232156
FOODS_3_120__CA_1,long_lead,96,0.1,18546.60251116071,21018.474273187378,13.327895287232156
FOODS_3_120__CA_1,long_lead,96,0.2,18546.60251116071,21018.474273187378,13.327895287232156
FOODS_3_120__CA_1,long_lead,192,0.05,18546.60251116071,21018.474273187378,13.327895287232156
FOODS_3_120__CA_1,long_lead,192,0.1,18546.60251116071,21018.474273187378,13.327895287232156
FOODS_3_120__CA_1,long_lead,192,0.2,18546.60251116071,21018.474273187378,13.327895287232156
FOODS_3_120__CA_1,tight_capacity,48,0.05,33459.629017857136,33541.016776785706,0.24324166560583618
FOODS_3_120__CA_1,tight_capacity,48,0.1,33459.629017857136,33541.016776785706,0.24324166560583618
FOODS_3_120__CA_1,tight_capacity,48,0.2,33459.629017857136,33541.016776785706,0.24324166560583618
FOODS_3_120__CA_1,tight_capacity,96,0.05,33459.629017857136,33541.016776785706,0.24324166560583618
FOODS_3_120__CA_1,tight_capacity,96,0.1,33459.629017857136,33541.016776785706,0.24324166560583618
FOODS_3_120__CA_1,tight_capacity,96,0.2,33459.629017857136,33541.016776785706,0.24324166560583618
FOODS_3_120__CA_1,tight_capacity,192,0.05,33459.629017857136,33541.016776785706,0.24324166560583618
FOODS_3_120__CA_1,tight_capacity,192,0.1,33459.629017857136,33541.016776785706,0.24324166560583618
FOODS_3_120__CA_1,tight_capacity,192,0.2,33459.629017857136,33541.016776785706,0.24324166560583618
FOODS_3_120__CA_3,long_lead,48,0.05,41042.16875,42158.1823748474,2.7191877496663746
FOODS_3_120__CA_3,long_lead,48,0.1,41042.16875,42158.1823748474,2.7191877496663746
FOODS_3_120__CA_3,long_lead,48,0.2,41042.16875,42159.1823748474,2.7216242680825706
FOODS_3_120__CA_3,long_lead,96,0.05,41042.16875,42158.1823748474,2.7191877496663746
FOODS_3_120__CA_3,long_lead,96,0.1,41042.16875,42158.1823748474,2.7191877496663746
FOODS_3_120__CA_3,long_lead,96,0.2,41042.16875,42159.1823748474,2.7216242680825706
FOODS_3_120__CA_3,long_lead,192,0.05,41042.16875,42158.1823748474,2.7191877496663746
FOODS_3_120__CA_3,long_lead,192,0.1,41042.16875,42158.1823748474,2.7191877496663746
FOODS_3_120__CA_3,long_lead,192,0.2,41042.16875,42159.1823748474,2.7216242680825706
FOODS_3_120__CA_3,tight_capacity,48,0.05,63875.22232142858,63878.22232142858,0.00469665684277951
FOODS_3_120__CA_3,tight_capacity,48,0.1,63875.22232142858,63878.22232142858,0.00469665684277951
FOODS_3_120__CA_3,tight_capacity,48,0.2,63875.22232142858,63878.22232142858,0.00469665684277951
FOODS_3_120__CA_3,tight_capacity,96,0.05,63875.22232142858,63878.22232142858,0.00469665684277951
FOODS_3_120__CA_3,tight_capacity,96,0.1,63875.22232142858,63878.22232142858,0.00469665684277951
FOODS_3_120__CA_3,tight_capacity,96,0.2,63875.22232142858,63878.22232142858,0.00469665684277951
FOODS_3_120__CA_3,tight_capacity,192,0.05,63875.22232142858,63878.22232142858,0.00469665684277951
FOODS_3_120__CA_3,tight_capacity,192,0.1,63875.22232142858,63878.22232142858,0.00469665684277951
FOODS_3_120__CA_3,tight_capacity,192,0.2,63875.22232142858,63878.22232142858,0.00469665684277951
FOODS_3_120__WI_3,long_lead,48,0.05,22859.126785714292,25534.423724705277,11.703408288819237
FOODS_3_120__WI_3,long_lead,48,0.1,22859.126785714292,25534.423724705277,11.703408288819237
FOODS_3_120__WI_3,long_lead,48,0.2,22859.126785714292,25534.423724705277,11.703408288819237
FOODS_3_120__WI_3,long_lead,96,0.05,22859.126785714292,25534.423724705277,11.703408288819237
FOODS_3_120__WI_3,long_lead,96,0.1,22859.126785714292,25533.923724705277,11.701220978670923
FOODS_3_120__WI_3,long_lead,96,0.2,22859.126785714292,25533.923724705277,11.701220978670923
FOODS_3_120__WI_3,long_lead,192,0.05,22859.126785714292,25533.923724705277,11.701220978670923
FOODS_3_120__WI_3,long_lead,192,0.1,22859.126785714292,25533.923724705277,11.701220978670923
FOODS_3_120__WI_3,long_lead,192,0.2,22859.126785714292,25533.923724705277,11.701220978670923
FOODS_3_120__WI_3,tight_capacity,48,0.05,30394.202335593967,31234.628503303586,2.7650870992768715
FOODS_3_120__WI_3,tight_capacity,48,0.1,30394.202335593967,31234.628503303586,2.7650870992768715
FOODS_3_120__WI_3,tight_capacity,48,0.2,30394.202335593967,31234.628503303586,2.7650870992768715
FOODS_3_120__WI_3,tight_capacity,96,0.05,30394.202335593967,31234.628503303586,2.7650870992768715
FOODS_3_120__WI_3,tight_capacity,96,0.1,30394.202335593967,31234.628503303586,2.7650870992768715
FOODS_3_120__WI_3,tight_capacity,96,0.2,30394.202335593967,31234.628503303586,2.7650870992768715
FOODS_3_120__WI_3,tight_capacity,192,0.05,30394.202335593967,31234.628503303586,2.7650870992768715
FOODS_3_120__WI_3,tight_capacity,192,0.1,30394.202335593967,31234.628503303586,2.7650870992768715
FOODS_3_120__WI_3,tight_capacity,192,0.2,30394.202335593967,31234.628503303586,2.7650870992768715
FOODS_3_202__CA_3,long_lead,48,0.05,11901.105733292045,11191.174335312806,-5.965255782857916
FOODS_3_202__CA_3,long_lead,48,0.1,11901.105733292045,11190.674335312806,-5.969457073151483
FOODS_3_202__CA_3,long_lead,48,0.2,11901.105733292045,11191.174335312806,-5.965255782857916
FOODS_3_202__CA_3,long_lead,96,0.05,11901.105733292045,11190.174335312806,-5.973658363445051
FOODS_3_202__CA_3,long_lead,96,0.1,11901.105733292045,11190.674335312806,-5.969457073151483
FOODS_3_202__CA_3,long_lead,96,0.2,11901.105733292045,11190.174335312806,-5.973658363445051
FOODS_3_202__CA_3,long_lead,192,0.05,11901.105733292045,11190.174335312806,-5.973658363445051
FOODS_3_202__CA_3,long_lead,192,0.1,11901.105733292045,11190.174335312806,-5.973658363445051
FOODS_3_202__CA_3,long_lead,192,0.2,11901.105733292045,11190.174335312806,-5.973658363445051
FOODS_3_202__CA_3,tight_capacity,48,0.05,15828.854343621308,14195.555566386716,-10.318490155876482
FOODS_3_202__CA_3,tight_capacity,48,0.1,15828.854343621308,14195.555566386716,-10.318490155876482
FOODS_3_202__CA_3,tight_capacity,48,0.2,15828.854343621308,14195.555566386716,-10.318490155876482
FOODS_3_202__CA_3,tight_capacity,96,0.05,15828.854343621308,14195.555566386716,-10.318490155876482
FOODS_3_202__CA_3,tight_capacity,96,0.1,15828.854343621308,14195.555566386716,-10.318490155876482
FOODS_3_202__CA_3,tight_capacity,96,0.2,15828.854343621308,14195.555566386716,-10.318490155876482
FOODS_3_202__CA_3,tight_capacity,192,0.05,15828.854343621308,14195.555566386716,-10.318490155876482
FOODS_3_202__CA_3,tight_capacity,192,0.1,15828.854343621308,14195.555566386716,-10.318490155876482
FOODS_3_202__CA_3,tight_capacity,192,0.2,15828.854343621308,14195.555566386716,-10.318490155876482
FOODS_3_202__TX_1,long_lead,48,0.05,12679.981352887831,4092.0873322131656,-67.72797042575144
FOODS_3_202__TX_1,long_lead,48,0.1,12679.981352887831,4092.0873322131656,-67.72797042575144
FOODS_3_202__TX_1,long_lead,48,0.2,12679.981352887831,4092.0873322131656,-67.72797042575144
FOODS_3_202__TX_1,long_lead,96,0.05,12679.981352887831,4092.0873322131656,-67.72797042575144
FOODS_3_202__TX_1,long_lead,96,0.1,12679.981352887831,4092.0873322131656,-67.72797042575144
FOODS_3_202__TX_1,long_lead,96,0.2,12679.981352887831,4092.0873322131656,-67.72797042575144
FOODS_3_202__TX_1,long_lead,192,0.05,12679.981352887831,4092.0873322131656,-67.72797042575144
FOODS_3_202__TX_1,long_lead,192,0.1,12679.981352887831,4092.0873322131656,-67.72797042575144
FOODS_3_202__TX_1,long_lead,192,0.2,12679.981352887831,4092.0873322131656,-67.72797042575144
FOODS_3_202__TX_1,tight_capacity,48,0.05,9901.347231689942,11014.188485108334,11.239291253786826
FOODS_3_202__TX_1,tight_capacity,48,0.1,9901.347231689942,11014.188485108334,11.239291253786826
FOODS_3_202__TX_1,tight_capacity,48,0.2,9901.347231689942,11014.188485108334,11.239291253786826
FOODS_3_202__TX_1,tight_capacity,96,0.05,9901.347231689942,11014.188485108334,11.239291253786826
FOODS_3_202__TX_1,tight_capacity,96,0.1,9901.347231689942,11014.188485108334,11.239291253786826
FOODS_3_202__TX_1,tight_capacity,96,0.2,9901.347231689942,11014.188485108334,11.239291253786826
FOODS_3_202__TX_1,tight_capacity,192,0.05,9901.347231689942,11014.188485108334,11.239291253786826
FOODS_3_202__TX_1,tight_capacity,192,0.1,9901.347231689942,11014.188485108334,11.239291253786826
FOODS_3_202__TX_1,tight_capacity,192,0.2,9901.347231689942,11014.188485108334,11.239291253786826
FOODS_3_202__TX_2,long_lead,48,0.05,4529.549296501031,4060.203540862306,-10.361864391260367
FOODS_3_202__TX_2,long_lead,48,0.1,4529.549296501031,4060.203540862306,-10.361864391260367
FOODS_3_202__TX_2,long_lead,48,0.2,4529.549296501031,4060.203540862306,-10.361864391260367
FOODS_3_202__TX_2,long_lead,96,0.05,4529.549296501031,4060.203540862306,-10.361864391260367
FOODS_3_202__TX_2,long_lead,96,0.1,4529.549296501031,4060.0954310825914,-10.364251158080592
FOODS_3_202__TX_2,long_lead,96,0.2,4529.549296501031,4060.203540862306,-10.361864391260367
FOODS_3_202__TX_2,long_lead,192,0.05,4529.549296501031,4060.60011204362,-10.35310918946534
FOODS_3_202__TX_2,long_lead,192,0.1,4529.549296501031,4060.60011204362,-10.35310918946534
FOODS_3_202__TX_2,long_lead,192,0.2,4529.549296501031,4060.60011204362,-10.35310918946534
FOODS_3_202__TX_2,tight_capacity,48,0.05,5106.750984013881,7758.958629802426,51.93532353723508
FOODS_3_202__TX_2,tight_capacity,48,0.1,5106.750984013881,7758.958629802426,51.93532353723508
FOODS_3_202__TX_2,tight_capacity,48,0.2,5106.750984013881,7758.958629802426,51.93532353723508
FOODS_3_202__TX_2,tight_capacity,96,0.05,5106.750984013881,7758.958629802426,51.93532353723508
FOODS_3_202__TX_2,tight_capacity,96,0.1,5106.750984013881,7758.958629802426,51.93532353723508
FOODS_3_202__TX_2,tight_capacity,96,0.2,5106.750984013881,7758.958629802426,51.93532353723508
FOODS_3_202__TX_2,tight_capacity,192,0.05,5106.750984013881,7758.958629802426,51.93532353723508
FOODS_3_202__TX_2,tight_capacity,192,0.1,5106.750984013881,7758.958629802426,51.93532353723508
FOODS_3_202__TX_2,tight_capacity,192,0.2,5106.750984013881,7758.958629802426,51.93532353723508
FOODS_3_202__TX_3,long_lead,48,0.05,4375.87633644331,2074.858969299597,-52.584149784588476
FOODS_3_202__TX_3,long_lead,48,0.1,4375.87633644331,2074.858969299597,-52.584149784588476
FOODS_3_202__TX_3,long_lead,48,0.2,4375.87633644331,2074.358969299597,-52.595576067270095
FOODS_3_202__TX_3,long_lead,96,0.05,4375.87633644331,1915.866994211634,-56.217524287515836
FOODS_3_202__TX_3,long_lead,96,0.1,4375.87633644331,1915.866994211634,-56.217524287515836
FOODS_3_202__TX_3,long_lead,96,0.2,4375.87633644331,1915.866994211634,-56.217524287515836
FOODS_3_202__TX_3,long_lead,192,0.05,4375.87633644331,1915.866994211634,-56.217524287515836
FOODS_3_202__TX_3,long_lead,192,0.1,4375.87633644331,1915.866994211634,-56.217524287515836
FOODS_3_202__TX_3,long_lead,192,0.2,4375.87633644331,1915.866994211634,-56.217524287515836
FOODS_3_202__TX_3,tight_capacity,48,0.05,5791.827128348211,9147.273011679543,57.934151157724244
FOODS_3_202__TX_3,tight_capacity,48,0.1,5791.827128348211,9147.273011679543,57.934151157724244
FOODS_3_202__TX_3,tight_capacity,48,0.2,5791.827128348211,9147.273011679543,57.934151157724244
FOODS_3_202__TX_3,tight_capacity,96,0.05,5791.827128348211,9147.273011679543,57.934151157724244
FOODS_3_202__TX_3,tight_capacity,96,0.1,5791.827128348211,9147.273011679543,57.934151157724244
FOODS_3_202__TX_3,tight_capacity,96,0.2,5791.827128348211,9147.273011679543,57.934151157724244
FOODS_3_202__TX_3,tight_capacity,192,0.05,5791.827128348211,9147.273011679543,57.934151157724244
FOODS_3_202__TX_3,tight_capacity,192,0.1,5791.827128348211,9147.273011679543,57.934151157724244
FOODS_3_202__TX_3,tight_capacity,192,0.2,5791.827128348211,9147.273011679543,57.934151157724244
FOODS_3_226__WI_1,long_lead,48,0.05,10586.665365663175,2569.069779833436,-75.73296509242688
FOODS_3_226__WI_1,long_lead,48,0.1,10586.665365663175,2569.069779833436,-75.73296509242688
FOODS_3_226__WI_1,long_lead,48,0.2,10586.665365663175,2569.069779833436,-75.73296509242688
FOODS_3_226__WI_1,long_lead,96,0.05,10586.665365663175,2945.0246771996012,-72.18175340885428
FOODS_3_226__WI_1,long_lead,96,0.1,10586.665365663175,2945.0246771996012,-72.18175340885428
FOODS_3_226__WI_1,long_lead,96,0.2,10586.665365663175,2623.459320762831,-75.21920991975654
FOODS_3_226__WI_1,long_lead,192,0.05,10586.665365663175,2934.6164636199774,-72.28006778094525
FOODS_3_226__WI_1,long_lead,192,0.1,10586.665365663175,2934.6164636199774,-72.28006778094525
FOODS_3_226__WI_1,long_lead,192,0.2,10586.665365663175,2930.7628921914043,-72.31646801931561
FOODS_3_226__WI_1,tight_capacity,48,0.05,7521.071428713395,9741.167933225877,29.51835420731095
FOODS_3_226__WI_1,tight_capacity,48,0.1,7521.071428713395,9741.167933225877,29.51835420731095
FOODS_3_226__WI_1,tight_capacity,48,0.2,7521.071428713395,9741.167933225877,29.51835420731095
FOODS_3_226__WI_1,tight_capacity,96,0.05,7521.071428713395,9741.167933225877,29.51835420731095
FOODS_3_226__WI_1,tight_capacity,96,0.1,7521.071428713395,9741.167933225877,29.51835420731095
FOODS_3_226__WI_1,tight_capacity,96,0.2,7521.071428713395,9741.167933225877,29.51835420731095
FOODS_3_226__WI_1,tight_capacity,192,0.05,7521.071428713395,8916.545276835335,18.554189537336427
FOODS_3_226__WI_1,tight_capacity,192,0.1,7521.071428713395,8917.045276835335,18.560837526319634
FOODS_3_226__WI_1,tight_capacity,192,0.2,7521.071428713395,8916.545276835335,18.554189537336427
FOODS_3_226__WI_2,long_lead,48,0.05,10567.83142973542,4759.554158574408,-54.9618652585418
FOODS_3_226__WI_2,long_lead,48,0.1,10567.83142973542,4759.554158574408,-54.9618652585418
FOODS_3_226__WI_2,long_lead,48,0.2,10567.83142973542,4752.500587145838,-55.02861094307953
FOODS_3_226__WI_2,long_lead,96,0.05,10567.83142973542,4756.719481781242,-54.98868889603084
FOODS_3_226__WI_2,long_lead,96,0.1,10567.83142973542,4818.686301431552,-54.402316752774
FOODS_3_226__WI_2,long_lead,96,0.2,10567.83142973542,4818.686301431552,-54.402316752774
FOODS_3_226__WI_2,long_lead,192,0.05,10567.83142973542,4796.625160629801,-54.61107425376588
FOODS_3_226__WI_2,long_lead,192,0.1,10567.83142973542,4811.6398728601225,-54.468994846745126
FOODS_3_226__WI_2,long_lead,192,0.2,10567.83142973542,4773.248053209813,-54.83228432487102
FOODS_3_226__WI_2,tight_capacity,48,0.05,16760.932534394327,16760.947929423513,9.185067211771707e-05
FOODS_3_226__WI_2,tight_capacity,48,0.1,16760.932534394327,16760.947929423513,9.185067211771707e-05
FOODS_3_226__WI_2,tight_capacity,48,0.2,16760.932534394327,16760.947929423513,9.185067211771707e-05
FOODS_3_226__WI_2,tight_capacity,96,0.05,16760.932534394327,16760.947929423513,9.185067211771707e-05
FOODS_3_226__WI_2,tight_capacity,96,0.1,16760.932534394327,16760.947929423513,9.185067211771707e-05
FOODS_3_226__WI_2,tight_capacity,96,0.2,16760.932534394327,16760.447929423513,-0.002891276901327098
FOODS_3_226__WI_2,tight_capacity,192,0.05,16760.932534394327,16760.947929423513,9.185067211771707e-05
FOODS_3_226__WI_2,tight_capacity,192,0.1,16760.932534394327,16760.947929423513,9.185067211771707e-05
FOODS_3_226__WI_2,tight_capacity,192,0.2,16760.932534394327,16760.447929423513,-0.002891276901327098
FOODS_3_226__WI_3,long_lead,48,0.05,2696.0174968175816,2448.8999887516666,-9.166020189320585
FOODS_3_226__WI_3,long_lead,48,0.1,2696.0174968175816,2442.9928458945237,-9.385126440081782
FOODS_3_226__WI_3,long_lead,48,0.2,2696.0174968175816,2447.3241525829603,-9.224470706446917
FOODS_3_226__WI_3,long_lead,96,0.05,2696.0174968175816,2442.9928458945237,-9.385126440081782
FOODS_3_226__WI_3,long_lead,96,0.1,2696.0174968175816,2434.8337091038115,-9.68776308099169
FOODS_3_226__WI_3,long_lead,96,0.2,2696.0174968175816,2434.8337091038115,-9.68776308099169
FOODS_3_226__WI_3,long_lead,192,0.05,2696.0174968175816,2434.8337091038115,-9.68776308099169
FOODS_3_226__WI_3,long_lead,192,0.1,2696.0174968175816,2434.8337091038115,-9.68776308099169
FOODS_3_226__WI_3,long_lead,192,0.2,2696.0174968175816,2434.8337091038115,-9.68776308099169
FOODS_3_226__WI_3,tight_capacity,48,0.05,5833.922745079801,6956.300991006138,19.23882600044586
FOODS_3_226__WI_3,tight_capacity,48,0.1,5833.922745079801,6956.300991006138,19.23882600044586
FOODS_3_226__WI_3,tight_capacity,48,0.2,5833.922745079801,6956.300991006138,19.23882600044586
FOODS_3_226__WI_3,tight_capacity,96,0.05,5833.922745079801,6309.715981686944,8.15563142327205
FOODS_3_226__WI_3,tight_capacity,96,0.1,5833.922745079801,6310.215981686944,8.164201985856577
FOODS_3_226__WI_3,tight_capacity,96,0.2,5833.922745079801,6310.215981686944,8.164201985856577
FOODS_3_226__WI_3,tight_capacity,192,0.05,5833.922745079801,6309.715981686944,8.15563142327205
FOODS_3_226__WI_3,tight_capacity,192,0.1,5833.922745079801,6310.215981686944,8.164201985856577
FOODS_3_226__WI_3,tight_capacity,192,0.2,5833.922745079801,6310.215981686944,8.164201985856577
FOODS_3_234__CA_3,long_lead,48,0.05,10791.363392857143,7780.975948660716,-27.89626606577828
FOODS_3_234__CA_3,long_lead,48,0.1,10791.363392857143,7780.975948660716,-27.89626606577828
FOODS_3_234__CA_3,long_lead,48,0.2,10791.363392857143,7780.975948660716,-27.89626606577828
FOODS_3_234__CA_3,long_lead,96,0.05,10791.363392857143,7780.975948660716,-27.89626606577828
FOODS_3_234__CA_3,long_lead,96,0.1,10791.363392857143,7780.975948660716,-27.89626606577828
FOODS_3_234__CA_3,long_lead,96,0.2,10791.363392857143,7780.975948660716,-27.89626606577828
FOODS_3_234__CA_3,long_lead,192,0.05,10791.363392857143,7780.975948660716,-27.89626606577828
FOODS_3_234__CA_3,long_lead,192,0.1,10791.363392857143,7780.975948660716,-27.89626606577828
FOODS_3_234__CA_3,long_lead,192,0.2,10791.363392857143,7780.975948660716,-27.89626606577828
FOODS_3_234__CA_3,tight_capacity,48,0.05,9048.060166630474,8903.616065212056,-1.5964096033659452
FOODS_3_234__CA_3,tight_capacity,48,0.1,9048.060166630474,8903.616065212056,-1.5964096033659452
FOODS_3_234__CA_3,tight_capacity,48,0.2,9048.060166630474,8903.616065212056,-1.5964096033659452
FOODS_3_234__CA_3,tight_capacity,96,0.05,9048.060166630474,8903.616065212056,-1.5964096033659452
FOODS_3_234__CA_3,tight_capacity,96,0.1,9048.060166630474,8903.616065212056,-1.5964096033659452
FOODS_3_234__CA_3,tight_capacity,96,0.2,9048.060166630474,8903.616065212056,-1.5964096033659452
FOODS_3_234__CA_3,tight_capacity,192,0.05,9048.060166630474,8903.616065212056,-1.5964096033659452
FOODS_3_234__CA_3,tight_capacity,192,0.1,9048.060166630474,8903.616065212056,-1.5964096033659452
FOODS_3_234__CA_3,tight_capacity,192,0.2,9048.060166630474,8903.616065212056,-1.5964096033659452
FOODS_3_234__WI_2,long_lead,48,0.05,5413.6125,5375.7125,-0.7000870490823004
FOODS_3_234__WI_2,long_lead,48,0.1,5413.6125,5375.7125,-0.7000870490823004
FOODS_3_234__WI_2,long_lead,48,0.2,5413.6125,5375.7125,-0.7000870490823004
FOODS_3_234__WI_2,long_lead,96,0.05,5413.6125,5366.2625,-0.8746470125078284
FOODS_3_234__WI_2,long_lead,96,0.1,5413.6125,5366.2625,-0.8746470125078284
FOODS_3_234__WI_2,long_lead,96,0.2,5413.6125,5366.2625,-0.8746470125078284
FOODS_3_234__WI_2,long_lead,192,0.05,5413.6125,5366.2625,-0.8746470125078284
FOODS_3_234__WI_2,long_lead,192,0.1,5413.6125,5366.2625,-0.8746470125078284
FOODS_3_234__WI_2,long_lead,192,0.2,5413.6125,5366.2625,-0.8746470125078284
FOODS_3_234__WI_2,tight_capacity,48,0.05,5405.6375,5391.852499999999,-0.25501155044156704
FOODS_3_234__WI_2,tight_capacity,48,0.1,5405.6375,5391.852499999999,-0.25501155044156704
FOODS_3_234__WI_2,tight_capacity,48,0.2,5405.6375,5391.852499999999,-0.25501155044156704
FOODS_3_234__WI_2,tight_capacity,96,0.05,5405.6375,5391.852499999999,-0.25501155044156704
FOODS_3_234__WI_2,tight_capacity,96,0.1,5405.6375,5391.852499999999,-0.25501155044156704
FOODS_3_234__WI_2,tight_capacity,96,0.2,5405.6375,5391.852499999999,-0.25501155044156704
FOODS_3_234__WI_2,tight_capacity,192,0.05,5405.6375,5391.852499999999,-0.25501155044156704
FOODS_3_234__WI_2,tight_capacity,192,0.1,5405.6375,5391.852499999999,-0.25501155044156704
FOODS_3_234__WI_2,tight_capacity,192,0.2,5405.6375,5391.852499999999,-0.25501155044156704
FOODS_3_234__WI_3,long_lead,48,0.05,17471.45508961759,12364.311377430895,-29.23135872765179
FOODS_3_234__WI_3,long_lead,48,0.1,17471.45508961759,12364.311377430895,-29.23135872765179
FOODS_3_234__WI_3,long_lead,48,0.2,17471.45508961759,12364.311377430895,-29.23135872765179
FOODS_3_234__WI_3,long_lead,96,0.05,17471.45508961759,12364.311377430895,-29.23135872765179
FOODS_3_234__WI_3,long_lead,96,0.1,17471.45508961759,12364.311377430895,-29.23135872765179
FOODS_3_234__WI_3,long_lead,96,0.2,17471.45508961759,12364.811377430895,-29.228496916786955
FOODS_3_234__WI_3,long_lead,192,0.05,17471.45508961759,12364.311377430895,-29.23135872765179
FOODS_3_234__WI_3,long_lead,192,0.1,17471.45508961759,12364.811377430895,-29.228496916786955
FOODS_3_234__WI_3,long_lead,192,0.2,17471.45508961759,12364.811377430895,-29.228496916786955
FOODS_3_234__WI_3,tight_capacity,48,0.05,20067.756751761193,18958.11186026508,-5.529491438542226
FOODS_3_234__WI_3,tight_capacity,48,0.1,20067.756751761193,18958.11186026508,-5.529491438542226
FOODS_3_234__WI_3,tight_capacity,48,0.2,20067.756751761193,18959.11186026508,-5.524508320536711
FOODS_3_234__WI_3,tight_capacity,96,0.05,20067.756751761193,18959.11186026508,-5.524508320536711
FOODS_3_234__WI_3,tight_capacity,96,0.1,20067.756751761193,18959.11186026508,-5.524508320536711
FOODS_3_234__WI_3,tight_capacity,96,0.2,20067.756751761193,18959.11186026508,-5.524508320536711
FOODS_3_234__WI_3,tight_capacity,192,0.05,20067.756751761193,18959.11186026508,-5.524508320536711
FOODS_3_234__WI_3,tight_capacity,192,0.1,20067.756751761193,18959.11186026508,-5.524508320536711
FOODS_3_234__WI_3,tight_capacity,192,0.2,20067.756751761193,18959.11186026508,-5.524508320536711
FOODS_3_252__CA_1,long_lead,48,0.05,12563.836700973601,11520.893164062507,-8.30115482820844
FOODS_3_252__CA_1,long_lead,48,0.1,12563.836700973601,11520.893164062507,-8.30115482820844
FOODS_3_252__CA_1,long_lead,48,0.2,12563.836700973601,5462.1031120832395,-56.525198137444995
FOODS_3_252__CA_1,long_lead,96,0.05,12563.836700973601,5462.1031120832395,-56.525198137444995
FOODS_3_252__CA_1,long_lead,96,0.1,12563.836700973601,5462.1031120832395,-56.525198137444995
FOODS_3_252__CA_1,long_lead,96,0.2,12563.836700973601,5462.1031120832395,-56.525198137444995
FOODS_3_252__CA_1,long_lead,192,0.05,12563.836700973601,5462.1031120832395,-56.525198137444995
FOODS_3_252__CA_1,long_lead,192,0.1,12563.836700973601,5462.1031120832395,-56.525198137444995
FOODS_3_252__CA_1,long_lead,192,0.2,12563.836700973601,5462.1031120832395,-56.525198137444995
FOODS_3_252__CA_1,tight_capacity,48,0.05,18880.546774793533,20665.609243749324,9.454506218744356
FOODS_3_252__CA_1,tight_capacity,48,0.1,18880.546774793533,20665.609243749324,9.454506218744356
FOODS_3_252__CA_1,tight_capacity,48,0.2,18880.546774793533,20665.609243749324,9.454506218744356
FOODS_3_252__CA_1,tight_capacity,96,0.05,18880.546774793533,20666.109243749324,9.457154447135006
FOODS_3_252__CA_1,tight_capacity,96,0.1,18880.546774793533,20666.109243749324,9.457154447135006
FOODS_3_252__CA_1,tight_capacity,96,0.2,18880.546774793533,20666.109243749324,9.457154447135006
FOODS_3_252__CA_1,tight_capacity,192,0.05,18880.546774793533,20666.109243749324,9.457154447135006
FOODS_3_252__CA_1,tight_capacity,192,0.1,18880.546774793533,20666.109243749324,9.457154447135006
FOODS_3_252__CA_1,tight_capacity,192,0.2,18880.546774793533,20666.109243749324,9.457154447135006
FOODS_3_252__CA_2,long_lead,48,0.05,6483.861357886075,4317.129330858461,-33.4173096467015
FOODS_3_252__CA_2,long_lead,48,0.1,6483.861357886075,4317.129330858461,-33.4173096467015
FOODS_3_252__CA_2,long_lead,48,0.2,6483.861357886075,4317.129330858461,-33.4173096467015
FOODS_3_252__CA_2,long_lead,96,0.05,6483.861357886075,4317.129330858461,-33.4173096467015
FOODS_3_252__CA_2,long_lead,96,0.1,6483.861357886075,4317.129330858461,-33.4173096467015
FOODS_3_252__CA_2,long_lead,96,0.2,6483.861357886075,4317.129330858461,-33.4173096467015
FOODS_3_252__CA_2,long_lead,192,0.05,6483.861357886075,4317.129330858461,-33.4173096467015
FOODS_3_252__CA_2,long_lead,192,0.1,6483.861357886075,4317.129330858461,-33.4173096467015
FOODS_3_252__CA_2,long_lead,192,0.2,6483.861357886075,4317.129330858461,-33.4173096467015
FOODS_3_252__CA_2,tight_capacity,48,0.05,15578.648628041288,15583.148628041288,0.028885689044299265
FOODS_3_252__CA_2,tight_capacity,48,0.1,15578.648628041288,15582.648628041288,0.025676168039377122
FOODS_3_252__CA_2,tight_capacity,48,0.2,15578.648628041288,15583.148628041288,0.028885689044299265
FOODS_3_252__CA_2,tight_capacity,96,0.05,15578.648628041288,15583.148628041288,0.028885689044299265
FOODS_3_252__CA_2,tight_capacity,96,0.1,15578.648628041288,15583.148628041288,0.028885689044299265
FOODS_3_252__CA_2,tight_capacity,96,0.2,15578.648628041288,15583.148628041288,0.028885689044299265
FOODS_3_252__CA_2,tight_capacity,192,0.05,15578.648628041288,15583.148628041288,0.028885689044299265
FOODS_3_252__CA_2,tight_capacity,192,0.1,15578.648628041288,15583.148628041288,0.028885689044299265
FOODS_3_252__CA_2,tight_capacity,192,0.2,15578.648628041288,15583.148628041288,0.028885689044299265
FOODS_3_252__CA_3,long_lead,48,0.05,9250.661196908004,14270.58071744246,54.26552128200679
FOODS_3_252__CA_3,long_lead,48,0.1,9250.661196908004,14131.805789620536,52.76535902475851
FOODS_3_252__CA_3,long_lead,48,0.2,9250.661196908004,14131.805789620536,52.76535902475851
FOODS_3_252__CA_3,long_lead,96,0.05,9250.661196908004,14272.58071744246,54.28714135820922
FOODS_3_252__CA_3,long_lead,96,0.1,9250.661196908004,14272.58071744246,54.28714135820922
FOODS_3_252__CA_3,long_lead,96,0.2,9250.661196908004,14131.805789620536,52.76535902475851
FOODS_3_252__CA_3,long_lead,192,0.05,9250.661196908004,7846.258045912736,-15.18165157172424
FOODS_3_252__CA_3,long_lead,192,0.1,9250.661196908004,10524.498017617909,13.770224566603732
FOODS_3_252__CA_3,long_lead,192,0.2,9250.661196908004,10524.498017617909,13.770224566603732
FOODS_3_252__CA_3,tight_capacity,48,0.05,21622.435031808032,21514.84139787946,-0.49760183702850913
FOODS_3_252__CA_3,tight_capacity,48,0.1,21622.435031808032,21514.84139787946,-0.49760183702850913
FOODS_3_252__CA_3,tight_capacity,48,0.2,21622.435031808032,23533.445803769522,8.838092329334168
FOODS_3_252__CA_3,tight_capacity,96,0.05,21622.435031808032,21514.84139787946,-0.49760183702850913
FOODS_3_252__CA_3,tight_capacity,96,0.1,21622.435031808032,21514.84139787946,-0.49760183702850913
FOODS_3_252__CA_3,tight_capacity,96,0.2,21622.435031808032,23533.445803769522,8.838092329334168
FOODS_3_252__CA_3,tight_capacity,192,0.05,21622.435031808032,21514.84139787946,-0.49760183702850913
FOODS_3_252__CA_3,tight_capacity,192,0.1,21622.435031808032,21514.84139787946,-0.49760183702850913
FOODS_3_252__CA_3,tight_capacity,192,0.2,21622.435031808032,23533.445803769522,8.838092329334168
FOODS_3_252__TX_1,long_lead,48,0.05,4373.889318645604,4147.9516329027865,-5.16560135117412
FOODS_3_252__TX_1,long_lead,48,0.1,4373.889318645604,4147.9516329027865,-5.16560135117412
FOODS_3_252__TX_1,long_lead,48,0.2,4373.889318645604,4146.941333102722,-5.188699782031937
FOODS_3_252__TX_1,long_lead,96,0.05,4373.889318645604,4146.941333102722,-5.188699782031937
FOODS_3_252__TX_1,long_lead,96,0.1,4373.889318645604,3921.421202770229,-10.34475458595931
FOODS_3_252__TX_1,long_lead,96,0.2,4373.889318645604,3922.421202770229,-10.321891638885248
FOODS_3_252__TX_1,long_lead,192,0.05,4373.889318645604,3921.421202770229,-10.34475458595931
FOODS_3_252__TX_1,long_lead,192,0.1,4373.889318645604,3921.421202770229,-10.34475458595931
FOODS_3_252__TX_1,long_lead,192,0.2,4373.889318645604,3921.921202770229,-10.33332311242228
FOODS_3_252__TX_1,tight_capacity,48,0.05,9710.859522409766,12351.620580669272,27.193896195958942
FOODS_3_252__TX_1,tight_capacity,48,0.1,9710.859522409766,12352.120580669272,27.19904507077117
FOODS_3_252__TX_1,tight_capacity,48,0.2,9710.859522409766,12352.120580669272,27.19904507077117
FOODS_3_252__TX_1,tight_capacity,96,0.05,9710.859522409766,12351.620580669272,27.193896195958942
FOODS_3_252__TX_1,tight_capacity,96,0.1,9710.859522409766,10210.092791169083,5.140979205880135
FOODS_3_252__TX_1,tight_capacity,96,0.2,9710.859522409766,10210.092791169083,5.140979205880135
FOODS_3_252__TX_1,tight_capacity,192,0.05,9710.859522409766,10210.092791169083,5.140979205880135
FOODS_3_252__TX_1,tight_capacity,192,0.1,9710.859522409766,10210.092791169083,5.140979205880135
FOODS_3_252__TX_1,tight_capacity,192,0.2,9710.859522409766,10210.092791169083,5.140979205880135
FOODS_3_252__TX_2,long_lead,48,0.05,11938.677602711066,3569.1747510703967,-70.10410306866902
FOODS_3_252__TX_2,long_lead,48,0.1,11938.677602711066,3569.1747510703967,-70.10410306866902
FOODS_3_252__TX_2,long_lead,48,0.2,11938.677602711066,3569.1747510703967,-70.10410306866902
FOODS_3_252__TX_2,long_lead,96,0.05,11938.677602711066,3569.1747510703967,-70.10410306866902
FOODS_3_252__TX_2,long_lead,96,0.1,11938.677602711066,3569.1747510703967,-70.10410306866902
FOODS_3_252__TX_2,long_lead,96,0.2,11938.677602711066,3569.1747510703967,-70.10410306866902
FOODS_3_252__TX_2,long_lead,192,0.05,11938.677602711066,3569.1747510703967,-70.10410306866902
FOODS_3_252__TX_2,long_lead,192,0.1,11938.677602711066,3569.1747510703967,-70.10410306866902
FOODS_3_252__TX_2,long_lead,192,0.2,11938.677602711066,3569.1747510703967,-70.10410306866902
FOODS_3_252__TX_2,tight_capacity,48,0.05,6549.449449601506,12800.493103949324,95.44380336774957
FOODS_3_252__TX_2,tight_capacity,48,0.1,6549.449449601506,12800.493103949324,95.44380336774957
FOODS_3_252__TX_2,tight_capacity,48,0.2,6549.449449601506,12800.493103949324,95.44380336774957
FOODS_3_252__TX_2,tight_capacity,96,0.05,6549.449449601506,12800.493103949324,95.44380336774957
FOODS_3_252__TX_2,tight_capacity,96,0.1,6549.449449601506,12800.993103949324,95.45143759721951
FOODS_3_252__TX_2,tight_capacity,96,0.2,6549.449449601506,12800.493103949324,95.44380336774957
FOODS_3_252__TX_2,tight_capacity,192,0.05,6549.449449601506,12800.993103949324,95.45143759721951
FOODS_3_252__TX_2,tight_capacity,192,0.1,6549.449449601506,12800.993103949324,95.45143759721951
FOODS_3_252__TX_2,tight_capacity,192,0.2,6549.449449601506,12800.493103949324,95.44380336774957
FOODS_3_252__TX_3,long_lead,48,0.05,5947.781499493134,2463.2402822757144,-58.585561986673014
FOODS_3_252__TX_3,long_lead,48,0.1,5947.781499493134,2463.2402822757144,-58.585561986673014
FOODS_3_252__TX_3,long_lead,48,0.2,5947.781499493134,2463.2402822757144,-58.585561986673014
FOODS_3_252__TX_3,long_lead,96,0.05,5947.781499493134,2463.2402822757144,-58.585561986673014
FOODS_3_252__TX_3,long_lead,96,0.1,5947.781499493134,2457.33322703835,-58.68487725637261
FOODS_3_252__TX_3,long_lead,96,0.2,5947.781499493134,2457.33322703835,-58.68487725637261
FOODS_3_252__TX_3,long_lead,192,0.05,5947.781499493134,2457.33322703835,-58.68487725637261
FOODS_3_252__TX_3,long_lead,192,0.1,5947.781499493134,2457.33322703835,-58.68487725637261
FOODS_3_252__TX_3,long_lead,192,0.2,5947.781499493134,2454.1430484669213,-58.73851370168757
FOODS_3_252__TX_3,tight_capacity,48,0.05,8037.05522347819,7029.220562339266,-12.539849896698414
FOODS_3_252__TX_3,tight_capacity,48,0.1,8037.05522347819,7029.220562339266,-12.539849896698414
FOODS_3_252__TX_3,tight_capacity,48,0.2,8037.05522347819,7029.220562339266,-12.539849896698414
FOODS_3_252__TX_3,tight_capacity,96,0.05,8037.05522347819,7028.720562339266,-12.54607108077762
FOODS_3_252__TX_3,tight_capacity,96,0.1,8037.05522347819,7029.220562339266,-12.539849896698414
FOODS_3_252__TX_3,tight_capacity,96,0.2,8037.05522347819,11107.400770450087,38.20236966896373
FOODS_3_252__TX_3,tight_capacity,192,0.05,8037.05522347819,7028.720562339266,-12.54607108077762
FOODS_3_252__TX_3,tight_capacity,192,0.1,8037.05522347819,8041.55522347819,0.05599065671285183
FOODS_3_252__TX_3,tight_capacity,192,0.2,8037.05522347819,7029.220562339266,-12.539849896698414
FOODS_3_252__WI_3,long_lead,48,0.05,4555.481108127277,3055.9005225450546,-32.91816056281899
FOODS_3_252__WI_3,long_lead,48,0.1,4555.481108127277,3055.9005225450546,-32.91816056281899
FOODS_3_252__WI_3,long_lead,48,0.2,4555.481108127277,3055.9005225450546,-32.91816056281899
FOODS_3_252__WI_3,long_lead,96,0.05,4555.481108127277,3050.2219511164826,-33.04281416786722
FOODS_3_252__WI_3,long_lead,96,0.1,4555.481108127277,3050.2219511164826,-33.04281416786722
FOODS_3_252__WI_3,long_lead,96,0.2,4555.481108127277,3050.2219511164826,-33.04281416786722
FOODS_3_252__WI_3,long_lead,192,0.05,4555.481108127277,3050.2219511164826,-33.04281416786722
FOODS_3_252__WI_3,long_lead,192,0.1,4555.481108127277,3050.2219511164826,-33.04281416786722
FOODS_3_252__WI_3,long_lead,192,0.2,4555.481108127277,3050.2219511164826,-33.04281416786722
FOODS_3_252__WI_3,tight_capacity,48,0.05,5770.9979240848215,6968.685367751647,20.753558733202247
FOODS_3_252__WI_3,tight_capacity,48,0.1,5770.9979240848215,6968.185367751647,20.744894720381982
FOODS_3_252__WI_3,tight_capacity,48,0.2,5770.9979240848215,6968.185367751647,20.744894720381982
FOODS_3_252__WI_3,tight_capacity,96,0.05,5770.9979240848215,6968.685367751647,20.753558733202247
FOODS_3_252__WI_3,tight_capacity,96,0.1,5770.9979240848215,6968.185367751647,20.744894720381982
FOODS_3_252__WI_3,tight_capacity,96,0.2,5770.9979240848215,6968.185367751647,20.744894720381982
FOODS_3_252__WI_3,tight_capacity,192,0.05,5770.9979240848215,6968.685367751647,20.753558733202247
FOODS_3_252__WI_3,tight_capacity,192,0.1,5770.9979240848215,6968.185367751647,20.744894720381982
FOODS_3_252__WI_3,tight_capacity,192,0.2,5770.9979240848215,6968.185367751647,20.744894720381982
FOODS_3_281__CA_3,long_lead,48,0.05,10232.654017857149,10242.472996500377,0.09595730126410323
FOODS_3_281__CA_3,long_lead,48,0.1,10232.654017857149,10242.472996500377,0.09595730126410323
FOODS_3_281__CA_3,long_lead,48,0.2,10232.654017857149,10242.472996500377,0.09595730126410323
FOODS_3_281__CA_3,long_lead,96,0.05,10232.654017857149,10242.472996500377,0.09595730126410323
FOODS_3_281__CA_3,long_lead,96,0.1,10232.654017857149,10242.472996500377,0.09595730126410323
FOODS_3_281__CA_3,long_lead,96,0.2,10232.654017857149,10242.472996500377,0.09595730126410323
FOODS_3_281__CA_3,long_lead,192,0.05,10232.654017857149,10241.472996500377,0.0861846655602586
FOODS_3_281__CA_3,long_lead,192,0.1,10232.654017857149,10241.472996500377,0.0861846655602586
FOODS_3_281__CA_3,long_lead,192,0.2,10232.654017857149,10240.972996500377,0.08129834770833629
FOODS_3_281__CA_3,tight_capacity,48,0.05,20484.21651785715,20487.71651785715,0.017086325937576717
FOODS_3_281__CA_3,tight_capacity,48,0.1,20484.21651785715,20487.71651785715,0.017086325937576717
FOODS_3_281__CA_3,tight_capacity,48,0.2,20484.21651785715,20487.71651785715,0.017086325937576717
FOODS_3_281__CA_3,tight_capacity,96,0.05,20484.21651785715,20487.71651785715,0.017086325937576717
FOODS_3_281__CA_3,tight_capacity,96,0.1,20484.21651785715,20487.71651785715,0.017086325937576717
FOODS_3_281__CA_3,tight_capacity,96,0.2,20484.21651785715,20487.71651785715,0.017086325937576717
FOODS_3_281__CA_3,tight_capacity,192,0.05,20484.21651785715,20487.71651785715,0.017086325937576717
FOODS_3_281__CA_3,tight_capacity,192,0.1,20484.21651785715,20487.71651785715,0.017086325937576717
FOODS_3_281__CA_3,tight_capacity,192,0.2,20484.21651785715,20487.71651785715,0.017086325937576717
FOODS_3_282__CA_3,long_lead,48,0.05,9668.944482075709,4584.295331112437,-52.58742730800859
FOODS_3_282__CA_3,long_lead,48,0.1,9668.944482075709,4584.295331112437,-52.58742730800859
FOODS_3_282__CA_3,long_lead,48,0.2,9668.944482075709,4584.295331112437,-52.58742730800859
FOODS_3_282__CA_3,long_lead,96,0.05,9668.944482075709,4584.295331112437,-52.58742730800859
FOODS_3_282__CA_3,long_lead,96,0.1,9668.944482075709,4584.295331112437,-52.58742730800859
FOODS_3_282__CA_3,long_lead,96,0.2,9668.944482075709,4584.295331112437,-52.58742730800859
FOODS_3_282__CA_3,long_lead,192,0.05,9668.944482075709,4584.295331112437,-52.58742730800859
FOODS_3_282__CA_3,long_lead,192,0.1,9668.944482075709,4584.795331112437,-52.58225611273566
FOODS_3_282__CA_3,long_lead,192,0.2,9668.944482075709,4584.795331112437,-52.58225611273566
FOODS_3_282__CA_3,tight_capacity,48,0.05,2509.6920641062275,4444.471002559502,77.09228419392977
FOODS_3_282__CA_3,tight_capacity,48,0.1,2509.6920641062275,4868.217425554529,93.97668324254111
FOODS_3_282__CA_3,tight_capacity,48,0.2,2509.6920641062275,4444.471002559502,77.09228419392977
FOODS_3_282__CA_3,tight_capacity,96,0.05,2509.6920641062275,4444.471002559502,77.09228419392977
FOODS_3_282__CA_3,tight_capacity,96,0.1,2509.6920641062275,4868.217425554529,93.97668324254111
FOODS_3_282__CA_3,tight_capacity,96,0.2,2509.6920641062275,4444.471002559502,77.09228419392977
FOODS_3_282__CA_3,tight_capacity,192,0.05,2509.6920641062275,4444.471002559502,77.09228419392977
FOODS_3_282__CA_3,tight_capacity,192,0.1,2509.6920641062275,4868.217425554529,93.97668324254111
FOODS_3_282__CA_3,tight_capacity,192,0.2,2509.6920641062275,4444.471002559502,77.09228419392977
FOODS_3_288__CA_3,long_lead,48,0.05,4803.55615683472,2052.5978559854843,-57.26920246232671
FOODS_3_288__CA_3,long_lead,48,0.1,4803.55615683472,2052.5978559854843,-57.26920246232671
FOODS_3_288__CA_3,long_lead,48,0.2,4803.55615683472,2524.7313966760744,-47.44036887996467
FOODS_3_288__CA_3,long_lead,96,0.05,4803.55615683472,2052.5978559854843,-57.26920246232671
FOODS_3_288__CA_3,long_lead,96,0.1,4803.55615683472,2052.5978559854843,-57.26920246232671
FOODS_3_288__CA_3,long_lead,96,0.2,4803.55615683472,2524.7313966760744,-47.44036887996467
FOODS_3_288__CA_3,long_lead,192,0.05,4803.55615683472,2052.5978559854843,-57.26920246232671
FOODS_3_288__CA_3,long_lead,192,0.1,4803.55615683472,2228.8157674585464,-53.60071383182884
FOODS_3_288__CA_3,long_lead,192,0.2,4803.55615683472,2228.8157674585464,-53.60071383182884
FOODS_3_288__CA_3,tight_capacity,48,0.05,9287.820594506144,11238.371519035627,21.001169269820494
FOODS_3_288__CA_3,tight_capacity,48,0.1,9287.820594506144,11238.371519035627,21.001169269820494
FOODS_3_288__CA_3,tight_capacity,48,0.2,9287.820594506144,11238.371519035627,21.001169269820494
FOODS_3_288__CA_3,tight_capacity,96,0.05,9287.820594506144,11238.371519035627,21.001169269820494
FOODS_3_288__CA_3,tight_capacity,96,0.1,9287.820594506144,11238.371519035627,21.001169269820494
FOODS_3_288__CA_3,tight_capacity,96,0.2,9287.820594506144,11238.371519035627,21.001169269820494
FOODS_3_288__CA_3,tight_capacity,192,0.05,9287.820594506144,11238.371519035627,21.001169269820494
FOODS_3_288__CA_3,tight_capacity,192,0.1,9287.820594506144,11238.371519035627,21.001169269820494
FOODS_3_288__CA_3,tight_capacity,192,0.2,9287.820594506144,11238.371519035627,21.001169269820494
FOODS_3_318__CA_3,long_lead,48,0.05,1999.1492065896507,4644.712583531355,132.33446349183572
FOODS_3_318__CA_3,long_lead,48,0.1,1999.1492065896507,4644.712583531355,132.33446349183572
FOODS_3_318__CA_3,long_lead,48,0.2,1999.1492065896507,4644.712583531355,132.33446349183572
FOODS_3_318__CA_3,long_lead,96,0.05,1999.1492065896507,4645.712583531355,132.38448477072293
FOODS_3_318__CA_3,long_lead,96,0.1,1999.1492065896507,4645.712583531355,132.38448477072293
FOODS_3_318__CA_3,long_lead,96,0.2,1999.1492065896507,4645.712583531355,132.38448477072293
FOODS_3_318__CA_3,long_lead,192,0.05,1999.1492065896507,4645.712583531355,132.38448477072293
FOODS_3_318__CA_3,long_lead,192,0.1,1999.1492065896507,4645.712583531355,132.38448477072293
FOODS_3_318__CA_3,long_lead,192,0.2,1999.1492065896507,4645.712583531355,132.38448477072293
FOODS_3_318__CA_3,tight_capacity,48,0.05,4942.997948721772,5507.730646142778,11.42490252432821
FOODS_3_318__CA_3,tight_capacity,48,0.1,4942.997948721772,5507.730646142778,11.42490252432821
FOODS_3_318__CA_3,tight_capacity,48,0.2,4942.997948721772,4724.579702882787,-4.418740369808703
FOODS_3_318__CA_3,tight_capacity,96,0.05,4942.997948721772,4724.579702882787,-4.418740369808703
FOODS_3_318__CA_3,tight_capacity,96,0.1,4942.997948721772,4724.579702882787,-4.418740369808703
FOODS_3_318__CA_3,tight_capacity,96,0.2,4942.997948721772,4724.579702882787,-4.418740369808703
FOODS_3_318__CA_3,tight_capacity,192,0.05,4942.997948721772,4724.579702882787,-4.418740369808703
FOODS_3_318__CA_3,tight_capacity,192,0.1,4942.997948721772,4724.579702882787,-4.418740369808703
FOODS_3_318__CA_3,tight_capacity,192,0.2,4942.997948721772,4724.579702882787,-4.418740369808703
FOODS_3_318__WI_3,long_lead,48,0.05,3752.23436810832,3671.8252235372365,-2.1429670079915977
FOODS_3_318__WI_3,long_lead,48,0.1,3752.23436810832,3671.8252235372365,-2.1429670079915977
FOODS_3_318__WI_3,long_lead,48,0.2,3752.23436810832,3655.160579848003,-2.587092882187318
FOODS_3_318__WI_3,long_lead,96,0.05,3752.23436810832,3671.8252235372365,-2.1429670079915977
FOODS_3_318__WI_3,long_lead,96,0.1,3752.23436810832,3654.660579848003,-2.600418275831428
FOODS_3_318__WI_3,long_lead,96,0.2,3752.23436810832,3672.3252235372365,-2.129641614347488
FOODS_3_318__WI_3,long_lead,192,0.05,3752.23436810832,3671.8252235372365,-2.1429670079915977
FOODS_3_318__WI_3,long_lead,192,0.1,3752.23436810832,3655.160579848003,-2.587092882187318
FOODS_3_318__WI_3,long_lead,192,0.2,3752.23436810832,3671.3252235372365,-2.156292401635707
FOODS_3_318__WI_3,tight_capacity,48,0.05,4720.187000774011,9188.650334038837,94.66708273490208
FOODS_3_318__WI_3,tight_capacity,48,0.1,4720.187000774011,9188.650334038837,94.66708273490208
FOODS_3_318__WI_3,tight_capacity,48,0.2,4720.187000774011,9188.650334038837,94.66708273490208
FOODS_3_318__WI_3,tight_capacity,96,0.05,4720.187000774011,9188.650334038837,94.66708273490208
FOODS_3_318__WI_3,tight_capacity,96,0.1,4720.187000774011,9188.650334038837,94.66708273490208
FOODS_3_318__WI_3,tight_capacity,96,0.2,4720.187000774011,9188.650334038837,94.66708273490208
FOODS_3_318__WI_3,tight_capacity,192,0.05,4720.187000774011,9188.650334038837,94.66708273490208
FOODS_3_318__WI_3,tight_capacity,192,0.1,4720.187000774011,9188.650334038837,94.66708273490208
FOODS_3_318__WI_3,tight_capacity,192,0.2,4720.187000774011,9188.650334038837,94.66708273490208
FOODS_3_319__CA_3,long_lead,48,0.05,3067.2184709821427,3203.7207873637944,4.4503617095766534
FOODS_3_319__CA_3,long_lead,48,0.1,3067.2184709821427,3203.7207873637944,4.4503617095766534
FOODS_3_319__CA_3,long_lead,48,0.2,3067.2184709821427,3203.7207873637944,4.4503617095766534
FOODS_3_319__CA_3,long_lead,96,0.05,3067.2184709821427,3203.7207873637944,4.4503617095766534
FOODS_3_319__CA_3,long_lead,96,0.1,3067.2184709821427,3203.7207873637944,4.4503617095766534
FOODS_3_319__CA_3,long_lead,96,0.2,3067.2184709821427,3203.7207873637944,4.4503617095766534
FOODS_3_319__CA_3,long_lead,192,0.05,3067.2184709821427,3203.7207873637944,4.4503617095766534
FOODS_3_319__CA_3,long_lead,192,0.1,3067.2184709821427,3203.7207873637944,4.4503617095766534
FOODS_3_319__CA_3,long_lead,192,0.2,3067.2184709821427,3203.7207873637944,4.4503617095766534
FOODS_3_319__CA_3,tight_capacity,48,0.05,2400.3293660154204,2576.4761177963346,7.33844089377285
FOODS_3_319__CA_3,tight_capacity,48,0.1,2400.3293660154204,2576.4761177963346,7.33844089377285
FOODS_3_319__CA_3,tight_capacity,48,0.2,2400.3293660154204,2576.4761177963346,7.33844089377285
FOODS_3_319__CA_3,tight_capacity,96,0.05,2400.3293660154204,2576.4761177963346,7.33844089377285
FOODS_3_319__CA_3,tight_capacity,96,0.1,2400.3293660154204,2576.4761177963346,7.33844089377285
FOODS_3_319__CA_3,tight_capacity,96,0.2,2400.3293660154204,2576.4761177963346,7.33844089377285
FOODS_3_319__CA_3,tight_capacity,192,0.05,2400.3293660154204,2576.4761177963346,7.33844089377285
FOODS_3_319__CA_3,tight_capacity,192,0.1,2400.3293660154204,2576.4761177963346,7.33844089377285
FOODS_3_319__CA_3,tight_capacity,192,0.2,2400.3293660154204,2576.4761177963346,7.33844089377285
FOODS_3_376__WI_2,long_lead,48,0.05,38069.31016322545,26478.189732142855,-30.44741389162206
FOODS_3_376__WI_2,long_lead,48,0.1,38069.31016322545,26478.189732142855,-30.44741389162206
FOODS_3_376__WI_2,long_lead,48,0.2,38069.31016322545,26478.189732142855,-30.44741389162206
FOODS_3_376__WI_2,long_lead,96,0.05,38069.31016322545,30039.095075334822,-21.093671131576553
FOODS_3_376__WI_2,long_lead,96,0.1,38069.31016322545,30039.095075334822,-21.093671131576553
FOODS_3_376__WI_2,long_lead,96,0.2,38069.31016322545,30039.095075334822,-21.093671131576553
FOODS_3_376__WI_2,long_lead,192,0.05,38069.31016322545,30039.095075334822,-21.093671131576553
FOODS_3_376__WI_2,long_lead,192,0.1,38069.31016322545,30039.095075334822,-21.093671131576553
FOODS_3_376__WI_2,long_lead,192,0.2,38069.31016322545,30039.095075334822,-21.093671131576553
FOODS_3_376__WI_2,tight_capacity,48,0.05,35098.19896570871,38047.106247153395,8.40187635931347
FOODS_3_376__WI_2,tight_capacity,48,0.1,35098.19896570871,38047.106247153395,8.40187635931347
FOODS_3_376__WI_2,tight_capacity,48,0.2,35098.19896570871,38047.106247153395,8.40187635931347
FOODS_3_376__WI_2,tight_capacity,96,0.05,35098.19896570871,38047.106247153395,8.40187635931347
FOODS_3_376__WI_2,tight_capacity,96,0.1,35098.19896570871,38047.106247153395,8.40187635931347
FOODS_3_376__WI_2,tight_capacity,96,0.2,35098.19896570871,38047.106247153395,8.40187635931347
FOODS_3_376__WI_2,tight_capacity,192,0.05,35098.19896570871,38047.106247153395,8.40187635931347
FOODS_3_376__WI_2,tight_capacity,192,0.1,35098.19896570871,38047.106247153395,8.40187635931347
FOODS_3_376__WI_2,tight_capacity,192,0.2,35098.19896570871,35102.19896570871,0.01139659617266413
FOODS_3_377__TX_2,long_lead,48,0.05,6643.284572009529,2236.823308933197,-66.32955754510785
FOODS_3_377__TX_2,long_lead,48,0.1,6643.284572009529,2124.943328373116,-68.01366394379308
FOODS_3_377__TX_2,long_lead,48,0.2,6643.284572009529,2124.943328373116,-68.01366394379308
FOODS_3_377__TX_2,long_lead,96,0.05,6643.284572009529,2240.6648495172813,-66.27173162266776
FOODS_3_377__TX_2,long_lead,96,0.1,6643.284572009529,2240.6648495172813,-66.27173162266776
FOODS_3_377__TX_2,long_lead,96,0.2,6643.284572009529,2229.928985236622,-66.4333363855571
FOODS_3_377__TX_2,long_lead,192,0.05,6643.284572009529,2270.768270950907,-65.81859099460462
FOODS_3_377__TX_2,long_lead,192,0.1,6643.284572009529,2240.7702356358095,-66.27014526704224
FOODS_3_377__TX_2,long_lead,192,0.2,6643.284572009529,2240.7702356358095,-66.27014526704224
FOODS_3_377__TX_2,tight_capacity,48,0.05,8249.544058476757,8498.655040619615,3.019693941592881
FOODS_3_377__TX_2,tight_capacity,48,0.1,8249.544058476757,8498.655040619615,3.019693941592881
FOODS_3_377__TX_2,tight_capacity,48,0.2,8249.544058476757,8498.655040619615,3.019693941592881
FOODS_3_377__TX_2,tight_capacity,96,0.05,8249.544058476757,8498.655040619615,3.019693941592881
FOODS_3_377__TX_2,tight_capacity,96,0.1,8249.544058476757,8498.655040619615,3.019693941592881
FOODS_3_377__TX_2,tight_capacity,96,0.2,8249.544058476757,8498.655040619615,3.019693941592881
FOODS_3_377__TX_2,tight_capacity,192,0.05,8249.544058476757,7029.182334051337,-14.793080875438756
FOODS_3_377__TX_2,tight_capacity,192,0.1,8249.544058476757,6784.571351908482,-17.75822634783013
FOODS_3_377__TX_2,tight_capacity,192,0.2,8249.544058476757,8498.655040619615,3.019693941592881
FOODS_3_377__TX_3,long_lead,48,0.05,7278.405071123555,1938.5984506474208,-73.3650651247944
FOODS_3_377__TX_3,long_lead,48,0.1,7278.405071123555,1938.5984506474208,-73.3650651247944
FOODS_3_377__TX_3,long_lead,48,0.2,7278.405071123555,1938.5984506474208,-73.3650651247944
FOODS_3_377__TX_3,long_lead,96,0.05,7278.405071123555,1937.5984506474208,-73.37880439858073
FOODS_3_377__TX_3,long_lead,96,0.1,7278.405071123555,1937.5984506474208,-73.37880439858073
FOODS_3_377__TX_3,long_lead,96,0.2,7278.405071123555,1937.5984506474208,-73.37880439858073
FOODS_3_377__TX_3,long_lead,192,0.05,7278.405071123555,1937.5984506474208,-73.37880439858073
FOODS_3_377__TX_3,long_lead,192,0.1,7278.405071123555,1937.5984506474208,-73.37880439858073
FOODS_3_377__TX_3,long_lead,192,0.2,7278.405071123555,1937.5984506474208,-73.37880439858073
FOODS_3_377__TX_3,tight_capacity,48,0.05,10920.585986442518,12588.517016546826,15.273274091472556
FOODS_3_377__TX_3,tight_capacity,48,0.1,10920.585986442518,12588.517016546826,15.273274091472556
FOODS_3_377__TX_3,tight_capacity,48,0.2,10920.585986442518,12589.017016546826,15.277852600360456
FOODS_3_377__TX_3,tight_capacity,96,0.05,10920.585986442518,12589.017016546826,15.277852600360456
FOODS_3_377__TX_3,tight_capacity,96,0.1,10920.585986442518,12589.017016546826,15.277852600360456
FOODS_3_377__TX_3,tight_capacity,96,0.2,10920.585986442518,12589.517016546826,15.282431109248355
FOODS_3_377__TX_3,tight_capacity,192,0.05,10920.585986442518,12589.017016546826,15.277852600360456
FOODS_3_377__TX_3,tight_capacity,192,0.1,10920.585986442518,12589.017016546826,15.277852600360456
FOODS_3_377__TX_3,tight_capacity,192,0.2,10920.585986442518,12589.517016546826,15.282431109248355
FOODS_3_412__WI_2,long_lead,48,0.05,8629.285714285716,7860.956281872954,-8.90374311214193
FOODS_3_412__WI_2,long_lead,48,0.1,8629.285714285716,7860.956281872954,-8.90374311214193
FOODS_3_412__WI_2,long_lead,48,0.2,8629.285714285716,7860.956281872954,-8.90374311214193
FOODS_3_412__WI_2,long_lead,96,0.05,8629.285714285716,7860.956281872954,-8.90374311214193
FOODS_3_412__WI_2,long_lead,96,0.1,8629.285714285716,7860.956281872954,-8.90374311214193
FOODS_3_412__WI_2,long_lead,96,0.2,8629.285714285716,7860.956281872954,-8.90374311214193
FOODS_3_412__WI_2,long_lead,192,0.05,8629.285714285716,7860.956281872954,-8.90374311214193
FOODS_3_412__WI_2,long_lead,192,0.1,8629.285714285716,7860.956281872954,-8.90374311214193
FOODS_3_412__WI_2,long_lead,192,0.2,8629.285714285716,7860.956281872954,-8.90374311214193
FOODS_3_412__WI_2,tight_capacity,48,0.05,6611.106745822764,6498.873043118044,-1.697653766907267
FOODS_3_412__WI_2,tight_capacity,48,0.1,6611.106745822764,6498.873043118044,-1.697653766907267
FOODS_3_412__WI_2,tight_capacity,48,0.2,6611.106745822764,6498.873043118044,-1.697653766907267
FOODS_3_412__WI_2,tight_capacity,96,0.05,6611.106745822764,6498.873043118044,-1.697653766907267
FOODS_3_412__WI_2,tight_capacity,96,0.1,6611.106745822764,6498.873043118044,-1.697653766907267
FOODS_3_412__WI_2,tight_capacity,96,0.2,6611.106745822764,6498.873043118044,-1.697653766907267
FOODS_3_412__WI_2,tight_capacity,192,0.05,6611.106745822764,6498.873043118044,-1.697653766907267
FOODS_3_412__WI_2,tight_capacity,192,0.1,6611.106745822764,6498.873043118044,-1.697653766907267
FOODS_3_412__WI_2,tight_capacity,192,0.2,6611.106745822764,6498.873043118044,-1.697653766907267
FOODS_3_462__WI_2,long_lead,48,0.05,11866.93466796875,6495.385541712378,-45.264841145163345
FOODS_3_462__WI_2,long_lead,48,0.1,11866.93466796875,6495.385541712378,-45.264841145163345
FOODS_3_462__WI_2,long_lead,48,0.2,11866.93466796875,6495.385541712378,-45.264841145163345
FOODS_3_462__WI_2,long_lead,96,0.05,11866.93466796875,6495.385541712378,-45.264841145163345
FOODS_3_462__WI_2,long_lead,96,0.1,11866.93466796875,6495.385541712378,-45.264841145163345
FOODS_3_462__WI_2,long_lead,96,0.2,11866.93466796875,6495.385541712378,-45.264841145163345
FOODS_3_462__WI_2,long_lead,192,0.05,11866.93466796875,6495.385541712378,-45.264841145163345
FOODS_3_462__WI_2,long_lead,192,0.1,11866.93466796875,6495.385541712378,-45.264841145163345
FOODS_3_462__WI_2,long_lead,192,0.2,11866.93466796875,6495.385541712378,-45.264841145163345
FOODS_3_462__WI_2,tight_capacity,48,0.05,17173.65376953125,16546.7840625,-3.6501825147041034
FOODS_3_462__WI_2,tight_capacity,48,0.1,17173.65376953125,16546.7840625,-3.6501825147041034
FOODS_3_462__WI_2,tight_capacity,48,0.2,17173.65376953125,16546.7840625,-3.6501825147041034
FOODS_3_462__WI_2,tight_capacity,96,0.05,17173.65376953125,16546.7840625,-3.6501825147041034
FOODS_3_462__WI_2,tight_capacity,96,0.1,17173.65376953125,16546.7840625,-3.6501825147041034
FOODS_3_462__WI_2,tight_capacity,96,0.2,17173.65376953125,16546.7840625,-3.6501825147041034
FOODS_3_462__WI_2,tight_capacity,192,0.05,17173.65376953125,16546.7840625,-3.6501825147041034
FOODS_3_462__WI_2,tight_capacity,192,0.1,17173.65376953125,16546.7840625,-3.6501825147041034
FOODS_3_462__WI_2,tight_capacity,192,0.2,17173.65376953125,16546.7840625,-3.6501825147041034
FOODS_3_501__CA_3,long_lead,48,0.05,1408.0796377563368,1643.4601922483157,16.716423430924632
FOODS_3_501__CA_3,long_lead,48,0.1,1408.0796377563368,1643.4601922483157,16.716423430924632
FOODS_3_501__CA_3,long_lead,48,0.2,1408.0796377563368,1643.4601922483157,16.716423430924632
FOODS_3_501__CA_3,long_lead,96,0.05,1408.0796377563368,1643.4601922483157,16.716423430924632
FOODS_3_501__CA_3,long_lead,96,0.1,1408.0796377563368,1643.4601922483157,16.716423430924632
FOODS_3_501__CA_3,long_lead,96,0.2,1408.0796377563368,1643.4601922483157,16.716423430924632
FOODS_3_501__CA_3,long_lead,192,0.05,1408.0796377563368,1643.4601922483157,16.716423430924632
FOODS_3_501__CA_3,long_lead,192,0.1,1408.0796377563368,1643.4601922483157,16.716423430924632
FOODS_3_501__CA_3,long_lead,192,0.2,1408.0796377563368,1643.4601922483157,16.716423430924632
FOODS_3_501__CA_3,tight_capacity,48,0.05,3298.2044580357115,4517.627344550202,36.972325458584024
FOODS_3_501__CA_3,tight_capacity,48,0.1,3298.2044580357115,4228.278096935887,28.19939305564135
FOODS_3_501__CA_3,tight_capacity,48,0.2,3298.2044580357115,4228.278096935887,28.19939305564135
FOODS_3_501__CA_3,tight_capacity,96,0.05,3298.2044580357115,3259.4426160561447,-1.1752407248473566
FOODS_3_501__CA_3,tight_capacity,96,0.1,3298.2044580357115,3259.4426160561447,-1.1752407248473566
FOODS_3_501__CA_3,tight_capacity,96,0.2,3298.2044580357115,3086.074454361996,-6.431681430691306
FOODS_3_501__CA_3,tight_capacity,192,0.05,3298.2044580357115,2911.103312723212,-11.736723730676248
FOODS_3_501__CA_3,tight_capacity,192,0.1,3298.2044580357115,2911.103312723212,-11.736723730676248
FOODS_3_501__CA_3,tight_capacity,192,0.2,3298.2044580357115,3086.074454361996,-6.431681430691306
FOODS_3_541__CA_1,long_lead,48,0.05,247.01071428571433,232.2654277300044,-5.969492699273857
FOODS_3_541__CA_1,long_lead,48,0.1,247.01071428571433,232.2654277300044,-5.969492699273857
FOODS_3_541__CA_1,long_lead,48,0.2,247.01071428571433,232.2654277300044,-5.969492699273857
FOODS_3_541__CA_1,long_lead,96,0.05,247.01071428571433,232.2654277300044,-5.969492699273857
FOODS_3_541__CA_1,long_lead,96,0.1,247.01071428571433,232.2654277300044,-5.969492699273857
FOODS_3_541__CA_1,long_lead,96,0.2,247.01071428571433,232.2654277300044,-5.969492699273857
FOODS_3_541__CA_1,long_lead,192,0.05,247.01071428571433,232.2654277300044,-5.969492699273857
FOODS_3_541__CA_1,long_lead,192,0.1,247.01071428571433,232.2654277300044,-5.969492699273857
FOODS_3_541__CA_1,long_lead,192,0.2,247.01071428571433,232.2654277300044,-5.969492699273857
FOODS_3_541__CA_1,tight_capacity,48,0.05,184.86785714285716,184.86785714285716,0.0
FOODS_3_541__CA_1,tight_capacity,48,0.1,184.86785714285716,184.86785714285716,0.0
FOODS_3_541__CA_1,tight_capacity,48,0.2,184.86785714285716,184.86785714285716,0.0
FOODS_3_541__CA_1,tight_capacity,96,0.05,184.86785714285716,184.86785714285716,0.0
FOODS_3_541__CA_1,tight_capacity,96,0.1,184.86785714285716,184.86785714285716,0.0
FOODS_3_541__CA_1,tight_capacity,96,0.2,184.86785714285716,184.86785714285716,0.0
FOODS_3_541__CA_1,tight_capacity,192,0.05,184.86785714285716,184.86785714285716,0.0
FOODS_3_541__CA_1,tight_capacity,192,0.1,184.86785714285716,184.86785714285716,0.0
FOODS_3_541__CA_1,tight_capacity,192,0.2,184.86785714285716,184.86785714285716,0.0
FOODS_3_541__CA_3,long_lead,48,0.05,3672.6194754464286,3341.4676897321438,-9.016773665995752
FOODS_3_541__CA_3,long_lead,48,0.1,3672.6194754464286,3341.4676897321438,-9.016773665995752
FOODS_3_541__CA_3,long_lead,48,0.2,3672.6194754464286,3341.4676897321438,-9.016773665995752
FOODS_3_541__CA_3,long_lead,96,0.05,3672.6194754464286,3417.9809436495116,-6.933430852265581
FOODS_3_541__CA_3,long_lead,96,0.1,3672.6194754464286,3417.9809436495116,-6.933430852265581
FOODS_3_541__CA_3,long_lead,96,0.2,3672.6194754464286,3417.9809436495116,-6.933430852265581
FOODS_3_541__CA_3,long_lead,192,0.05,3672.6194754464286,3417.9809436495116,-6.933430852265581
FOODS_3_541__CA_3,long_lead,192,0.1,3672.6194754464286,3417.9809436495116,-6.933430852265581
FOODS_3_541__CA_3,long_lead,192,0.2,3672.6194754464286,3417.9809436495116,-6.933430852265581
FOODS_3_541__CA_3,tight_capacity,48,0.05,2588.354618511615,2759.079963363631,6.595902417350693
FOODS_3_541__CA_3,tight_capacity,48,0.1,2588.354618511615,2759.079963363631,6.595902417350693
FOODS_3_541__CA_3,tight_capacity,48,0.2,2588.354618511615,2759.079963363631,6.595902417350693
FOODS_3_541__CA_3,tight_capacity,96,0.05,2588.354618511615,2759.079963363631,6.595902417350693
FOODS_3_541__CA_3,tight_capacity,96,0.1,2588.354618511615,2759.079963363631,6.595902417350693
FOODS_3_541__CA_3,tight_capacity,96,0.2,2588.354618511615,2759.079963363631,6.595902417350693
FOODS_3_541__CA_3,tight_capacity,192,0.05,2588.354618511615,2759.079963363631,6.595902417350693
FOODS_3_541__CA_3,tight_capacity,192,0.1,2588.354618511615,2759.079963363631,6.595902417350693
FOODS_3_541__CA_3,tight_capacity,192,0.2,2588.354618511615,2759.079963363631,6.595902417350693
FOODS_3_547__WI_2,long_lead,48,0.05,2932.5684241722975,2711.535087717062,-7.53719281137049
FOODS_3_547__WI_2,long_lead,48,0.1,2932.5684241722975,2711.535087717062,-7.53719281137049
FOODS_3_547__WI_2,long_lead,48,0.2,2932.5684241722975,2711.535087717062,-7.53719281137049
FOODS_3_547__WI_2,long_lead,96,0.05,2932.5684241722975,2711.535087717062,-7.53719281137049
FOODS_3_547__WI_2,long_lead,96,0.1,2932.5684241722975,2711.535087717062,-7.53719281137049
FOODS_3_547__WI_2,long_lead,96,0.2,2932.5684241722975,2711.535087717062,-7.53719281137049
FOODS_3_547__WI_2,long_lead,192,0.05,2932.5684241722975,2711.535087717062,-7.53719281137049
FOODS_3_547__WI_2,long_lead,192,0.1,2932.5684241722975,2711.535087717062,-7.53719281137049
FOODS_3_547__WI_2,long_lead,192,0.2,2932.5684241722975,2711.535087717062,-7.53719281137049
FOODS_3_547__WI_2,tight_capacity,48,0.05,2092.035356571593,2076.945046888761,-0.7213219239067645
FOODS_3_547__WI_2,tight_capacity,48,0.1,2092.035356571593,2076.945046888761,-0.7213219239067645
FOODS_3_547__WI_2,tight_capacity,48,0.2,2092.035356571593,2076.945046888761,-0.7213219239067645
FOODS_3_547__WI_2,tight_capacity,96,0.05,2092.035356571593,2076.945046888761,-0.7213219239067645
FOODS_3_547__WI_2,tight_capacity,96,0.1,2092.035356571593,2076.945046888761,-0.7213219239067645
FOODS_3_547__WI_2,tight_capacity,96,0.2,2092.035356571593,2076.945046888761,-0.7213219239067645
FOODS_3_547__WI_2,tight_capacity,192,0.05,2092.035356571593,2076.945046888761,-0.7213219239067645
FOODS_3_547__WI_2,tight_capacity,192,0.1,2092.035356571593,2076.945046888761,-0.7213219239067645
FOODS_3_547__WI_2,tight_capacity,192,0.2,2092.035356571593,2076.945046888761,-0.7213219239067645
FOODS_3_555__CA_1,long_lead,48,0.05,2331.5802518321557,2698.429558948129,15.733934391823018
FOODS_3_555__CA_1,long_lead,48,0.1,2331.5802518321557,2698.429558948129,15.733934391823018
FOODS_3_555__CA_1,long_lead,48,0.2,2331.5802518321557,2698.429558948129,15.733934391823018
FOODS_3_555__CA_1,long_lead,96,0.05,2331.5802518321557,2698.429558948129,15.733934391823018
FOODS_3_555__CA_1,long_lead,96,0.1,2331.5802518321557,2698.429558948129,15.733934391823018
FOODS_3_555__CA_1,long_lead,96,0.2,2331.5802518321557,2698.429558948129,15.733934391823018
FOODS_3_555__CA_1,long_lead,192,0.05,2331.5802518321557,2698.429558948129,15.733934391823018
FOODS_3_555__CA_1,long_lead,192,0.1,2331.5802518321557,1497.562518958968,-35.77049223237401
FOODS_3_555__CA_1,long_lead,192,0.2,2331.5802518321557,1497.562518958968,-35.77049223237401
FOODS_3_555__CA_1,tight_capacity,48,0.05,8365.170982142854,8605.670223214283,2.8750068777413347
FOODS_3_555__CA_1,tight_capacity,48,0.1,8365.170982142854,8605.670223214283,2.8750068777413347
FOODS_3_555__CA_1,tight_capacity,48,0.2,8365.170982142854,8605.670223214283,2.8750068777413347
FOODS_3_555__CA_1,tight_capacity,96,0.05,8365.170982142854,8605.670223214283,2.8750068777413347
FOODS_3_555__CA_1,tight_capacity,96,0.1,8365.170982142854,8605.670223214283,2.8750068777413347
FOODS_3_555__CA_1,tight_capacity,96,0.2,8365.170982142854,8605.670223214283,2.8750068777413347
FOODS_3_555__CA_1,tight_capacity,192,0.05,8365.170982142854,8605.670223214283,2.8750068777413347
FOODS_3_555__CA_1,tight_capacity,192,0.1,8365.170982142854,8605.670223214283,2.8750068777413347
FOODS_3_555__CA_1,tight_capacity,192,0.2,8365.170982142854,8605.670223214283,2.8750068777413347
FOODS_3_555__CA_3,long_lead,48,0.05,7857.691723045956,7731.2806384024225,-1.6087559692979567
FOODS_3_555__CA_3,long_lead,48,0.1,7857.691723045956,7731.2806384024225,-1.6087559692979567
FOODS_3_555__CA_3,long_lead,48,0.2,7857.691723045956,7730.979101562506,-1.612593442827646
FOODS_3_555__CA_3,long_lead,96,0.05,7857.691723045956,7730.7806384024225,-1.6151191611566236
FOODS_3_555__CA_3,long_lead,96,0.1,7857.691723045956,7730.479101562506,-1.618956634686313
FOODS_3_555__CA_3,long_lead,96,0.2,7857.691723045956,7730.479101562506,-1.618956634686313
FOODS_3_555__CA_3,long_lead,192,0.05,7857.691723045956,7730.479101562506,-1.618956634686313
FOODS_3_555__CA_3,long_lead,192,0.1,7857.691723045956,7730.479101562506,-1.618956634686313
FOODS_3_555__CA_3,long_lead,192,0.2,7857.691723045956,7730.479101562506,-1.618956634686313
FOODS_3_555__CA_3,tight_capacity,48,0.05,12669.786382354918,14798.952779863559,16.80506942464247
FOODS_3_555__CA_3,tight_capacity,48,0.1,12669.786382354918,14798.952779863559,16.80506942464247
FOODS_3_555__CA_3,tight_capacity,48,0.2,12669.786382354918,14798.952779863559,16.80506942464247
FOODS_3_555__CA_3,tight_capacity,96,0.05,12669.786382354918,14798.952779863559,16.80506942464247
FOODS_3_555__CA_3,tight_capacity,96,0.1,12669.786382354918,14798.952779863559,16.80506942464247
FOODS_3_555__CA_3,tight_capacity,96,0.2,12669.786382354918,14798.952779863559,16.80506942464247
FOODS_3_555__CA_3,tight_capacity,192,0.05,12669.786382354918,14798.952779863559,16.80506942464247
FOODS_3_555__CA_3,tight_capacity,192,0.1,12669.786382354918,14798.952779863559,16.80506942464247
FOODS_3_555__CA_3,tight_capacity,192,0.2,12669.786382354918,14798.952779863559,16.80506942464247
FOODS_3_555__TX_1,long_lead,48,0.05,6935.092867253023,2752.1933395634587,-60.31497497951174
FOODS_3_555__TX_1,long_lead,48,0.1,6935.092867253023,2752.1933395634587,-60.31497497951174
FOODS_3_555__TX_1,long_lead,48,0.2,6935.092867253023,2752.1933395634587,-60.31497497951174
FOODS_3_555__TX_1,long_lead,96,0.05,6935.092867253023,2752.1933395634587,-60.31497497951174
FOODS_3_555__TX_1,long_lead,96,0.1,6935.092867253023,2752.1933395634587,-60.31497497951174
FOODS_3_555__TX_1,long_lead,96,0.2,6935.092867253023,2752.1933395634587,-60.31497497951174
FOODS_3_555__TX_1,long_lead,192,0.05,6935.092867253023,2752.1933395634587,-60.31497497951174
FOODS_3_555__TX_1,long_lead,192,0.1,6935.092867253023,2752.1933395634587,-60.31497497951174
FOODS_3_555__TX_1,long_lead,192,0.2,6935.092867253023,2752.1933395634587,-60.31497497951174
FOODS_3_555__TX_1,tight_capacity,48,0.05,11762.732846353232,12044.107377603235,2.3920846875072654
FOODS_3_555__TX_1,tight_capacity,48,0.1,11762.732846353232,12044.107377603235,2.3920846875072654
FOODS_3_555__TX_1,tight_capacity,48,0.2,11762.732846353232,12044.107377603235,2.3920846875072654
FOODS_3_555__TX_1,tight_capacity,96,0.05,11762.732846353232,12044.107377603235,2.3920846875072654
FOODS_3_555__TX_1,tight_capacity,96,0.1,11762.732846353232,12044.107377603235,2.3920846875072654
FOODS_3_555__TX_1,tight_capacity,96,0.2,11762.732846353232,12044.107377603235,2.3920846875072654
FOODS_3_555__TX_1,tight_capacity,192,0.05,11762.732846353232,12044.107377603235,2.3920846875072654
FOODS_3_555__TX_1,tight_capacity,192,0.1,11762.732846353232,12044.107377603235,2.3920846875072654
FOODS_3_555__TX_1,tight_capacity,192,0.2,11762.732846353232,12044.107377603235,2.3920846875072654
FOODS_3_555__TX_2,long_lead,48,0.05,4465.2891661418425,2855.5693139214477,-36.04962170033987
FOODS_3_555__TX_2,long_lead,48,0.1,4465.2891661418425,2855.5693139214477,-36.04962170033987
FOODS_3_555__TX_2,long_lead,48,0.2,4465.2891661418425,2855.5693139214477,-36.04962170033987
FOODS_3_555__TX_2,long_lead,96,0.05,4465.2891661418425,2855.5693139214477,-36.04962170033987
FOODS_3_555__TX_2,long_lead,96,0.1,4465.2891661418425,2849.493421064305,-36.18569111557983
FOODS_3_555__TX_2,long_lead,96,0.2,4465.2891661418425,2849.493421064305,-36.18569111557983
FOODS_3_555__TX_2,long_lead,192,0.05,4465.2891661418425,2849.493421064305,-36.18569111557983
FOODS_3_555__TX_2,long_lead,192,0.1,4465.2891661418425,2849.493421064305,-36.18569111557983
FOODS_3_555__TX_2,long_lead,192,0.2,4465.2891661418425,2849.493421064305,-36.18569111557983
FOODS_3_555__TX_2,tight_capacity,48,0.05,8476.566649164612,9154.731862610233,8.000470491345181
FOODS_3_555__TX_2,tight_capacity,48,0.1,8476.566649164612,9154.731862610233,8.000470491345181
FOODS_3_555__TX_2,tight_capacity,48,0.2,8476.566649164612,9154.731862610233,8.000470491345181
FOODS_3_555__TX_2,tight_capacity,96,0.05,8476.566649164612,9153.231862610233,7.9827746474725
FOODS_3_555__TX_2,tight_capacity,96,0.1,8476.566649164612,9153.231862610233,7.9827746474725
FOODS_3_555__TX_2,tight_capacity,96,0.2,8476.566649164612,9153.231862610233,7.9827746474725
FOODS_3_555__TX_2,tight_capacity,192,0.05,8476.566649164612,9153.231862610233,7.9827746474725
FOODS_3_555__TX_2,tight_capacity,192,0.1,8476.566649164612,9153.231862610233,7.9827746474725
FOODS_3_555__TX_2,tight_capacity,192,0.2,8476.566649164612,9153.231862610233,7.9827746474725
FOODS_3_555__TX_3,long_lead,48,0.05,7284.389311399249,5117.646398604094,-29.745018012758404
FOODS_3_555__TX_3,long_lead,48,0.1,7284.389311399249,5117.646398604094,-29.745018012758404
FOODS_3_555__TX_3,long_lead,48,0.2,7284.389311399249,5117.646398604094,-29.745018012758404
FOODS_3_555__TX_3,long_lead,96,0.05,7284.389311399249,5017.413342259537,-31.12101608287396
FOODS_3_555__TX_3,long_lead,96,0.1,7284.389311399249,5017.413342259537,-31.12101608287396
FOODS_3_555__TX_3,long_lead,96,0.2,7284.389311399249,5117.646398604094,-29.745018012758404
FOODS_3_555__TX_3,long_lead,192,0.05,7284.389311399249,5017.413342259537,-31.12101608287396
FOODS_3_555__TX_3,long_lead,192,0.1,7284.389311399249,5017.413342259537,-31.12101608287396
FOODS_3_555__TX_3,long_lead,192,0.2,7284.389311399249,3812.61799254457,-47.66043068870232
FOODS_3_555__TX_3,tight_capacity,48,0.05,15196.874202686951,13792.019758928576,-9.244364499049308
FOODS_3_555__TX_3,tight_capacity,48,0.1,15196.874202686951,13792.019758928576,-9.244364499049308
FOODS_3_555__TX_3,tight_capacity,48,0.2,15196.874202686951,13792.019758928576,-9.244364499049308
FOODS_3_555__TX_3,tight_capacity,96,0.05,15196.874202686951,13792.019758928576,-9.244364499049308
FOODS_3_555__TX_3,tight_capacity,96,0.1,15196.874202686951,13792.019758928576,-9.244364499049308
FOODS_3_555__TX_3,tight_capacity,96,0.2,15196.874202686951,13792.019758928576,-9.244364499049308
FOODS_3_555__TX_3,tight_capacity,192,0.05,15196.874202686951,13792.019758928576,-9.244364499049308
FOODS_3_555__TX_3,tight_capacity,192,0.1,15196.874202686951,13792.019758928576,-9.244364499049308
FOODS_3_555__TX_3,tight_capacity,192,0.2,15196.874202686951,13792.019758928576,-9.244364499049308
FOODS_3_555__WI_3,long_lead,48,0.05,5618.9656394189,2836.4722731265933,-49.51967221105957
FOODS_3_555__WI_3,long_lead,48,0.1,5618.9656394189,2836.4722731265933,-49.51967221105957
FOODS_3_555__WI_3,long_lead,48,0.2,5618.9656394189,2836.4722731265933,-49.51967221105957
FOODS_3_555__WI_3,long_lead,96,0.05,5618.9656394189,2836.4722731265933,-49.51967221105957
FOODS_3_555__WI_3,long_lead,96,0.1,5618.9656394189,2836.4722731265933,-49.51967221105957
FOODS_3_555__WI_3,long_lead,96,0.2,5618.9656394189,2836.4722731265933,-49.51967221105957
FOODS_3_555__WI_3,long_lead,192,0.05,5618.9656394189,2836.4722731265933,-49.51967221105957
FOODS_3_555__WI_3,long_lead,192,0.1,5618.9656394189,2836.4722731265933,-49.51967221105957
FOODS_3_555__WI_3,long_lead,192,0.2,5618.9656394189,2836.4722731265933,-49.51967221105957
FOODS_3_555__WI_3,tight_capacity,48,0.05,9657.388174533742,11143.239085247116,15.38563930392195
FOODS_3_555__WI_3,tight_capacity,48,0.1,9657.388174533742,9756.932066122548,1.0307537585710869
FOODS_3_555__WI_3,tight_capacity,48,0.2,9657.388174533742,9756.932066122548,1.0307537585710869
FOODS_3_555__WI_3,tight_capacity,96,0.05,9657.388174533742,11310.641260862114,17.119049751856856
FOODS_3_555__WI_3,tight_capacity,96,0.1,9657.388174533742,9756.932066122548,1.0307537585710869
FOODS_3_555__WI_3,tight_capacity,96,0.2,9657.388174533742,9756.932066122548,1.0307537585710869
FOODS_3_555__WI_3,tight_capacity,192,0.05,9657.388174533742,11310.641260862114,17.119049751856856
FOODS_3_555__WI_3,tight_capacity,192,0.1,9657.388174533742,9756.932066122548,1.0307537585710869
FOODS_3_555__WI_3,tight_capacity,192,0.2,9657.388174533742,9756.932066122548,1.0307537585710869
FOODS_3_586__CA_1,long_lead,48,0.05,7471.036272321428,2921.377460606754,-60.897292502382506
FOODS_3_586__CA_1,long_lead,48,0.1,7471.036272321428,2921.377460606754,-60.897292502382506
FOODS_3_586__CA_1,long_lead,48,0.2,7471.036272321428,2921.377460606754,-60.897292502382506
FOODS_3_586__CA_1,long_lead,96,0.05,7471.036272321428,6284.87931010486,-15.876739437218673
FOODS_3_586__CA_1,long_lead,96,0.1,7471.036272321428,5549.291204300836,-25.722603906237765
FOODS_3_586__CA_1,long_lead,96,0.2,7471.036272321428,5549.291204300836,-25.722603906237765
FOODS_3_586__CA_1,long_lead,192,0.05,7471.036272321428,5549.291204300836,-25.722603906237765
FOODS_3_586__CA_1,long_lead,192,0.1,7471.036272321428,5549.291204300836,-25.722603906237765
FOODS_3_586__CA_1,long_lead,192,0.2,7471.036272321428,5549.291204300836,-25.722603906237765
FOODS_3_586__CA_1,tight_capacity,48,0.05,15417.05357829296,15422.55357829296,0.03567478034677092
FOODS_3_586__CA_1,tight_capacity,48,0.1,15417.05357829296,15422.55357829296,0.03567478034677092
FOODS_3_586__CA_1,tight_capacity,48,0.2,15417.05357829296,15422.55357829296,0.03567478034677092
FOODS_3_586__CA_1,tight_capacity,96,0.05,15417.05357829296,15422.05357829296,0.032431618497064475
FOODS_3_586__CA_1,tight_capacity,96,0.1,15417.05357829296,15422.05357829296,0.032431618497064475
FOODS_3_586__CA_1,tight_capacity,96,0.2,15417.05357829296,15422.55357829296,0.03567478034677092
FOODS_3_586__CA_1,tight_capacity,192,0.05,15417.05357829296,15422.05357829296,0.032431618497064475
FOODS_3_586__CA_1,tight_capacity,192,0.1,15417.05357829296,15422.05357829296,0.032431618497064475
FOODS_3_586__CA_1,tight_capacity,192,0.2,15417.05357829296,15422.55357829296,0.03567478034677092
FOODS_3_586__CA_2,long_lead,48,0.05,3310.7900635423916,2407.095335402589,-27.29544038720749
FOODS_3_586__CA_2,long_lead,48,0.1,3310.7900635423916,2378.2719106457494,-28.166030917070326
FOODS_3_586__CA_2,long_lead,48,0.2,3310.7900635423916,2383.6573129865196,-28.00336876581909
FOODS_3_586__CA_2,long_lead,96,0.05,3310.7900635423916,2378.2719106457494,-28.166030917070326
FOODS_3_586__CA_2,long_lead,96,0.1,3310.7900635423916,2378.2719106457494,-28.166030917070326
FOODS_3_586__CA_2,long_lead,96,0.2,3310.7900635423916,2378.2719106457494,-28.166030917070326
FOODS_3_586__CA_2,long_lead,192,0.05,3310.7900635423916,2960.1093806260355,-10.59205434914058
FOODS_3_586__CA_2,long_lead,192,0.1,3310.7900635423916,2942.6714008192057,-11.118755815320892
FOODS_3_586__CA_2,long_lead,192,0.2,3310.7900635423916,2960.1093806260355,-10.59205434914058
FOODS_3_586__CA_2,tight_capacity,48,0.05,7321.856535194141,9010.37100146805,23.06128859747096
FOODS_3_586__CA_2,tight_capacity,48,0.1,7321.856535194141,9010.37100146805,23.06128859747096
FOODS_3_586__CA_2,tight_capacity,48,0.2,7321.856535194141,9010.37100146805,23.06128859747096
FOODS_3_586__CA_2,tight_capacity,96,0.05,7321.856535194141,6652.6122042948045,-9.140363891076854
FOODS_3_586__CA_2,tight_capacity,96,0.1,7321.856535194141,9010.37100146805,23.06128859747096
FOODS_3_586__CA_2,tight_capacity,96,0.2,7321.856535194141,9010.37100146805,23.06128859747096
FOODS_3_586__CA_2,tight_capacity,192,0.05,7321.856535194141,6652.6122042948045,-9.140363891076854
FOODS_3_586__CA_2,tight_capacity,192,0.1,7321.856535194141,9010.37100146805,23.06128859747096
FOODS_3_586__CA_2,tight_capacity,192,0.2,7321.856535194141,9010.37100146805,23.06128859747096
FOODS_3_586__CA_3,long_lead,48,0.05,26146.882402442054,9922.3678423063,-62.05143049337471
FOODS_3_586__CA_3,long_lead,48,0.1,26146.882402442054,9922.3678423063,-62.05143049337471
FOODS_3_586__CA_3,long_lead,48,0.2,26146.882402442054,9922.3678423063,-62.05143049337471
FOODS_3_586__CA_3,long_lead,96,0.05,26146.882402442054,9921.8678423063,-62.0533427672447
FOODS_3_586__CA_3,long_lead,96,0.1,26146.882402442054,9921.8678423063,-62.0533427672447
FOODS_3_586__CA_3,long_lead,96,0.2,26146.882402442054,9921.8678423063,-62.0533427672447
FOODS_3_586__CA_3,long_lead,192,0.05,26146.882402442054,9921.8678423063,-62.0533427672447
FOODS_3_586__CA_3,long_lead,192,0.1,26146.882402442054,9921.8678423063,-62.0533427672447
FOODS_3_586__CA_3,long_lead,192,0.2,26146.882402442054,9921.8678423063,-62.0533427672447
FOODS_3_586__CA_3,tight_capacity,48,0.05,28027.761046394487,24035.723827566966,-14.243154179242085
FOODS_3_586__CA_3,tight_capacity,48,0.1,28027.761046394487,24035.723827566966,-14.243154179242085
FOODS_3_586__CA_3,tight_capacity,48,0.2,28027.761046394487,23893.42020296311,-14.750878019074674
FOODS_3_586__CA_3,tight_capacity,96,0.05,28027.761046394487,23900.52734582025,-14.725520507122946
FOODS_3_586__CA_3,tight_capacity,96,0.1,28027.761046394487,23900.52734582025,-14.725520507122946
FOODS_3_586__CA_3,tight_capacity,96,0.2,28027.761046394487,23901.02734582025,-14.723736561558503
FOODS_3_586__CA_3,tight_capacity,192,0.05,28027.761046394487,23900.52734582025,-14.725520507122946
FOODS_3_586__CA_3,tight_capacity,192,0.1,28027.761046394487,23900.52734582025,-14.725520507122946
FOODS_3_586__CA_3,tight_capacity,192,0.2,28027.761046394487,23901.02734582025,-14.723736561558503
FOODS_3_586__TX_1,long_lead,48,0.05,12553.519881497536,10771.988930004933,-14.191485482238154
FOODS_3_586__TX_1,long_lead,48,0.1,12553.519881497536,10771.988930004933,-14.191485482238154
FOODS_3_586__TX_1,long_lead,48,0.2,12553.519881497536,11126.657644274404,-11.366232345130264
FOODS_3_586__TX_1,long_lead,96,0.05,12553.519881497536,14479.75944201569,15.344218822301881
FOODS_3_586__TX_1,long_lead,96,0.1,12553.519881497536,14479.75944201569,15.344218822301881
FOODS_3_586__TX_1,long_lead,96,0.2,12553.519881497536,14479.75944201569,15.344218822301881
FOODS_3_586__TX_1,long_lead,192,0.05,12553.519881497536,14479.25944201569,15.340235875648512
FOODS_3_586__TX_1,long_lead,192,0.1,12553.519881497536,14479.25944201569,15.340235875648512
FOODS_3_586__TX_1,long_lead,192,0.2,12553.519881497536,14479.25944201569,15.340235875648512
FOODS_3_586__TX_1,tight_capacity,48,0.05,22999.837362299117,27636.06135640419,20.157638165323203
FOODS_3_586__TX_1,tight_capacity,48,0.1,22999.837362299117,27636.06135640419,20.157638165323203
FOODS_3_586__TX_1,tight_capacity,48,0.2,22999.837362299117,27636.06135640419,20.157638165323203
FOODS_3_586__TX_1,tight_capacity,96,0.05,22999.837362299117,27636.06135640419,20.157638165323203
FOODS_3_586__TX_1,tight_capacity,96,0.1,22999.837362299117,27636.06135640419,20.157638165323203
FOODS_3_586__TX_1,tight_capacity,96,0.2,22999.837362299117,27636.06135640419,20.157638165323203
FOODS_3_586__TX_1,tight_capacity,192,0.05,22999.837362299117,27636.06135640419,20.157638165323203
FOODS_3_586__TX_1,tight_capacity,192,0.1,22999.837362299117,27636.06135640419,20.157638165323203
FOODS_3_586__TX_1,tight_capacity,192,0.2,22999.837362299117,27636.06135640419,20.157638165323203
FOODS_3_586__TX_2,long_lead,48,0.05,20586.066134782268,7233.527319541177,-64.86202233986127
FOODS_3_586__TX_2,long_lead,48,0.1,20586.066134782268,7233.527319541177,-64.86202233986127
FOODS_3_586__TX_2,long_lead,48,0.2,20586.066134782268,7233.527319541177,-64.86202233986127
FOODS_3_586__TX_2,long_lead,96,0.05,20586.066134782268,7233.527319541177,-64.86202233986127
FOODS_3_586__TX_2,long_lead,96,0.1,20586.066134782268,7233.527319541177,-64.86202233986127
FOODS_3_586__TX_2,long_lead,96,0.2,20586.066134782268,7233.527319541177,-64.86202233986127
FOODS_3_586__TX_2,long_lead,192,0.05,20586.066134782268,7233.527319541177,-64.86202233986127
FOODS_3_586__TX_2,long_lead,192,0.1,20586.066134782268,7233.527319541177,-64.86202233986127
FOODS_3_586__TX_2,long_lead,192,0.2,20586.066134782268,7233.527319541177,-64.86202233986127
FOODS_3_586__TX_2,tight_capacity,48,0.05,13437.19293025107,18836.174070530313,40.179382467037065
FOODS_3_586__TX_2,tight_capacity,48,0.1,13437.19293025107,18836.174070530313,40.179382467037065
FOODS_3_586__TX_2,tight_capacity,48,0.2,13437.19293025107,18836.174070530313,40.179382467037065
FOODS_3_586__TX_2,tight_capacity,96,0.05,13437.19293025107,18835.674070530313,40.175661451772974
FOODS_3_586__TX_2,tight_capacity,96,0.1,13437.19293025107,18835.674070530313,40.175661451772974
FOODS_3_586__TX_2,tight_capacity,96,0.2,13437.19293025107,18836.174070530313,40.179382467037065
FOODS_3_586__TX_2,tight_capacity,192,0.05,13437.19293025107,13442.69293025107,0.04093116790500108
FOODS_3_586__TX_2,tight_capacity,192,0.1,13437.19293025107,13442.69293025107,0.04093116790500108
FOODS_3_586__TX_2,tight_capacity,192,0.2,13437.19293025107,18836.174070530313,40.179382467037065
FOODS_3_586__TX_3,long_lead,48,0.05,5913.864108888612,3400.6717113766604,-42.49662067369103
FOODS_3_586__TX_3,long_lead,48,0.1,5913.864108888612,3400.6717113766604,-42.49662067369103
FOODS_3_586__TX_3,long_lead,48,0.2,5913.864108888612,3330.349457923157,-43.68572904951265
FOODS_3_586__TX_3,long_lead,96,0.05,5913.864108888612,2825.988640176384,-52.21417692150066
FOODS_3_586__TX_3,long_lead,96,0.1,5913.864108888612,2825.988640176384,-52.21417692150066
FOODS_3_586__TX_3,long_lead,96,0.2,5913.864108888612,2825.988640176384,-52.21417692150066
FOODS_3_586__TX_3,long_lead,192,0.05,5913.864108888612,2825.988640176384,-52.21417692150066
FOODS_3_586__TX_3,long_lead,192,0.1,5913.864108888612,2825.988640176384,-52.21417692150066
FOODS_3_586__TX_3,long_lead,192,0.2,5913.864108888612,2825.988640176384,-52.21417692150066
FOODS_3_586__TX_3,tight_capacity,48,0.05,13914.91627257148,17919.82119729268,28.781379968598927
FOODS_3_586__TX_3,tight_capacity,48,0.1,13914.91627257148,17919.82119729268,28.781379968598927
FOODS_3_586__TX_3,tight_capacity,48,0.2,13914.91627257148,17919.82119729268,28.781379968598927
FOODS_3_586__TX_3,tight_capacity,96,0.05,13914.91627257148,17919.82119729268,28.781379968598927
FOODS_3_586__TX_3,tight_capacity,96,0.1,13914.91627257148,17919.82119729268,28.781379968598927
FOODS_3_586__TX_3,tight_capacity,96,0.2,13914.91627257148,17919.82119729268,28.781379968598927
FOODS_3_586__TX_3,tight_capacity,192,0.05,13914.91627257148,17919.82119729268,28.781379968598927
FOODS_3_586__TX_3,tight_capacity,192,0.1,13914.91627257148,17919.82119729268,28.781379968598927
FOODS_3_586__TX_3,tight_capacity,192,0.2,13914.91627257148,17919.82119729268,28.781379968598927
FOODS_3_586__WI_3,long_lead,48,0.05,5154.46989762799,2485.963456692558,-51.770725097520476
FOODS_3_586__WI_3,long_lead,48,0.1,5154.46989762799,2485.963456692558,-51.770725097520476
FOODS_3_586__WI_3,long_lead,48,0.2,5154.46989762799,2484.963456692558,-51.790125734634685
FOODS_3_586__WI_3,long_lead,96,0.05,5154.46989762799,2484.963456692558,-51.790125734634685
FOODS_3_586__WI_3,long_lead,96,0.1,5154.46989762799,2484.963456692558,-51.790125734634685
FOODS_3_586__WI_3,long_lead,96,0.2,5154.46989762799,2484.963456692558,-51.790125734634685
FOODS_3_586__WI_3,long_lead,192,0.05,5154.46989762799,2484.963456692558,-51.790125734634685
FOODS_3_586__WI_3,long_lead,192,0.1,5154.46989762799,2484.963456692558,-51.790125734634685
FOODS_3_586__WI_3,long_lead,192,0.2,5154.46989762799,2756.9876444234546,-46.51268318217981
FOODS_3_586__WI_3,tight_capacity,48,0.05,6590.794967861197,9222.082714290389,39.923677784852735
FOODS_3_586__WI_3,tight_capacity,48,0.1,6590.794967861197,9222.082714290389,39.923677784852735
FOODS_3_586__WI_3,tight_capacity,48,0.2,6590.794967861197,9222.582714290389,39.93126412310841
FOODS_3_586__WI_3,tight_capacity,96,0.05,6590.794967861197,9222.082714290389,39.923677784852735
FOODS_3_586__WI_3,tight_capacity,96,0.1,6590.794967861197,9222.082714290389,39.923677784852735
FOODS_3_586__WI_3,tight_capacity,96,0.2,6590.794967861197,9222.582714290389,39.93126412310841
FOODS_3_586__WI_3,tight_capacity,192,0.05,6590.794967861197,9222.082714290389,39.923677784852735
FOODS_3_586__WI_3,tight_capacity,192,0.1,6590.794967861197,9222.082714290389,39.923677784852735
FOODS_3_586__WI_3,tight_capacity,192,0.2,6590.794967861197,9222.582714290389,39.93126412310841
FOODS_3_587__CA_1,long_lead,48,0.05,2757.8031711166473,2460.6777536485206,-10.773989260002889
FOODS_3_587__CA_1,long_lead,48,0.1,2757.8031711166473,2460.6777536485206,-10.773989260002889
FOODS_3_587__CA_1,long_lead,48,0.2,2757.8031711166473,2460.6777536485206,-10.773989260002889
FOODS_3_587__CA_1,long_lead,96,0.05,2757.8031711166473,2461.1777536485206,-10.755858887058343
FOODS_3_587__CA_1,long_lead,96,0.1,2757.8031711166473,2460.6777536485206,-10.773989260002889
FOODS_3_587__CA_1,long_lead,96,0.2,2757.8031711166473,2460.6777536485206,-10.773989260002889
FOODS_3_587__CA_1,long_lead,192,0.05,2757.8031711166473,2461.6777536485206,-10.737728514113796
FOODS_3_587__CA_1,long_lead,192,0.1,2757.8031711166473,2506.079117769112,-9.127701932607861
FOODS_3_587__CA_1,long_lead,192,0.2,2757.8031711166473,2506.079117769112,-9.127701932607861
FOODS_3_587__CA_1,tight_capacity,48,0.05,2665.407386566418,3104.464745343075,16.472429730235383
FOODS_3_587__CA_1,tight_capacity,48,0.1,2665.407386566418,3104.464745343075,16.472429730235383
FOODS_3_587__CA_1,tight_capacity,48,0.2,2665.407386566418,3104.464745343075,16.472429730235383
FOODS_3_587__CA_1,tight_capacity,96,0.05,2665.407386566418,2810.912680618002,5.459026443196888
FOODS_3_587__CA_1,tight_capacity,96,0.1,2665.407386566418,2810.912680618002,5.459026443196888
FOODS_3_587__CA_1,tight_capacity,96,0.2,2665.407386566418,3104.464745343075,16.472429730235383
FOODS_3_587__CA_1,tight_capacity,192,0.05,2665.407386566418,2810.912680618002,5.459026443196888
FOODS_3_587__CA_1,tight_capacity,192,0.1,2665.407386566418,2810.912680618002,5.459026443196888
FOODS_3_587__CA_1,tight_capacity,192,0.2,2665.407386566418,3104.464745343075,16.472429730235383
FOODS_3_587__CA_3,long_lead,48,0.05,5096.3840568986225,2281.8043505868304,-55.226993783992604
FOODS_3_587__CA_3,long_lead,48,0.1,5096.3840568986225,2281.8043505868304,-55.226993783992604
FOODS_3_587__CA_3,long_lead,48,0.2,5096.3840568986225,2170.81266616992,-57.4048454368065
FOODS_3_587__CA_3,long_lead,96,0.05,5096.3840568986225,2170.81266616992,-57.4048454368065
FOODS_3_587__CA_3,long_lead,96,0.1,5096.3840568986225,2170.81266616992,-57.4048454368065
FOODS_3_587__CA_3,long_lead,96,0.2,5096.3840568986225,2170.31266616992,-57.41465631437023
FOODS_3_587__CA_3,long_lead,192,0.05,5096.3840568986225,2168.4163033483037,-57.45186628128882
FOODS_3_587__CA_3,long_lead,192,0.1,5096.3840568986225,2168.4163033483037,-57.45186628128882
FOODS_3_587__CA_3,long_lead,192,0.2,5096.3840568986225,2661.8337163822903,-47.77015062710687
FOODS_3_587__CA_3,tight_capacity,48,0.05,13717.98171428572,13597.176919642865,-0.8806309642259526
FOODS_3_587__CA_3,tight_capacity,48,0.1,13717.98171428572,13597.176919642865,-0.8806309642259526
FOODS_3_587__CA_3,tight_capacity,48,0.2,13717.98171428572,13597.176919642865,-0.8806309642259526
FOODS_3_587__CA_3,tight_capacity,96,0.05,13717.98171428572,13597.176919642865,-0.8806309642259526
FOODS_3_587__CA_3,tight_capacity,96,0.1,13717.98171428572,13597.176919642865,-0.8806309642259526
FOODS_3_587__CA_3,tight_capacity,96,0.2,13717.98171428572,13597.176919642865,-0.8806309642259526
FOODS_3_587__CA_3,tight_capacity,192,0.05,13717.98171428572,13597.176919642865,-0.8806309642259526
FOODS_3_587__CA_3,tight_capacity,192,0.1,13717.98171428572,13597.176919642865,-0.8806309642259526
FOODS_3_587__CA_3,tight_capacity,192,0.2,13717.98171428572,13597.176919642865,-0.8806309642259526
FOODS_3_587__TX_1,long_lead,48,0.05,7174.804713808348,2724.6330276227513,-62.024986932689195
FOODS_3_587__TX_1,long_lead,48,0.1,7174.804713808348,2724.6330276227513,-62.024986932689195
FOODS_3_587__TX_1,long_lead,48,0.2,7174.804713808348,2724.6330276227513,-62.024986932689195
FOODS_3_587__TX_1,long_lead,96,0.05,7174.804713808348,2724.6330276227513,-62.024986932689195
FOODS_3_587__TX_1,long_lead,96,0.1,7174.804713808348,2724.6330276227513,-62.024986932689195
FOODS_3_587__TX_1,long_lead,96,0.2,7174.804713808348,2724.6330276227513,-62.024986932689195
FOODS_3_587__TX_1,long_lead,192,0.05,7174.804713808348,2638.932461464562,-63.21945242097286
FOODS_3_587__TX_1,long_lead,192,0.1,7174.804713808348,2637.932461464562,-63.23339008255235
FOODS_3_587__TX_1,long_lead,192,0.2,7174.804713808348,2637.932461464562,-63.23339008255235
FOODS_3_587__TX_1,tight_capacity,48,0.05,8359.25262144265,5188.55376337359,-37.93041078739234
FOODS_3_587__TX_1,tight_capacity,48,0.1,8359.25262144265,5188.55376337359,-37.93041078739234
FOODS_3_587__TX_1,tight_capacity,48,0.2,8359.25262144265,5188.55376337359,-37.93041078739234
FOODS_3_587__TX_1,tight_capacity,96,0.05,8359.25262144265,5188.55376337359,-37.93041078739234
FOODS_3_587__TX_1,tight_capacity,96,0.1,8359.25262144265,5188.55376337359,-37.93041078739234
FOODS_3_587__TX_1,tight_capacity,96,0.2,8359.25262144265,5188.55376337359,-37.93041078739234
FOODS_3_587__TX_1,tight_capacity,192,0.05,8359.25262144265,5188.55376337359,-37.93041078739234
FOODS_3_587__TX_1,tight_capacity,192,0.1,8359.25262144265,5188.55376337359,-37.93041078739234
FOODS_3_587__TX_1,tight_capacity,192,0.2,8359.25262144265,5188.55376337359,-37.93041078739234
FOODS_3_587__TX_2,long_lead,48,0.05,5368.442704993673,2432.7410446581825,-54.68441821321348
FOODS_3_587__TX_2,long_lead,48,0.1,5368.442704993673,2424.06302071336,-54.846067026876895
FOODS_3_587__TX_2,long_lead,48,0.2,5368.442704993673,2437.221502856217,-54.6009590343744
FOODS_3_587__TX_2,long_lead,96,0.05,5368.442704993673,2431.7410446581825,-54.703045589064395
FOODS_3_587__TX_2,long_lead,96,0.1,5368.442704993673,2431.7410446581825,-54.703045589064395
FOODS_3_587__TX_2,long_lead,96,0.2,5368.442704993673,2436.221502856217,-54.61958641022531
FOODS_3_587__TX_2,long_lead,192,0.05,5368.442704993673,2436.221502856217,-54.61958641022531
FOODS_3_587__TX_2,long_lead,192,0.1,5368.442704993673,2423.8965028562166,-54.84916881758779
FOODS_3_587__TX_2,long_lead,192,0.2,5368.442704993673,2423.8965028562166,-54.84916881758779
FOODS_3_587__TX_2,tight_capacity,48,0.05,5102.791139966998,5906.085183599617,15.74224814613545
FOODS_3_587__TX_2,tight_capacity,48,0.1,5102.791139966998,5906.085183599617,15.74224814613545
FOODS_3_587__TX_2,tight_capacity,48,0.2,5102.791139966998,5906.085183599617,15.74224814613545
FOODS_3_587__TX_2,tight_capacity,96,0.05,5102.791139966998,5778.482584270072,13.241604952450466
FOODS_3_587__TX_2,tight_capacity,96,0.1,5102.791139966998,5906.085183599617,15.74224814613545
FOODS_3_587__TX_2,tight_capacity,96,0.2,5102.791139966998,5906.085183599617,15.74224814613545
FOODS_3_587__TX_2,tight_capacity,192,0.05,5102.791139966998,5778.482584270072,13.241604952450466
FOODS_3_587__TX_2,tight_capacity,192,0.1,5102.791139966998,6318.75240815209,23.829336432393262
FOODS_3_587__TX_2,tight_capacity,192,0.2,5102.791139966998,5906.085183599617,15.74224814613545
FOODS_3_587__TX_3,long_lead,48,0.05,7779.347714361476,3499.4841229435533,-55.01571273793115
FOODS_3_587__TX_3,long_lead,48,0.1,7779.347714361476,3499.4841229435533,-55.01571273793115
FOODS_3_587__TX_3,long_lead,48,0.2,7779.347714361476,3499.4841229435533,-55.01571273793115
FOODS_3_587__TX_3,long_lead,96,0.05,7779.347714361476,3499.4841229435533,-55.01571273793115
FOODS_3_587__TX_3,long_lead,96,0.1,7779.347714361476,3499.4841229435533,-55.01571273793115
FOODS_3_587__TX_3,long_lead,96,0.2,7779.347714361476,3499.4841229435533,-55.01571273793115
FOODS_3_587__TX_3,long_lead,192,0.05,7779.347714361476,3499.4841229435533,-55.01571273793115
FOODS_3_587__TX_3,long_lead,192,0.1,7779.347714361476,3499.4841229435533,-55.01571273793115
FOODS_3_587__TX_3,long_lead,192,0.2,7779.347714361476,3499.4841229435533,-55.01571273793115
FOODS_3_587__TX_3,tight_capacity,48,0.05,4639.852764343677,4640.852764343677,0.021552408035116894
FOODS_3_587__TX_3,tight_capacity,48,0.1,4639.852764343677,4640.852764343677,0.021552408035116894
FOODS_3_587__TX_3,tight_capacity,48,0.2,4639.852764343677,4640.852764343677,0.021552408035116894
FOODS_3_587__TX_3,tight_capacity,96,0.05,4639.852764343677,4640.852764343677,0.021552408035116894
FOODS_3_587__TX_3,tight_capacity,96,0.1,4639.852764343677,4640.852764343677,0.021552408035116894
FOODS_3_587__TX_3,tight_capacity,96,0.2,4639.852764343677,4640.852764343677,0.021552408035116894
FOODS_3_587__TX_3,tight_capacity,192,0.05,4639.852764343677,4640.852764343677,0.021552408035116894
FOODS_3_587__TX_3,tight_capacity,192,0.1,4639.852764343677,4640.852764343677,0.021552408035116894
FOODS_3_587__TX_3,tight_capacity,192,0.2,4639.852764343677,4640.852764343677,0.021552408035116894
FOODS_3_587__WI_3,long_lead,48,0.05,20328.808035714294,20859.057042846613,2.6083625080268398
FOODS_3_587__WI_3,long_lead,48,0.1,20328.808035714294,20859.057042846613,2.6083625080268398
FOODS_3_587__WI_3,long_lead,48,0.2,20328.808035714294,20859.057042846613,2.6083625080268398
FOODS_3_587__WI_3,long_lead,96,0.05,20328.808035714294,20859.057042846613,2.6083625080268398
FOODS_3_587__WI_3,long_lead,96,0.1,20328.808035714294,20859.057042846613,2.6083625080268398
FOODS_3_587__WI_3,long_lead,96,0.2,20328.808035714294,20859.057042846613,2.6083625080268398
FOODS_3_587__WI_3,long_lead,192,0.05,20328.808035714294,20859.057042846613,2.6083625080268398
FOODS_3_587__WI_3,long_lead,192,0.1,20328.808035714294,20859.057042846613,2.6083625080268398
FOODS_3_587__WI_3,long_lead,192,0.2,20328.808035714294,20859.057042846613,2.6083625080268398
FOODS_3_587__WI_3,tight_capacity,48,0.05,35725.93303571429,35730.43303571429,0.012595892164667796
FOODS_3_587__WI_3,tight_capacity,48,0.1,35725.93303571429,35730.43303571429,0.012595892164667796
FOODS_3_587__WI_3,tight_capacity,48,0.2,35725.93303571429,35730.43303571429,0.012595892164667796
FOODS_3_587__WI_3,tight_capacity,96,0.05,35725.93303571429,35730.43303571429,0.012595892164667796
FOODS_3_587__WI_3,tight_capacity,96,0.1,35725.93303571429,35730.43303571429,0.012595892164667796
FOODS_3_587__WI_3,tight_capacity,96,0.2,35725.93303571429,35730.43303571429,0.012595892164667796
FOODS_3_587__WI_3,tight_capacity,192,0.05,35725.93303571429,35730.43303571429,0.012595892164667796
FOODS_3_587__WI_3,tight_capacity,192,0.1,35725.93303571429,35730.43303571429,0.012595892164667796
FOODS_3_587__WI_3,tight_capacity,192,0.2,35725.93303571429,35730.43303571429,0.012595892164667796
FOODS_3_607__CA_3,long_lead,48,0.05,2841.696866236908,1308.943564817774,-53.93795938019488
FOODS_3_607__CA_3,long_lead,48,0.1,2841.696866236908,1308.943564817774,-53.93795938019488
FOODS_3_607__CA_3,long_lead,48,0.2,2841.696866236908,1308.943564817774,-53.93795938019488
FOODS_3_607__CA_3,long_lead,96,0.05,2841.696866236908,1308.943564817774,-53.93795938019488
FOODS_3_607__CA_3,long_lead,96,0.1,2841.696866236908,1308.943564817774,-53.93795938019488
FOODS_3_607__CA_3,long_lead,96,0.2,2841.696866236908,1308.943564817774,-53.93795938019488
FOODS_3_607__CA_3,long_lead,192,0.05,2841.696866236908,1308.943564817774,-53.93795938019488
FOODS_3_607__CA_3,long_lead,192,0.1,2841.696866236908,1308.943564817774,-53.93795938019488
FOODS_3_607__CA_3,long_lead,192,0.2,2841.696866236908,1308.943564817774,-53.93795938019488
FOODS_3_607__CA_3,tight_capacity,48,0.05,2602.9504206530282,3572.824023171937,37.26054844623536
FOODS_3_607__CA_3,tight_capacity,48,0.1,2602.9504206530282,3572.824023171937,37.26054844623536
FOODS_3_607__CA_3,tight_capacity,48,0.2,2602.9504206530282,3250.3328450753743,24.871100858691374
FOODS_3_607__CA_3,tight_capacity,96,0.05,2602.9504206530282,3269.458280116421,25.605860725390972
FOODS_3_607__CA_3,tight_capacity,96,0.1,2602.9504206530282,3572.824023171937,37.26054844623536
FOODS_3_607__CA_3,tight_capacity,96,0.2,2602.9504206530282,3250.3328450753743,24.871100858691374
FOODS_3_607__CA_3,tight_capacity,192,0.05,2602.9504206530282,3269.458280116421,25.605860725390972
FOODS_3_607__CA_3,tight_capacity,192,0.1,2602.9504206530282,3572.824023171937,37.26054844623536
FOODS_3_607__CA_3,tight_capacity,192,0.2,2602.9504206530282,3250.3328450753743,24.871100858691374
FOODS_3_635__CA_3,long_lead,48,0.05,5521.104352678572,5544.935717052359,0.4316412596372249
FOODS_3_635__CA_3,long_lead,48,0.1,5521.104352678572,5544.935717052359,0.4316412596372249
FOODS_3_635__CA_3,long_lead,48,0.2,5521.104352678572,5544.935717052359,0.4316412596372249
FOODS_3_635__CA_3,long_lead,96,0.05,5521.104352678572,5544.935717052359,0.4316412596372249
FOODS_3_635__CA_3,long_lead,96,0.1,5521.104352678572,5544.935717052359,0.4316412596372249
FOODS_3_635__CA_3,long_lead,96,0.2,5521.104352678572,5544.935717052359,0.4316412596372249
FOODS_3_635__CA_3,long_lead,192,0.05,5521.104352678572,5544.935717052359,0.4316412596372249
FOODS_3_635__CA_3,long_lead,192,0.1,5521.104352678572,5544.935717052359,0.4316412596372249
FOODS_3_635__CA_3,long_lead,192,0.2,5521.104352678572,5544.935717052359,0.4316412596372249
FOODS_3_635__CA_3,tight_capacity,48,0.05,4371.058201208366,4686.56005566719,7.217974228108065
FOODS_3_635__CA_3,tight_capacity,48,0.1,4371.058201208366,4686.56005566719,7.217974228108065
FOODS_3_635__CA_3,tight_capacity,48,0.2,4371.058201208366,4686.56005566719,7.217974228108065
FOODS_3_635__CA_3,tight_capacity,96,0.05,4371.058201208366,4686.56005566719,7.217974228108065
FOODS_3_635__CA_3,tight_capacity,96,0.1,4371.058201208366,4686.56005566719,7.217974228108065
FOODS_3_635__CA_3,tight_capacity,96,0.2,4371.058201208366,4686.56005566719,7.217974228108065
FOODS_3_635__CA_3,tight_capacity,192,0.05,4371.058201208366,4686.56005566719,7.217974228108065
FOODS_3_635__CA_3,tight_capacity,192,0.1,4371.058201208366,4686.56005566719,7.217974228108065
FOODS_3_635__CA_3,tight_capacity,192,0.2,4371.058201208366,4686.56005566719,7.217974228108065
FOODS_3_681__CA_3,long_lead,48,0.05,15422.331009347095,4562.2367993652615,-70.41798158397586
FOODS_3_681__CA_3,long_lead,48,0.1,15422.331009347095,4562.2367993652615,-70.41798158397586
FOODS_3_681__CA_3,long_lead,48,0.2,15422.331009347095,4562.2367993652615,-70.41798158397586
FOODS_3_681__CA_3,long_lead,96,0.05,15422.331009347095,4562.2367993652615,-70.41798158397586
FOODS_3_681__CA_3,long_lead,96,0.1,15422.331009347095,4562.2367993652615,-70.41798158397586
FOODS_3_681__CA_3,long_lead,96,0.2,15422.331009347095,4562.2367993652615,-70.41798158397586
FOODS_3_681__CA_3,long_lead,192,0.05,15422.331009347095,4562.2367993652615,-70.41798158397586
FOODS_3_681__CA_3,long_lead,192,0.1,15422.331009347095,4562.2367993652615,-70.41798158397586
FOODS_3_681__CA_3,long_lead,192,0.2,15422.331009347095,4562.2367993652615,-70.41798158397586
FOODS_3_681__CA_3,tight_capacity,48,0.05,12343.411219529573,15066.486480378,22.060962017857882
FOODS_3_681__CA_3,tight_capacity,48,0.1,12343.411219529573,15067.486480378,22.069063506030112
FOODS_3_681__CA_3,tight_capacity,48,0.2,12343.411219529573,15067.486480378,22.069063506030112
FOODS_3_681__CA_3,tight_capacity,96,0.05,12343.411219529573,15067.486480378,22.069063506030112
FOODS_3_681__CA_3,tight_capacity,96,0.1,12343.411219529573,15067.486480378,22.069063506030112
FOODS_3_681__CA_3,tight_capacity,96,0.2,12343.411219529573,16288.10518555468,31.957891508822673
FOODS_3_681__CA_3,tight_capacity,192,0.05,12343.411219529573,16288.10518555468,31.957891508822673
FOODS_3_681__CA_3,tight_capacity,192,0.1,12343.411219529573,17951.565642479487,45.434396725572675
FOODS_3_681__CA_3,tight_capacity,192,0.2,12343.411219529573,17951.565642479487,45.434396725572675
FOODS_3_681__WI_3,long_lead,48,0.05,22627.918940952848,8025.06029794999,-64.5346957495683
FOODS_3_681__WI_3,long_lead,48,0.1,22627.918940952848,8025.06029794999,-64.5346957495683
FOODS_3_681__WI_3,long_lead,48,0.2,22627.918940952848,8025.06029794999,-64.5346957495683
FOODS_3_681__WI_3,long_lead,96,0.05,22627.918940952848,8025.06029794999,-64.5346957495683
FOODS_3_681__WI_3,long_lead,96,0.1,22627.918940952848,8025.06029794999,-64.5346957495683
FOODS_3_681__WI_3,long_lead,96,0.2,22627.918940952848,8025.06029794999,-64.5346957495683
FOODS_3_681__WI_3,long_lead,192,0.05,22627.918940952848,8025.06029794999,-64.5346957495683
FOODS_3_681__WI_3,long_lead,192,0.1,22627.918940952848,8025.06029794999,-64.5346957495683
FOODS_3_681__WI_3,long_lead,192,0.2,22627.918940952848,8025.06029794999,-64.5346957495683
FOODS_3_681__WI_3,tight_capacity,48,0.05,9138.309140997324,12420.958672718154,35.921848134835294
FOODS_3_681__WI_3,tight_capacity,48,0.1,9138.309140997324,12420.958672718154,35.921848134835294
FOODS_3_681__WI_3,tight_capacity,48,0.2,9138.309140997324,12420.958672718154,35.921848134835294
FOODS_3_681__WI_3,tight_capacity,96,0.05,9138.309140997324,19074.668551822168,108.73301895913343
FOODS_3_681__WI_3,tight_capacity,96,0.1,9138.309140997324,19074.668551822168,108.73301895913343
FOODS_3_681__WI_3,tight_capacity,96,0.2,9138.309140997324,19074.668551822168,108.73301895913343
FOODS_3_681__WI_3,tight_capacity,192,0.05,9138.309140997324,19074.668551822168,108.73301895913343
FOODS_3_681__WI_3,tight_capacity,192,0.1,9138.309140997324,19074.668551822168,108.73301895913343
FOODS_3_681__WI_3,tight_capacity,192,0.2,9138.309140997324,19074.668551822168,108.73301895913343
FOODS_3_694__CA_3,long_lead,48,0.05,5822.869642749236,3657.022384350954,-37.19553057649577
FOODS_3_694__CA_3,long_lead,48,0.1,5822.869642749236,3657.022384350954,-37.19553057649577
FOODS_3_694__CA_3,long_lead,48,0.2,5822.869642749236,3657.022384350954,-37.19553057649577
FOODS_3_694__CA_3,long_lead,96,0.05,5822.869642749236,3657.022384350954,-37.19553057649577
FOODS_3_694__CA_3,long_lead,96,0.1,5822.869642749236,3657.022384350954,-37.19553057649577
FOODS_3_694__CA_3,long_lead,96,0.2,5822.869642749236,3657.022384350954,-37.19553057649577
FOODS_3_694__CA_3,long_lead,192,0.05,5822.869642749236,3657.022384350954,-37.19553057649577
FOODS_3_694__CA_3,long_lead,192,0.1,5822.869642749236,3657.022384350954,-37.19553057649577
FOODS_3_694__CA_3,long_lead,192,0.2,5822.869642749236,3657.022384350954,-37.19553057649577
FOODS_3_694__CA_3,tight_capacity,48,0.05,11851.34178571428,11843.622142857137,-0.06513728990963472
FOODS_3_694__CA_3,tight_capacity,48,0.1,11851.34178571428,11843.622142857137,-0.06513728990963472
FOODS_3_694__CA_3,tight_capacity,48,0.2,11851.34178571428,11854.84178571428,0.02953252098609571
FOODS_3_694__CA_3,tight_capacity,96,0.05,11851.34178571428,11854.84178571428,0.02953252098609571
FOODS_3_694__CA_3,tight_capacity,96,0.1,11851.34178571428,11854.84178571428,0.02953252098609571
FOODS_3_694__CA_3,tight_capacity,96,0.2,11851.34178571428,11854.84178571428,0.02953252098609571
FOODS_3_694__CA_3,tight_capacity,192,0.05,11851.34178571428,11854.84178571428,0.02953252098609571
FOODS_3_694__CA_3,tight_capacity,192,0.1,11851.34178571428,11854.84178571428,0.02953252098609571
FOODS_3_694__CA_3,tight_capacity,192,0.2,11851.34178571428,11854.84178571428,0.02953252098609571
FOODS_3_694__WI_1,long_lead,48,0.05,5050.926221934966,2107.704309772634,-58.270934534355746
FOODS_3_694__WI_1,long_lead,48,0.1,5050.926221934966,2107.704309772634,-58.270934534355746
FOODS_3_694__WI_1,long_lead,48,0.2,5050.926221934966,2107.704309772634,-58.270934534355746
FOODS_3_694__WI_1,long_lead,96,0.05,5050.926221934966,2107.704309772634,-58.270934534355746
FOODS_3_694__WI_1,long_lead,96,0.1,5050.926221934966,2107.704309772634,-58.270934534355746
FOODS_3_694__WI_1,long_lead,96,0.2,5050.926221934966,2107.704309772634,-58.270934534355746
FOODS_3_694__WI_1,long_lead,192,0.05,5050.926221934966,2093.1507383440626,-58.55907122036332
FOODS_3_694__WI_1,long_lead,192,0.1,5050.926221934966,2093.1507383440626,-58.55907122036332
FOODS_3_694__WI_1,long_lead,192,0.2,5050.926221934966,2094.0306490583484,-58.54165044097311
FOODS_3_694__WI_1,tight_capacity,48,0.05,7930.678798332469,6860.501778736048,-13.494141508056535
FOODS_3_694__WI_1,tight_capacity,48,0.1,7930.678798332469,6860.501778736048,-13.494141508056535
FOODS_3_694__WI_1,tight_capacity,48,0.2,7930.678798332469,6861.001778736048,-13.487836877485629
FOODS_3_694__WI_1,tight_capacity,96,0.05,7930.678798332469,6861.001778736048,-13.487836877485629
FOODS_3_694__WI_1,tight_capacity,96,0.1,7930.678798332469,6861.001778736048,-13.487836877485629
FOODS_3_694__WI_1,tight_capacity,96,0.2,7930.678798332469,6861.001778736048,-13.487836877485629
FOODS_3_694__WI_1,tight_capacity,192,0.05,7930.678798332469,6861.001778736048,-13.487836877485629
FOODS_3_694__WI_1,tight_capacity,192,0.1,7930.678798332469,6861.001778736048,-13.487836877485629
FOODS_3_694__WI_1,tight_capacity,192,0.2,7930.678798332469,6861.001778736048,-13.487836877485629
FOODS_3_694__WI_2,long_lead,48,0.05,5861.266364358305,1841.203419185982,-68.58693489205454
FOODS_3_694__WI_2,long_lead,48,0.1,5861.266364358305,1841.203419185982,-68.58693489205454
FOODS_3_694__WI_2,long_lead,48,0.2,5861.266364358305,1961.1544936792059,-66.54043048436147
FOODS_3_694__WI_2,long_lead,96,0.05,5861.266364358305,1842.203419185982,-68.56987373260817
FOODS_3_694__WI_2,long_lead,96,0.1,5861.266364358305,1841.203419185982,-68.58693489205454
FOODS_3_694__WI_2,long_lead,96,0.2,5861.266364358305,1842.203419185982,-68.56987373260817
FOODS_3_694__WI_2,long_lead,192,0.05,5861.266364358305,1941.4961170707722,-66.87582518213488
FOODS_3_694__WI_2,long_lead,192,0.1,5861.266364358305,1942.4961170707722,-66.8587640226885
FOODS_3_694__WI_2,long_lead,192,0.2,5861.266364358305,1931.359840942384,-67.0487618053538
FOODS_3_694__WI_2,tight_capacity,48,0.05,10365.226892007815,10369.226892007815,0.03859056865493441
FOODS_3_694__WI_2,tight_capacity,48,0.1,10365.226892007815,10369.226892007815,0.03859056865493441
FOODS_3_694__WI_2,tight_capacity,48,0.2,10365.226892007815,10369.226892007815,0.03859056865493441
FOODS_3_694__WI_2,tight_capacity,96,0.05,10365.226892007815,10369.226892007815,0.03859056865493441
FOODS_3_694__WI_2,tight_capacity,96,0.1,10365.226892007815,10369.226892007815,0.03859056865493441
FOODS_3_694__WI_2,tight_capacity,96,0.2,10365.226892007815,10369.226892007815,0.03859056865493441
FOODS_3_694__WI_2,tight_capacity,192,0.05,10365.226892007815,10369.226892007815,0.03859056865493441
FOODS_3_694__WI_2,tight_capacity,192,0.1,10365.226892007815,10369.226892007815,0.03859056865493441
FOODS_3_694__WI_2,tight_capacity,192,0.2,10365.226892007815,10369.226892007815,0.03859056865493441
FOODS_3_694__WI_3,long_lead,48,0.05,6058.154119743425,3036.1854567151145,-49.882663981422404
FOODS_3_694__WI_3,long_lead,48,0.1,6058.154119743425,3010.5836402029886,-50.30526492563889
FOODS_3_694__WI_3,long_lead,48,0.2,6058.154119743425,3110.278869156911,-48.65962787211764
FOODS_3_694__WI_3,long_lead,96,0.05,6058.154119743425,3110.278869156911,-48.65962787211764
FOODS_3_694__WI_3,long_lead,96,0.1,6058.154119743425,3098.3716706708487,-48.85617616472803
FOODS_3_694__WI_3,long_lead,96,0.2,6058.154119743425,3098.3716706708487,-48.85617616472803
FOODS_3_694__WI_3,long_lead,192,0.05,6058.154119743425,3098.3716706708487,-48.85617616472803
FOODS_3_694__WI_3,long_lead,192,0.1,6058.154119743425,3098.843154871197,-48.84839352679857
FOODS_3_694__WI_3,long_lead,192,0.2,6058.154119743425,3144.349858561124,-48.097229017107054
FOODS_3_694__WI_3,tight_capacity,48,0.05,11038.779975468753,13521.110925808985,22.487366863518105
FOODS_3_694__WI_3,tight_capacity,48,0.1,11038.779975468753,13521.110925808985,22.487366863518105
FOODS_3_694__WI_3,tight_capacity,48,0.2,11038.779975468753,13521.110925808985,22.487366863518105
FOODS_3_694__WI_3,tight_capacity,96,0.05,11038.779975468753,13521.110925808985,22.487366863518105
FOODS_3_694__WI_3,tight_capacity,96,0.1,11038.779975468753,13521.110925808985,22.487366863518105
FOODS_3_694__WI_3,tight_capacity,96,0.2,11038.779975468753,13521.110925808985,22.487366863518105
FOODS_3_694__WI_3,tight_capacity,192,0.05,11038.779975468753,13521.110925808985,22.487366863518105
FOODS_3_694__WI_3,tight_capacity,192,0.1,11038.779975468753,13521.110925808985,22.487366863518105
FOODS_3_694__WI_3,tight_capacity,192,0.2,11038.779975468753,13521.110925808985,22.487366863518105
FOODS_3_711__CA_3,long_lead,48,0.05,4714.859683295037,2234.321809155745,-52.61106460766904
FOODS_3_711__CA_3,long_lead,48,0.1,4714.859683295037,2234.321809155745,-52.61106460766904
FOODS_3_711__CA_3,long_lead,48,0.2,4714.859683295037,2234.321809155745,-52.61106460766904
FOODS_3_711__CA_3,long_lead,96,0.05,4714.859683295037,2234.321809155745,-52.61106460766904
FOODS_3_711__CA_3,long_lead,96,0.1,4714.859683295037,2234.321809155745,-52.61106460766904
FOODS_3_711__CA_3,long_lead,96,0.2,4714.859683295037,2009.0997670853496,-57.38792027674372
FOODS_3_711__CA_3,long_lead,192,0.05,4714.859683295037,2234.321809155745,-52.61106460766904
FOODS_3_711__CA_3,long_lead,192,0.1,4714.859683295037,2009.0997670853496,-57.38792027674372
FOODS_3_711__CA_3,long_lead,192,0.2,4714.859683295037,2009.0997670853496,-57.38792027674372
FOODS_3_711__CA_3,tight_capacity,48,0.05,2729.5369430090464,1632.8949670413688,-40.176850464560395
FOODS_3_711__CA_3,tight_capacity,48,0.1,2729.5369430090464,1632.8949670413688,-40.176850464560395
FOODS_3_711__CA_3,tight_capacity,48,0.2,2729.5369430090464,1632.8949670413688,-40.176850464560395
FOODS_3_711__CA_3,tight_capacity,96,0.05,2729.5369430090464,1632.8949670413688,-40.176850464560395
FOODS_3_711__CA_3,tight_capacity,96,0.1,2729.5369430090464,1632.8949670413688,-40.176850464560395
FOODS_3_711__CA_3,tight_capacity,96,0.2,2729.5369430090464,1632.8949670413688,-40.176850464560395
FOODS_3_711__CA_3,tight_capacity,192,0.05,2729.5369430090464,1632.8949670413688,-40.176850464560395
FOODS_3_711__CA_3,tight_capacity,192,0.1,2729.5369430090464,1632.8949670413688,-40.176850464560395
FOODS_3_711__CA_3,tight_capacity,192,0.2,2729.5369430090464,1632.8949670413688,-40.176850464560395
FOODS_3_711__WI_2,long_lead,48,0.05,3123.784165232076,3273.3438219433415,4.787771779365379
FOODS_3_711__WI_2,long_lead,48,0.1,3123.784165232076,3273.3438219433415,4.787771779365379
FOODS_3_711__WI_2,long_lead,48,0.2,3123.784165232076,3273.3438219433415,4.787771779365379
FOODS_3_711__WI_2,long_lead,96,0.05,3123.784165232076,3274.3438219433415,4.819784234359231
FOODS_3_711__WI_2,long_lead,96,0.1,3123.784165232076,3274.3438219433415,4.819784234359231
FOODS_3_711__WI_2,long_lead,96,0.2,3123.784165232076,3234.02205458458,3.5289854715143005
FOODS_3_711__WI_2,long_lead,192,0.05,3123.784165232076,3234.02205458458,3.5289854715143005
FOODS_3_711__WI_2,long_lead,192,0.1,3123.784165232076,3234.02205458458,3.5289854715143005
FOODS_3_711__WI_2,long_lead,192,0.2,3123.784165232076,3429.2886442755566,9.779948385799694
FOODS_3_711__WI_2,tight_capacity,48,0.05,2652.5618268915405,2788.9390747353173,5.1413409655975215
FOODS_3_711__WI_2,tight_capacity,48,0.1,2652.5618268915405,2788.9390747353173,5.1413409655975215
FOODS_3_711__WI_2,tight_capacity,48,0.2,2652.5618268915405,2788.9390747353173,5.1413409655975215
FOODS_3_711__WI_2,tight_capacity,96,0.05,2652.5618268915405,2788.9390747353173,5.1413409655975215
FOODS_3_711__WI_2,tight_capacity,96,0.1,2652.5618268915405,2788.9390747353173,5.1413409655975215
FOODS_3_711__WI_2,tight_capacity,96,0.2,2652.5618268915405,2788.9390747353173,5.1413409655975215
FOODS_3_711__WI_2,tight_capacity,192,0.05,2652.5618268915405,2788.9390747353173,5.1413409655975215
FOODS_3_711__WI_2,tight_capacity,192,0.1,2652.5618268915405,2788.9390747353173,5.1413409655975215
FOODS_3_711__WI_2,tight_capacity,192,0.2,2652.5618268915405,2788.9390747353173,5.1413409655975215
FOODS_3_714__CA_1,long_lead,48,0.05,3812.781009645022,2942.019116682965,-22.83797288014522
FOODS_3_714__CA_1,long_lead,48,0.1,3812.781009645022,2942.019116682965,-22.83797288014522
FOODS_3_714__CA_1,long_lead,48,0.2,3812.781009645022,2942.019116682965,-22.83797288014522
FOODS_3_714__CA_1,long_lead,96,0.05,3812.781009645022,3232.464859852275,-15.220285359288857
FOODS_3_714__CA_1,long_lead,96,0.1,3812.781009645022,3232.464859852275,-15.220285359288857
FOODS_3_714__CA_1,long_lead,96,0.2,3812.781009645022,3232.464859852275,-15.220285359288857
FOODS_3_714__CA_1,long_lead,192,0.05,3812.781009645022,3232.464859852275,-15.220285359288857
FOODS_3_714__CA_1,long_lead,192,0.1,3812.781009645022,3232.464859852275,-15.220285359288857
FOODS_3_714__CA_1,long_lead,192,0.2,3812.781009645022,3230.964859852275,-15.25962672183251
FOODS_3_714__CA_1,tight_capacity,48,0.05,7176.08135654658,7579.666131937356,5.624027311543717
FOODS_3_714__CA_1,tight_capacity,48,0.1,7176.08135654658,7579.666131937356,5.624027311543717
FOODS_3_714__CA_1,tight_capacity,48,0.2,7176.08135654658,7579.666131937356,5.624027311543717
FOODS_3_714__CA_1,tight_capacity,96,0.05,7176.08135654658,7579.666131937356,5.624027311543717
FOODS_3_714__CA_1,tight_capacity,96,0.1,7176.08135654658,7579.666131937356,5.624027311543717
FOODS_3_714__CA_1,tight_capacity,96,0.2,7176.08135654658,7579.666131937356,5.624027311543717
FOODS_3_714__CA_1,tight_capacity,192,0.05,7176.08135654658,7579.666131937356,5.624027311543717
FOODS_3_714__CA_1,tight_capacity,192,0.1,7176.08135654658,7579.666131937356,5.624027311543717
FOODS_3_714__CA_1,tight_capacity,192,0.2,7176.08135654658,7579.666131937356,5.624027311543717
FOODS_3_714__CA_3,long_lead,48,0.05,3815.2157911636623,2646.5239878910634,-30.63239059712901
FOODS_3_714__CA_3,long_lead,48,0.1,3815.2157911636623,2646.5239878910634,-30.63239059712901
FOODS_3_714__CA_3,long_lead,48,0.2,3815.2157911636623,2646.5239878910634,-30.63239059712901
FOODS_3_714__CA_3,long_lead,96,0.05,3815.2157911636623,3407.338196595152,-10.690813230360037
FOODS_3_714__CA_3,long_lead,96,0.1,3815.2157911636623,3407.338196595152,-10.690813230360037
FOODS_3_714__CA_3,long_lead,96,0.2,3815.2157911636623,3407.338196595152,-10.690813230360037
FOODS_3_714__CA_3,long_lead,192,0.05,3815.2157911636623,3407.338196595152,-10.690813230360037
FOODS_3_714__CA_3,long_lead,192,0.1,3815.2157911636623,3407.338196595152,-10.690813230360037
FOODS_3_714__CA_3,long_lead,192,0.2,3815.2157911636623,3407.338196595152,-10.690813230360037
FOODS_3_714__CA_3,tight_capacity,48,0.05,14960.426135937498,14413.096437499997,-3.6585167659276876
FOODS_3_714__CA_3,tight_capacity,48,0.1,14960.426135937498,14413.096437499997,-3.6585167659276876
FOODS_3_714__CA_3,tight_capacity,48,0.2,14960.426135937498,14964.926135937498,0.030079357092577943
FOODS_3_714__CA_3,tight_capacity,96,0.05,14960.426135937498,14413.096437499997,-3.6585167659276876
FOODS_3_714__CA_3,tight_capacity,96,0.1,14960.426135937498,14413.096437499997,-3.6585167659276876
FOODS_3_714__CA_3,tight_capacity,96,0.2,14960.426135937498,14964.926135937498,0.030079357092577943
FOODS_3_714__CA_3,tight_capacity,192,0.05,14960.426135937498,14413.096437499997,-3.6585167659276876
FOODS_3_714__CA_3,tight_capacity,192,0.1,14960.426135937498,14413.096437499997,-3.6585167659276876
FOODS_3_714__CA_3,tight_capacity,192,0.2,14960.426135937498,14964.926135937498,0.030079357092577943
FOODS_3_714__TX_1,long_lead,48,0.05,10980.955862862726,3799.750722986135,-65.39690378105624
FOODS_3_714__TX_1,long_lead,48,0.1,10980.955862862726,3799.750722986135,-65.39690378105624
FOODS_3_714__TX_1,long_lead,48,0.2,10980.955862862726,3799.750722986135,-65.39690378105624
FOODS_3_714__TX_1,long_lead,96,0.05,10980.955862862726,3799.750722986135,-65.39690378105624
FOODS_3_714__TX_1,long_lead,96,0.1,10980.955862862726,3799.750722986135,-65.39690378105624
FOODS_3_714__TX_1,long_lead,96,0.2,10980.955862862726,3799.750722986135,-65.39690378105624
FOODS_3_714__TX_1,long_lead,192,0.05,10980.955862862726,3799.750722986135,-65.39690378105624
FOODS_3_714__TX_1,long_lead,192,0.1,10980.955862862726,3799.750722986135,-65.39690378105624
FOODS_3_714__TX_1,long_lead,192,0.2,10980.955862862726,3799.750722986135,-65.39690378105624
FOODS_3_714__TX_1,tight_capacity,48,0.05,9594.305222664307,10257.903666567978,6.916586751233164
FOODS_3_714__TX_1,tight_capacity,48,0.1,9594.305222664307,10257.903666567978,6.916586751233164
FOODS_3_714__TX_1,tight_capacity,48,0.2,9594.305222664307,10257.903666567978,6.916586751233164
FOODS_3_714__TX_1,tight_capacity,96,0.05,9594.305222664307,10257.903666567978,6.916586751233164
FOODS_3_714__TX_1,tight_capacity,96,0.1,9594.305222664307,10257.903666567978,6.916586751233164
FOODS_3_714__TX_1,tight_capacity,96,0.2,9594.305222664307,10257.903666567978,6.916586751233164
FOODS_3_714__TX_1,tight_capacity,192,0.05,9594.305222664307,10257.903666567978,6.916586751233164
FOODS_3_714__TX_1,tight_capacity,192,0.1,9594.305222664307,10257.903666567978,6.916586751233164
FOODS_3_714__TX_1,tight_capacity,192,0.2,9594.305222664307,10257.903666567978,6.916586751233164
FOODS_3_714__TX_2,long_lead,48,0.05,1944.4029367615478,1543.5670265640658,-20.614858300156875
FOODS_3_714__TX_2,long_lead,48,0.1,1944.4029367615478,1543.5670265640658,-20.614858300156875
FOODS_3_714__TX_2,long_lead,48,0.2,1944.4029367615478,1543.5670265640658,-20.614858300156875
FOODS_3_714__TX_2,long_lead,96,0.05,1944.4029367615478,1543.5670265640658,-20.614858300156875
FOODS_3_714__TX_2,long_lead,96,0.1,1944.4029367615478,1543.5670265640658,-20.614858300156875
FOODS_3_714__TX_2,long_lead,96,0.2,1944.4029367615478,1543.5670265640658,-20.614858300156875
FOODS_3_714__TX_2,long_lead,192,0.05,1944.4029367615478,1543.5670265640658,-20.614858300156875
FOODS_3_714__TX_2,long_lead,192,0.1,1944.4029367615478,1543.5670265640658,-20.614858300156875
FOODS_3_714__TX_2,long_lead,192,0.2,1944.4029367615478,1543.5670265640658,-20.614858300156875
FOODS_3_714__TX_2,tight_capacity,48,0.05,2088.351446041423,4476.771932356854,114.36870412031483
FOODS_3_714__TX_2,tight_capacity,48,0.1,2088.351446041423,4476.771932356854,114.36870412031483
FOODS_3_714__TX_2,tight_capacity,48,0.2,2088.351446041423,4476.771932356854,114.36870412031483
FOODS_3_714__TX_2,tight_capacity,96,0.05,2088.351446041423,4476.771932356854,114.36870412031483
FOODS_3_714__TX_2,tight_capacity,96,0.1,2088.351446041423,4476.771932356854,114.36870412031483
FOODS_3_714__TX_2,tight_capacity,96,0.2,2088.351446041423,4476.771932356854,114.36870412031483
FOODS_3_714__TX_2,tight_capacity,192,0.05,2088.351446041423,2658.4910392117163,27.300940857010538
FOODS_3_714__TX_2,tight_capacity,192,0.1,2088.351446041423,2658.4910392117163,27.300940857010538
FOODS_3_714__TX_2,tight_capacity,192,0.2,2088.351446041423,4476.771932356854,114.36870412031483
FOODS_3_714__TX_3,long_lead,48,0.05,9853.968856474432,2791.649683868885,-71.66979392232739
FOODS_3_714__TX_3,long_lead,48,0.1,9853.968856474432,2791.649683868885,-71.66979392232739
FOODS_3_714__TX_3,long_lead,48,0.2,9853.968856474432,2791.649683868885,-71.66979392232739
FOODS_3_714__TX_3,long_lead,96,0.05,9853.968856474432,2791.649683868885,-71.66979392232739
FOODS_3_714__TX_3,long_lead,96,0.1,9853.968856474432,2791.649683868885,-71.66979392232739
FOODS_3_714__TX_3,long_lead,96,0.2,9853.968856474432,2787.730933868885,-71.70956216248604
FOODS_3_714__TX_3,long_lead,192,0.05,9853.968856474432,2787.730933868885,-71.70956216248604
FOODS_3_714__TX_3,long_lead,192,0.1,9853.968856474432,2787.730933868885,-71.70956216248604
FOODS_3_714__TX_3,long_lead,192,0.2,9853.968856474432,2787.730933868885,-71.70956216248604
FOODS_3_714__TX_3,tight_capacity,48,0.05,7957.491957920327,11627.807454271911,46.12402394825433
FOODS_3_714__TX_3,tight_capacity,48,0.1,7957.491957920327,11627.807454271911,46.12402394825433
FOODS_3_714__TX_3,tight_capacity,48,0.2,7957.491957920327,11627.807454271911,46.12402394825433
FOODS_3_714__TX_3,tight_capacity,96,0.05,7957.491957920327,11627.807454271911,46.12402394825433
FOODS_3_714__TX_3,tight_capacity,96,0.1,7957.491957920327,11627.807454271911,46.12402394825433
FOODS_3_714__TX_3,tight_capacity,96,0.2,7957.491957920327,11627.807454271911,46.12402394825433
FOODS_3_714__TX_3,tight_capacity,192,0.05,7957.491957920327,11627.807454271911,46.12402394825433
FOODS_3_714__TX_3,tight_capacity,192,0.1,7957.491957920327,11627.807454271911,46.12402394825433
FOODS_3_714__TX_3,tight_capacity,192,0.2,7957.491957920327,11627.807454271911,46.12402394825433
FOODS_3_714__WI_3,long_lead,48,0.05,4209.416850356649,3000.1557947194146,-28.727519716532182
FOODS_3_714__WI_3,long_lead,48,0.1,4209.416850356649,3000.1557947194146,-28.727519716532182
FOODS_3_714__WI_3,long_lead,48,0.2,4209.416850356649,3000.1557947194146,-28.727519716532182
FOODS_3_714__WI_3,long_lead,96,0.05,4209.416850356649,3000.1557947194146,-28.727519716532182
FOODS_3_714__WI_3,long_lead,96,0.1,4209.416850356649,3000.1557947194146,-28.727519716532182
FOODS_3_714__WI_3,long_lead,96,0.2,4209.416850356649,3000.1557947194146,-28.727519716532182
FOODS_3_714__WI_3,long_lead,192,0.05,4209.416850356649,3122.9946003604027,-25.80932914506192
FOODS_3_714__WI_3,long_lead,192,0.1,4209.416850356649,3122.9946003604027,-25.80932914506192
FOODS_3_714__WI_3,long_lead,192,0.2,4209.416850356649,3122.9946003604027,-25.80932914506192
FOODS_3_714__WI_3,tight_capacity,48,0.05,4622.922993247985,4726.2259594858415,2.2345811597713388
FOODS_3_714__WI_3,tight_capacity,48,0.1,4622.922993247985,4726.2259594858415,2.2345811597713388
FOODS_3_714__WI_3,tight_capacity,48,0.2,4622.922993247985,4726.2259594858415,2.2345811597713388
FOODS_3_714__WI_3,tight_capacity,96,0.05,4622.922993247985,4726.2259594858415,2.2345811597713388
FOODS_3_714__WI_3,tight_capacity,96,0.1,4622.922993247985,4726.2259594858415,2.2345811597713388
FOODS_3_714__WI_3,tight_capacity,96,0.2,4622.922993247985,4726.2259594858415,2.2345811597713388
FOODS_3_714__WI_3,tight_capacity,192,0.05,4622.922993247985,4726.2259594858415,2.2345811597713388
FOODS_3_714__WI_3,tight_capacity,192,0.1,4622.922993247985,4726.2259594858415,2.2345811597713388
FOODS_3_714__WI_3,tight_capacity,192,0.2,4622.922993247985,4726.2259594858415,2.2345811597713388
FOODS_3_723__CA_3,long_lead,48,0.05,7942.8069844119855,2413.339473182812,-69.61603778212074
FOODS_3_723__CA_3,long_lead,48,0.1,7942.8069844119855,2413.339473182812,-69.61603778212074
FOODS_3_723__CA_3,long_lead,48,0.2,7942.8069844119855,2413.339473182812,-69.61603778212074
FOODS_3_723__CA_3,long_lead,96,0.05,7942.8069844119855,2413.339473182812,-69.61603778212074
FOODS_3_723__CA_3,long_lead,96,0.1,7942.8069844119855,2413.339473182812,-69.61603778212074
FOODS_3_723__CA_3,long_lead,96,0.2,7942.8069844119855,2413.339473182812,-69.61603778212074
FOODS_3_723__CA_3,long_lead,192,0.05,7942.8069844119855,2413.339473182812,-69.61603778212074
FOODS_3_723__CA_3,long_lead,192,0.1,7942.8069844119855,2413.339473182812,-69.61603778212074
FOODS_3_723__CA_3,long_lead,192,0.2,7942.8069844119855,2413.339473182812,-69.61603778212074
FOODS_3_723__CA_3,tight_capacity,48,0.05,10448.20774034877,10452.70774034877,0.04306958774012457
FOODS_3_723__CA_3,tight_capacity,48,0.1,10448.20774034877,10452.70774034877,0.04306958774012457
FOODS_3_723__CA_3,tight_capacity,48,0.2,10448.20774034877,10452.70774034877,0.04306958774012457
FOODS_3_723__CA_3,tight_capacity,96,0.05,10448.20774034877,10452.70774034877,0.04306958774012457
FOODS_3_723__CA_3,tight_capacity,96,0.1,10448.20774034877,10453.70774034877,0.05264060723793003
FOODS_3_723__CA_3,tight_capacity,96,0.2,10448.20774034877,10453.70774034877,0.05264060723793003
FOODS_3_723__CA_3,tight_capacity,192,0.05,10448.20774034877,10453.70774034877,0.05264060723793003
FOODS_3_723__CA_3,tight_capacity,192,0.1,10448.20774034877,10453.70774034877,0.05264060723793003
FOODS_3_723__CA_3,tight_capacity,192,0.2,10448.20774034877,10453.70774034877,0.05264060723793003
FOODS_3_723__WI_3,long_lead,48,0.05,5306.580885893297,1755.9207689632149,-66.91050590350838
FOODS_3_723__WI_3,long_lead,48,0.1,5306.580885893297,1755.9207689632149,-66.91050590350838
FOODS_3_723__WI_3,long_lead,48,0.2,5306.580885893297,1755.9207689632149,-66.91050590350838
FOODS_3_723__WI_3,long_lead,96,0.05,5306.580885893297,1755.9207689632149,-66.91050590350838
FOODS_3_723__WI_3,long_lead,96,0.1,5306.580885893297,1755.9207689632149,-66.91050590350838
FOODS_3_723__WI_3,long_lead,96,0.2,5306.580885893297,1755.9207689632149,-66.91050590350838
FOODS_3_723__WI_3,long_lead,192,0.05,5306.580885893297,1750.8703741972297,-67.00567819758217
FOODS_3_723__WI_3,long_lead,192,0.1,5306.580885893297,1755.9207689632149,-66.91050590350838
FOODS_3_723__WI_3,long_lead,192,0.2,5306.580885893297,1746.8221599115157,-67.08196487581739
FOODS_3_723__WI_3,tight_capacity,48,0.05,4840.02377015754,5141.021984443253,6.2189408271421796
FOODS_3_723__WI_3,tight_capacity,48,0.1,4840.02377015754,5141.021984443253,6.2189408271421796
FOODS_3_723__WI_3,tight_capacity,48,0.2,4840.02377015754,5141.021984443253,6.2189408271421796
FOODS_3_723__WI_3,tight_capacity,96,0.05,4840.02377015754,5141.021984443253,6.2189408271421796
FOODS_3_723__WI_3,tight_capacity,96,0.1,4840.02377015754,5141.021984443253,6.2189408271421796
FOODS_3_723__WI_3,tight_capacity,96,0.2,4840.02377015754,5141.021984443253,6.2189408271421796
FOODS_3_723__WI_3,tight_capacity,192,0.05,4840.02377015754,5141.021984443253,6.2189408271421796
FOODS_3_723__WI_3,tight_capacity,192,0.1,4840.02377015754,5141.021984443253,6.2189408271421796
FOODS_3_723__WI_3,tight_capacity,192,0.2,4840.02377015754,5141.021984443253,6.2189408271421796
FOODS_3_752__CA_3,long_lead,48,0.05,8084.990284727076,6874.244733295691,-14.975225804767385
FOODS_3_752__CA_3,long_lead,48,0.1,8084.990284727076,6874.744733295691,-14.969041505437495
FOODS_3_752__CA_3,long_lead,48,0.2,8084.990284727076,6830.8850226007435,-15.511524664357308
FOODS_3_752__CA_3,long_lead,96,0.05,8084.990284727076,6830.8850226007435,-15.511524664357308
FOODS_3_752__CA_3,long_lead,96,0.1,8084.990284727076,6831.8850226007435,-15.499156065697528
FOODS_3_752__CA_3,long_lead,96,0.2,8084.990284727076,6831.8850226007435,-15.499156065697528
FOODS_3_752__CA_3,long_lead,192,0.05,8084.990284727076,6830.8850226007435,-15.511524664357308
FOODS_3_752__CA_3,long_lead,192,0.1,8084.990284727076,7047.178772600745,-12.836274077988756
FOODS_3_752__CA_3,long_lead,192,0.2,8084.990284727076,7047.178772600745,-12.836274077988756
FOODS_3_752__CA_3,tight_capacity,48,0.05,10167.335989661951,10407.660184089502,2.3636889217776402
FOODS_3_752__CA_3,tight_capacity,48,0.1,10167.335989661951,10408.160184089502,2.368606630806912
FOODS_3_752__CA_3,tight_capacity,48,0.2,10167.335989661951,10155.858616071426,-0.1128847674769046
FOODS_3_752__CA_3,tight_capacity,96,0.05,10167.335989661951,10407.660184089502,2.3636889217776402
FOODS_3_752__CA_3,tight_capacity,96,0.1,10167.335989661951,10407.660184089502,2.3636889217776402
FOODS_3_752__CA_3,tight_capacity,96,0.2,10167.335989661951,10408.660184089502,2.373524339836184
FOODS_3_752__CA_3,tight_capacity,192,0.05,10167.335989661951,10407.660184089502,2.3636889217776402
FOODS_3_752__CA_3,tight_capacity,192,0.1,10167.335989661951,10407.660184089502,2.3636889217776402
FOODS_3_752__CA_3,tight_capacity,192,0.2,10167.335989661951,10408.660184089502,2.373524339836184
FOODS_3_804__CA_3,long_lead,48,0.05,1894.5568307059148,1894.9836431806962,0.02252835427599018
FOODS_3_804__CA_3,long_lead,48,0.1,1894.5568307059148,1894.9836431806962,0.02252835427599018
FOODS_3_804__CA_3,long_lead,48,0.2,1894.5568307059148,1894.9836431806962,0.02252835427599018
FOODS_3_804__CA_3,long_lead,96,0.05,1894.5568307059148,1894.9836431806962,0.02252835427599018
FOODS_3_804__CA_3,long_lead,96,0.1,1894.5568307059148,1894.9836431806962,0.02252835427599018
FOODS_3_804__CA_3,long_lead,96,0.2,1894.5568307059148,1894.9836431806962,0.02252835427599018
FOODS_3_804__CA_3,long_lead,192,0.05,1894.5568307059148,1894.9836431806962,0.02252835427599018
FOODS_3_804__CA_3,long_lead,192,0.1,1894.5568307059148,1894.9836431806962,0.02252835427599018
FOODS_3_804__CA_3,long_lead,192,0.2,1894.5568307059148,1894.9836431806962,0.02252835427599018
FOODS_3_804__CA_3,tight_capacity,48,0.05,1796.6278324086602,1739.41196956763,-3.184625207788495
FOODS_3_804__CA_3,tight_capacity,48,0.1,1796.6278324086602,1739.41196956763,-3.184625207788495
FOODS_3_804__CA_3,tight_capacity,48,0.2,1796.6278324086602,1739.41196956763,-3.184625207788495
FOODS_3_804__CA_3,tight_capacity,96,0.05,1796.6278324086602,1739.41196956763,-3.184625207788495
FOODS_3_804__CA_3,tight_capacity,96,0.1,1796.6278324086602,1739.41196956763,-3.184625207788495
FOODS_3_804__CA_3,tight_capacity,96,0.2,1796.6278324086602,1739.41196956763,-3.184625207788495
FOODS_3_804__CA_3,tight_capacity,192,0.05,1796.6278324086602,1739.41196956763,-3.184625207788495
FOODS_3_804__CA_3,tight_capacity,192,0.1,1796.6278324086602,1739.41196956763,-3.184625207788495
FOODS_3_804__CA_3,tight_capacity,192,0.2,1796.6278324086602,1739.41196956763,-3.184625207788495
FOODS_3_808__CA_1,long_lead,48,0.05,1239.115625,1273.2851013979575,2.757569649560155
FOODS_3_808__CA_1,long_lead,48,0.1,1239.115625,1273.2851013979575,2.757569649560155
FOODS_3_808__CA_1,long_lead,48,0.2,1239.115625,1275.8351013979575,2.9633615828190027
FOODS_3_808__CA_1,long_lead,96,0.05,1239.115625,1275.3351013979575,2.923010223356483
FOODS_3_808__CA_1,long_lead,96,0.1,1239.115625,1275.3351013979575,2.923010223356483
FOODS_3_808__CA_1,long_lead,96,0.2,1239.115625,1275.8351013979575,2.9633615828190027
FOODS_3_808__CA_1,long_lead,192,0.05,1239.115625,1313.126613317519,5.972887987553151
FOODS_3_808__CA_1,long_lead,192,0.1,1239.115625,1313.126613317519,5.972887987553151
FOODS_3_808__CA_1,long_lead,192,0.2,1239.115625,1322.4013808734655,6.721386946715779
FOODS_3_808__CA_1,tight_capacity,48,0.05,1904.5224954400076,1910.5150859374999,0.31465054951255983
FOODS_3_808__CA_1,tight_capacity,48,0.1,1904.5224954400076,1910.5150859374999,0.31465054951255983
FOODS_3_808__CA_1,tight_capacity,48,0.2,1904.5224954400076,1910.5150859374999,0.31465054951255983
FOODS_3_808__CA_1,tight_capacity,96,0.05,1904.5224954400076,1910.5150859374999,0.31465054951255983
FOODS_3_808__CA_1,tight_capacity,96,0.1,1904.5224954400076,1910.5150859374999,0.31465054951255983
FOODS_3_808__CA_1,tight_capacity,96,0.2,1904.5224954400076,1910.5150859374999,0.31465054951255983
FOODS_3_808__CA_1,tight_capacity,192,0.05,1904.5224954400076,1910.5150859374999,0.31465054951255983
FOODS_3_808__CA_1,tight_capacity,192,0.1,1904.5224954400076,1910.5150859374999,0.31465054951255983
FOODS_3_808__CA_1,tight_capacity,192,0.2,1904.5224954400076,1910.5150859374999,0.31465054951255983
FOODS_3_808__CA_3,long_lead,48,0.05,6923.042206554614,6648.05887625558,-3.9720013556855736
FOODS_3_808__CA_3,long_lead,48,0.1,6923.042206554614,6648.05887625558,-3.9720013556855736
FOODS_3_808__CA_3,long_lead,48,0.2,6923.042206554614,6648.05887625558,-3.9720013556855736
FOODS_3_808__CA_3,long_lead,96,0.05,6923.042206554614,6648.05887625558,-3.9720013556855736
FOODS_3_808__CA_3,long_lead,96,0.1,6923.042206554614,6648.05887625558,-3.9720013556855736
FOODS_3_808__CA_3,long_lead,96,0.2,6923.042206554614,6648.05887625558,-3.9720013556855736
FOODS_3_808__CA_3,long_lead,192,0.05,6923.042206554614,6648.05887625558,-3.9720013556855736
FOODS_3_808__CA_3,long_lead,192,0.1,6923.042206554614,6648.05887625558,-3.9720013556855736
FOODS_3_808__CA_3,long_lead,192,0.2,6923.042206554614,6648.05887625558,-3.9720013556855736
FOODS_3_808__CA_3,tight_capacity,48,0.05,5622.3791447666035,5622.8791447666035,0.008893032417876116
FOODS_3_808__CA_3,tight_capacity,48,0.1,5622.3791447666035,5622.8791447666035,0.008893032417876116
FOODS_3_808__CA_3,tight_capacity,48,0.2,5622.3791447666035,5622.8791447666035,0.008893032417876116
FOODS_3_808__CA_3,tight_capacity,96,0.05,5622.3791447666035,5622.8791447666035,0.008893032417876116
FOODS_3_808__CA_3,tight_capacity,96,0.1,5622.3791447666035,5622.8791447666035,0.008893032417876116
FOODS_3_808__CA_3,tight_capacity,96,0.2,5622.3791447666035,5622.8791447666035,0.008893032417876116
FOODS_3_808__CA_3,tight_capacity,192,0.05,5622.3791447666035,5622.8791447666035,0.008893032417876116
FOODS_3_808__CA_3,tight_capacity,192,0.1,5622.3791447666035,5622.8791447666035,0.008893032417876116
FOODS_3_808__CA_3,tight_capacity,192,0.2,5622.3791447666035,5622.8791447666035,0.008893032417876116
HOUSEHOLD_1_118__CA_3,long_lead,48,0.05,10592.53035714286,3959.8417680385246,-62.61665877248787
HOUSEHOLD_1_118__CA_3,long_lead,48,0.1,10592.53035714286,3959.8417680385246,-62.61665877248787
HOUSEHOLD_1_118__CA_3,long_lead,48,0.2,10592.53035714286,3959.8417680385246,-62.61665877248787
HOUSEHOLD_1_118__CA_3,long_lead,96,0.05,10592.53035714286,3959.8417680385246,-62.61665877248787
HOUSEHOLD_1_118__CA_3,long_lead,96,0.1,10592.53035714286,3959.8417680385246,-62.61665877248787
HOUSEHOLD_1_118__CA_3,long_lead,96,0.2,10592.53035714286,3959.8417680385246,-62.61665877248787
HOUSEHOLD_1_118__CA_3,long_lead,192,0.05,10592.53035714286,3959.8417680385246,-62.61665877248787
HOUSEHOLD_1_118__CA_3,long_lead,192,0.1,10592.53035714286,3959.8417680385246,-62.61665877248787
HOUSEHOLD_1_118__CA_3,long_lead,192,0.2,10592.53035714286,3959.8417680385246,-62.61665877248787
HOUSEHOLD_1_118__CA_3,tight_capacity,48,0.05,11767.609268750002,11771.109268750002,0.029742659873102522
HOUSEHOLD_1_118__CA_3,tight_capacity,48,0.1,11767.609268750002,12565.69383793527,6.7820451117854255
HOUSEHOLD_1_118__CA_3,tight_capacity,48,0.2,11767.609268750002,12565.69383793527,6.7820451117854255
HOUSEHOLD_1_118__CA_3,tight_capacity,96,0.05,11767.609268750002,12565.69383793527,6.7820451117854255
HOUSEHOLD_1_118__CA_3,tight_capacity,96,0.1,11767.609268750002,11771.109268750002,0.029742659873102522
HOUSEHOLD_1_118__CA_3,tight_capacity,96,0.2,11767.609268750002,11771.109268750002,0.029742659873102522
HOUSEHOLD_1_118__CA_3,tight_capacity,192,0.05,11767.609268750002,11771.109268750002,0.029742659873102522
HOUSEHOLD_1_118__CA_3,tight_capacity,192,0.1,11767.609268750002,11771.109268750002,0.029742659873102522
HOUSEHOLD_1_118__CA_3,tight_capacity,192,0.2,11767.609268750002,11771.109268750002,0.029742659873102522
HOUSEHOLD_1_334__CA_3,long_lead,48,0.05,8533.558440717494,6084.107399942806,-28.70374718578408
HOUSEHOLD_1_334__CA_3,long_lead,48,0.1,8533.558440717494,5919.214542799951,-30.636034382132042
HOUSEHOLD_1_334__CA_3,long_lead,48,0.2,8533.558440717494,5919.214542799951,-30.636034382132042
HOUSEHOLD_1_334__CA_3,long_lead,96,0.05,8533.558440717494,5919.714542799951,-30.63017516169694
HOUSEHOLD_1_334__CA_3,long_lead,96,0.1,8533.558440717494,5919.714542799951,-30.63017516169694
HOUSEHOLD_1_334__CA_3,long_lead,96,0.2,8533.558440717494,5919.714542799951,-30.63017516169694
HOUSEHOLD_1_334__CA_3,long_lead,192,0.05,8533.558440717494,5919.714542799951,-30.63017516169694
HOUSEHOLD_1_334__CA_3,long_lead,192,0.1,8533.558440717494,5919.714542799951,-30.63017516169694
HOUSEHOLD_1_334__CA_3,long_lead,192,0.2,8533.558440717494,5919.714542799951,-30.63017516169694
HOUSEHOLD_1_334__CA_3,tight_capacity,48,0.05,14523.898000011985,14357.751142857149,-1.1439549985458355
HOUSEHOLD_1_334__CA_3,tight_capacity,48,0.1,14523.898000011985,14357.751142857149,-1.1439549985458355
HOUSEHOLD_1_334__CA_3,tight_capacity,48,0.2,14523.898000011985,14357.251142857149,-1.1473976005249984
HOUSEHOLD_1_334__CA_3,tight_capacity,96,0.05,14523.898000011985,14357.751142857149,-1.1439549985458355
HOUSEHOLD_1_334__CA_3,tight_capacity,96,0.1,14523.898000011985,14357.751142857149,-1.1439549985458355
HOUSEHOLD_1_334__CA_3,tight_capacity,96,0.2,14523.898000011985,14357.251142857149,-1.1473976005249984
HOUSEHOLD_1_334__CA_3,tight_capacity,192,0.05,14523.898000011985,14357.751142857149,-1.1439549985458355
HOUSEHOLD_1_334__CA_3,tight_capacity,192,0.1,14523.898000011985,14357.751142857149,-1.1439549985458355
HOUSEHOLD_1_334__CA_3,tight_capacity,192,0.2,14523.898000011985,14357.251142857149,-1.1473976005249984
HOUSEHOLD_1_459__CA_3,long_lead,48,0.05,9194.245560560781,9861.983678259203,7.2625656265123135
HOUSEHOLD_1_459__CA_3,long_lead,48,0.1,9194.245560560781,9861.983678259203,7.2625656265123135
HOUSEHOLD_1_459__CA_3,long_lead,48,0.2,9194.245560560781,9886.38644840643,7.5279791396330085
HOUSEHOLD_1_459__CA_3,long_lead,96,0.05,9194.245560560781,9861.983678259203,7.2625656265123135
HOUSEHOLD_1_459__CA_3,long_lead,96,0.1,9194.245560560781,9673.85313869829,5.216388609358143
HOUSEHOLD_1_459__CA_3,long_lead,96,0.2,9194.245560560781,11036.354520089291,20.035455300762656
HOUSEHOLD_1_459__CA_3,long_lead,192,0.05,9194.245560560781,10189.430937270494,10.824002580251008
HOUSEHOLD_1_459__CA_3,long_lead,192,0.1,9194.245560560781,10667.155106612918,16.019906542090443
HOUSEHOLD_1_459__CA_3,long_lead,192,0.2,9194.245560560781,11036.354520089291,20.035455300762656
HOUSEHOLD_1_459__CA_3,tight_capacity,48,0.05,18583.468370535727,19295.821846261173,3.833264391349513
HOUSEHOLD_1_459__CA_3,tight_capacity,48,0.1,18583.468370535727,19295.821846261173,3.833264391349513
HOUSEHOLD_1_459__CA_3,tight_capacity,48,0.2,18583.468370535727,19295.821846261173,3.833264391349513
HOUSEHOLD_1_459__CA_3,tight_capacity,96,0.05,18583.468370535727,19295.821846261173,3.833264391349513
HOUSEHOLD_1_459__CA_3,tight_capacity,96,0.1,18583.468370535727,19295.821846261173,3.833264391349513
HOUSEHOLD_1_459__CA_3,tight_capacity,96,0.2,18583.468370535727,19295.821846261173,3.833264391349513
HOUSEHOLD_1_459__CA_3,tight_capacity,192,0.05,18583.468370535727,19295.821846261173,3.833264391349513
HOUSEHOLD_1_459__CA_3,tight_capacity,192,0.1,18583.468370535727,19295.821846261173,3.833264391349513
HOUSEHOLD_1_459__CA_3,tight_capacity,192,0.2,18583.468370535727,19295.821846261173,3.833264391349513
