dataset,scenario_id,planning_unit,selected_budget_K,budget_rule,unconstrained_dp_switch_count,budgeted_dp_switch_count,switch_reduction,expected_nonbinding,expected_binding,unconstrained_path_exceedance,classification_basis,constraint_activated,rate_limit_binding,switch_budget_binding,path_agreement,model_path_agreement,executed_plan_agreement,switch_count_agreement,unrounded_cost_agreement,operational_outcomes_agreement,dynamic_cost_difference,governance_cost_difference,unrounded_cost_difference,structural_equivalence,tie_flag,beam_width,state_rounding_rule,candidate_ordering,tie_breaking,implementation_branch_difference,numerical_tolerance,total_holding_cost_difference,total_shortage_cost_difference,total_order_change_cost_difference,total_expedite_cost_difference,total_switching_cost_difference,fill_rate_difference,average_on_hand_inventory_difference,ending_backlog_difference,total_lost_sales_difference,execution_violation_units_difference,planning_execution_gap_rate_difference,plan_volatility_difference,disagreement_diagnostic,n_expected_binding_units,n_total_units,expected_binding_rate,mean_effect_when_expected_binding,n_binding_units,activation_rate,mean_effect_when_binding
M5,frozen_horizon,FOODS_1_218__TX_2,0,validation_q25,0.0,0.0,0.0,True,False,False,unconstrained_switch_count > K,False,False,False,True,True,True,True,True,True,0.0,0.0,0.0,True,True,96,0.10*validation_mean; floor=0.25,sorted model names,deterministic accumulated cost then model path,switch-budget feasibility filter only,1e-09,0.0,0.0,0.0,0.0,0.0,0.0,0.0,0.0,0.0,0.0,0.0,0.0,none,48,100,0.48,-565.5273930567364,48,0.48,-565.5273930567364
M5,frozen_horizon,FOODS_2_197__CA_1,0,validation_q25,0.0,0.0,0.0,True,False,False,unconstrained_switch_count > K,False,False,False,True,True,True,True,True,True,0.0,0.0,0.0,True,True,96,0.10*validation_mean; floor=0.25,sorted model names,deterministic accumulated cost then model path,switch-budget feasibility filter only,1e-09,0.0,0.0,0.0,0.0,0.0,0.0,0.0,0.0,0.0,0.0,0.0,0.0,none,48,100,0.48,-565.5273930567364,48,0.48,-565.5273930567364
M5,frozen_horizon,FOODS_2_197__CA_3,0,validation_q25,0.0,0.0,0.0,True,False,False,unconstrained_switch_count > K,False,False,False,True,True,True,True,True,True,0.0,0.0,0.0,True,True,96,0.10*validation_mean; floor=0.25,sorted model names,deterministic accumulated cost then model path,switch-budget feasibility filter only,1e-09,0.0,0.0,0.0,0.0,0.0,0.0,0.0,0.0,0.0,0.0,0.0,0.0,none,48,100,0.48,-565.5273930567364,48,0.48,-565.5273930567364
M5,frozen_horizon,FOODS_2_276__CA_3,0,validation_q25,0.0,0.0,0.0,True,False,False,unconstrained_switch_count > K,False,False,False,True,True,True,True,True,True,0.0,0.0,0.0,True,True,96,0.10*validation_mean; floor=0.25,sorted model names,deterministic accumulated cost then model path,switch-budget feasibility filter only,1e-09,0.0,0.0,0.0,0.0,0.0,0.0,0.0,0.0,0.0,0.0,0.0,0.0,none,48,100,0.48,-565.5273930567364,48,0.48,-565.5273930567364
M5,frozen_horizon,FOODS_2_360__CA_3,0,validation_q25,3.0,0.0,3.0,False,True,True,unconstrained_switch_count > K,True,False,True,False,False,False,False,False,False,472.25408245414565,-1.5,472.25408245414565,False,False,96,0.10*validation_mean; floor=0.25,sorted model names,deterministic accumulated cost then model path,switch-budget feasibility filter only,1e-09,-35.285714285714285,509.1987253112893,-0.15892857142857142,0.0,-1.5,-0.06456466000990613,-1.2602040816326516,3.767453846502079,0.0,155.22052352576634,0.03571428571428581,-3.178571428571427,branch-specific beam-pruning path: the budget feasibility filter changes the retained approximate state set despite a feasible unconstrained terminal path,48,100,0.48,-565.5273930567364,48,0.48,-565.5273930567364
M5,frozen_horizon,FOODS_2_360__TX_3,0,validation_q25,0.0,0.0,0.0,True,False,False,unconstrained_switch_count > K,False,False,False,True,True,True,True,True,True,0.0,0.0,0.0,True,True,96,0.10*validation_mean; floor=0.25,sorted model names,deterministic accumulated cost then model path,switch-budget feasibility filter only,1e-09,0.0,0.0,0.0,0.0,0.0,0.0,0.0,0.0,0.0,0.0,0.0,0.0,none,48,100,0.48,-565.5273930567364,48,0.48,-565.5273930567364
M5,frozen_horizon,FOODS_2_360__WI_2,0,validation_q25,1.0,0.0,1.0,False,True,True,unconstrained_switch_count > K,True,False,True,False,False,True,False,False,False,-0.5,-0.5,-0.5,False,False,96,0.10*validation_mean; floor=0.25,sorted model names,deterministic accumulated cost then model path,switch-budget feasibility filter only,1e-09,0.0,0.0,0.0,0.0,-0.5,0.0,0.0,0.0,0.0,241.62789629649433,0.0,0.0,branch-specific beam-pruning path: the budget feasibility filter changes the retained approximate state set despite a feasible unconstrained terminal path,48,100,0.48,-565.5273930567364,48,0.48,-565.5273930567364
M5,frozen_horizon,FOODS_3_007__WI_2,0,validation_q25,2.0,0.0,2.0,False,True,True,unconstrained_switch_count > K,True,False,True,False,False,True,False,False,False,-1.0,-1.0,-1.0,False,False,96,0.10*validation_mean; floor=0.25,sorted model names,deterministic accumulated cost then model path,switch-budget feasibility filter only,1e-09,0.0,0.0,0.0,0.0,-1.0,0.0,0.0,0.0,0.0,249.42857142857247,0.0357142857142857,0.0,branch-specific beam-pruning path: the budget feasibility filter changes the retained approximate state set despite a feasible unconstrained terminal path,48,100,0.48,-565.5273930567364,48,0.48,-565.5273930567364
M5,frozen_horizon,FOODS_3_030__TX_2,0,validation_q25,0.0,0.0,0.0,True,False,False,unconstrained_switch_count > K,False,False,False,True,True,True,True,True,True,0.0,0.0,0.0,True,True,96,0.10*validation_mean; floor=0.25,sorted model names,deterministic accumulated cost then model path,switch-budget feasibility filter only,1e-09,0.0,0.0,0.0,0.0,0.0,0.0,0.0,0.0,0.0,0.0,0.0,0.0,none,48,100,0.48,-565.5273930567364,48,0.48,-565.5273930567364
M5,frozen_horizon,FOODS_3_030__TX_3,0,validation_q25,1.0,0.0,1.0,False,True,True,unconstrained_switch_count > K,True,False,True,False,False,False,False,False,False,-48.83143969770947,-0.5,-48.83143969770947,False,False,96,0.10*validation_mean; floor=0.25,sorted model names,deterministic accumulated cost then model path,switch-budget feasibility filter only,1e-09,-35.14517839987042,-12.858439216798729,-0.3278220810402077,0.0,-0.5,0.00478899039731806,-1.255184942852516,0.0,0.0,-24.432460637073405,-0.0714285714285714,-6.556441620804151,branch-specific beam-pruning path: the budget feasibility filter changes the retained approximate state set despite a feasible unconstrained terminal path,48,100,0.48,-565.5273930567364,48,0.48,-565.5273930567364
M5,frozen_horizon,FOODS_3_080__CA_1,0,validation_q25,0.0,0.0,0.0,True,False,False,unconstrained_switch_count > K,False,False,False,True,True,True,True,True,True,0.0,0.0,0.0,True,True,96,0.10*validation_mean; floor=0.25,sorted model names,deterministic accumulated cost then model path,switch-budget feasibility filter only,1e-09,0.0,0.0,0.0,0.0,0.0,0.0,0.0,0.0,0.0,0.0,0.0,0.0,none,48,100,0.48,-565.5273930567364,48,0.48,-565.5273930567364
M5,frozen_horizon,FOODS_3_080__TX_2,0,validation_q25,0.0,0.0,0.0,True,False,False,unconstrained_switch_count > K,False,False,False,True,True,True,True,True,True,0.0,0.0,0.0,True,True,96,0.10*validation_mean; floor=0.25,sorted model names,deterministic accumulated cost then model path,switch-budget feasibility filter only,1e-09,0.0,0.0,0.0,0.0,0.0,0.0,0.0,0.0,0.0,0.0,0.0,0.0,none,48,100,0.48,-565.5273930567364,48,0.48,-565.5273930567364
M5,frozen_horizon,FOODS_3_090__CA_1,0,validation_q25,0.0,0.0,0.0,True,False,False,unconstrained_switch_count > K,False,False,False,True,True,True,True,True,True,0.0,0.0,0.0,True,True,96,0.10*validation_mean; floor=0.25,sorted model names,deterministic accumulated cost then model path,switch-budget feasibility filter only,1e-09,0.0,0.0,0.0,0.0,0.0,0.0,0.0,0.0,0.0,0.0,0.0,0.0,none,48,100,0.48,-565.5273930567364,48,0.48,-565.5273930567364
M5,frozen_horizon,FOODS_3_090__CA_2,0,validation_q25,0.0,0.0,0.0,True,False,False,unconstrained_switch_count > K,False,False,False,True,True,True,True,True,True,0.0,0.0,0.0,True,True,96,0.10*validation_mean; floor=0.25,sorted model names,deterministic accumulated cost then model path,switch-budget feasibility filter only,1e-09,0.0,0.0,0.0,0.0,0.0,0.0,0.0,0.0,0.0,0.0,0.0,0.0,none,48,100,0.48,-565.5273930567364,48,0.48,-565.5273930567364
M5,frozen_horizon,FOODS_3_090__CA_3,0,validation_q25,1.0,0.0,1.0,False,True,True,unconstrained_switch_count > K,True,False,True,False,False,False,False,False,False,-4244.02762317811,-0.5,-4244.02762317811,False,False,96,0.10*validation_mean; floor=0.25,sorted model names,deterministic accumulated cost then model path,switch-budget feasibility filter only,1e-09,-59.652189674797455,-4189.870746003313,5.995312500000001,0.0,-0.5,0.1788657608731341,-2.1304353455284755,0.0,0.0,-1182.5990075086524,-0.1428571428571429,119.90625000000006,branch-specific beam-pruning path: the budget feasibility filter changes the retained approximate state set despite a feasible unconstrained terminal path,48,100,0.48,-565.5273930567364,48,0.48,-565.5273930567364
M5,frozen_horizon,FOODS_3_090__CA_4,0,validation_q25,0.0,0.0,0.0,True,False,False,unconstrained_switch_count > K,False,False,False,True,True,True,True,True,True,0.0,0.0,0.0,True,True,96,0.10*validation_mean; floor=0.25,sorted model names,deterministic accumulated cost then model path,switch-budget feasibility filter only,1e-09,0.0,0.0,0.0,0.0,0.0,0.0,0.0,0.0,0.0,0.0,0.0,0.0,none,48,100,0.48,-565.5273930567364,48,0.48,-565.5273930567364
M5,frozen_horizon,FOODS_3_090__TX_1,0,validation_q25,1.0,0.0,1.0,False,True,True,unconstrained_switch_count > K,True,False,True,False,False,False,False,False,False,-4120.270185815642,-0.5,-4120.270185815642,False,False,96,0.10*validation_mean; floor=0.25,sorted model names,deterministic accumulated cost then model path,switch-budget feasibility filter only,1e-09,72.86021784667696,-4194.691697700468,2.061294038148704,0.0,-0.5,0.30306356770213516,2.6021506373813246,0.0,0.0,-1025.122629377468,-0.25,41.22588076297416,branch-specific beam-pruning path: the budget feasibility filter changes the retained approximate state set despite a feasible unconstrained terminal path,48,100,0.48,-565.5273930567364,48,0.48,-565.5273930567364
M5,frozen_horizon,FOODS_3_090__TX_2,0,validation_q25,0.0,0.0,0.0,True,False,False,unconstrained_switch_count > K,False,False,False,True,True,True,True,True,True,0.0,0.0,0.0,True,True,96,0.10*validation_mean; floor=0.25,sorted model names,deterministic accumulated cost then model path,switch-budget feasibility filter only,1e-09,0.0,0.0,0.0,0.0,0.0,0.0,0.0,0.0,0.0,0.0,0.0,0.0,none,48,100,0.48,-565.5273930567364,48,0.48,-565.5273930567364
M5,frozen_horizon,FOODS_3_090__TX_3,0,validation_q25,0.0,0.0,0.0,True,False,False,unconstrained_switch_count > K,False,False,False,True,True,True,True,True,True,0.0,0.0,0.0,True,True,96,0.10*validation_mean; floor=0.25,sorted model names,deterministic accumulated cost then model path,switch-budget feasibility filter only,1e-09,0.0,0.0,0.0,0.0,0.0,0.0,0.0,0.0,0.0,0.0,0.0,0.0,none,48,100,0.48,-565.5273930567364,48,0.48,-565.5273930567364
M5,frozen_horizon,FOODS_3_090__WI_3,0,validation_q25,0.0,0.0,0.0,True,False,False,unconstrained_switch_count > K,False,False,False,True,True,True,True,True,True,0.0,0.0,0.0,True,True,96,0.10*validation_mean; floor=0.25,sorted model names,deterministic accumulated cost then model path,switch-budget feasibility filter only,1e-09,0.0,0.0,0.0,0.0,0.0,0.0,0.0,0.0,0.0,0.0,0.0,0.0,none,48,100,0.48,-565.5273930567364,48,0.48,-565.5273930567364
M5,frozen_horizon,FOODS_3_099__TX_2,0,validation_q25,0.0,0.0,0.0,True,False,False,unconstrained_switch_count > K,False,False,False,True,True,True,True,True,True,0.0,0.0,0.0,True,True,96,0.10*validation_mean; floor=0.25,sorted model names,deterministic accumulated cost then model path,switch-budget feasibility filter only,1e-09,0.0,0.0,0.0,0.0,0.0,0.0,0.0,0.0,0.0,0.0,0.0,0.0,none,48,100,0.48,-565.5273930567364,48,0.48,-565.5273930567364
M5,frozen_horizon,FOODS_3_120__CA_1,0,validation_q25,4.0,0.0,4.0,False,True,True,unconstrained_switch_count > K,True,False,True,False,False,True,False,False,False,-2.0,-2.0,-2.0,False,False,96,0.10*validation_mean; floor=0.25,sorted model names,deterministic accumulated cost then model path,switch-budget feasibility filter only,1e-09,0.0,0.0,0.0,0.0,-2.0,0.0,0.0,0.0,0.0,1293.8731917353725,0.0,0.0,branch-specific beam-pruning path: the budget feasibility filter changes the retained approximate state set despite a feasible unconstrained terminal path,48,100,0.48,-565.5273930567364,48,0.48,-565.5273930567364
M5,frozen_horizon,FOODS_3_120__CA_3,0,validation_q25,5.0,0.0,5.0,False,True,True,unconstrained_switch_count > K,True,False,True,False,False,True,False,False,False,-2.5,-2.5,-2.5,False,False,96,0.10*validation_mean; floor=0.25,sorted model names,deterministic accumulated cost then model path,switch-budget feasibility filter only,1e-09,0.0,0.0,0.0,0.0,-2.5,0.0,0.0,0.0,0.0,203.3907194053172,0.0,0.0,branch-specific beam-pruning path: the budget feasibility filter changes the retained approximate state set despite a feasible unconstrained terminal path,48,100,0.48,-565.5273930567364,48,0.48,-565.5273930567364
M5,frozen_horizon,FOODS_3_120__WI_3,0,validation_q25,5.0,0.0,5.0,False,True,True,unconstrained_switch_count > K,True,False,True,False,False,True,False,False,False,-2.5,-2.5,-2.5,False,False,96,0.10*validation_mean; floor=0.25,sorted model names,deterministic accumulated cost then model path,switch-budget feasibility filter only,1e-09,0.0,0.0,0.0,0.0,-2.5,0.0,0.0,0.0,0.0,214.5,0.0,0.0,branch-specific beam-pruning path: the budget feasibility filter changes the retained approximate state set despite a feasible unconstrained terminal path,48,100,0.48,-565.5273930567364,48,0.48,-565.5273930567364
M5,frozen_horizon,FOODS_3_202__CA_3,0,validation_q25,1.0,0.0,1.0,False,True,True,unconstrained_switch_count > K,True,False,True,False,False,False,False,False,False,-1344.6298931474585,-0.5,-1344.6298931474585,False,False,96,0.10*validation_mean; floor=0.25,sorted model names,deterministic accumulated cost then model path,switch-budget feasibility filter only,1e-09,-52.58568970195958,-1291.421102494778,-0.12310095072024518,0.0,-0.5,0.0662026263884141,-1.8780603464985548,-12.785733838613766,0.0,-289.76172226674544,-0.0357142857142857,-2.462019014404909,branch-specific beam-pruning path: the budget feasibility filter changes the retained approximate state set despite a feasible unconstrained terminal path,48,100,0.48,-565.5273930567364,48,0.48,-565.5273930567364
M5,frozen_horizon,FOODS_3_202__TX_1,0,validation_q25,1.0,0.0,1.0,False,True,True,unconstrained_switch_count > K,True,False,True,False,False,False,False,False,False,-961.1825141623403,-0.5,-961.1825141623403,False,False,96,0.10*validation_mean; floor=0.25,sorted model names,deterministic accumulated cost then model path,switch-budget feasibility filter only,1e-09,-13.107595842897695,-948.1509274029786,0.5760090835352232,0.0,-0.5,0.1863416446432703,-0.46812842296063195,0.0,0.0,-250.666172474488,-0.1785714285714286,11.520181670704474,branch-specific beam-pruning path: the budget feasibility filter changes the retained approximate state set despite a feasible unconstrained terminal path,48,100,0.48,-565.5273930567364,48,0.48,-565.5273930567364
M5,frozen_horizon,FOODS_3_202__TX_2,0,validation_q25,0.0,0.0,0.0,True,False,False,unconstrained_switch_count > K,False,False,False,True,True,True,True,True,True,0.0,0.0,0.0,True,True,96,0.10*validation_mean; floor=0.25,sorted model names,deterministic accumulated cost then model path,switch-budget feasibility filter only,1e-09,0.0,0.0,0.0,0.0,0.0,0.0,0.0,0.0,0.0,0.0,0.0,0.0,none,48,100,0.48,-565.5273930567364,48,0.48,-565.5273930567364
M5,frozen_horizon,FOODS_3_202__TX_3,0,validation_q25,1.0,0.0,1.0,False,True,True,unconstrained_switch_count > K,True,False,True,False,False,False,False,False,False,-213.8045212359832,-0.5,-213.8045212359832,False,False,96,0.10*validation_mean; floor=0.25,sorted model names,deterministic accumulated cost then model path,switch-budget feasibility filter only,1e-09,-65.83121037739613,-148.90598417957756,1.4326733209903342,0.0,-0.5,0.0356661039951085,-2.351114656335575,0.0,0.0,-48.87048255020119,0.0,28.653466419806705,branch-specific beam-pruning path: the budget feasibility filter changes the retained approximate state set despite a feasible unconstrained terminal path,48,100,0.48,-565.5273930567364,48,0.48,-565.5273930567364
M5,frozen_horizon,FOODS_3_226__WI_1,0,validation_q25,1.0,0.0,1.0,False,True,True,unconstrained_switch_count > K,True,False,True,False,False,False,False,False,False,-1995.3700570663477,-0.5,-1995.3700570663477,False,False,96,0.10*validation_mean; floor=0.25,sorted model names,deterministic accumulated cost then model path,switch-budget feasibility filter only,1e-09,131.72933528140265,-2130.0538616914027,3.454469343652992,0.0,-0.5,0.23592097414178648,4.70461911719295,-7.105427357601002e-15,0.0,-495.8296166465691,-0.1785714285714286,69.08938687305988,branch-specific beam-pruning path: the budget feasibility filter changes the retained approximate state set despite a feasible unconstrained terminal path,48,100,0.48,-565.5273930567364,48,0.48,-565.5273930567364
M5,frozen_horizon,FOODS_3_226__WI_2,0,validation_q25,1.0,0.0,1.0,False,True,True,unconstrained_switch_count > K,True,False,True,False,False,False,False,False,False,-16.266941297025824,-0.5,-16.266941297025824,False,False,96,0.10*validation_mean; floor=0.25,sorted model names,deterministic accumulated cost then model path,switch-budget feasibility filter only,1e-09,-0.9728192498685644,-14.064475179228566,-0.7296468679282437,0.0,-0.5,0.0022395661113421284,-0.03474354463816276,0.0,0.0,-0.2295827964679802,-0.0357142857142857,-14.592937358564939,branch-specific beam-pruning path: the budget feasibility filter changes the retained approximate state set despite a feasible unconstrained terminal path,48,100,0.48,-565.5273930567364,48,0.48,-565.5273930567364
M5,frozen_horizon,FOODS_3_226__WI_3,0,validation_q25,1.0,0.0,1.0,False,True,True,unconstrained_switch_count > K,True,False,True,False,False,False,False,False,False,-5.412069840260983,-0.5,-5.412069840260983,False,False,96,0.10*validation_mean; floor=0.25,sorted model names,deterministic accumulated cost then model path,switch-budget feasibility filter only,1e-09,15.374188587751405,-20.0769595516944,-0.20929887631799637,0.0,-0.5,0.0031248186072677653,0.5490781638482538,0.0,0.0,10.389382688739362,0.0714285714285714,-4.185977526359835,branch-specific beam-pruning path: the budget feasibility filter changes the retained approximate state set despite a feasible unconstrained terminal path,48,100,0.48,-565.5273930567364,48,0.48,-565.5273930567364
M5,frozen_horizon,FOODS_3_234__CA_3,0,validation_q25,0.0,0.0,0.0,True,False,False,unconstrained_switch_count > K,False,False,False,True,True,True,True,True,True,0.0,0.0,0.0,True,True,96,0.10*validation_mean; floor=0.25,sorted model names,deterministic accumulated cost then model path,switch-budget feasibility filter only,1e-09,0.0,0.0,0.0,0.0,0.0,0.0,0.0,0.0,0.0,0.0,0.0,0.0,none,48,100,0.48,-565.5273930567364,48,0.48,-565.5273930567364
M5,frozen_horizon,FOODS_3_234__WI_2,0,validation_q25,2.0,0.0,2.0,False,True,True,unconstrained_switch_count > K,True,False,True,False,False,False,False,False,False,-4.1187001007347135,-1.0,-4.1187001007347135,False,False,96,0.10*validation_mean; floor=0.25,sorted model names,deterministic accumulated cost then model path,switch-budget feasibility filter only,1e-09,-24.984995349231333,21.79129524849759,0.07500000000000001,0.0,-1.0,-0.005281676653436398,-0.8923212624725474,0.4286954499665967,0.0,8.293869727950892,0.0,1.5,branch-specific beam-pruning path: the budget feasibility filter changes the retained approximate state set despite a feasible unconstrained terminal path,48,100,0.48,-565.5273930567364,48,0.48,-565.5273930567364
M5,frozen_horizon,FOODS_3_234__WI_3,0,validation_q25,0.0,0.0,0.0,True,False,False,unconstrained_switch_count > K,False,False,False,True,True,True,True,True,True,0.0,0.0,0.0,True,True,96,0.10*validation_mean; floor=0.25,sorted model names,deterministic accumulated cost then model path,switch-budget feasibility filter only,1e-09,0.0,0.0,0.0,0.0,0.0,0.0,0.0,0.0,0.0,0.0,0.0,0.0,none,48,100,0.48,-565.5273930567364,48,0.48,-565.5273930567364
M5,frozen_horizon,FOODS_3_252__CA_1,0,validation_q25,1.0,0.0,1.0,False,True,True,unconstrained_switch_count > K,True,False,True,False,False,False,False,False,False,-1048.116338104836,-0.5,-1048.116338104836,False,False,96,0.10*validation_mean; floor=0.25,sorted model names,deterministic accumulated cost then model path,switch-budget feasibility filter only,1e-09,-73.26416882643605,-974.3973235711092,0.045154292708880384,0.0,-0.5,0.061734133667875946,-2.616577458086999,7.105427357601002e-15,0.0,-197.1234115311563,-0.0357142857142857,0.9030858541776041,branch-specific beam-pruning path: the budget feasibility filter changes the retained approximate state set despite a feasible unconstrained terminal path,48,100,0.48,-565.5273930567364,48,0.48,-565.5273930567364
M5,frozen_horizon,FOODS_3_252__CA_2,0,validation_q25,1.0,0.0,1.0,False,True,True,unconstrained_switch_count > K,True,False,True,False,False,False,False,False,False,427.5205263182961,-0.5,427.5205263182961,False,False,96,0.10*validation_mean; floor=0.25,sorted model names,deterministic accumulated cost then model path,switch-budget feasibility filter only,1e-09,-95.50593755043758,524.1224460115918,-0.5959821428571423,0.0,-0.5,-0.04805604971945776,-3.4109263410870536,0.0,0.0,120.3056791645621,0.0357142857142857,-11.919642857142861,branch-specific beam-pruning path: the budget feasibility filter changes the retained approximate state set despite a feasible unconstrained terminal path,48,100,0.48,-565.5273930567364,48,0.48,-565.5273930567364
M5,frozen_horizon,FOODS_3_252__CA_3,0,validation_q25,1.0,0.0,1.0,False,True,True,unconstrained_switch_count > K,True,False,True,False,False,False,False,False,False,-5534.923844470182,-0.5,-5534.923844470182,False,False,96,0.10*validation_mean; floor=0.25,sorted model names,deterministic accumulated cost then model path,switch-budget feasibility filter only,1e-09,-82.22792292752177,-5453.015808206325,0.819886663666221,0.0,-0.5,0.3645275800681591,-2.9367115331257754,-41.319885446438654,0.0,-1197.2234160189746,-0.1428571428571428,16.39773327332442,branch-specific beam-pruning path: the budget feasibility filter changes the retained approximate state set despite a feasible unconstrained terminal path,48,100,0.48,-565.5273930567364,48,0.48,-565.5273930567364
M5,frozen_horizon,FOODS_3_252__TX_1,0,validation_q25,0.0,0.0,0.0,True,False,False,unconstrained_switch_count > K,False,False,False,True,True,True,True,True,True,0.0,0.0,0.0,True,True,96,0.10*validation_mean; floor=0.25,sorted model names,deterministic accumulated cost then model path,switch-budget feasibility filter only,1e-09,0.0,0.0,0.0,0.0,0.0,0.0,0.0,0.0,0.0,0.0,0.0,0.0,none,48,100,0.48,-565.5273930567364,48,0.48,-565.5273930567364
M5,frozen_horizon,FOODS_3_252__TX_2,0,validation_q25,0.0,0.0,0.0,True,False,False,unconstrained_switch_count > K,False,False,False,True,True,True,True,True,True,0.0,0.0,0.0,True,True,96,0.10*validation_mean; floor=0.25,sorted model names,deterministic accumulated cost then model path,switch-budget feasibility filter only,1e-09,0.0,0.0,0.0,0.0,0.0,0.0,0.0,0.0,0.0,0.0,0.0,0.0,none,48,100,0.48,-565.5273930567364,48,0.48,-565.5273930567364
M5,frozen_horizon,FOODS_3_252__TX_3,0,validation_q25,0.0,0.0,0.0,True,False,False,unconstrained_switch_count > K,False,False,False,True,True,True,True,True,True,0.0,0.0,0.0,True,True,96,0.10*validation_mean; floor=0.25,sorted model names,deterministic accumulated cost then model path,switch-budget feasibility filter only,1e-09,0.0,0.0,0.0,0.0,0.0,0.0,0.0,0.0,0.0,0.0,0.0,0.0,none,48,100,0.48,-565.5273930567364,48,0.48,-565.5273930567364
M5,frozen_horizon,FOODS_3_252__WI_3,0,validation_q25,0.0,0.0,0.0,True,False,False,unconstrained_switch_count > K,False,False,False,True,True,True,True,True,True,0.0,0.0,0.0,True,True,96,0.10*validation_mean; floor=0.25,sorted model names,deterministic accumulated cost then model path,switch-budget feasibility filter only,1e-09,0.0,0.0,0.0,0.0,0.0,0.0,0.0,0.0,0.0,0.0,0.0,0.0,none,48,100,0.48,-565.5273930567364,48,0.48,-565.5273930567364
M5,frozen_horizon,FOODS_3_281__CA_3,0,validation_q25,4.0,0.0,4.0,False,True,True,unconstrained_switch_count > K,True,False,True,False,False,True,False,False,False,-2.0,-2.0,-2.0,False,False,96,0.10*validation_mean; floor=0.25,sorted model names,deterministic accumulated cost then model path,switch-budget feasibility filter only,1e-09,0.0,0.0,0.0,0.0,-2.0,0.0,0.0,0.0,0.0,335.9897028169562,0.0,0.0,branch-specific beam-pruning path: the budget feasibility filter changes the retained approximate state set despite a feasible unconstrained terminal path,48,100,0.48,-565.5273930567364,48,0.48,-565.5273930567364
M5,frozen_horizon,FOODS_3_282__CA_3,0,validation_q25,0.0,0.0,0.0,True,False,False,unconstrained_switch_count > K,False,False,False,True,True,True,True,True,True,0.0,0.0,0.0,True,True,96,0.10*validation_mean; floor=0.25,sorted model names,deterministic accumulated cost then model path,switch-budget feasibility filter only,1e-09,0.0,0.0,0.0,0.0,0.0,0.0,0.0,0.0,0.0,0.0,0.0,0.0,none,48,100,0.48,-565.5273930567364,48,0.48,-565.5273930567364
M5,frozen_horizon,FOODS_3_288__CA_3,0,validation_q25,1.0,0.0,1.0,False,True,True,unconstrained_switch_count > K,True,False,True,False,False,False,False,False,False,-420.53569284822424,-0.5,-420.53569284822424,False,False,96,0.10*validation_mean; floor=0.25,sorted model names,deterministic accumulated cost then model path,switch-budget feasibility filter only,1e-09,-19.508459734348776,-400.38333838437313,-0.14389472950267646,0.0,-0.5,0.06906161219251206,-0.696730704798167,0.0,0.0,-108.36405734014055,-0.1428571428571429,-2.8778945900535007,branch-specific beam-pruning path: the budget feasibility filter changes the retained approximate state set despite a feasible unconstrained terminal path,48,100,0.48,-565.5273930567364,48,0.48,-565.5273930567364
M5,frozen_horizon,FOODS_3_318__CA_3,0,validation_q25,1.0,0.0,1.0,False,True,True,unconstrained_switch_count > K,True,False,True,False,False,False,False,False,False,1279.8317114696956,-0.5,1279.8317114696956,False,False,96,0.10*validation_mean; floor=0.25,sorted model names,deterministic accumulated cost then model path,switch-budget feasibility filter only,1e-09,-98.59554660772574,1380.9568568638397,-2.0295987864191174,0.0,-0.5,-0.1622670734898326,-3.5212695217044896,0.0,0.0,251.25855136956915,0.0357142857142857,-40.591975728382394,branch-specific beam-pruning path: the budget feasibility filter changes the retained approximate state set despite a feasible unconstrained terminal path,48,100,0.48,-565.5273930567364,48,0.48,-565.5273930567364
M5,frozen_horizon,FOODS_3_318__WI_3,0,validation_q25,0.0,0.0,0.0,True,False,False,unconstrained_switch_count > K,False,False,False,True,True,True,True,True,True,0.0,0.0,0.0,True,True,96,0.10*validation_mean; floor=0.25,sorted model names,deterministic accumulated cost then model path,switch-budget feasibility filter only,1e-09,0.0,0.0,0.0,0.0,0.0,0.0,0.0,0.0,0.0,0.0,0.0,0.0,none,48,100,0.48,-565.5273930567364,48,0.48,-565.5273930567364
M5,frozen_horizon,FOODS_3_319__CA_3,0,validation_q25,0.0,0.0,0.0,True,False,False,unconstrained_switch_count > K,False,False,False,True,True,True,True,True,True,0.0,0.0,0.0,True,True,96,0.10*validation_mean; floor=0.25,sorted model names,deterministic accumulated cost then model path,switch-budget feasibility filter only,1e-09,0.0,0.0,0.0,0.0,0.0,0.0,0.0,0.0,0.0,0.0,0.0,0.0,none,48,100,0.48,-565.5273930567364,48,0.48,-565.5273930567364
M5,frozen_horizon,FOODS_3_376__WI_2,0,validation_q25,1.0,0.0,1.0,False,True,True,unconstrained_switch_count > K,True,False,True,False,False,True,False,False,False,-0.5,-0.5,-0.5,False,False,96,0.10*validation_mean; floor=0.25,sorted model names,deterministic accumulated cost then model path,switch-budget feasibility filter only,1e-09,0.0,0.0,0.0,0.0,-0.5,0.0,0.0,0.0,0.0,71.50622313831036,0.0,0.0,branch-specific beam-pruning path: the budget feasibility filter changes the retained approximate state set despite a feasible unconstrained terminal path,48,100,0.48,-565.5273930567364,48,0.48,-565.5273930567364
M5,frozen_horizon,FOODS_3_377__TX_2,0,validation_q25,0.0,0.0,0.0,True,False,False,unconstrained_switch_count > K,False,False,False,True,True,True,True,True,True,0.0,0.0,0.0,True,True,96,0.10*validation_mean; floor=0.25,sorted model names,deterministic accumulated cost then model path,switch-budget feasibility filter only,1e-09,0.0,0.0,0.0,0.0,0.0,0.0,0.0,0.0,0.0,0.0,0.0,0.0,none,48,100,0.48,-565.5273930567364,48,0.48,-565.5273930567364
M5,frozen_horizon,FOODS_3_377__TX_3,0,validation_q25,1.0,0.0,1.0,False,True,True,unconstrained_switch_count > K,True,False,True,False,False,False,False,False,False,-3.629910714285984,-0.5,-3.629910714285984,False,False,96,0.10*validation_mean; floor=0.25,sorted model names,deterministic accumulated cost then model path,switch-budget feasibility filter only,1e-09,0.0,-2.6785714285715585,-0.45133928571428683,0.0,-0.5,0.0004559270516717451,0.0,-0.535714285714306,0.0,-6.955357142857125,-0.0357142857142857,-9.026785714285836,branch-specific beam-pruning path: the budget feasibility filter changes the retained approximate state set despite a feasible unconstrained terminal path,48,100,0.48,-565.5273930567364,48,0.48,-565.5273930567364
M5,frozen_horizon,FOODS_3_412__WI_2,0,validation_q25,1.0,0.0,1.0,False,True,True,unconstrained_switch_count > K,True,False,True,False,False,True,False,False,False,-0.5,-0.5,-0.5,False,False,96,0.10*validation_mean; floor=0.25,sorted model names,deterministic accumulated cost then model path,switch-budget feasibility filter only,1e-09,0.0,0.0,0.0,0.0,-0.5,0.0,0.0,0.0,0.0,-63.339054152086646,0.0,0.0,branch-specific beam-pruning path: the budget feasibility filter changes the retained approximate state set despite a feasible unconstrained terminal path,48,100,0.48,-565.5273930567364,48,0.48,-565.5273930567364
M5,frozen_horizon,FOODS_3_462__WI_2,0,validation_q25,1.0,0.0,1.0,False,True,True,unconstrained_switch_count > K,True,False,True,False,False,False,False,False,False,-30.749282596588728,-0.5,-30.749282596588728,False,False,96,0.10*validation_mean; floor=0.25,sorted model names,deterministic accumulated cost then model path,switch-budget feasibility filter only,1e-09,-30.6627248202891,0.44339769015959973,-0.029955466458655877,0.0,-0.5,-0.00010827782421463095,-1.0950973150103263,0.0,0.0,-6.112520692299199,0.0,-0.5991093291731033,branch-specific beam-pruning path: the budget feasibility filter changes the retained approximate state set despite a feasible unconstrained terminal path,48,100,0.48,-565.5273930567364,48,0.48,-565.5273930567364
M5,frozen_horizon,FOODS_3_501__CA_3,0,validation_q25,0.0,0.0,0.0,True,False,False,unconstrained_switch_count > K,False,False,False,True,True,True,True,True,True,0.0,0.0,0.0,True,True,96,0.10*validation_mean; floor=0.25,sorted model names,deterministic accumulated cost then model path,switch-budget feasibility filter only,1e-09,0.0,0.0,0.0,0.0,0.0,0.0,0.0,0.0,0.0,0.0,0.0,0.0,none,48,100,0.48,-565.5273930567364,48,0.48,-565.5273930567364
M5,frozen_horizon,FOODS_3_541__CA_1,0,validation_q25,1.0,0.0,1.0,False,True,True,unconstrained_switch_count > K,True,False,True,False,False,False,False,False,False,-5.217637151787969,-0.5,-5.217637151787969,False,False,96,0.10*validation_mean; floor=0.25,sorted model names,deterministic accumulated cost then model path,switch-budget feasibility filter only,1e-09,-4.708728787366383,0.0,-0.008908364421592,0.0,-0.5,0.0,-0.16816888526308515,0.0,0.0,-5.803773498641222,-0.0357142857142857,-0.1781672884318395,branch-specific beam-pruning path: the budget feasibility filter changes the retained approximate state set despite a feasible unconstrained terminal path,48,100,0.48,-565.5273930567364,48,0.48,-565.5273930567364
M5,frozen_horizon,FOODS_3_541__CA_3,0,validation_q25,0.0,0.0,0.0,True,False,False,unconstrained_switch_count > K,False,False,False,True,True,True,True,True,True,0.0,0.0,0.0,True,True,96,0.10*validation_mean; floor=0.25,sorted model names,deterministic accumulated cost then model path,switch-budget feasibility filter only,1e-09,0.0,0.0,0.0,0.0,0.0,0.0,0.0,0.0,0.0,0.0,0.0,0.0,none,48,100,0.48,-565.5273930567364,48,0.48,-565.5273930567364
M5,frozen_horizon,FOODS_3_547__WI_2,0,validation_q25,1.0,0.0,1.0,False,True,True,unconstrained_switch_count > K,True,False,True,False,False,True,False,False,False,-0.5,-0.5,-0.5,False,False,96,0.10*validation_mean; floor=0.25,sorted model names,deterministic accumulated cost then model path,switch-budget feasibility filter only,1e-09,0.0,0.0,0.0,0.0,-0.5,0.0,0.0,0.0,0.0,-70.00087933128498,0.0,0.0,branch-specific beam-pruning path: the budget feasibility filter changes the retained approximate state set despite a feasible unconstrained terminal path,48,100,0.48,-565.5273930567364,48,0.48,-565.5273930567364
M5,frozen_horizon,FOODS_3_555__CA_1,0,validation_q25,1.0,0.0,1.0,False,True,True,unconstrained_switch_count > K,True,False,True,False,False,False,False,False,False,-75.87093641040542,-0.5,-75.87093641040542,False,False,96,0.10*validation_mean; floor=0.25,sorted model names,deterministic accumulated cost then model path,switch-budget feasibility filter only,1e-09,-20.842100146931756,-55.251051563446595,0.7222152999730613,0.0,-0.5,0.01607717194112579,-0.744360719533276,0.0,0.0,-11.03679274823665,0.03571428571428581,14.444305999461221,branch-specific beam-pruning path: the budget feasibility filter changes the retained approximate state set despite a feasible unconstrained terminal path,48,100,0.48,-565.5273930567364,48,0.48,-565.5273930567364
M5,frozen_horizon,FOODS_3_555__CA_3,0,validation_q25,0.0,0.0,0.0,True,False,False,unconstrained_switch_count > K,False,False,False,True,True,True,True,True,True,0.0,0.0,0.0,True,True,96,0.10*validation_mean; floor=0.25,sorted model names,deterministic accumulated cost then model path,switch-budget feasibility filter only,1e-09,0.0,0.0,0.0,0.0,0.0,0.0,0.0,0.0,0.0,0.0,0.0,0.0,none,48,100,0.48,-565.5273930567364,48,0.48,-565.5273930567364
M5,frozen_horizon,FOODS_3_555__TX_1,0,validation_q25,0.0,0.0,0.0,True,False,False,unconstrained_switch_count > K,False,False,False,True,True,True,True,True,True,0.0,0.0,0.0,True,True,96,0.10*validation_mean; floor=0.25,sorted model names,deterministic accumulated cost then model path,switch-budget feasibility filter only,1e-09,0.0,0.0,0.0,0.0,0.0,0.0,0.0,0.0,0.0,0.0,0.0,0.0,none,48,100,0.48,-565.5273930567364,48,0.48,-565.5273930567364
M5,frozen_horizon,FOODS_3_555__TX_2,0,validation_q25,0.0,0.0,0.0,True,False,False,unconstrained_switch_count > K,False,False,False,True,True,True,True,True,True,0.0,0.0,0.0,True,True,96,0.10*validation_mean; floor=0.25,sorted model names,deterministic accumulated cost then model path,switch-budget feasibility filter only,1e-09,0.0,0.0,0.0,0.0,0.0,0.0,0.0,0.0,0.0,0.0,0.0,0.0,none,48,100,0.48,-565.5273930567364,48,0.48,-565.5273930567364
M5,frozen_horizon,FOODS_3_555__TX_3,0,validation_q25,1.0,0.0,1.0,False,True,True,unconstrained_switch_count > K,True,False,True,False,False,False,False,False,False,-601.0273749911928,-0.5,-601.0273749911928,False,False,96,0.10*validation_mean; floor=0.25,sorted model names,deterministic accumulated cost then model path,switch-budget feasibility filter only,1e-09,-29.47493413829139,-572.0331461753506,0.980705322448796,0.0,-0.5,0.09101165297353053,-1.0526762192246908,5.0915178571428665,0.0,-144.94597355851897,0.0714285714285714,19.614106448975917,branch-specific beam-pruning path: the budget feasibility filter changes the retained approximate state set despite a feasible unconstrained terminal path,48,100,0.48,-565.5273930567364,48,0.48,-565.5273930567364
M5,frozen_horizon,FOODS_3_555__WI_3,0,validation_q25,1.0,0.0,1.0,False,True,True,unconstrained_switch_count > K,True,False,True,False,False,False,False,False,False,-82.2990902836309,-0.5,-82.2990902836309,False,False,96,0.10*validation_mean; floor=0.25,sorted model names,deterministic accumulated cost then model path,switch-budget feasibility filter only,1e-09,-26.873025753282377,-55.60120561077133,0.6751410804228346,0.0,-0.5,0.008682584528590498,-0.9597509197600846,0.0,0.0,-7.788367441578401,-0.0357142857142857,13.502821608456713,branch-specific beam-pruning path: the budget feasibility filter changes the retained approximate state set despite a feasible unconstrained terminal path,48,100,0.48,-565.5273930567364,48,0.48,-565.5273930567364
M5,frozen_horizon,FOODS_3_586__CA_1,0,validation_q25,1.0,0.0,1.0,False,True,True,unconstrained_switch_count > K,True,False,True,False,False,False,False,False,False,-2145.328670092587,-0.5,-2145.328670092587,False,False,96,0.10*validation_mean; floor=0.25,sorted model names,deterministic accumulated cost then model path,switch-budget feasibility filter only,1e-09,-3.689920211815547,-2142.990909071711,1.8521591909391173,0.0,-0.5,0.20124623857768098,-0.13178286470770217,0.0,0.0,-496.0152815834339,-0.0714285714285714,37.04318381878235,branch-specific beam-pruning path: the budget feasibility filter changes the retained approximate state set despite a feasible unconstrained terminal path,48,100,0.48,-565.5273930567364,48,0.48,-565.5273930567364
M5,frozen_horizon,FOODS_3_586__CA_2,0,validation_q25,2.0,0.0,2.0,False,True,True,unconstrained_switch_count > K,True,False,True,False,False,False,False,False,False,-1167.3455183638205,-1.0,-1167.3455183638205,False,False,96,0.10*validation_mean; floor=0.25,sorted model names,deterministic accumulated cost then model path,switch-budget feasibility filter only,1e-09,-11.189842059030582,-1155.3019878526702,0.14631154788128065,0.0,-1.0,0.19792212021099298,-0.3996372163939572,0.0,0.0,-309.84578059207394,-0.25,2.9262309576255063,branch-specific beam-pruning path: the budget feasibility filter changes the retained approximate state set despite a feasible unconstrained terminal path,48,100,0.48,-565.5273930567364,48,0.48,-565.5273930567364
M5,frozen_horizon,FOODS_3_586__CA_3,0,validation_q25,1.0,0.0,1.0,False,True,True,unconstrained_switch_count > K,True,False,True,False,False,False,False,False,False,-531.9081824474001,-0.5,-531.9081824474001,False,False,96,0.10*validation_mean; floor=0.25,sorted model names,deterministic accumulated cost then model path,switch-budget feasibility filter only,1e-09,-103.432069931039,-428.27866513563026,0.3025526192696457,0.0,-0.5,0.045707434913087375,-3.6940024975371095,0.0,0.0,-85.65573302712615,-0.1428571428571429,6.05105238539295,branch-specific beam-pruning path: the budget feasibility filter changes the retained approximate state set despite a feasible unconstrained terminal path,48,100,0.48,-565.5273930567364,48,0.48,-565.5273930567364
M5,frozen_horizon,FOODS_3_586__TX_1,0,validation_q25,1.0,0.0,1.0,False,True,True,unconstrained_switch_count > K,True,False,True,False,False,False,False,False,False,-2452.194932676013,-0.5,-2452.194932676013,False,False,96,0.10*validation_mean; floor=0.25,sorted model names,deterministic accumulated cost then model path,switch-budget feasibility filter only,1e-09,-18.334318000998735,-2435.9649704886765,2.604355813661325,0.0,-0.5,0.18017345317134842,-0.6547970714642428,0.0,0.0,-565.7950244918941,-0.1428571428571429,52.08711627322646,branch-specific beam-pruning path: the budget feasibility filter changes the retained approximate state set despite a feasible unconstrained terminal path,48,100,0.48,-565.5273930567364,48,0.48,-565.5273930567364
M5,frozen_horizon,FOODS_3_586__TX_2,0,validation_q25,0.0,0.0,0.0,True,False,False,unconstrained_switch_count > K,False,False,False,True,True,True,True,True,True,0.0,0.0,0.0,True,True,96,0.10*validation_mean; floor=0.25,sorted model names,deterministic accumulated cost then model path,switch-budget feasibility filter only,1e-09,0.0,0.0,0.0,0.0,0.0,0.0,0.0,0.0,0.0,0.0,0.0,0.0,none,48,100,0.48,-565.5273930567364,48,0.48,-565.5273930567364
M5,frozen_horizon,FOODS_3_586__TX_3,0,validation_q25,1.0,0.0,1.0,False,True,True,unconstrained_switch_count > K,True,False,True,False,False,False,False,False,False,-346.02745987420894,-0.5,-346.02745987420894,False,False,96,0.10*validation_mean; floor=0.25,sorted model names,deterministic accumulated cost then model path,switch-budget feasibility filter only,1e-09,-45.433424993041854,-302.00437089914044,1.910336017973453,0.0,-0.5,0.03703303137941638,-1.6226223211800637,0.0,0.0,-5.908019159188797,0.0,38.206720359468875,branch-specific beam-pruning path: the budget feasibility filter changes the retained approximate state set despite a feasible unconstrained terminal path,48,100,0.48,-565.5273930567364,48,0.48,-565.5273930567364
M5,frozen_horizon,FOODS_3_586__WI_3,0,validation_q25,0.0,0.0,0.0,True,False,False,unconstrained_switch_count > K,False,False,False,True,True,True,True,True,True,0.0,0.0,0.0,True,True,96,0.10*validation_mean; floor=0.25,sorted model names,deterministic accumulated cost then model path,switch-budget feasibility filter only,1e-09,0.0,0.0,0.0,0.0,0.0,0.0,0.0,0.0,0.0,0.0,0.0,0.0,none,48,100,0.48,-565.5273930567364,48,0.48,-565.5273930567364
M5,frozen_horizon,FOODS_3_587__CA_1,0,validation_q25,1.0,0.0,1.0,False,True,True,unconstrained_switch_count > K,True,False,True,False,False,False,False,False,False,-74.49839671377629,-0.5,-74.49839671377629,False,False,96,0.10*validation_mean; floor=0.25,sorted model names,deterministic accumulated cost then model path,switch-budget feasibility filter only,1e-09,-74.70255256922201,0.0,0.7041558554457517,0.0,-0.5,0.0,-2.667948306043648,0.0,0.0,6.615506034993267,0.0357142857142857,14.083117108915019,branch-specific beam-pruning path: the budget feasibility filter changes the retained approximate state set despite a feasible unconstrained terminal path,48,100,0.48,-565.5273930567364,48,0.48,-565.5273930567364
M5,frozen_horizon,FOODS_3_587__CA_3,0,validation_q25,0.0,0.0,0.0,True,False,False,unconstrained_switch_count > K,False,False,False,True,True,True,True,True,True,0.0,0.0,0.0,True,True,96,0.10*validation_mean; floor=0.25,sorted model names,deterministic accumulated cost then model path,switch-budget feasibility filter only,1e-09,0.0,0.0,0.0,0.0,0.0,0.0,0.0,0.0,0.0,0.0,0.0,0.0,none,48,100,0.48,-565.5273930567364,48,0.48,-565.5273930567364
M5,frozen_horizon,FOODS_3_587__TX_1,0,validation_q25,0.0,0.0,0.0,True,False,False,unconstrained_switch_count > K,False,False,False,True,True,True,True,True,True,0.0,0.0,0.0,True,True,96,0.10*validation_mean; floor=0.25,sorted model names,deterministic accumulated cost then model path,switch-budget feasibility filter only,1e-09,0.0,0.0,0.0,0.0,0.0,0.0,0.0,0.0,0.0,0.0,0.0,0.0,none,48,100,0.48,-565.5273930567364,48,0.48,-565.5273930567364
M5,frozen_horizon,FOODS_3_587__TX_2,0,validation_q25,0.0,0.0,0.0,True,False,False,unconstrained_switch_count > K,False,False,False,True,True,True,True,True,True,0.0,0.0,0.0,True,True,96,0.10*validation_mean; floor=0.25,sorted model names,deterministic accumulated cost then model path,switch-budget feasibility filter only,1e-09,0.0,0.0,0.0,0.0,0.0,0.0,0.0,0.0,0.0,0.0,0.0,0.0,none,48,100,0.48,-565.5273930567364,48,0.48,-565.5273930567364
M5,frozen_horizon,FOODS_3_587__TX_3,0,validation_q25,0.0,0.0,0.0,True,False,False,unconstrained_switch_count > K,False,False,False,True,True,True,True,True,True,0.0,0.0,0.0,True,True,96,0.10*validation_mean; floor=0.25,sorted model names,deterministic accumulated cost then model path,switch-budget feasibility filter only,1e-09,0.0,0.0,0.0,0.0,0.0,0.0,0.0,0.0,0.0,0.0,0.0,0.0,none,48,100,0.48,-565.5273930567364,48,0.48,-565.5273930567364
M5,frozen_horizon,FOODS_3_587__WI_3,0,validation_q25,4.0,0.0,4.0,False,True,True,unconstrained_switch_count > K,True,False,True,False,False,True,False,False,False,-2.0,-2.0,-2.0,False,False,96,0.10*validation_mean; floor=0.25,sorted model names,deterministic accumulated cost then model path,switch-budget feasibility filter only,1e-09,0.0,0.0,0.0,0.0,-2.0,0.0,0.0,0.0,0.0,506.01138892049585,0.0,0.0,branch-specific beam-pruning path: the budget feasibility filter changes the retained approximate state set despite a feasible unconstrained terminal path,48,100,0.48,-565.5273930567364,48,0.48,-565.5273930567364
M5,frozen_horizon,FOODS_3_607__CA_3,0,validation_q25,1.0,0.0,1.0,False,True,True,unconstrained_switch_count > K,True,False,True,False,False,False,False,False,False,-1091.7466758384635,-0.5,-1091.7466758384635,False,False,96,0.10*validation_mean; floor=0.25,sorted model names,deterministic accumulated cost then model path,switch-budget feasibility filter only,1e-09,17.24770670570149,-1109.677310959632,1.1829284154666126,0.0,-0.5,0.26885576519660703,0.6159895252036236,0.0,0.0,-310.1924340487128,-0.2142857142857143,23.658568309332267,branch-specific beam-pruning path: the budget feasibility filter changes the retained approximate state set despite a feasible unconstrained terminal path,48,100,0.48,-565.5273930567364,48,0.48,-565.5273930567364
M5,frozen_horizon,FOODS_3_635__CA_3,0,validation_q25,0.0,0.0,0.0,True,False,False,unconstrained_switch_count > K,False,False,False,True,True,True,True,True,True,0.0,0.0,0.0,True,True,96,0.10*validation_mean; floor=0.25,sorted model names,deterministic accumulated cost then model path,switch-budget feasibility filter only,1e-09,0.0,0.0,0.0,0.0,0.0,0.0,0.0,0.0,0.0,0.0,0.0,0.0,none,48,100,0.48,-565.5273930567364,48,0.48,-565.5273930567364
M5,frozen_horizon,FOODS_3_681__CA_3,0,validation_q25,0.0,0.0,0.0,True,False,False,unconstrained_switch_count > K,False,False,False,True,True,True,True,True,True,0.0,0.0,0.0,True,True,96,0.10*validation_mean; floor=0.25,sorted model names,deterministic accumulated cost then model path,switch-budget feasibility filter only,1e-09,0.0,0.0,0.0,0.0,0.0,0.0,0.0,0.0,0.0,0.0,0.0,0.0,none,48,100,0.48,-565.5273930567364,48,0.48,-565.5273930567364
M5,frozen_horizon,FOODS_3_681__WI_3,0,validation_q25,0.0,0.0,0.0,True,False,False,unconstrained_switch_count > K,False,False,False,True,True,True,True,True,True,0.0,0.0,0.0,True,True,96,0.10*validation_mean; floor=0.25,sorted model names,deterministic accumulated cost then model path,switch-budget feasibility filter only,1e-09,0.0,0.0,0.0,0.0,0.0,0.0,0.0,0.0,0.0,0.0,0.0,0.0,none,48,100,0.48,-565.5273930567364,48,0.48,-565.5273930567364
M5,frozen_horizon,FOODS_3_694__CA_3,0,validation_q25,1.0,0.0,1.0,False,True,True,unconstrained_switch_count > K,True,False,True,False,False,False,False,False,False,-209.8483106852732,-0.5,-209.8483106852732,False,False,96,0.10*validation_mean; floor=0.25,sorted model names,deterministic accumulated cost then model path,switch-budget feasibility filter only,1e-09,-2.04580581153661,-207.1695913947051,-0.1329134790312565,0.0,-0.5,0.03332044470452833,-0.07306449326916464,0.0,0.0,-47.99299221443499,-0.1071428571428572,-2.658269580625138,branch-specific beam-pruning path: the budget feasibility filter changes the retained approximate state set despite a feasible unconstrained terminal path,48,100,0.48,-565.5273930567364,48,0.48,-565.5273930567364
M5,frozen_horizon,FOODS_3_694__WI_1,0,validation_q25,1.0,0.0,1.0,False,True,True,unconstrained_switch_count > K,True,False,True,False,False,False,False,False,False,-90.84882429723393,-0.5,-90.84882429723393,False,False,96,0.10*validation_mean; floor=0.25,sorted model names,deterministic accumulated cost then model path,switch-budget feasibility filter only,1e-09,8.582143277132616,-98.8812160191369,-0.049751555229754274,0.0,-0.5,0.010875900353034984,0.3065051170404507,0.0,0.0,-15.559088411988597,0.0,-0.9950311045950855,branch-specific beam-pruning path: the budget feasibility filter changes the retained approximate state set despite a feasible unconstrained terminal path,48,100,0.48,-565.5273930567364,48,0.48,-565.5273930567364
M5,frozen_horizon,FOODS_3_694__WI_2,0,validation_q25,0.0,0.0,0.0,True,False,False,unconstrained_switch_count > K,False,False,False,True,True,True,True,True,True,0.0,0.0,0.0,True,True,96,0.10*validation_mean; floor=0.25,sorted model names,deterministic accumulated cost then model path,switch-budget feasibility filter only,1e-09,0.0,0.0,0.0,0.0,0.0,0.0,0.0,0.0,0.0,0.0,0.0,0.0,none,48,100,0.48,-565.5273930567364,48,0.48,-565.5273930567364
M5,frozen_horizon,FOODS_3_694__WI_3,0,validation_q25,1.0,0.0,1.0,False,True,True,unconstrained_switch_count > K,True,False,True,False,False,False,False,False,False,7.21010800998647,-0.5,7.21010800998647,False,False,96,0.10*validation_mean; floor=0.25,sorted model names,deterministic accumulated cost then model path,switch-budget feasibility filter only,1e-09,-1.2958164722666652,8.793040347523856,0.2128841347295225,0.0,-0.5,-0.0014057618461269517,-0.04627915972380947,0.0,0.0,12.11897080626747,0.0,4.257682694590443,branch-specific beam-pruning path: the budget feasibility filter changes the retained approximate state set despite a feasible unconstrained terminal path,48,100,0.48,-565.5273930567364,48,0.48,-565.5273930567364
M5,frozen_horizon,FOODS_3_711__CA_3,0,validation_q25,0.0,0.0,0.0,True,False,False,unconstrained_switch_count > K,False,False,False,True,True,True,True,True,True,0.0,0.0,0.0,True,True,96,0.10*validation_mean; floor=0.25,sorted model names,deterministic accumulated cost then model path,switch-budget feasibility filter only,1e-09,0.0,0.0,0.0,0.0,0.0,0.0,0.0,0.0,0.0,0.0,0.0,0.0,none,48,100,0.48,-565.5273930567364,48,0.48,-565.5273930567364
M5,frozen_horizon,FOODS_3_711__WI_2,0,validation_q25,0.0,0.0,0.0,True,False,False,unconstrained_switch_count > K,False,False,False,True,True,True,True,True,True,0.0,0.0,0.0,True,True,96,0.10*validation_mean; floor=0.25,sorted model names,deterministic accumulated cost then model path,switch-budget feasibility filter only,1e-09,0.0,0.0,0.0,0.0,0.0,0.0,0.0,0.0,0.0,0.0,0.0,0.0,none,48,100,0.48,-565.5273930567364,48,0.48,-565.5273930567364
M5,frozen_horizon,FOODS_3_714__CA_1,0,validation_q25,0.0,0.0,0.0,True,False,False,unconstrained_switch_count > K,False,False,False,True,True,True,True,True,True,0.0,0.0,0.0,True,True,96,0.10*validation_mean; floor=0.25,sorted model names,deterministic accumulated cost then model path,switch-budget feasibility filter only,1e-09,0.0,0.0,0.0,0.0,0.0,0.0,0.0,0.0,0.0,0.0,0.0,0.0,none,48,100,0.48,-565.5273930567364,48,0.48,-565.5273930567364
M5,frozen_horizon,FOODS_3_714__CA_3,0,validation_q25,1.0,0.0,1.0,False,True,True,unconstrained_switch_count > K,True,False,True,False,False,False,False,False,False,-104.85592222479909,-0.5,-104.85592222479909,False,False,96,0.10*validation_mean; floor=0.25,sorted model names,deterministic accumulated cost then model path,switch-budget feasibility filter only,1e-09,-7.055288330400771,-96.89306226124904,-0.40757163314884526,0.0,-0.5,0.021191392358436145,-0.25197458322859667,0.0,0.0,-41.4894346267794,0.0,-8.151432662976902,branch-specific beam-pruning path: the budget feasibility filter changes the retained approximate state set despite a feasible unconstrained terminal path,48,100,0.48,-565.5273930567364,48,0.48,-565.5273930567364
M5,frozen_horizon,FOODS_3_714__TX_1,0,validation_q25,0.0,0.0,0.0,True,False,False,unconstrained_switch_count > K,False,False,False,True,True,True,True,True,True,0.0,0.0,0.0,True,True,96,0.10*validation_mean; floor=0.25,sorted model names,deterministic accumulated cost then model path,switch-budget feasibility filter only,1e-09,0.0,0.0,0.0,0.0,0.0,0.0,0.0,0.0,0.0,0.0,0.0,0.0,none,48,100,0.48,-565.5273930567364,48,0.48,-565.5273930567364
M5,frozen_horizon,FOODS_3_714__TX_2,0,validation_q25,0.0,0.0,0.0,True,False,False,unconstrained_switch_count > K,False,False,False,True,True,True,True,True,True,0.0,0.0,0.0,True,True,96,0.10*validation_mean; floor=0.25,sorted model names,deterministic accumulated cost then model path,switch-budget feasibility filter only,1e-09,0.0,0.0,0.0,0.0,0.0,0.0,0.0,0.0,0.0,0.0,0.0,0.0,none,48,100,0.48,-565.5273930567364,48,0.48,-565.5273930567364
M5,frozen_horizon,FOODS_3_714__TX_3,0,validation_q25,0.0,0.0,0.0,True,False,False,unconstrained_switch_count > K,False,False,False,True,True,True,True,True,True,0.0,0.0,0.0,True,True,96,0.10*validation_mean; floor=0.25,sorted model names,deterministic accumulated cost then model path,switch-budget feasibility filter only,1e-09,0.0,0.0,0.0,0.0,0.0,0.0,0.0,0.0,0.0,0.0,0.0,0.0,none,48,100,0.48,-565.5273930567364,48,0.48,-565.5273930567364
M5,frozen_horizon,FOODS_3_714__WI_3,0,validation_q25,0.0,0.0,0.0,True,False,False,unconstrained_switch_count > K,False,False,False,True,True,True,True,True,True,0.0,0.0,0.0,True,True,96,0.10*validation_mean; floor=0.25,sorted model names,deterministic accumulated cost then model path,switch-budget feasibility filter only,1e-09,0.0,0.0,0.0,0.0,0.0,0.0,0.0,0.0,0.0,0.0,0.0,0.0,none,48,100,0.48,-565.5273930567364,48,0.48,-565.5273930567364
M5,frozen_horizon,FOODS_3_723__CA_3,0,validation_q25,0.0,0.0,0.0,True,False,False,unconstrained_switch_count > K,False,False,False,True,True,True,True,True,True,0.0,0.0,0.0,True,True,96,0.10*validation_mean; floor=0.25,sorted model names,deterministic accumulated cost then model path,switch-budget feasibility filter only,1e-09,0.0,0.0,0.0,0.0,0.0,0.0,0.0,0.0,0.0,0.0,0.0,0.0,none,48,100,0.48,-565.5273930567364,48,0.48,-565.5273930567364
M5,frozen_horizon,FOODS_3_723__WI_3,0,validation_q25,1.0,0.0,1.0,False,True,True,unconstrained_switch_count > K,True,False,True,False,False,False,False,False,False,-351.3899673722899,-0.5,-351.3899673722899,False,False,96,0.10*validation_mean; floor=0.25,sorted model names,deterministic accumulated cost then model path,switch-budget feasibility filter only,1e-09,23.994277528160353,-374.04693346024703,-0.8373114402032567,0.0,-0.5,0.0809018385420146,0.8569384831485749,7.105427357601002e-15,0.0,-162.985974209103,-0.1428571428571428,-16.74622880406517,branch-specific beam-pruning path: the budget feasibility filter changes the retained approximate state set despite a feasible unconstrained terminal path,48,100,0.48,-565.5273930567364,48,0.48,-565.5273930567364
M5,frozen_horizon,FOODS_3_752__CA_3,0,validation_q25,2.0,0.0,2.0,False,True,True,unconstrained_switch_count > K,True,False,True,False,False,False,False,False,False,-42.70468031675682,-1.0,-42.70468031675682,False,False,96,0.10*validation_mean; floor=0.25,sorted model names,deterministic accumulated cost then model path,switch-budget feasibility filter only,1e-09,-3.977341418803121,-37.92455964436158,0.19722074640769227,0.0,-1.0,-0.0015040145055079113,-0.1420479078143977,-0.5140073808570662,0.0,89.34966153847313,0.0714285714285714,3.944414928153847,branch-specific beam-pruning path: the budget feasibility filter changes the retained approximate state set despite a feasible unconstrained terminal path,48,100,0.48,-565.5273930567364,48,0.48,-565.5273930567364
M5,frozen_horizon,FOODS_3_804__CA_3,0,validation_q25,0.0,0.0,0.0,True,False,False,unconstrained_switch_count > K,False,False,False,True,True,True,True,True,True,0.0,0.0,0.0,True,True,96,0.10*validation_mean; floor=0.25,sorted model names,deterministic accumulated cost then model path,switch-budget feasibility filter only,1e-09,0.0,0.0,0.0,0.0,0.0,0.0,0.0,0.0,0.0,0.0,0.0,0.0,none,48,100,0.48,-565.5273930567364,48,0.48,-565.5273930567364
M5,frozen_horizon,FOODS_3_808__CA_1,0,validation_q25,2.0,0.0,2.0,False,True,True,unconstrained_switch_count > K,True,False,True,False,False,False,False,False,False,47.850299039899255,-1.0,47.850299039899255,False,False,96,0.10*validation_mean; floor=0.25,sorted model names,deterministic accumulated cost then model path,switch-budget feasibility filter only,1e-09,48.85029903989952,0.0,0.0,0.0,-1.0,0.0,1.7446535371392686,0.0,0.0,58.16361473766298,0.1071428571428572,-4.440892098500626e-16,branch-specific beam-pruning path: the budget feasibility filter changes the retained approximate state set despite a feasible unconstrained terminal path,48,100,0.48,-565.5273930567364,48,0.48,-565.5273930567364
M5,frozen_horizon,FOODS_3_808__CA_3,0,validation_q25,0.0,0.0,0.0,True,False,False,unconstrained_switch_count > K,False,False,False,True,True,True,True,True,True,0.0,0.0,0.0,True,True,96,0.10*validation_mean; floor=0.25,sorted model names,deterministic accumulated cost then model path,switch-budget feasibility filter only,1e-09,0.0,0.0,0.0,0.0,0.0,0.0,0.0,0.0,0.0,0.0,0.0,0.0,none,48,100,0.48,-565.5273930567364,48,0.48,-565.5273930567364
M5,frozen_horizon,HOUSEHOLD_1_118__CA_3,0,validation_q25,0.0,0.0,0.0,True,False,False,unconstrained_switch_count > K,False,False,False,True,True,True,True,True,True,0.0,0.0,0.0,True,True,96,0.10*validation_mean; floor=0.25,sorted model names,deterministic accumulated cost then model path,switch-budget feasibility filter only,1e-09,0.0,0.0,0.0,0.0,0.0,0.0,0.0,0.0,0.0,0.0,0.0,0.0,none,48,100,0.48,-565.5273930567364,48,0.48,-565.5273930567364
M5,frozen_horizon,HOUSEHOLD_1_334__CA_3,0,validation_q25,1.0,0.0,1.0,False,True,True,unconstrained_switch_count > K,True,False,True,False,False,True,False,False,False,-0.5,-0.5,-0.5,False,False,96,0.10*validation_mean; floor=0.25,sorted model names,deterministic accumulated cost then model path,switch-budget feasibility filter only,1e-09,0.0,0.0,0.0,0.0,-0.5,0.0,0.0,0.0,0.0,11.89285714285711,0.0,0.0,branch-specific beam-pruning path: the budget feasibility filter changes the retained approximate state set despite a feasible unconstrained terminal path,48,100,0.48,-565.5273930567364,48,0.48,-565.5273930567364
M5,frozen_horizon,HOUSEHOLD_1_459__CA_3,0,validation_q25,1.0,0.0,1.0,False,True,True,unconstrained_switch_count > K,True,False,True,False,False,True,False,False,False,-0.5,-0.5,-0.5,False,False,96,0.10*validation_mean; floor=0.25,sorted model names,deterministic accumulated cost then model path,switch-budget feasibility filter only,1e-09,0.0,0.0,0.0,0.0,-0.5,0.0,0.0,0.0,0.0,38.57142857142844,0.0,0.0,branch-specific beam-pruning path: the budget feasibility filter changes the retained approximate state set despite a feasible unconstrained terminal path,48,100,0.48,-565.5273930567364,48,0.48,-565.5273930567364
M5,governance_fixed_K2,FOODS_1_218__TX_2,2,fixed_K2,1.0,1.0,0.0,True,False,False,unconstrained_switch_count > K,False,False,False,True,True,True,True,True,True,0.0,0.0,0.0,True,True,96,0.10*validation_mean; floor=0.25,sorted model names,deterministic accumulated cost then model path,switch-budget feasibility filter only,1e-09,0.0,0.0,0.0,0.0,0.0,0.0,0.0,0.0,0.0,0.0,0.0,0.0,none,63,100,0.63,-9.135044941564358,63,0.63,-9.135044941564358
M5,governance_fixed_K2,FOODS_2_197__CA_1,2,fixed_K2,5.0,2.0,3.0,False,True,True,unconstrained_switch_count > K,True,False,True,False,False,False,False,False,False,250.6783929198782,-1.5,250.6783929198782,False,False,96,0.10*validation_mean; floor=0.25,sorted model names,deterministic accumulated cost then model path,switch-budget feasibility filter only,1e-09,-41.29910714285714,293.0594197055925,0.4180803571428573,0.0,-1.5,-0.0037269196295603157,-1.4749681122448983,3.2993308872487006,0.0,54.02968223499124,-0.03571428571428581,8.361607142857139,branch-specific beam-pruning path: the budget feasibility filter changes the retained approximate state set despite a feasible unconstrained terminal path,63,100,0.63,-9.135044941564358,63,0.63,-9.135044941564358
M5,governance_fixed_K2,FOODS_2_197__CA_3,2,fixed_K2,0.0,0.0,0.0,True,False,False,unconstrained_switch_count > K,False,False,False,True,True,True,True,True,True,0.0,0.0,0.0,True,True,96,0.10*validation_mean; floor=0.25,sorted model names,deterministic accumulated cost then model path,switch-budget feasibility filter only,1e-09,0.0,0.0,0.0,0.0,0.0,0.0,0.0,0.0,0.0,0.0,0.0,0.0,none,63,100,0.63,-9.135044941564358,63,0.63,-9.135044941564358
M5,governance_fixed_K2,FOODS_2_276__CA_3,2,fixed_K2,2.0,2.0,0.0,True,False,False,unconstrained_switch_count > K,False,False,False,True,True,True,True,True,True,0.0,0.0,0.0,True,True,96,0.10*validation_mean; floor=0.25,sorted model names,deterministic accumulated cost then model path,switch-budget feasibility filter only,1e-09,0.0,0.0,0.0,0.0,0.0,0.0,0.0,0.0,0.0,0.0,0.0,0.0,none,63,100,0.63,-9.135044941564358,63,0.63,-9.135044941564358
M5,governance_fixed_K2,FOODS_2_360__CA_3,2,fixed_K2,13.0,2.0,11.0,False,True,True,unconstrained_switch_count > K,True,False,True,False,False,False,False,False,False,-579.2821428571406,-5.5,-579.2821428571406,False,False,96,0.10*validation_mean; floor=0.25,sorted model names,deterministic accumulated cost then model path,switch-budget feasibility filter only,1e-09,0.0,-573.035714285712,-0.7464285714285706,0.0,-5.5,0.0,0.0,-10.71428571428568,0.0,9.145909892574764,0.0357142857142857,-14.92857142857141,branch-specific beam-pruning path: the budget feasibility filter changes the retained approximate state set despite a feasible unconstrained terminal path,63,100,0.63,-9.135044941564358,63,0.63,-9.135044941564358
M5,governance_fixed_K2,FOODS_2_360__TX_3,2,fixed_K2,14.0,2.0,12.0,False,True,True,unconstrained_switch_count > K,True,False,True,False,False,False,False,False,False,-234.7362129203757,-6.0,-234.7362129203757,False,False,96,0.10*validation_mean; floor=0.25,sorted model names,deterministic accumulated cost then model path,switch-budget feasibility filter only,1e-09,5.00570148950888,-233.54928048131478,-0.19263392857142936,0.0,-6.0,0.02596736589604881,0.17877505319674736,-2.1615188986421856,0.0,127.33322942183645,0.0,-3.8526785714285836,branch-specific beam-pruning path: the budget feasibility filter changes the retained approximate state set despite a feasible unconstrained terminal path,63,100,0.63,-9.135044941564358,63,0.63,-9.135044941564358
M5,governance_fixed_K2,FOODS_2_360__WI_2,2,fixed_K2,5.0,2.0,3.0,False,True,True,unconstrained_switch_count > K,True,False,True,False,False,True,False,False,False,-1.5,-1.5,-1.5,False,False,96,0.10*validation_mean; floor=0.25,sorted model names,deterministic accumulated cost then model path,switch-budget feasibility filter only,1e-09,0.0,0.0,0.0,0.0,-1.5,0.0,0.0,0.0,0.0,330.17503683013547,0.0,0.0,branch-specific beam-pruning path: the budget feasibility filter changes the retained approximate state set despite a feasible unconstrained terminal path,63,100,0.63,-9.135044941564358,63,0.63,-9.135044941564358
M5,governance_fixed_K2,FOODS_3_007__WI_2,2,fixed_K2,6.0,2.0,4.0,False,True,True,unconstrained_switch_count > K,True,False,True,False,False,True,False,False,False,-2.0,-2.0,-2.0,False,False,96,0.10*validation_mean; floor=0.25,sorted model names,deterministic accumulated cost then model path,switch-budget feasibility filter only,1e-09,0.0,0.0,0.0,0.0,-2.0,0.0,0.0,0.0,0.0,864.4642857142844,0.0,0.0,branch-specific beam-pruning path: the budget feasibility filter changes the retained approximate state set despite a feasible unconstrained terminal path,63,100,0.63,-9.135044941564358,63,0.63,-9.135044941564358
M5,governance_fixed_K2,FOODS_3_030__TX_2,2,fixed_K2,5.0,1.0,4.0,False,True,True,unconstrained_switch_count > K,True,False,True,False,False,False,False,False,False,-2.2308035714286234,-2.0,-2.2308035714286234,False,False,96,0.10*validation_mean; floor=0.25,sorted model names,deterministic accumulated cost then model path,switch-budget feasibility filter only,1e-09,0.0,0.0,-0.23080357142857366,0.0,-2.0,0.0,0.0,0.0,0.0,-8.616071428571558,0.0,-4.616071428571473,branch-specific beam-pruning path: the budget feasibility filter changes the retained approximate state set despite a feasible unconstrained terminal path,63,100,0.63,-9.135044941564358,63,0.63,-9.135044941564358
M5,governance_fixed_K2,FOODS_3_030__TX_3,2,fixed_K2,4.0,2.0,2.0,False,True,True,unconstrained_switch_count > K,True,False,True,False,False,False,False,False,False,-26.178376538850443,-1.0,-26.178376538850443,False,False,96,0.10*validation_mean; floor=0.25,sorted model names,deterministic accumulated cost then model path,switch-budget feasibility filter only,1e-09,-25.1316531057023,0.0,-0.04672343314824623,0.0,-1.0,0.0,-0.8975590394893693,0.0,0.0,-20.976484352539416,-0.0357142857142857,-0.9344686629649175,branch-specific beam-pruning path: the budget feasibility filter changes the retained approximate state set despite a feasible unconstrained terminal path,63,100,0.63,-9.135044941564358,63,0.63,-9.135044941564358
M5,governance_fixed_K2,FOODS_3_080__CA_1,2,fixed_K2,1.0,1.0,0.0,True,False,False,unconstrained_switch_count > K,False,False,False,True,True,True,True,True,True,0.0,0.0,0.0,True,True,96,0.10*validation_mean; floor=0.25,sorted model names,deterministic accumulated cost then model path,switch-budget feasibility filter only,1e-09,0.0,0.0,0.0,0.0,0.0,0.0,0.0,0.0,0.0,0.0,0.0,0.0,none,63,100,0.63,-9.135044941564358,63,0.63,-9.135044941564358
M5,governance_fixed_K2,FOODS_3_080__TX_2,2,fixed_K2,2.0,2.0,0.0,True,False,False,unconstrained_switch_count > K,False,False,False,True,True,True,True,True,True,0.0,0.0,0.0,True,True,96,0.10*validation_mean; floor=0.25,sorted model names,deterministic accumulated cost then model path,switch-budget feasibility filter only,1e-09,0.0,0.0,0.0,0.0,0.0,0.0,0.0,0.0,0.0,0.0,0.0,0.0,none,63,100,0.63,-9.135044941564358,63,0.63,-9.135044941564358
M5,governance_fixed_K2,FOODS_3_090__CA_1,2,fixed_K2,3.0,1.0,2.0,False,True,True,unconstrained_switch_count > K,True,False,True,False,False,True,False,False,False,-1.0,-1.0,-1.0,False,False,96,0.10*validation_mean; floor=0.25,sorted model names,deterministic accumulated cost then model path,switch-budget feasibility filter only,1e-09,0.0,0.0,0.0,0.0,-1.0,0.0,0.0,0.0,0.0,-1.9642857142857792,0.0,0.0,branch-specific beam-pruning path: the budget feasibility filter changes the retained approximate state set despite a feasible unconstrained terminal path,63,100,0.63,-9.135044941564358,63,0.63,-9.135044941564358
M5,governance_fixed_K2,FOODS_3_090__CA_2,2,fixed_K2,1.0,1.0,0.0,True,False,False,unconstrained_switch_count > K,False,False,False,True,True,True,True,True,True,0.0,0.0,0.0,True,True,96,0.10*validation_mean; floor=0.25,sorted model names,deterministic accumulated cost then model path,switch-budget feasibility filter only,1e-09,0.0,0.0,0.0,0.0,0.0,0.0,0.0,0.0,0.0,0.0,0.0,0.0,none,63,100,0.63,-9.135044941564358,63,0.63,-9.135044941564358
M5,governance_fixed_K2,FOODS_3_090__CA_3,2,fixed_K2,5.0,2.0,3.0,False,True,True,unconstrained_switch_count > K,True,False,True,False,False,True,False,False,False,-1.5,-1.5,-1.5,False,False,96,0.10*validation_mean; floor=0.25,sorted model names,deterministic accumulated cost then model path,switch-budget feasibility filter only,1e-09,0.0,0.0,0.0,0.0,-1.5,0.0,0.0,0.0,0.0,-82.08158904123184,0.0,0.0,branch-specific beam-pruning path: the budget feasibility filter changes the retained approximate state set despite a feasible unconstrained terminal path,63,100,0.63,-9.135044941564358,63,0.63,-9.135044941564358
M5,governance_fixed_K2,FOODS_3_090__CA_4,2,fixed_K2,8.0,1.0,7.0,False,True,True,unconstrained_switch_count > K,True,False,True,False,False,False,False,False,False,53.9732393611946,-3.5,53.9732393611946,False,False,96,0.10*validation_mean; floor=0.25,sorted model names,deterministic accumulated cost then model path,switch-budget feasibility filter only,1e-09,-18.76785714285711,76.83035714285722,-0.5892606388054116,0.0,-3.5,-0.020597950976637303,-0.6702806122449054,0.0,0.0,7.348214285714278,0.0,-11.78521277610821,branch-specific beam-pruning path: the budget feasibility filter changes the retained approximate state set despite a feasible unconstrained terminal path,63,100,0.63,-9.135044941564358,63,0.63,-9.135044941564358
M5,governance_fixed_K2,FOODS_3_090__TX_1,2,fixed_K2,9.0,1.0,8.0,False,True,True,unconstrained_switch_count > K,True,False,True,False,False,False,False,False,False,-4.764285714286416,-4.0,-4.764285714286416,False,False,96,0.10*validation_mean; floor=0.25,sorted model names,deterministic accumulated cost then model path,switch-budget feasibility filter only,1e-09,0.0,0.0,-0.7642857142857267,0.0,-4.0,0.0,0.0,0.0,0.0,-28.816756669134634,0.0,-15.285714285714505,branch-specific beam-pruning path: the budget feasibility filter changes the retained approximate state set despite a feasible unconstrained terminal path,63,100,0.63,-9.135044941564358,63,0.63,-9.135044941564358
M5,governance_fixed_K2,FOODS_3_090__TX_2,2,fixed_K2,3.0,2.0,1.0,False,True,True,unconstrained_switch_count > K,True,False,True,False,False,False,False,False,False,-1763.187170200923,-0.5,-1763.187170200923,False,False,96,0.10*validation_mean; floor=0.25,sorted model names,deterministic accumulated cost then model path,switch-budget feasibility filter only,1e-09,-22.507895655861603,-1742.024559200916,1.8452846558547122,0.0,-0.5,0.1268077574117693,-0.8038534162807736,0.0,0.0,-642.5119290240771,-0.07142857142857151,36.90569311709419,branch-specific beam-pruning path: the budget feasibility filter changes the retained approximate state set despite a feasible unconstrained terminal path,63,100,0.63,-9.135044941564358,63,0.63,-9.135044941564358
M5,governance_fixed_K2,FOODS_3_090__TX_3,2,fixed_K2,2.0,2.0,0.0,True,False,False,unconstrained_switch_count > K,False,False,False,True,True,True,True,True,True,0.0,0.0,0.0,True,True,96,0.10*validation_mean; floor=0.25,sorted model names,deterministic accumulated cost then model path,switch-budget feasibility filter only,1e-09,0.0,0.0,0.0,0.0,0.0,0.0,0.0,0.0,0.0,0.0,0.0,0.0,none,63,100,0.63,-9.135044941564358,63,0.63,-9.135044941564358
M5,governance_fixed_K2,FOODS_3_090__WI_3,2,fixed_K2,2.0,2.0,0.0,True,False,False,unconstrained_switch_count > K,False,False,False,True,True,True,True,True,True,0.0,0.0,0.0,True,True,96,0.10*validation_mean; floor=0.25,sorted model names,deterministic accumulated cost then model path,switch-budget feasibility filter only,1e-09,0.0,0.0,0.0,0.0,0.0,0.0,0.0,0.0,0.0,0.0,0.0,0.0,none,63,100,0.63,-9.135044941564358,63,0.63,-9.135044941564358
M5,governance_fixed_K2,FOODS_3_099__TX_2,2,fixed_K2,2.0,2.0,0.0,True,False,False,unconstrained_switch_count > K,False,False,False,True,True,True,True,True,True,0.0,0.0,0.0,True,True,96,0.10*validation_mean; floor=0.25,sorted model names,deterministic accumulated cost then model path,switch-budget feasibility filter only,1e-09,0.0,0.0,0.0,0.0,0.0,0.0,0.0,0.0,0.0,0.0,0.0,0.0,none,63,100,0.63,-9.135044941564358,63,0.63,-9.135044941564358
M5,governance_fixed_K2,FOODS_3_120__CA_1,2,fixed_K2,15.0,2.0,13.0,False,True,True,unconstrained_switch_count > K,True,False,True,False,False,True,False,False,False,-6.5,-6.5,-6.5,False,False,96,0.10*validation_mean; floor=0.25,sorted model names,deterministic accumulated cost then model path,switch-budget feasibility filter only,1e-09,0.0,0.0,0.0,0.0,-6.5,0.0,0.0,0.0,0.0,762.86288059853,0.0,0.0,branch-specific beam-pruning path: the budget feasibility filter changes the retained approximate state set despite a feasible unconstrained terminal path,63,100,0.63,-9.135044941564358,63,0.63,-9.135044941564358
M5,governance_fixed_K2,FOODS_3_120__CA_3,2,fixed_K2,17.0,2.0,15.0,False,True,True,unconstrained_switch_count > K,True,False,True,False,False,False,False,False,False,3548.278383419063,-7.5,3548.278383419063,False,False,96,0.10*validation_mean; floor=0.25,sorted model names,deterministic accumulated cost then model path,switch-budget feasibility filter only,1e-09,0.0,3555.631219208124,0.14716421094167398,0.0,-7.5,-0.011882563360986392,0.0,29.87553384497039,0.0,1295.0281725176355,0.0,2.943284218833483,branch-specific beam-pruning path: the budget feasibility filter changes the retained approximate state set despite a feasible unconstrained terminal path,63,100,0.63,-9.135044941564358,63,0.63,-9.135044941564358
M5,governance_fixed_K2,FOODS_3_120__WI_3,2,fixed_K2,14.0,2.0,12.0,False,True,True,unconstrained_switch_count > K,True,False,True,False,False,True,False,False,False,-6.0,-6.0,-6.0,False,False,96,0.10*validation_mean; floor=0.25,sorted model names,deterministic accumulated cost then model path,switch-budget feasibility filter only,1e-09,0.0,0.0,0.0,0.0,-6.0,0.0,0.0,0.0,0.0,466.607142857144,0.0,0.0,branch-specific beam-pruning path: the budget feasibility filter changes the retained approximate state set despite a feasible unconstrained terminal path,63,100,0.63,-9.135044941564358,63,0.63,-9.135044941564358
M5,governance_fixed_K2,FOODS_3_202__CA_3,2,fixed_K2,4.0,2.0,2.0,False,True,True,unconstrained_switch_count > K,True,False,True,False,False,False,False,False,False,-4040.476122616864,-1.0,-4040.476122616864,False,False,96,0.10*validation_mean; floor=0.25,sorted model names,deterministic accumulated cost then model path,switch-budget feasibility filter only,1e-09,-77.09641292959321,-3961.940535580129,-0.43917410714285854,0.0,-1.0,-0.028908601935412115,-2.753443318914046,-48.61190478923923,0.0,-1027.9695783787292,-0.0357142857142857,-8.783482142857167,branch-specific beam-pruning path: the budget feasibility filter changes the retained approximate state set despite a feasible unconstrained terminal path,63,100,0.63,-9.135044941564358,63,0.63,-9.135044941564358
M5,governance_fixed_K2,FOODS_3_202__TX_1,2,fixed_K2,0.0,0.0,0.0,True,False,False,unconstrained_switch_count > K,False,False,False,True,True,True,True,True,True,0.0,0.0,0.0,True,True,96,0.10*validation_mean; floor=0.25,sorted model names,deterministic accumulated cost then model path,switch-budget feasibility filter only,1e-09,0.0,0.0,0.0,0.0,0.0,0.0,0.0,0.0,0.0,0.0,0.0,0.0,none,63,100,0.63,-9.135044941564358,63,0.63,-9.135044941564358
M5,governance_fixed_K2,FOODS_3_202__TX_2,2,fixed_K2,4.0,2.0,2.0,False,True,True,unconstrained_switch_count > K,True,False,True,False,False,True,False,False,False,-1.0,-1.0,-1.0,False,False,96,0.10*validation_mean; floor=0.25,sorted model names,deterministic accumulated cost then model path,switch-budget feasibility filter only,1e-09,0.0,0.0,0.0,0.0,-1.0,0.0,0.0,0.0,0.0,1.981038413999272,0.0,0.0,branch-specific beam-pruning path: the budget feasibility filter changes the retained approximate state set despite a feasible unconstrained terminal path,63,100,0.63,-9.135044941564358,63,0.63,-9.135044941564358
M5,governance_fixed_K2,FOODS_3_202__TX_3,2,fixed_K2,4.0,2.0,2.0,False,True,True,unconstrained_switch_count > K,True,False,True,False,False,False,False,False,False,-4.480162252615628,-1.0,-4.480162252615628,False,False,96,0.10*validation_mean; floor=0.25,sorted model names,deterministic accumulated cost then model path,switch-budget feasibility filter only,1e-09,-3.163783866014228,0.0,-0.31637838660142314,0.0,-1.0,0.0,-0.11299228092907754,0.0,0.0,-7.555405522877493,0.0,-6.327567732028513,branch-specific beam-pruning path: the budget feasibility filter changes the retained approximate state set despite a feasible unconstrained terminal path,63,100,0.63,-9.135044941564358,63,0.63,-9.135044941564358
M5,governance_fixed_K2,FOODS_3_226__WI_1,2,fixed_K2,4.0,2.0,2.0,False,True,True,unconstrained_switch_count > K,True,False,True,False,False,False,False,False,False,-1.2338026089723826,-1.0,-1.2338026089723826,False,False,96,0.10*validation_mean; floor=0.25,sorted model names,deterministic accumulated cost then model path,switch-budget feasibility filter only,1e-09,0.0,0.0,-0.23380260897235594,0.0,-1.0,0.0,0.0,0.0,0.0,0.0,0.0,-4.676052179447083,branch-specific beam-pruning path: the budget feasibility filter changes the retained approximate state set despite a feasible unconstrained terminal path,63,100,0.63,-9.135044941564358,63,0.63,-9.135044941564358
M5,governance_fixed_K2,FOODS_3_226__WI_2,2,fixed_K2,5.0,2.0,3.0,False,True,True,unconstrained_switch_count > K,True,False,True,False,False,False,False,False,False,29.147575480276373,-1.5,29.147575480276373,False,False,96,0.10*validation_mean; floor=0.25,sorted model names,deterministic accumulated cost then model path,switch-budget feasibility filter only,1e-09,0.0,30.357142857143117,0.29043262313302165,0.0,-1.5,-0.0021931192869641958,0.0,0.0,0.0,0.0,0.0,5.808652462660405,branch-specific beam-pruning path: the budget feasibility filter changes the retained approximate state set despite a feasible unconstrained terminal path,63,100,0.63,-9.135044941564358,63,0.63,-9.135044941564358
M5,governance_fixed_K2,FOODS_3_226__WI_3,2,fixed_K2,5.0,2.0,3.0,False,True,True,unconstrained_switch_count > K,True,False,True,False,False,False,False,False,False,-43.888567493294886,-1.5,-43.888567493294886,False,False,96,0.10*validation_mean; floor=0.25,sorted model names,deterministic accumulated cost then model path,switch-budget feasibility filter only,1e-09,-42.76906986001745,0.0,0.38050236672216364,0.0,-1.5,0.0,-1.5274667807149171,0.0,0.0,-19.267897612346275,-0.0357142857142857,7.610047334443294,branch-specific beam-pruning path: the budget feasibility filter changes the retained approximate state set despite a feasible unconstrained terminal path,63,100,0.63,-9.135044941564358,63,0.63,-9.135044941564358
M5,governance_fixed_K2,FOODS_3_234__CA_3,2,fixed_K2,6.0,2.0,4.0,False,True,True,unconstrained_switch_count > K,True,False,True,False,False,True,False,False,False,-2.0,-2.0,-2.0,False,False,96,0.10*validation_mean; floor=0.25,sorted model names,deterministic accumulated cost then model path,switch-budget feasibility filter only,1e-09,0.0,0.0,0.0,0.0,-2.0,0.0,0.0,0.0,0.0,-1.1186803607065485,0.0,0.0,branch-specific beam-pruning path: the budget feasibility filter changes the retained approximate state set despite a feasible unconstrained terminal path,63,100,0.63,-9.135044941564358,63,0.63,-9.135044941564358
M5,governance_fixed_K2,FOODS_3_234__WI_2,2,fixed_K2,6.0,2.0,4.0,False,True,True,unconstrained_switch_count > K,True,False,True,False,False,False,False,False,False,-2.553154751482907,-2.0,-2.553154751482907,False,False,96,0.10*validation_mean; floor=0.25,sorted model names,deterministic accumulated cost then model path,switch-budget feasibility filter only,1e-09,-4.644097356808643,4.039290522603551,0.05165208272356611,0.0,-2.0,-0.001807041773077299,-0.16586061988602374,-0.028457034173953843,0.0,-1.825205456726735,0.07142857142857151,1.0330416544713223,branch-specific beam-pruning path: the budget feasibility filter changes the retained approximate state set despite a feasible unconstrained terminal path,63,100,0.63,-9.135044941564358,63,0.63,-9.135044941564358
M5,governance_fixed_K2,FOODS_3_234__WI_3,2,fixed_K2,6.0,2.0,4.0,False,True,True,unconstrained_switch_count > K,True,False,True,False,False,True,False,False,False,-2.0,-2.0,-2.0,False,False,96,0.10*validation_mean; floor=0.25,sorted model names,deterministic accumulated cost then model path,switch-budget feasibility filter only,1e-09,0.0,0.0,0.0,0.0,-2.0,0.0,0.0,0.0,0.0,-9.197565303024021,0.0,0.0,branch-specific beam-pruning path: the budget feasibility filter changes the retained approximate state set despite a feasible unconstrained terminal path,63,100,0.63,-9.135044941564358,63,0.63,-9.135044941564358
M5,governance_fixed_K2,FOODS_3_252__CA_1,2,fixed_K2,2.0,2.0,0.0,True,False,False,unconstrained_switch_count > K,False,False,False,True,True,True,True,True,True,0.0,0.0,0.0,True,True,96,0.10*validation_mean; floor=0.25,sorted model names,deterministic accumulated cost then model path,switch-budget feasibility filter only,1e-09,0.0,0.0,0.0,0.0,0.0,0.0,0.0,0.0,0.0,0.0,0.0,0.0,none,63,100,0.63,-9.135044941564358,63,0.63,-9.135044941564358
M5,governance_fixed_K2,FOODS_3_252__CA_2,2,fixed_K2,6.0,2.0,4.0,False,True,True,unconstrained_switch_count > K,True,False,True,False,False,False,False,False,False,346.7077129575018,-2.0,346.7077129575018,False,False,96,0.10*validation_mean; floor=0.25,sorted model names,deterministic accumulated cost then model path,switch-budget feasibility filter only,1e-09,-18.848786575881036,367.81807706757354,-0.2615775341910922,0.0,-2.0,-0.07124897437453881,-0.673170949138612,20.78293239179036,0.0,15.038377470692353,0.0714285714285714,-5.23155068382178,branch-specific beam-pruning path: the budget feasibility filter changes the retained approximate state set despite a feasible unconstrained terminal path,63,100,0.63,-9.135044941564358,63,0.63,-9.135044941564358
M5,governance_fixed_K2,FOODS_3_252__CA_3,2,fixed_K2,4.0,1.0,3.0,False,True,True,unconstrained_switch_count > K,True,False,True,False,False,False,False,False,False,-1505.1486896724891,-1.5,-1505.1486896724891,False,False,96,0.10*validation_mean; floor=0.25,sorted model names,deterministic accumulated cost then model path,switch-budget feasibility filter only,1e-09,24.221070404421084,-1527.8631983199848,-0.006561756926199536,0.0,-1.5,0.017630742388247633,0.8650382287293219,-15.397973937295049,0.0,-362.5886769894846,0.0,-0.1312351385239765,branch-specific beam-pruning path: the budget feasibility filter changes the retained approximate state set despite a feasible unconstrained terminal path,63,100,0.63,-9.135044941564358,63,0.63,-9.135044941564358
M5,governance_fixed_K2,FOODS_3_252__TX_1,2,fixed_K2,1.0,1.0,0.0,True,False,False,unconstrained_switch_count > K,False,False,False,True,True,True,True,True,True,0.0,0.0,0.0,True,True,96,0.10*validation_mean; floor=0.25,sorted model names,deterministic accumulated cost then model path,switch-budget feasibility filter only,1e-09,0.0,0.0,0.0,0.0,0.0,0.0,0.0,0.0,0.0,0.0,0.0,0.0,none,63,100,0.63,-9.135044941564358,63,0.63,-9.135044941564358
M5,governance_fixed_K2,FOODS_3_252__TX_2,2,fixed_K2,5.0,1.0,4.0,False,True,True,unconstrained_switch_count > K,True,False,True,False,False,False,False,False,False,-148.09645082601446,-2.0,-148.09645082601446,False,False,96,0.10*validation_mean; floor=0.25,sorted model names,deterministic accumulated cost then model path,switch-budget feasibility filter only,1e-09,-64.97429686385931,-79.36925217644057,-1.7529017857142968,0.0,-2.0,0.011569861833300665,-2.3205106022806916,-1.4210854715202004e-14,0.0,-53.31026785714289,0.0,-35.05803571428601,branch-specific beam-pruning path: the budget feasibility filter changes the retained approximate state set despite a feasible unconstrained terminal path,63,100,0.63,-9.135044941564358,63,0.63,-9.135044941564358
M5,governance_fixed_K2,FOODS_3_252__TX_3,2,fixed_K2,7.0,2.0,5.0,False,True,True,unconstrained_switch_count > K,True,False,True,False,False,False,False,False,False,-12.442834986467233,-2.5,-12.442834986467233,False,False,96,0.10*validation_mean; floor=0.25,sorted model names,deterministic accumulated cost then model path,switch-budget feasibility filter only,1e-09,-46.024624283458934,37.109021439848334,-1.0272321428571232,0.0,-2.5,-0.008111261516906887,-1.6437365815521048,0.8537592868419637,0.0,-34.4198079424348,-0.0714285714285714,-20.54464285714255,branch-specific beam-pruning path: the budget feasibility filter changes the retained approximate state set despite a feasible unconstrained terminal path,63,100,0.63,-9.135044941564358,63,0.63,-9.135044941564358
M5,governance_fixed_K2,FOODS_3_252__WI_3,2,fixed_K2,3.0,1.0,2.0,False,True,True,unconstrained_switch_count > K,True,False,True,False,False,True,False,False,False,-1.0,-1.0,-1.0,False,False,96,0.10*validation_mean; floor=0.25,sorted model names,deterministic accumulated cost then model path,switch-budget feasibility filter only,1e-09,0.0,0.0,0.0,0.0,-1.0,0.0,0.0,0.0,0.0,-4.235818230094367,0.0,0.0,branch-specific beam-pruning path: the budget feasibility filter changes the retained approximate state set despite a feasible unconstrained terminal path,63,100,0.63,-9.135044941564358,63,0.63,-9.135044941564358
M5,governance_fixed_K2,FOODS_3_281__CA_3,2,fixed_K2,16.0,2.0,14.0,False,True,True,unconstrained_switch_count > K,True,False,True,False,False,True,False,False,False,-7.0,-7.0,-7.0,False,False,96,0.10*validation_mean; floor=0.25,sorted model names,deterministic accumulated cost then model path,switch-budget feasibility filter only,1e-09,0.0,0.0,0.0,0.0,-7.0,0.0,0.0,0.0,0.0,148.9810453059108,0.0,0.0,branch-specific beam-pruning path: the budget feasibility filter changes the retained approximate state set despite a feasible unconstrained terminal path,63,100,0.63,-9.135044941564358,63,0.63,-9.135044941564358
M5,governance_fixed_K2,FOODS_3_282__CA_3,2,fixed_K2,1.0,1.0,0.0,True,False,False,unconstrained_switch_count > K,False,False,False,True,True,True,True,True,True,0.0,0.0,0.0,True,True,96,0.10*validation_mean; floor=0.25,sorted model names,deterministic accumulated cost then model path,switch-budget feasibility filter only,1e-09,0.0,0.0,0.0,0.0,0.0,0.0,0.0,0.0,0.0,0.0,0.0,0.0,none,63,100,0.63,-9.135044941564358,63,0.63,-9.135044941564358
M5,governance_fixed_K2,FOODS_3_288__CA_3,2,fixed_K2,1.0,1.0,0.0,True,False,False,unconstrained_switch_count > K,False,False,False,True,True,True,True,True,True,0.0,0.0,0.0,True,True,96,0.10*validation_mean; floor=0.25,sorted model names,deterministic accumulated cost then model path,switch-budget feasibility filter only,1e-09,0.0,0.0,0.0,0.0,0.0,0.0,0.0,0.0,0.0,0.0,0.0,0.0,none,63,100,0.63,-9.135044941564358,63,0.63,-9.135044941564358
M5,governance_fixed_K2,FOODS_3_318__CA_3,2,fixed_K2,3.0,2.0,1.0,False,True,True,unconstrained_switch_count > K,True,False,True,False,False,True,False,False,False,-0.5,-0.5,-0.5,False,False,96,0.10*validation_mean; floor=0.25,sorted model names,deterministic accumulated cost then model path,switch-budget feasibility filter only,1e-09,0.0,0.0,0.0,0.0,-0.5,0.0,0.0,0.0,0.0,-4.107142857142776,0.0,0.0,branch-specific beam-pruning path: the budget feasibility filter changes the retained approximate state set despite a feasible unconstrained terminal path,63,100,0.63,-9.135044941564358,63,0.63,-9.135044941564358
M5,governance_fixed_K2,FOODS_3_318__WI_3,2,fixed_K2,7.0,1.0,6.0,False,True,True,unconstrained_switch_count > K,True,False,True,False,False,True,False,False,False,-3.0,-3.0,-3.0,False,False,96,0.10*validation_mean; floor=0.25,sorted model names,deterministic accumulated cost then model path,switch-budget feasibility filter only,1e-09,0.0,0.0,0.0,0.0,-3.0,0.0,0.0,0.0,0.0,-36.366846839599816,0.0,0.0,branch-specific beam-pruning path: the budget feasibility filter changes the retained approximate state set despite a feasible unconstrained terminal path,63,100,0.63,-9.135044941564358,63,0.63,-9.135044941564358
M5,governance_fixed_K2,FOODS_3_319__CA_3,2,fixed_K2,0.0,0.0,0.0,True,False,False,unconstrained_switch_count > K,False,False,False,True,True,True,True,True,True,0.0,0.0,0.0,True,True,96,0.10*validation_mean; floor=0.25,sorted model names,deterministic accumulated cost then model path,switch-budget feasibility filter only,1e-09,0.0,0.0,0.0,0.0,0.0,0.0,0.0,0.0,0.0,0.0,0.0,0.0,none,63,100,0.63,-9.135044941564358,63,0.63,-9.135044941564358
M5,governance_fixed_K2,FOODS_3_376__WI_2,2,fixed_K2,4.0,2.0,2.0,False,True,True,unconstrained_switch_count > K,True,False,True,False,False,False,False,False,False,-4166.430186029054,-1.0,-4166.430186029054,False,False,96,0.10*validation_mean; floor=0.25,sorted model names,deterministic accumulated cost then model path,switch-budget feasibility filter only,1e-09,-19.01785714285711,-4145.49938245763,-0.9129464285714302,0.0,-1.0,-0.027670559180237697,-0.6792091836734677,-47.21899393329636,0.0,-1121.5978001591275,0.0357142857142857,-18.258928571428598,branch-specific beam-pruning path: the budget feasibility filter changes the retained approximate state set despite a feasible unconstrained terminal path,63,100,0.63,-9.135044941564358,63,0.63,-9.135044941564358
M5,governance_fixed_K2,FOODS_3_377__TX_2,2,fixed_K2,4.0,2.0,2.0,False,True,True,unconstrained_switch_count > K,True,False,True,False,False,False,False,False,False,29.513975985230218,-1.0,29.513975985230218,False,False,96,0.10*validation_mean; floor=0.25,sorted model names,deterministic accumulated cost then model path,switch-budget feasibility filter only,1e-09,0.0,30.721084846710937,-0.20710886148073193,0.0,-1.0,-0.00819228929245619,0.0,1.1442169693421658,0.0,2.068869476527979,0.0,-4.142177229614703,branch-specific beam-pruning path: the budget feasibility filter changes the retained approximate state set despite a feasible unconstrained terminal path,63,100,0.63,-9.135044941564358,63,0.63,-9.135044941564358
M5,governance_fixed_K2,FOODS_3_377__TX_3,2,fixed_K2,4.0,2.0,2.0,False,True,True,unconstrained_switch_count > K,True,False,True,False,False,False,False,False,False,-14.609927354758838,-1.0,-14.609927354758838,False,False,96,0.10*validation_mean; floor=0.25,sorted model names,deterministic accumulated cost then model path,switch-budget feasibility filter only,1e-09,-13.512547631010193,3.410605131648481e-13,-0.09737972374922954,0.0,-1.0,0.0,-0.4825909868217906,2.842170943040401e-14,0.0,1.4921397450962104e-13,0.0,-1.9475944749845837,branch-specific beam-pruning path: the budget feasibility filter changes the retained approximate state set despite a feasible unconstrained terminal path,63,100,0.63,-9.135044941564358,63,0.63,-9.135044941564358
M5,governance_fixed_K2,FOODS_3_412__WI_2,2,fixed_K2,6.0,2.0,4.0,False,True,True,unconstrained_switch_count > K,True,False,True,False,False,False,False,False,False,2130.8673767309565,-2.0,2130.8673767309565,False,False,96,0.10*validation_mean; floor=0.25,sorted model names,deterministic accumulated cost then model path,switch-budget feasibility filter only,1e-09,-342.88443483665696,2476.2160972818965,-0.4642857142857144,0.0,-2.0,-0.10301220407372469,-12.245872672737768,17.372522690761798,0.0,325.1172619866079,-0.0357142857142857,-9.285714285714278,branch-specific beam-pruning path: the budget feasibility filter changes the retained approximate state set despite a feasible unconstrained terminal path,63,100,0.63,-9.135044941564358,63,0.63,-9.135044941564358
M5,governance_fixed_K2,FOODS_3_462__WI_2,2,fixed_K2,4.0,2.0,2.0,False,True,True,unconstrained_switch_count > K,True,False,True,False,False,False,False,False,False,111.02229253513542,-1.0,111.02229253513542,False,False,96,0.10*validation_mean; floor=0.25,sorted model names,deterministic accumulated cost then model path,switch-budget feasibility filter only,1e-09,-27.407670152493097,138.77004751226968,0.6599151753590968,0.0,-1.0,-0.03388767949017579,-0.9788453625890394,0.0,0.0,-29.45733399272808,0.0714285714285714,13.198303507181947,branch-specific beam-pruning path: the budget feasibility filter changes the retained approximate state set despite a feasible unconstrained terminal path,63,100,0.63,-9.135044941564358,63,0.63,-9.135044941564358
M5,governance_fixed_K2,FOODS_3_501__CA_3,2,fixed_K2,2.0,2.0,0.0,True,False,False,unconstrained_switch_count > K,False,False,False,True,True,True,True,True,True,0.0,0.0,0.0,True,True,96,0.10*validation_mean; floor=0.25,sorted model names,deterministic accumulated cost then model path,switch-budget feasibility filter only,1e-09,0.0,0.0,0.0,0.0,0.0,0.0,0.0,0.0,0.0,0.0,0.0,0.0,none,63,100,0.63,-9.135044941564358,63,0.63,-9.135044941564358
M5,governance_fixed_K2,FOODS_3_541__CA_1,2,fixed_K2,0.0,0.0,0.0,True,False,False,unconstrained_switch_count > K,False,False,False,True,True,True,True,True,True,0.0,0.0,0.0,True,True,96,0.10*validation_mean; floor=0.25,sorted model names,deterministic accumulated cost then model path,switch-budget feasibility filter only,1e-09,0.0,0.0,0.0,0.0,0.0,0.0,0.0,0.0,0.0,0.0,0.0,0.0,none,63,100,0.63,-9.135044941564358,63,0.63,-9.135044941564358
M5,governance_fixed_K2,FOODS_3_541__CA_3,2,fixed_K2,1.0,1.0,0.0,True,False,False,unconstrained_switch_count > K,False,False,False,True,True,True,True,True,True,0.0,0.0,0.0,True,True,96,0.10*validation_mean; floor=0.25,sorted model names,deterministic accumulated cost then model path,switch-budget feasibility filter only,1e-09,0.0,0.0,0.0,0.0,0.0,0.0,0.0,0.0,0.0,0.0,0.0,0.0,none,63,100,0.63,-9.135044941564358,63,0.63,-9.135044941564358
M5,governance_fixed_K2,FOODS_3_547__WI_2,2,fixed_K2,5.0,2.0,3.0,False,True,True,unconstrained_switch_count > K,True,False,True,False,False,False,False,False,False,537.2310240609308,-1.5,537.2310240609308,False,False,96,0.10*validation_mean; floor=0.25,sorted model names,deterministic accumulated cost then model path,switch-budget feasibility filter only,1e-09,-508.96372168404775,1047.6918247767867,0.0029209681919644126,0.0,-1.5,-0.1137714992442902,-18.177275774430278,8.614536830357189,0.0,395.98959124890735,0.0357142857142857,0.058419363839291805,branch-specific beam-pruning path: the budget feasibility filter changes the retained approximate state set despite a feasible unconstrained terminal path,63,100,0.63,-9.135044941564358,63,0.63,-9.135044941564358
M5,governance_fixed_K2,FOODS_3_555__CA_1,2,fixed_K2,1.0,1.0,0.0,True,False,False,unconstrained_switch_count > K,False,False,False,True,True,True,True,True,True,0.0,0.0,0.0,True,True,96,0.10*validation_mean; floor=0.25,sorted model names,deterministic accumulated cost then model path,switch-budget feasibility filter only,1e-09,0.0,0.0,0.0,0.0,0.0,0.0,0.0,0.0,0.0,0.0,0.0,0.0,none,63,100,0.63,-9.135044941564358,63,0.63,-9.135044941564358
M5,governance_fixed_K2,FOODS_3_555__CA_3,2,fixed_K2,6.0,1.0,5.0,False,True,True,unconstrained_switch_count > K,True,False,True,False,False,True,False,False,False,-2.5,-2.5,-2.5,False,False,96,0.10*validation_mean; floor=0.25,sorted model names,deterministic accumulated cost then model path,switch-budget feasibility filter only,1e-09,0.0,0.0,0.0,0.0,-2.5,0.0,0.0,0.0,0.0,2.604381062972152,0.0,0.0,branch-specific beam-pruning path: the budget feasibility filter changes the retained approximate state set despite a feasible unconstrained terminal path,63,100,0.63,-9.135044941564358,63,0.63,-9.135044941564358
M5,governance_fixed_K2,FOODS_3_555__TX_1,2,fixed_K2,4.0,1.0,3.0,False,True,True,unconstrained_switch_count > K,True,False,True,False,False,True,False,False,False,-1.5,-1.5,-1.5,False,False,96,0.10*validation_mean; floor=0.25,sorted model names,deterministic accumulated cost then model path,switch-budget feasibility filter only,1e-09,0.0,0.0,0.0,0.0,-1.5,0.0,0.0,0.0,0.0,-9.64285714285711,0.0,0.0,branch-specific beam-pruning path: the budget feasibility filter changes the retained approximate state set despite a feasible unconstrained terminal path,63,100,0.63,-9.135044941564358,63,0.63,-9.135044941564358
M5,governance_fixed_K2,FOODS_3_555__TX_2,2,fixed_K2,3.0,2.0,1.0,False,True,True,unconstrained_switch_count > K,True,False,True,False,False,False,False,False,False,-1.241964285713948,-0.5,-1.241964285713948,False,False,96,0.10*validation_mean; floor=0.25,sorted model names,deterministic accumulated cost then model path,switch-budget feasibility filter only,1e-09,0.0,0.0,-0.741964285714289,0.0,-0.5,0.0,0.0,0.0,0.0,-9.446428571428442,-0.0357142857142857,-14.83928571428578,branch-specific beam-pruning path: the budget feasibility filter changes the retained approximate state set despite a feasible unconstrained terminal path,63,100,0.63,-9.135044941564358,63,0.63,-9.135044941564358
M5,governance_fixed_K2,FOODS_3_555__TX_3,2,fixed_K2,3.0,1.0,2.0,False,True,True,unconstrained_switch_count > K,True,False,True,False,False,True,False,False,False,-1.0,-1.0,-1.0,False,False,96,0.10*validation_mean; floor=0.25,sorted model names,deterministic accumulated cost then model path,switch-budget feasibility filter only,1e-09,0.0,0.0,0.0,0.0,-1.0,0.0,0.0,0.0,0.0,2.1428571428571104,0.0,0.0,branch-specific beam-pruning path: the budget feasibility filter changes the retained approximate state set despite a feasible unconstrained terminal path,63,100,0.63,-9.135044941564358,63,0.63,-9.135044941564358
M5,governance_fixed_K2,FOODS_3_555__WI_3,2,fixed_K2,1.0,1.0,0.0,True,False,False,unconstrained_switch_count > K,False,False,False,True,True,True,True,True,True,0.0,0.0,0.0,True,True,96,0.10*validation_mean; floor=0.25,sorted model names,deterministic accumulated cost then model path,switch-budget feasibility filter only,1e-09,0.0,0.0,0.0,0.0,0.0,0.0,0.0,0.0,0.0,0.0,0.0,0.0,none,63,100,0.63,-9.135044941564358,63,0.63,-9.135044941564358
M5,governance_fixed_K2,FOODS_3_586__CA_1,2,fixed_K2,2.0,2.0,0.0,True,False,False,unconstrained_switch_count > K,False,False,False,True,True,True,True,True,True,0.0,0.0,0.0,True,True,96,0.10*validation_mean; floor=0.25,sorted model names,deterministic accumulated cost then model path,switch-budget feasibility filter only,1e-09,0.0,0.0,0.0,0.0,0.0,0.0,0.0,0.0,0.0,0.0,0.0,0.0,none,63,100,0.63,-9.135044941564358,63,0.63,-9.135044941564358
M5,governance_fixed_K2,FOODS_3_586__CA_2,2,fixed_K2,4.0,2.0,2.0,False,True,True,unconstrained_switch_count > K,True,False,True,False,False,False,False,False,False,-8.783035714285688,-1.0,-8.783035714285688,False,False,96,0.10*validation_mean; floor=0.25,sorted model names,deterministic accumulated cost then model path,switch-budget feasibility filter only,1e-09,-8.053571428571558,-2.2737367544323206e-13,0.2705357142857263,0.0,-1.0,0.0,-0.28762755102039606,1.4210854715202004e-14,0.0,-3.312436260873085,-0.0357142857142857,5.410714285714533,branch-specific beam-pruning path: the budget feasibility filter changes the retained approximate state set despite a feasible unconstrained terminal path,63,100,0.63,-9.135044941564358,63,0.63,-9.135044941564358
M5,governance_fixed_K2,FOODS_3_586__CA_3,2,fixed_K2,1.0,1.0,0.0,True,False,False,unconstrained_switch_count > K,False,False,False,True,True,True,True,True,True,0.0,0.0,0.0,True,True,96,0.10*validation_mean; floor=0.25,sorted model names,deterministic accumulated cost then model path,switch-budget feasibility filter only,1e-09,0.0,0.0,0.0,0.0,0.0,0.0,0.0,0.0,0.0,0.0,0.0,0.0,none,63,100,0.63,-9.135044941564358,63,0.63,-9.135044941564358
M5,governance_fixed_K2,FOODS_3_586__TX_1,2,fixed_K2,9.0,2.0,7.0,False,True,True,unconstrained_switch_count > K,True,False,True,False,False,False,False,False,False,791.5229543003297,-3.5,791.5229543003297,False,False,96,0.10*validation_mean; floor=0.25,sorted model names,deterministic accumulated cost then model path,switch-budget feasibility filter only,1e-09,-47.133928571428555,843.7117656842602,-1.5548828124999963,0.0,-3.5,-0.05038634838312461,-1.6833545918367356,1.9988519178355872,0.0,103.21534415703331,0.03571428571428581,-31.0976562499999,branch-specific beam-pruning path: the budget feasibility filter changes the retained approximate state set despite a feasible unconstrained terminal path,63,100,0.63,-9.135044941564358,63,0.63,-9.135044941564358
M5,governance_fixed_K2,FOODS_3_586__TX_2,2,fixed_K2,4.0,2.0,2.0,False,True,True,unconstrained_switch_count > K,True,False,True,False,False,False,False,False,False,-0.4642857142853245,-1.0,-0.4642857142853245,False,False,96,0.10*validation_mean; floor=0.25,sorted model names,deterministic accumulated cost then model path,switch-budget feasibility filter only,1e-09,0.0,0.0,0.5357142857142883,0.0,-1.0,0.0,0.0,0.0,0.0,0.0,0.0,10.714285714285666,branch-specific beam-pruning path: the budget feasibility filter changes the retained approximate state set despite a feasible unconstrained terminal path,63,100,0.63,-9.135044941564358,63,0.63,-9.135044941564358
M5,governance_fixed_K2,FOODS_3_586__TX_3,2,fixed_K2,2.0,2.0,0.0,True,False,False,unconstrained_switch_count > K,False,False,False,True,True,True,True,True,True,0.0,0.0,0.0,True,True,96,0.10*validation_mean; floor=0.25,sorted model names,deterministic accumulated cost then model path,switch-budget feasibility filter only,1e-09,0.0,0.0,0.0,0.0,0.0,0.0,0.0,0.0,0.0,0.0,0.0,0.0,none,63,100,0.63,-9.135044941564358,63,0.63,-9.135044941564358
M5,governance_fixed_K2,FOODS_3_586__WI_3,2,fixed_K2,2.0,2.0,0.0,True,False,False,unconstrained_switch_count > K,False,False,False,True,True,True,True,True,True,0.0,0.0,0.0,True,True,96,0.10*validation_mean; floor=0.25,sorted model names,deterministic accumulated cost then model path,switch-budget feasibility filter only,1e-09,0.0,0.0,0.0,0.0,0.0,0.0,0.0,0.0,0.0,0.0,0.0,0.0,none,63,100,0.63,-9.135044941564358,63,0.63,-9.135044941564358
M5,governance_fixed_K2,FOODS_3_587__CA_1,2,fixed_K2,3.0,1.0,2.0,False,True,True,unconstrained_switch_count > K,True,False,True,False,False,True,False,False,False,-1.0,-1.0,-1.0,False,False,96,0.10*validation_mean; floor=0.25,sorted model names,deterministic accumulated cost then model path,switch-budget feasibility filter only,1e-09,0.0,0.0,0.0,0.0,-1.0,0.0,0.0,0.0,0.0,-13.75,0.0,0.0,branch-specific beam-pruning path: the budget feasibility filter changes the retained approximate state set despite a feasible unconstrained terminal path,63,100,0.63,-9.135044941564358,63,0.63,-9.135044941564358
M5,governance_fixed_K2,FOODS_3_587__CA_3,2,fixed_K2,7.0,2.0,5.0,False,True,True,unconstrained_switch_count > K,True,False,True,False,False,False,False,False,False,297.227895931115,-2.5,297.227895931115,False,False,96,0.10*validation_mean; floor=0.25,sorted model names,deterministic accumulated cost then model path,switch-budget feasibility filter only,1e-09,-14.200694950177876,312.9616417863633,0.9669490949295412,0.0,-2.5,-0.04845025524815472,-0.5071676767920721,0.0,0.0,24.851582121538243,0.1071428571428571,19.338981898590816,branch-specific beam-pruning path: the budget feasibility filter changes the retained approximate state set despite a feasible unconstrained terminal path,63,100,0.63,-9.135044941564358,63,0.63,-9.135044941564358
M5,governance_fixed_K2,FOODS_3_587__TX_1,2,fixed_K2,6.0,1.0,5.0,False,True,True,unconstrained_switch_count > K,True,False,True,False,False,False,False,False,False,-14.919222536876987,-2.5,-14.919222536876987,False,False,96,0.10*validation_mean; floor=0.25,sorted model names,deterministic accumulated cost then model path,switch-budget feasibility filter only,1e-09,-11.340344618027984,0.0,-1.0788779188496758,0.0,-2.5,0.0,-0.4050123077867056,0.0,0.0,-19.276525502511916,-0.0714285714285714,-21.577558376993522,branch-specific beam-pruning path: the budget feasibility filter changes the retained approximate state set despite a feasible unconstrained terminal path,63,100,0.63,-9.135044941564358,63,0.63,-9.135044941564358
M5,governance_fixed_K2,FOODS_3_587__TX_2,2,fixed_K2,2.0,2.0,0.0,True,False,False,unconstrained_switch_count > K,False,False,False,True,True,True,True,True,True,0.0,0.0,0.0,True,True,96,0.10*validation_mean; floor=0.25,sorted model names,deterministic accumulated cost then model path,switch-budget feasibility filter only,1e-09,0.0,0.0,0.0,0.0,0.0,0.0,0.0,0.0,0.0,0.0,0.0,0.0,none,63,100,0.63,-9.135044941564358,63,0.63,-9.135044941564358
M5,governance_fixed_K2,FOODS_3_587__TX_3,2,fixed_K2,4.0,2.0,2.0,False,True,True,unconstrained_switch_count > K,True,False,True,False,False,False,False,False,False,-35.96688571825416,-1.0,-35.96688571825416,False,False,96,0.10*validation_mean; floor=0.25,sorted model names,deterministic accumulated cost then model path,switch-budget feasibility filter only,1e-09,-34.87519098740563,0.0,-0.09169473084874902,0.0,-1.0,0.0,-1.2455425352644838,0.0,0.0,-60.64162425471682,-0.0357142857142857,-1.8338946169750443,branch-specific beam-pruning path: the budget feasibility filter changes the retained approximate state set despite a feasible unconstrained terminal path,63,100,0.63,-9.135044941564358,63,0.63,-9.135044941564358
M5,governance_fixed_K2,FOODS_3_587__WI_3,2,fixed_K2,16.0,2.0,14.0,False,True,True,unconstrained_switch_count > K,True,False,True,False,False,True,False,False,False,-7.0,-7.0,-7.0,False,False,96,0.10*validation_mean; floor=0.25,sorted model names,deterministic accumulated cost then model path,switch-budget feasibility filter only,1e-09,0.0,0.0,0.0,0.0,-7.0,0.0,0.0,0.0,0.0,213.48370315491502,0.0,0.0,branch-specific beam-pruning path: the budget feasibility filter changes the retained approximate state set despite a feasible unconstrained terminal path,63,100,0.63,-9.135044941564358,63,0.63,-9.135044941564358
M5,governance_fixed_K2,FOODS_3_607__CA_3,2,fixed_K2,3.0,1.0,2.0,False,True,True,unconstrained_switch_count > K,True,False,True,False,False,False,False,False,False,-1.167633928571604,-1.0,-1.167633928571604,False,False,96,0.10*validation_mean; floor=0.25,sorted model names,deterministic accumulated cost then model path,switch-budget feasibility filter only,1e-09,0.0,0.0,-0.167633928571429,0.0,-1.0,0.0,0.0,0.0,0.0,0.7499999999999432,0.0357142857142857,-3.3526785714285694,branch-specific beam-pruning path: the budget feasibility filter changes the retained approximate state set despite a feasible unconstrained terminal path,63,100,0.63,-9.135044941564358,63,0.63,-9.135044941564358
M5,governance_fixed_K2,FOODS_3_635__CA_3,2,fixed_K2,1.0,1.0,0.0,True,False,False,unconstrained_switch_count > K,False,False,False,True,True,True,True,True,True,0.0,0.0,0.0,True,True,96,0.10*validation_mean; floor=0.25,sorted model names,deterministic accumulated cost then model path,switch-budget feasibility filter only,1e-09,0.0,0.0,0.0,0.0,0.0,0.0,0.0,0.0,0.0,0.0,0.0,0.0,none,63,100,0.63,-9.135044941564358,63,0.63,-9.135044941564358
M5,governance_fixed_K2,FOODS_3_681__CA_3,2,fixed_K2,1.0,1.0,0.0,True,False,False,unconstrained_switch_count > K,False,False,False,True,True,True,True,True,True,0.0,0.0,0.0,True,True,96,0.10*validation_mean; floor=0.25,sorted model names,deterministic accumulated cost then model path,switch-budget feasibility filter only,1e-09,0.0,0.0,0.0,0.0,0.0,0.0,0.0,0.0,0.0,0.0,0.0,0.0,none,63,100,0.63,-9.135044941564358,63,0.63,-9.135044941564358
M5,governance_fixed_K2,FOODS_3_681__WI_3,2,fixed_K2,1.0,1.0,0.0,True,False,False,unconstrained_switch_count > K,False,False,False,True,True,True,True,True,True,0.0,0.0,0.0,True,True,96,0.10*validation_mean; floor=0.25,sorted model names,deterministic accumulated cost then model path,switch-budget feasibility filter only,1e-09,0.0,0.0,0.0,0.0,0.0,0.0,0.0,0.0,0.0,0.0,0.0,0.0,none,63,100,0.63,-9.135044941564358,63,0.63,-9.135044941564358
M5,governance_fixed_K2,FOODS_3_694__CA_3,2,fixed_K2,19.0,1.0,18.0,False,True,True,unconstrained_switch_count > K,True,False,True,False,False,False,False,False,False,1993.5815261837665,-9.0,1993.5815261837665,False,False,96,0.10*validation_mean; floor=0.25,sorted model names,deterministic accumulated cost then model path,switch-budget feasibility filter only,1e-09,6.636963751011621,1996.637419698909,-0.6928572661544432,0.0,-9.0,-0.0978941176901259,0.23703441967898708,7.322856444586783,0.0,536.7552631643364,0.2142857142857143,-13.857145323088865,branch-specific beam-pruning path: the budget feasibility filter changes the retained approximate state set despite a feasible unconstrained terminal path,63,100,0.63,-9.135044941564358,63,0.63,-9.135044941564358
M5,governance_fixed_K2,FOODS_3_694__WI_1,2,fixed_K2,1.0,1.0,0.0,True,False,False,unconstrained_switch_count > K,False,False,False,True,True,True,True,True,True,0.0,0.0,0.0,True,True,96,0.10*validation_mean; floor=0.25,sorted model names,deterministic accumulated cost then model path,switch-budget feasibility filter only,1e-09,0.0,0.0,0.0,0.0,0.0,0.0,0.0,0.0,0.0,0.0,0.0,0.0,none,63,100,0.63,-9.135044941564358,63,0.63,-9.135044941564358
M5,governance_fixed_K2,FOODS_3_694__WI_2,2,fixed_K2,3.0,2.0,1.0,False,True,True,unconstrained_switch_count > K,True,False,True,False,False,True,False,False,False,-0.5,-0.5,-0.5,False,False,96,0.10*validation_mean; floor=0.25,sorted model names,deterministic accumulated cost then model path,switch-budget feasibility filter only,1e-09,0.0,0.0,0.0,0.0,-0.5,0.0,0.0,0.0,0.0,0.0,0.0,0.0,branch-specific beam-pruning path: the budget feasibility filter changes the retained approximate state set despite a feasible unconstrained terminal path,63,100,0.63,-9.135044941564358,63,0.63,-9.135044941564358
M5,governance_fixed_K2,FOODS_3_694__WI_3,2,fixed_K2,4.0,2.0,2.0,False,True,True,unconstrained_switch_count > K,True,False,True,False,False,True,False,False,False,-1.0,-1.0,-1.0,False,False,96,0.10*validation_mean; floor=0.25,sorted model names,deterministic accumulated cost then model path,switch-budget feasibility filter only,1e-09,0.0,0.0,0.0,0.0,-1.0,0.0,0.0,0.0,0.0,-21.428571428571416,0.0,0.0,branch-specific beam-pruning path: the budget feasibility filter changes the retained approximate state set despite a feasible unconstrained terminal path,63,100,0.63,-9.135044941564358,63,0.63,-9.135044941564358
M5,governance_fixed_K2,FOODS_3_711__CA_3,2,fixed_K2,1.0,1.0,0.0,True,False,False,unconstrained_switch_count > K,False,False,False,True,True,True,True,True,True,0.0,0.0,0.0,True,True,96,0.10*validation_mean; floor=0.25,sorted model names,deterministic accumulated cost then model path,switch-budget feasibility filter only,1e-09,0.0,0.0,0.0,0.0,0.0,0.0,0.0,0.0,0.0,0.0,0.0,0.0,none,63,100,0.63,-9.135044941564358,63,0.63,-9.135044941564358
M5,governance_fixed_K2,FOODS_3_711__WI_2,2,fixed_K2,3.0,2.0,1.0,False,True,True,unconstrained_switch_count > K,True,False,True,False,False,False,False,False,False,3.556695820531786,-0.5,3.556695820531786,False,False,96,0.10*validation_mean; floor=0.25,sorted model names,deterministic accumulated cost then model path,switch-budget feasibility filter only,1e-09,-18.607875949803656,22.668759649733033,-0.004187879397403282,0.0,-0.5,-0.006045002573262015,-0.6645669982073485,1.5112506433155346,0.0,-35.10715568888051,0.0357142857142857,-0.08375758794805677,branch-specific beam-pruning path: the budget feasibility filter changes the retained approximate state set despite a feasible unconstrained terminal path,63,100,0.63,-9.135044941564358,63,0.63,-9.135044941564358
M5,governance_fixed_K2,FOODS_3_714__CA_1,2,fixed_K2,1.0,1.0,0.0,True,False,False,unconstrained_switch_count > K,False,False,False,True,True,True,True,True,True,0.0,0.0,0.0,True,True,96,0.10*validation_mean; floor=0.25,sorted model names,deterministic accumulated cost then model path,switch-budget feasibility filter only,1e-09,0.0,0.0,0.0,0.0,0.0,0.0,0.0,0.0,0.0,0.0,0.0,0.0,none,63,100,0.63,-9.135044941564358,63,0.63,-9.135044941564358
M5,governance_fixed_K2,FOODS_3_714__CA_3,2,fixed_K2,3.0,1.0,2.0,False,True,True,unconstrained_switch_count > K,True,False,True,False,False,True,False,False,False,-1.0,-1.0,-1.0,False,False,96,0.10*validation_mean; floor=0.25,sorted model names,deterministic accumulated cost then model path,switch-budget feasibility filter only,1e-09,0.0,0.0,0.0,0.0,-1.0,0.0,0.0,0.0,0.0,7.14285714285711,0.0,0.0,branch-specific beam-pruning path: the budget feasibility filter changes the retained approximate state set despite a feasible unconstrained terminal path,63,100,0.63,-9.135044941564358,63,0.63,-9.135044941564358
M5,governance_fixed_K2,FOODS_3_714__TX_1,2,fixed_K2,0.0,0.0,0.0,True,False,False,unconstrained_switch_count > K,False,False,False,True,True,True,True,True,True,0.0,0.0,0.0,True,True,96,0.10*validation_mean; floor=0.25,sorted model names,deterministic accumulated cost then model path,switch-budget feasibility filter only,1e-09,0.0,0.0,0.0,0.0,0.0,0.0,0.0,0.0,0.0,0.0,0.0,0.0,none,63,100,0.63,-9.135044941564358,63,0.63,-9.135044941564358
M5,governance_fixed_K2,FOODS_3_714__TX_2,2,fixed_K2,2.0,2.0,0.0,True,False,False,unconstrained_switch_count > K,False,False,False,True,True,True,True,True,True,0.0,0.0,0.0,True,True,96,0.10*validation_mean; floor=0.25,sorted model names,deterministic accumulated cost then model path,switch-budget feasibility filter only,1e-09,0.0,0.0,0.0,0.0,0.0,0.0,0.0,0.0,0.0,0.0,0.0,0.0,none,63,100,0.63,-9.135044941564358,63,0.63,-9.135044941564358
M5,governance_fixed_K2,FOODS_3_714__TX_3,2,fixed_K2,2.0,2.0,0.0,True,False,False,unconstrained_switch_count > K,False,False,False,True,True,True,True,True,True,0.0,0.0,0.0,True,True,96,0.10*validation_mean; floor=0.25,sorted model names,deterministic accumulated cost then model path,switch-budget feasibility filter only,1e-09,0.0,0.0,0.0,0.0,0.0,0.0,0.0,0.0,0.0,0.0,0.0,0.0,none,63,100,0.63,-9.135044941564358,63,0.63,-9.135044941564358
M5,governance_fixed_K2,FOODS_3_714__WI_3,2,fixed_K2,4.0,2.0,2.0,False,True,True,unconstrained_switch_count > K,True,False,True,False,False,True,False,False,False,-1.0,-1.0,-1.0,False,False,96,0.10*validation_mean; floor=0.25,sorted model names,deterministic accumulated cost then model path,switch-budget feasibility filter only,1e-09,0.0,0.0,0.0,0.0,-1.0,0.0,0.0,0.0,0.0,-14.464285714285722,0.0,0.0,branch-specific beam-pruning path: the budget feasibility filter changes the retained approximate state set despite a feasible unconstrained terminal path,63,100,0.63,-9.135044941564358,63,0.63,-9.135044941564358
M5,governance_fixed_K2,FOODS_3_723__CA_3,2,fixed_K2,3.0,1.0,2.0,False,True,True,unconstrained_switch_count > K,True,False,True,False,False,False,False,False,False,-1.0151308768345189,-1.0,-1.0151308768345189,False,False,96,0.10*validation_mean; floor=0.25,sorted model names,deterministic accumulated cost then model path,switch-budget feasibility filter only,1e-09,0.0,0.0,-0.015130876834329676,0.0,-1.0,0.0,0.0,0.0,0.0,0.0,0.0,-0.3026175366865971,branch-specific beam-pruning path: the budget feasibility filter changes the retained approximate state set despite a feasible unconstrained terminal path,63,100,0.63,-9.135044941564358,63,0.63,-9.135044941564358
M5,governance_fixed_K2,FOODS_3_723__WI_3,2,fixed_K2,5.0,2.0,3.0,False,True,True,unconstrained_switch_count > K,True,False,True,False,False,False,False,False,False,-4.366517857142753,-1.5,-4.366517857142753,False,False,96,0.10*validation_mean; floor=0.25,sorted model names,deterministic accumulated cost then model path,switch-budget feasibility filter only,1e-09,-2.6875,0.0,-0.17901785714286156,0.0,-1.5,0.0,-0.0959821428571459,0.0,0.0,-25.117713809450265,-0.0357142857142857,-3.580357142857139,branch-specific beam-pruning path: the budget feasibility filter changes the retained approximate state set despite a feasible unconstrained terminal path,63,100,0.63,-9.135044941564358,63,0.63,-9.135044941564358
M5,governance_fixed_K2,FOODS_3_752__CA_3,2,fixed_K2,10.0,2.0,8.0,False,True,True,unconstrained_switch_count > K,True,False,True,False,False,False,False,False,False,89.21887034376323,-4.0,89.21887034376323,False,False,96,0.10*validation_mean; floor=0.25,sorted model names,deterministic accumulated cost then model path,switch-budget feasibility filter only,1e-09,-9.233439887805304,102.37564827548522,0.07666195608327442,0.0,-4.0,-0.0039458373538096,-0.3297657102787612,1.174884298733005,0.0,-6.789000121555773,0.0714285714285714,1.5332391216654884,branch-specific beam-pruning path: the budget feasibility filter changes the retained approximate state set despite a feasible unconstrained terminal path,63,100,0.63,-9.135044941564358,63,0.63,-9.135044941564358
M5,governance_fixed_K2,FOODS_3_804__CA_3,2,fixed_K2,1.0,1.0,0.0,True,False,False,unconstrained_switch_count > K,False,False,False,True,True,True,True,True,True,0.0,0.0,0.0,True,True,96,0.10*validation_mean; floor=0.25,sorted model names,deterministic accumulated cost then model path,switch-budget feasibility filter only,1e-09,0.0,0.0,0.0,0.0,0.0,0.0,0.0,0.0,0.0,0.0,0.0,0.0,none,63,100,0.63,-9.135044941564358,63,0.63,-9.135044941564358
M5,governance_fixed_K2,FOODS_3_808__CA_1,2,fixed_K2,7.0,2.0,5.0,False,True,True,unconstrained_switch_count > K,True,False,True,False,False,False,False,False,False,38.04521704512899,-2.5,38.04521704512899,False,False,96,0.10*validation_mean; floor=0.25,sorted model names,deterministic accumulated cost then model path,switch-budget feasibility filter only,1e-09,-57.2094491522287,97.69839103852928,0.05627515882897269,0.0,-2.5,0.0,-2.0431946125795966,0.0,0.0,-86.41993026218776,-0.1428571428571429,1.1255031765794534,branch-specific beam-pruning path: the budget feasibility filter changes the retained approximate state set despite a feasible unconstrained terminal path,63,100,0.63,-9.135044941564358,63,0.63,-9.135044941564358
M5,governance_fixed_K2,FOODS_3_808__CA_3,2,fixed_K2,1.0,1.0,0.0,True,False,False,unconstrained_switch_count > K,False,False,False,True,True,True,True,True,True,0.0,0.0,0.0,True,True,96,0.10*validation_mean; floor=0.25,sorted model names,deterministic accumulated cost then model path,switch-budget feasibility filter only,1e-09,0.0,0.0,0.0,0.0,0.0,0.0,0.0,0.0,0.0,0.0,0.0,0.0,none,63,100,0.63,-9.135044941564358,63,0.63,-9.135044941564358
M5,governance_fixed_K2,HOUSEHOLD_1_118__CA_3,2,fixed_K2,1.0,1.0,0.0,True,False,False,unconstrained_switch_count > K,False,False,False,True,True,True,True,True,True,0.0,0.0,0.0,True,True,96,0.10*validation_mean; floor=0.25,sorted model names,deterministic accumulated cost then model path,switch-budget feasibility filter only,1e-09,0.0,0.0,0.0,0.0,0.0,0.0,0.0,0.0,0.0,0.0,0.0,0.0,none,63,100,0.63,-9.135044941564358,63,0.63,-9.135044941564358
M5,governance_fixed_K2,HOUSEHOLD_1_334__CA_3,2,fixed_K2,11.0,2.0,9.0,False,True,True,unconstrained_switch_count > K,True,False,True,False,False,False,False,False,False,2278.804820375878,-4.5,2278.804820375878,False,False,96,0.10*validation_mean; floor=0.25,sorted model names,deterministic accumulated cost then model path,switch-budget feasibility filter only,1e-09,-7.928571428571445,2291.4490330450217,-0.21564124057098932,0.0,-4.5,-0.0371539313399778,-0.283163265306122,19.712398215735192,0.0,522.7958118776551,0.0,-4.312824811419787,branch-specific beam-pruning path: the budget feasibility filter changes the retained approximate state set despite a feasible unconstrained terminal path,63,100,0.63,-9.135044941564358,63,0.63,-9.135044941564358
M5,governance_fixed_K2,HOUSEHOLD_1_459__CA_3,2,fixed_K2,10.0,2.0,8.0,False,True,True,unconstrained_switch_count > K,True,False,True,False,False,False,False,False,False,-435.7222177422509,-4.0,-435.7222177422509,False,False,96,0.10*validation_mean; floor=0.25,sorted model names,deterministic accumulated cost then model path,switch-budget feasibility filter only,1e-09,-2.0879148990426017,-429.59477338973466,-0.039529453475255716,0.0,-4.0,-0.040063356877179795,-0.07456838925152187,-5.965108425635407,0.0,-33.00580625975749,0.0357142857142857,-0.7905890695051099,branch-specific beam-pruning path: the budget feasibility filter changes the retained approximate state set despite a feasible unconstrained terminal path,63,100,0.63,-9.135044941564358,63,0.63,-9.135044941564358
M5,governance_validation_q25,FOODS_1_218__TX_2,2,validation_q25,1.0,1.0,0.0,True,False,False,unconstrained_switch_count > K,False,False,False,True,True,True,True,True,True,0.0,0.0,0.0,True,True,96,0.10*validation_mean; floor=0.25,sorted model names,deterministic accumulated cost then model path,switch-budget feasibility filter only,1e-09,0.0,0.0,0.0,0.0,0.0,0.0,0.0,0.0,0.0,0.0,0.0,0.0,none,63,100,0.63,-9.135044941564358,63,0.63,-9.135044941564358
M5,governance_validation_q25,FOODS_2_197__CA_1,2,validation_q25,5.0,2.0,3.0,False,True,True,unconstrained_switch_count > K,True,False,True,False,False,False,False,False,False,250.6783929198782,-1.5,250.6783929198782,False,False,96,0.10*validation_mean; floor=0.25,sorted model names,deterministic accumulated cost then model path,switch-budget feasibility filter only,1e-09,-41.29910714285714,293.0594197055925,0.4180803571428573,0.0,-1.5,-0.0037269196295603157,-1.4749681122448983,3.2993308872487006,0.0,54.02968223499124,-0.03571428571428581,8.361607142857139,branch-specific beam-pruning path: the budget feasibility filter changes the retained approximate state set despite a feasible unconstrained terminal path,63,100,0.63,-9.135044941564358,63,0.63,-9.135044941564358
M5,governance_validation_q25,FOODS_2_197__CA_3,2,validation_q25,0.0,0.0,0.0,True,False,False,unconstrained_switch_count > K,False,False,False,True,True,True,True,True,True,0.0,0.0,0.0,True,True,96,0.10*validation_mean; floor=0.25,sorted model names,deterministic accumulated cost then model path,switch-budget feasibility filter only,1e-09,0.0,0.0,0.0,0.0,0.0,0.0,0.0,0.0,0.0,0.0,0.0,0.0,none,63,100,0.63,-9.135044941564358,63,0.63,-9.135044941564358
M5,governance_validation_q25,FOODS_2_276__CA_3,2,validation_q25,2.0,2.0,0.0,True,False,False,unconstrained_switch_count > K,False,False,False,True,True,True,True,True,True,0.0,0.0,0.0,True,True,96,0.10*validation_mean; floor=0.25,sorted model names,deterministic accumulated cost then model path,switch-budget feasibility filter only,1e-09,0.0,0.0,0.0,0.0,0.0,0.0,0.0,0.0,0.0,0.0,0.0,0.0,none,63,100,0.63,-9.135044941564358,63,0.63,-9.135044941564358
M5,governance_validation_q25,FOODS_2_360__CA_3,2,validation_q25,13.0,2.0,11.0,False,True,True,unconstrained_switch_count > K,True,False,True,False,False,False,False,False,False,-579.2821428571406,-5.5,-579.2821428571406,False,False,96,0.10*validation_mean; floor=0.25,sorted model names,deterministic accumulated cost then model path,switch-budget feasibility filter only,1e-09,0.0,-573.035714285712,-0.7464285714285706,0.0,-5.5,0.0,0.0,-10.71428571428568,0.0,9.145909892574764,0.0357142857142857,-14.92857142857141,branch-specific beam-pruning path: the budget feasibility filter changes the retained approximate state set despite a feasible unconstrained terminal path,63,100,0.63,-9.135044941564358,63,0.63,-9.135044941564358
M5,governance_validation_q25,FOODS_2_360__TX_3,2,validation_q25,14.0,2.0,12.0,False,True,True,unconstrained_switch_count > K,True,False,True,False,False,False,False,False,False,-234.7362129203757,-6.0,-234.7362129203757,False,False,96,0.10*validation_mean; floor=0.25,sorted model names,deterministic accumulated cost then model path,switch-budget feasibility filter only,1e-09,5.00570148950888,-233.54928048131478,-0.19263392857142936,0.0,-6.0,0.02596736589604881,0.17877505319674736,-2.1615188986421856,0.0,127.33322942183645,0.0,-3.8526785714285836,branch-specific beam-pruning path: the budget feasibility filter changes the retained approximate state set despite a feasible unconstrained terminal path,63,100,0.63,-9.135044941564358,63,0.63,-9.135044941564358
M5,governance_validation_q25,FOODS_2_360__WI_2,2,validation_q25,5.0,2.0,3.0,False,True,True,unconstrained_switch_count > K,True,False,True,False,False,True,False,False,False,-1.5,-1.5,-1.5,False,False,96,0.10*validation_mean; floor=0.25,sorted model names,deterministic accumulated cost then model path,switch-budget feasibility filter only,1e-09,0.0,0.0,0.0,0.0,-1.5,0.0,0.0,0.0,0.0,330.17503683013547,0.0,0.0,branch-specific beam-pruning path: the budget feasibility filter changes the retained approximate state set despite a feasible unconstrained terminal path,63,100,0.63,-9.135044941564358,63,0.63,-9.135044941564358
M5,governance_validation_q25,FOODS_3_007__WI_2,2,validation_q25,6.0,2.0,4.0,False,True,True,unconstrained_switch_count > K,True,False,True,False,False,True,False,False,False,-2.0,-2.0,-2.0,False,False,96,0.10*validation_mean; floor=0.25,sorted model names,deterministic accumulated cost then model path,switch-budget feasibility filter only,1e-09,0.0,0.0,0.0,0.0,-2.0,0.0,0.0,0.0,0.0,864.4642857142844,0.0,0.0,branch-specific beam-pruning path: the budget feasibility filter changes the retained approximate state set despite a feasible unconstrained terminal path,63,100,0.63,-9.135044941564358,63,0.63,-9.135044941564358
M5,governance_validation_q25,FOODS_3_030__TX_2,2,validation_q25,5.0,1.0,4.0,False,True,True,unconstrained_switch_count > K,True,False,True,False,False,False,False,False,False,-2.2308035714286234,-2.0,-2.2308035714286234,False,False,96,0.10*validation_mean; floor=0.25,sorted model names,deterministic accumulated cost then model path,switch-budget feasibility filter only,1e-09,0.0,0.0,-0.23080357142857366,0.0,-2.0,0.0,0.0,0.0,0.0,-8.616071428571558,0.0,-4.616071428571473,branch-specific beam-pruning path: the budget feasibility filter changes the retained approximate state set despite a feasible unconstrained terminal path,63,100,0.63,-9.135044941564358,63,0.63,-9.135044941564358
M5,governance_validation_q25,FOODS_3_030__TX_3,2,validation_q25,4.0,2.0,2.0,False,True,True,unconstrained_switch_count > K,True,False,True,False,False,False,False,False,False,-26.178376538850443,-1.0,-26.178376538850443,False,False,96,0.10*validation_mean; floor=0.25,sorted model names,deterministic accumulated cost then model path,switch-budget feasibility filter only,1e-09,-25.1316531057023,0.0,-0.04672343314824623,0.0,-1.0,0.0,-0.8975590394893693,0.0,0.0,-20.976484352539416,-0.0357142857142857,-0.9344686629649175,branch-specific beam-pruning path: the budget feasibility filter changes the retained approximate state set despite a feasible unconstrained terminal path,63,100,0.63,-9.135044941564358,63,0.63,-9.135044941564358
M5,governance_validation_q25,FOODS_3_080__CA_1,2,validation_q25,1.0,1.0,0.0,True,False,False,unconstrained_switch_count > K,False,False,False,True,True,True,True,True,True,0.0,0.0,0.0,True,True,96,0.10*validation_mean; floor=0.25,sorted model names,deterministic accumulated cost then model path,switch-budget feasibility filter only,1e-09,0.0,0.0,0.0,0.0,0.0,0.0,0.0,0.0,0.0,0.0,0.0,0.0,none,63,100,0.63,-9.135044941564358,63,0.63,-9.135044941564358
M5,governance_validation_q25,FOODS_3_080__TX_2,2,validation_q25,2.0,2.0,0.0,True,False,False,unconstrained_switch_count > K,False,False,False,True,True,True,True,True,True,0.0,0.0,0.0,True,True,96,0.10*validation_mean; floor=0.25,sorted model names,deterministic accumulated cost then model path,switch-budget feasibility filter only,1e-09,0.0,0.0,0.0,0.0,0.0,0.0,0.0,0.0,0.0,0.0,0.0,0.0,none,63,100,0.63,-9.135044941564358,63,0.63,-9.135044941564358
M5,governance_validation_q25,FOODS_3_090__CA_1,2,validation_q25,3.0,1.0,2.0,False,True,True,unconstrained_switch_count > K,True,False,True,False,False,True,False,False,False,-1.0,-1.0,-1.0,False,False,96,0.10*validation_mean; floor=0.25,sorted model names,deterministic accumulated cost then model path,switch-budget feasibility filter only,1e-09,0.0,0.0,0.0,0.0,-1.0,0.0,0.0,0.0,0.0,-1.9642857142857792,0.0,0.0,branch-specific beam-pruning path: the budget feasibility filter changes the retained approximate state set despite a feasible unconstrained terminal path,63,100,0.63,-9.135044941564358,63,0.63,-9.135044941564358
M5,governance_validation_q25,FOODS_3_090__CA_2,2,validation_q25,1.0,1.0,0.0,True,False,False,unconstrained_switch_count > K,False,False,False,True,True,True,True,True,True,0.0,0.0,0.0,True,True,96,0.10*validation_mean; floor=0.25,sorted model names,deterministic accumulated cost then model path,switch-budget feasibility filter only,1e-09,0.0,0.0,0.0,0.0,0.0,0.0,0.0,0.0,0.0,0.0,0.0,0.0,none,63,100,0.63,-9.135044941564358,63,0.63,-9.135044941564358
M5,governance_validation_q25,FOODS_3_090__CA_3,2,validation_q25,5.0,2.0,3.0,False,True,True,unconstrained_switch_count > K,True,False,True,False,False,True,False,False,False,-1.5,-1.5,-1.5,False,False,96,0.10*validation_mean; floor=0.25,sorted model names,deterministic accumulated cost then model path,switch-budget feasibility filter only,1e-09,0.0,0.0,0.0,0.0,-1.5,0.0,0.0,0.0,0.0,-82.08158904123184,0.0,0.0,branch-specific beam-pruning path: the budget feasibility filter changes the retained approximate state set despite a feasible unconstrained terminal path,63,100,0.63,-9.135044941564358,63,0.63,-9.135044941564358
M5,governance_validation_q25,FOODS_3_090__CA_4,2,validation_q25,8.0,1.0,7.0,False,True,True,unconstrained_switch_count > K,True,False,True,False,False,False,False,False,False,53.9732393611946,-3.5,53.9732393611946,False,False,96,0.10*validation_mean; floor=0.25,sorted model names,deterministic accumulated cost then model path,switch-budget feasibility filter only,1e-09,-18.76785714285711,76.83035714285722,-0.5892606388054116,0.0,-3.5,-0.020597950976637303,-0.6702806122449054,0.0,0.0,7.348214285714278,0.0,-11.78521277610821,branch-specific beam-pruning path: the budget feasibility filter changes the retained approximate state set despite a feasible unconstrained terminal path,63,100,0.63,-9.135044941564358,63,0.63,-9.135044941564358
M5,governance_validation_q25,FOODS_3_090__TX_1,2,validation_q25,9.0,1.0,8.0,False,True,True,unconstrained_switch_count > K,True,False,True,False,False,False,False,False,False,-4.764285714286416,-4.0,-4.764285714286416,False,False,96,0.10*validation_mean; floor=0.25,sorted model names,deterministic accumulated cost then model path,switch-budget feasibility filter only,1e-09,0.0,0.0,-0.7642857142857267,0.0,-4.0,0.0,0.0,0.0,0.0,-28.816756669134634,0.0,-15.285714285714505,branch-specific beam-pruning path: the budget feasibility filter changes the retained approximate state set despite a feasible unconstrained terminal path,63,100,0.63,-9.135044941564358,63,0.63,-9.135044941564358
M5,governance_validation_q25,FOODS_3_090__TX_2,2,validation_q25,3.0,2.0,1.0,False,True,True,unconstrained_switch_count > K,True,False,True,False,False,False,False,False,False,-1763.187170200923,-0.5,-1763.187170200923,False,False,96,0.10*validation_mean; floor=0.25,sorted model names,deterministic accumulated cost then model path,switch-budget feasibility filter only,1e-09,-22.507895655861603,-1742.024559200916,1.8452846558547122,0.0,-0.5,0.1268077574117693,-0.8038534162807736,0.0,0.0,-642.5119290240771,-0.07142857142857151,36.90569311709419,branch-specific beam-pruning path: the budget feasibility filter changes the retained approximate state set despite a feasible unconstrained terminal path,63,100,0.63,-9.135044941564358,63,0.63,-9.135044941564358
M5,governance_validation_q25,FOODS_3_090__TX_3,2,validation_q25,2.0,2.0,0.0,True,False,False,unconstrained_switch_count > K,False,False,False,True,True,True,True,True,True,0.0,0.0,0.0,True,True,96,0.10*validation_mean; floor=0.25,sorted model names,deterministic accumulated cost then model path,switch-budget feasibility filter only,1e-09,0.0,0.0,0.0,0.0,0.0,0.0,0.0,0.0,0.0,0.0,0.0,0.0,none,63,100,0.63,-9.135044941564358,63,0.63,-9.135044941564358
M5,governance_validation_q25,FOODS_3_090__WI_3,2,validation_q25,2.0,2.0,0.0,True,False,False,unconstrained_switch_count > K,False,False,False,True,True,True,True,True,True,0.0,0.0,0.0,True,True,96,0.10*validation_mean; floor=0.25,sorted model names,deterministic accumulated cost then model path,switch-budget feasibility filter only,1e-09,0.0,0.0,0.0,0.0,0.0,0.0,0.0,0.0,0.0,0.0,0.0,0.0,none,63,100,0.63,-9.135044941564358,63,0.63,-9.135044941564358
M5,governance_validation_q25,FOODS_3_099__TX_2,2,validation_q25,2.0,2.0,0.0,True,False,False,unconstrained_switch_count > K,False,False,False,True,True,True,True,True,True,0.0,0.0,0.0,True,True,96,0.10*validation_mean; floor=0.25,sorted model names,deterministic accumulated cost then model path,switch-budget feasibility filter only,1e-09,0.0,0.0,0.0,0.0,0.0,0.0,0.0,0.0,0.0,0.0,0.0,0.0,none,63,100,0.63,-9.135044941564358,63,0.63,-9.135044941564358
M5,governance_validation_q25,FOODS_3_120__CA_1,2,validation_q25,15.0,2.0,13.0,False,True,True,unconstrained_switch_count > K,True,False,True,False,False,True,False,False,False,-6.5,-6.5,-6.5,False,False,96,0.10*validation_mean; floor=0.25,sorted model names,deterministic accumulated cost then model path,switch-budget feasibility filter only,1e-09,0.0,0.0,0.0,0.0,-6.5,0.0,0.0,0.0,0.0,762.86288059853,0.0,0.0,branch-specific beam-pruning path: the budget feasibility filter changes the retained approximate state set despite a feasible unconstrained terminal path,63,100,0.63,-9.135044941564358,63,0.63,-9.135044941564358
M5,governance_validation_q25,FOODS_3_120__CA_3,2,validation_q25,17.0,2.0,15.0,False,True,True,unconstrained_switch_count > K,True,False,True,False,False,False,False,False,False,3548.278383419063,-7.5,3548.278383419063,False,False,96,0.10*validation_mean; floor=0.25,sorted model names,deterministic accumulated cost then model path,switch-budget feasibility filter only,1e-09,0.0,3555.631219208124,0.14716421094167398,0.0,-7.5,-0.011882563360986392,0.0,29.87553384497039,0.0,1295.0281725176355,0.0,2.943284218833483,branch-specific beam-pruning path: the budget feasibility filter changes the retained approximate state set despite a feasible unconstrained terminal path,63,100,0.63,-9.135044941564358,63,0.63,-9.135044941564358
M5,governance_validation_q25,FOODS_3_120__WI_3,2,validation_q25,14.0,2.0,12.0,False,True,True,unconstrained_switch_count > K,True,False,True,False,False,True,False,False,False,-6.0,-6.0,-6.0,False,False,96,0.10*validation_mean; floor=0.25,sorted model names,deterministic accumulated cost then model path,switch-budget feasibility filter only,1e-09,0.0,0.0,0.0,0.0,-6.0,0.0,0.0,0.0,0.0,466.607142857144,0.0,0.0,branch-specific beam-pruning path: the budget feasibility filter changes the retained approximate state set despite a feasible unconstrained terminal path,63,100,0.63,-9.135044941564358,63,0.63,-9.135044941564358
M5,governance_validation_q25,FOODS_3_202__CA_3,2,validation_q25,4.0,2.0,2.0,False,True,True,unconstrained_switch_count > K,True,False,True,False,False,False,False,False,False,-4040.476122616864,-1.0,-4040.476122616864,False,False,96,0.10*validation_mean; floor=0.25,sorted model names,deterministic accumulated cost then model path,switch-budget feasibility filter only,1e-09,-77.09641292959321,-3961.940535580129,-0.43917410714285854,0.0,-1.0,-0.028908601935412115,-2.753443318914046,-48.61190478923923,0.0,-1027.9695783787292,-0.0357142857142857,-8.783482142857167,branch-specific beam-pruning path: the budget feasibility filter changes the retained approximate state set despite a feasible unconstrained terminal path,63,100,0.63,-9.135044941564358,63,0.63,-9.135044941564358
M5,governance_validation_q25,FOODS_3_202__TX_1,2,validation_q25,0.0,0.0,0.0,True,False,False,unconstrained_switch_count > K,False,False,False,True,True,True,True,True,True,0.0,0.0,0.0,True,True,96,0.10*validation_mean; floor=0.25,sorted model names,deterministic accumulated cost then model path,switch-budget feasibility filter only,1e-09,0.0,0.0,0.0,0.0,0.0,0.0,0.0,0.0,0.0,0.0,0.0,0.0,none,63,100,0.63,-9.135044941564358,63,0.63,-9.135044941564358
M5,governance_validation_q25,FOODS_3_202__TX_2,2,validation_q25,4.0,2.0,2.0,False,True,True,unconstrained_switch_count > K,True,False,True,False,False,True,False,False,False,-1.0,-1.0,-1.0,False,False,96,0.10*validation_mean; floor=0.25,sorted model names,deterministic accumulated cost then model path,switch-budget feasibility filter only,1e-09,0.0,0.0,0.0,0.0,-1.0,0.0,0.0,0.0,0.0,1.981038413999272,0.0,0.0,branch-specific beam-pruning path: the budget feasibility filter changes the retained approximate state set despite a feasible unconstrained terminal path,63,100,0.63,-9.135044941564358,63,0.63,-9.135044941564358
M5,governance_validation_q25,FOODS_3_202__TX_3,2,validation_q25,4.0,2.0,2.0,False,True,True,unconstrained_switch_count > K,True,False,True,False,False,False,False,False,False,-4.480162252615628,-1.0,-4.480162252615628,False,False,96,0.10*validation_mean; floor=0.25,sorted model names,deterministic accumulated cost then model path,switch-budget feasibility filter only,1e-09,-3.163783866014228,0.0,-0.31637838660142314,0.0,-1.0,0.0,-0.11299228092907754,0.0,0.0,-7.555405522877493,0.0,-6.327567732028513,branch-specific beam-pruning path: the budget feasibility filter changes the retained approximate state set despite a feasible unconstrained terminal path,63,100,0.63,-9.135044941564358,63,0.63,-9.135044941564358
M5,governance_validation_q25,FOODS_3_226__WI_1,2,validation_q25,4.0,2.0,2.0,False,True,True,unconstrained_switch_count > K,True,False,True,False,False,False,False,False,False,-1.2338026089723826,-1.0,-1.2338026089723826,False,False,96,0.10*validation_mean; floor=0.25,sorted model names,deterministic accumulated cost then model path,switch-budget feasibility filter only,1e-09,0.0,0.0,-0.23380260897235594,0.0,-1.0,0.0,0.0,0.0,0.0,0.0,0.0,-4.676052179447083,branch-specific beam-pruning path: the budget feasibility filter changes the retained approximate state set despite a feasible unconstrained terminal path,63,100,0.63,-9.135044941564358,63,0.63,-9.135044941564358
M5,governance_validation_q25,FOODS_3_226__WI_2,2,validation_q25,5.0,2.0,3.0,False,True,True,unconstrained_switch_count > K,True,False,True,False,False,False,False,False,False,29.147575480276373,-1.5,29.147575480276373,False,False,96,0.10*validation_mean; floor=0.25,sorted model names,deterministic accumulated cost then model path,switch-budget feasibility filter only,1e-09,0.0,30.357142857143117,0.29043262313302165,0.0,-1.5,-0.0021931192869641958,0.0,0.0,0.0,0.0,0.0,5.808652462660405,branch-specific beam-pruning path: the budget feasibility filter changes the retained approximate state set despite a feasible unconstrained terminal path,63,100,0.63,-9.135044941564358,63,0.63,-9.135044941564358
M5,governance_validation_q25,FOODS_3_226__WI_3,2,validation_q25,5.0,2.0,3.0,False,True,True,unconstrained_switch_count > K,True,False,True,False,False,False,False,False,False,-43.888567493294886,-1.5,-43.888567493294886,False,False,96,0.10*validation_mean; floor=0.25,sorted model names,deterministic accumulated cost then model path,switch-budget feasibility filter only,1e-09,-42.76906986001745,0.0,0.38050236672216364,0.0,-1.5,0.0,-1.5274667807149171,0.0,0.0,-19.267897612346275,-0.0357142857142857,7.610047334443294,branch-specific beam-pruning path: the budget feasibility filter changes the retained approximate state set despite a feasible unconstrained terminal path,63,100,0.63,-9.135044941564358,63,0.63,-9.135044941564358
M5,governance_validation_q25,FOODS_3_234__CA_3,2,validation_q25,6.0,2.0,4.0,False,True,True,unconstrained_switch_count > K,True,False,True,False,False,True,False,False,False,-2.0,-2.0,-2.0,False,False,96,0.10*validation_mean; floor=0.25,sorted model names,deterministic accumulated cost then model path,switch-budget feasibility filter only,1e-09,0.0,0.0,0.0,0.0,-2.0,0.0,0.0,0.0,0.0,-1.1186803607065485,0.0,0.0,branch-specific beam-pruning path: the budget feasibility filter changes the retained approximate state set despite a feasible unconstrained terminal path,63,100,0.63,-9.135044941564358,63,0.63,-9.135044941564358
M5,governance_validation_q25,FOODS_3_234__WI_2,2,validation_q25,6.0,2.0,4.0,False,True,True,unconstrained_switch_count > K,True,False,True,False,False,False,False,False,False,-2.553154751482907,-2.0,-2.553154751482907,False,False,96,0.10*validation_mean; floor=0.25,sorted model names,deterministic accumulated cost then model path,switch-budget feasibility filter only,1e-09,-4.644097356808643,4.039290522603551,0.05165208272356611,0.0,-2.0,-0.001807041773077299,-0.16586061988602374,-0.028457034173953843,0.0,-1.825205456726735,0.07142857142857151,1.0330416544713223,branch-specific beam-pruning path: the budget feasibility filter changes the retained approximate state set despite a feasible unconstrained terminal path,63,100,0.63,-9.135044941564358,63,0.63,-9.135044941564358
M5,governance_validation_q25,FOODS_3_234__WI_3,2,validation_q25,6.0,2.0,4.0,False,True,True,unconstrained_switch_count > K,True,False,True,False,False,True,False,False,False,-2.0,-2.0,-2.0,False,False,96,0.10*validation_mean; floor=0.25,sorted model names,deterministic accumulated cost then model path,switch-budget feasibility filter only,1e-09,0.0,0.0,0.0,0.0,-2.0,0.0,0.0,0.0,0.0,-9.197565303024021,0.0,0.0,branch-specific beam-pruning path: the budget feasibility filter changes the retained approximate state set despite a feasible unconstrained terminal path,63,100,0.63,-9.135044941564358,63,0.63,-9.135044941564358
M5,governance_validation_q25,FOODS_3_252__CA_1,2,validation_q25,2.0,2.0,0.0,True,False,False,unconstrained_switch_count > K,False,False,False,True,True,True,True,True,True,0.0,0.0,0.0,True,True,96,0.10*validation_mean; floor=0.25,sorted model names,deterministic accumulated cost then model path,switch-budget feasibility filter only,1e-09,0.0,0.0,0.0,0.0,0.0,0.0,0.0,0.0,0.0,0.0,0.0,0.0,none,63,100,0.63,-9.135044941564358,63,0.63,-9.135044941564358
M5,governance_validation_q25,FOODS_3_252__CA_2,2,validation_q25,6.0,2.0,4.0,False,True,True,unconstrained_switch_count > K,True,False,True,False,False,False,False,False,False,346.7077129575018,-2.0,346.7077129575018,False,False,96,0.10*validation_mean; floor=0.25,sorted model names,deterministic accumulated cost then model path,switch-budget feasibility filter only,1e-09,-18.848786575881036,367.81807706757354,-0.2615775341910922,0.0,-2.0,-0.07124897437453881,-0.673170949138612,20.78293239179036,0.0,15.038377470692353,0.0714285714285714,-5.23155068382178,branch-specific beam-pruning path: the budget feasibility filter changes the retained approximate state set despite a feasible unconstrained terminal path,63,100,0.63,-9.135044941564358,63,0.63,-9.135044941564358
M5,governance_validation_q25,FOODS_3_252__CA_3,2,validation_q25,4.0,1.0,3.0,False,True,True,unconstrained_switch_count > K,True,False,True,False,False,False,False,False,False,-1505.1486896724891,-1.5,-1505.1486896724891,False,False,96,0.10*validation_mean; floor=0.25,sorted model names,deterministic accumulated cost then model path,switch-budget feasibility filter only,1e-09,24.221070404421084,-1527.8631983199848,-0.006561756926199536,0.0,-1.5,0.017630742388247633,0.8650382287293219,-15.397973937295049,0.0,-362.5886769894846,0.0,-0.1312351385239765,branch-specific beam-pruning path: the budget feasibility filter changes the retained approximate state set despite a feasible unconstrained terminal path,63,100,0.63,-9.135044941564358,63,0.63,-9.135044941564358
M5,governance_validation_q25,FOODS_3_252__TX_1,2,validation_q25,1.0,1.0,0.0,True,False,False,unconstrained_switch_count > K,False,False,False,True,True,True,True,True,True,0.0,0.0,0.0,True,True,96,0.10*validation_mean; floor=0.25,sorted model names,deterministic accumulated cost then model path,switch-budget feasibility filter only,1e-09,0.0,0.0,0.0,0.0,0.0,0.0,0.0,0.0,0.0,0.0,0.0,0.0,none,63,100,0.63,-9.135044941564358,63,0.63,-9.135044941564358
M5,governance_validation_q25,FOODS_3_252__TX_2,2,validation_q25,5.0,1.0,4.0,False,True,True,unconstrained_switch_count > K,True,False,True,False,False,False,False,False,False,-148.09645082601446,-2.0,-148.09645082601446,False,False,96,0.10*validation_mean; floor=0.25,sorted model names,deterministic accumulated cost then model path,switch-budget feasibility filter only,1e-09,-64.97429686385931,-79.36925217644057,-1.7529017857142968,0.0,-2.0,0.011569861833300665,-2.3205106022806916,-1.4210854715202004e-14,0.0,-53.31026785714289,0.0,-35.05803571428601,branch-specific beam-pruning path: the budget feasibility filter changes the retained approximate state set despite a feasible unconstrained terminal path,63,100,0.63,-9.135044941564358,63,0.63,-9.135044941564358
M5,governance_validation_q25,FOODS_3_252__TX_3,2,validation_q25,7.0,2.0,5.0,False,True,True,unconstrained_switch_count > K,True,False,True,False,False,False,False,False,False,-12.442834986467233,-2.5,-12.442834986467233,False,False,96,0.10*validation_mean; floor=0.25,sorted model names,deterministic accumulated cost then model path,switch-budget feasibility filter only,1e-09,-46.024624283458934,37.109021439848334,-1.0272321428571232,0.0,-2.5,-0.008111261516906887,-1.6437365815521048,0.8537592868419637,0.0,-34.4198079424348,-0.0714285714285714,-20.54464285714255,branch-specific beam-pruning path: the budget feasibility filter changes the retained approximate state set despite a feasible unconstrained terminal path,63,100,0.63,-9.135044941564358,63,0.63,-9.135044941564358
M5,governance_validation_q25,FOODS_3_252__WI_3,2,validation_q25,3.0,1.0,2.0,False,True,True,unconstrained_switch_count > K,True,False,True,False,False,True,False,False,False,-1.0,-1.0,-1.0,False,False,96,0.10*validation_mean; floor=0.25,sorted model names,deterministic accumulated cost then model path,switch-budget feasibility filter only,1e-09,0.0,0.0,0.0,0.0,-1.0,0.0,0.0,0.0,0.0,-4.235818230094367,0.0,0.0,branch-specific beam-pruning path: the budget feasibility filter changes the retained approximate state set despite a feasible unconstrained terminal path,63,100,0.63,-9.135044941564358,63,0.63,-9.135044941564358
M5,governance_validation_q25,FOODS_3_281__CA_3,2,validation_q25,16.0,2.0,14.0,False,True,True,unconstrained_switch_count > K,True,False,True,False,False,True,False,False,False,-7.0,-7.0,-7.0,False,False,96,0.10*validation_mean; floor=0.25,sorted model names,deterministic accumulated cost then model path,switch-budget feasibility filter only,1e-09,0.0,0.0,0.0,0.0,-7.0,0.0,0.0,0.0,0.0,148.9810453059108,0.0,0.0,branch-specific beam-pruning path: the budget feasibility filter changes the retained approximate state set despite a feasible unconstrained terminal path,63,100,0.63,-9.135044941564358,63,0.63,-9.135044941564358
M5,governance_validation_q25,FOODS_3_282__CA_3,2,validation_q25,1.0,1.0,0.0,True,False,False,unconstrained_switch_count > K,False,False,False,True,True,True,True,True,True,0.0,0.0,0.0,True,True,96,0.10*validation_mean; floor=0.25,sorted model names,deterministic accumulated cost then model path,switch-budget feasibility filter only,1e-09,0.0,0.0,0.0,0.0,0.0,0.0,0.0,0.0,0.0,0.0,0.0,0.0,none,63,100,0.63,-9.135044941564358,63,0.63,-9.135044941564358
M5,governance_validation_q25,FOODS_3_288__CA_3,2,validation_q25,1.0,1.0,0.0,True,False,False,unconstrained_switch_count > K,False,False,False,True,True,True,True,True,True,0.0,0.0,0.0,True,True,96,0.10*validation_mean; floor=0.25,sorted model names,deterministic accumulated cost then model path,switch-budget feasibility filter only,1e-09,0.0,0.0,0.0,0.0,0.0,0.0,0.0,0.0,0.0,0.0,0.0,0.0,none,63,100,0.63,-9.135044941564358,63,0.63,-9.135044941564358
M5,governance_validation_q25,FOODS_3_318__CA_3,2,validation_q25,3.0,2.0,1.0,False,True,True,unconstrained_switch_count > K,True,False,True,False,False,True,False,False,False,-0.5,-0.5,-0.5,False,False,96,0.10*validation_mean; floor=0.25,sorted model names,deterministic accumulated cost then model path,switch-budget feasibility filter only,1e-09,0.0,0.0,0.0,0.0,-0.5,0.0,0.0,0.0,0.0,-4.107142857142776,0.0,0.0,branch-specific beam-pruning path: the budget feasibility filter changes the retained approximate state set despite a feasible unconstrained terminal path,63,100,0.63,-9.135044941564358,63,0.63,-9.135044941564358
M5,governance_validation_q25,FOODS_3_318__WI_3,2,validation_q25,7.0,1.0,6.0,False,True,True,unconstrained_switch_count > K,True,False,True,False,False,True,False,False,False,-3.0,-3.0,-3.0,False,False,96,0.10*validation_mean; floor=0.25,sorted model names,deterministic accumulated cost then model path,switch-budget feasibility filter only,1e-09,0.0,0.0,0.0,0.0,-3.0,0.0,0.0,0.0,0.0,-36.366846839599816,0.0,0.0,branch-specific beam-pruning path: the budget feasibility filter changes the retained approximate state set despite a feasible unconstrained terminal path,63,100,0.63,-9.135044941564358,63,0.63,-9.135044941564358
M5,governance_validation_q25,FOODS_3_319__CA_3,2,validation_q25,0.0,0.0,0.0,True,False,False,unconstrained_switch_count > K,False,False,False,True,True,True,True,True,True,0.0,0.0,0.0,True,True,96,0.10*validation_mean; floor=0.25,sorted model names,deterministic accumulated cost then model path,switch-budget feasibility filter only,1e-09,0.0,0.0,0.0,0.0,0.0,0.0,0.0,0.0,0.0,0.0,0.0,0.0,none,63,100,0.63,-9.135044941564358,63,0.63,-9.135044941564358
M5,governance_validation_q25,FOODS_3_376__WI_2,2,validation_q25,4.0,2.0,2.0,False,True,True,unconstrained_switch_count > K,True,False,True,False,False,False,False,False,False,-4166.430186029054,-1.0,-4166.430186029054,False,False,96,0.10*validation_mean; floor=0.25,sorted model names,deterministic accumulated cost then model path,switch-budget feasibility filter only,1e-09,-19.01785714285711,-4145.49938245763,-0.9129464285714302,0.0,-1.0,-0.027670559180237697,-0.6792091836734677,-47.21899393329636,0.0,-1121.5978001591275,0.0357142857142857,-18.258928571428598,branch-specific beam-pruning path: the budget feasibility filter changes the retained approximate state set despite a feasible unconstrained terminal path,63,100,0.63,-9.135044941564358,63,0.63,-9.135044941564358
M5,governance_validation_q25,FOODS_3_377__TX_2,2,validation_q25,4.0,2.0,2.0,False,True,True,unconstrained_switch_count > K,True,False,True,False,False,False,False,False,False,29.513975985230218,-1.0,29.513975985230218,False,False,96,0.10*validation_mean; floor=0.25,sorted model names,deterministic accumulated cost then model path,switch-budget feasibility filter only,1e-09,0.0,30.721084846710937,-0.20710886148073193,0.0,-1.0,-0.00819228929245619,0.0,1.1442169693421658,0.0,2.068869476527979,0.0,-4.142177229614703,branch-specific beam-pruning path: the budget feasibility filter changes the retained approximate state set despite a feasible unconstrained terminal path,63,100,0.63,-9.135044941564358,63,0.63,-9.135044941564358
M5,governance_validation_q25,FOODS_3_377__TX_3,2,validation_q25,4.0,2.0,2.0,False,True,True,unconstrained_switch_count > K,True,False,True,False,False,False,False,False,False,-14.609927354758838,-1.0,-14.609927354758838,False,False,96,0.10*validation_mean; floor=0.25,sorted model names,deterministic accumulated cost then model path,switch-budget feasibility filter only,1e-09,-13.512547631010193,3.410605131648481e-13,-0.09737972374922954,0.0,-1.0,0.0,-0.4825909868217906,2.842170943040401e-14,0.0,1.4921397450962104e-13,0.0,-1.9475944749845837,branch-specific beam-pruning path: the budget feasibility filter changes the retained approximate state set despite a feasible unconstrained terminal path,63,100,0.63,-9.135044941564358,63,0.63,-9.135044941564358
M5,governance_validation_q25,FOODS_3_412__WI_2,2,validation_q25,6.0,2.0,4.0,False,True,True,unconstrained_switch_count > K,True,False,True,False,False,False,False,False,False,2130.8673767309565,-2.0,2130.8673767309565,False,False,96,0.10*validation_mean; floor=0.25,sorted model names,deterministic accumulated cost then model path,switch-budget feasibility filter only,1e-09,-342.88443483665696,2476.2160972818965,-0.4642857142857144,0.0,-2.0,-0.10301220407372469,-12.245872672737768,17.372522690761798,0.0,325.1172619866079,-0.0357142857142857,-9.285714285714278,branch-specific beam-pruning path: the budget feasibility filter changes the retained approximate state set despite a feasible unconstrained terminal path,63,100,0.63,-9.135044941564358,63,0.63,-9.135044941564358
M5,governance_validation_q25,FOODS_3_462__WI_2,2,validation_q25,4.0,2.0,2.0,False,True,True,unconstrained_switch_count > K,True,False,True,False,False,False,False,False,False,111.02229253513542,-1.0,111.02229253513542,False,False,96,0.10*validation_mean; floor=0.25,sorted model names,deterministic accumulated cost then model path,switch-budget feasibility filter only,1e-09,-27.407670152493097,138.77004751226968,0.6599151753590968,0.0,-1.0,-0.03388767949017579,-0.9788453625890394,0.0,0.0,-29.45733399272808,0.0714285714285714,13.198303507181947,branch-specific beam-pruning path: the budget feasibility filter changes the retained approximate state set despite a feasible unconstrained terminal path,63,100,0.63,-9.135044941564358,63,0.63,-9.135044941564358
M5,governance_validation_q25,FOODS_3_501__CA_3,2,validation_q25,2.0,2.0,0.0,True,False,False,unconstrained_switch_count > K,False,False,False,True,True,True,True,True,True,0.0,0.0,0.0,True,True,96,0.10*validation_mean; floor=0.25,sorted model names,deterministic accumulated cost then model path,switch-budget feasibility filter only,1e-09,0.0,0.0,0.0,0.0,0.0,0.0,0.0,0.0,0.0,0.0,0.0,0.0,none,63,100,0.63,-9.135044941564358,63,0.63,-9.135044941564358
M5,governance_validation_q25,FOODS_3_541__CA_1,2,validation_q25,0.0,0.0,0.0,True,False,False,unconstrained_switch_count > K,False,False,False,True,True,True,True,True,True,0.0,0.0,0.0,True,True,96,0.10*validation_mean; floor=0.25,sorted model names,deterministic accumulated cost then model path,switch-budget feasibility filter only,1e-09,0.0,0.0,0.0,0.0,0.0,0.0,0.0,0.0,0.0,0.0,0.0,0.0,none,63,100,0.63,-9.135044941564358,63,0.63,-9.135044941564358
M5,governance_validation_q25,FOODS_3_541__CA_3,2,validation_q25,1.0,1.0,0.0,True,False,False,unconstrained_switch_count > K,False,False,False,True,True,True,True,True,True,0.0,0.0,0.0,True,True,96,0.10*validation_mean; floor=0.25,sorted model names,deterministic accumulated cost then model path,switch-budget feasibility filter only,1e-09,0.0,0.0,0.0,0.0,0.0,0.0,0.0,0.0,0.0,0.0,0.0,0.0,none,63,100,0.63,-9.135044941564358,63,0.63,-9.135044941564358
M5,governance_validation_q25,FOODS_3_547__WI_2,2,validation_q25,5.0,2.0,3.0,False,True,True,unconstrained_switch_count > K,True,False,True,False,False,False,False,False,False,537.2310240609308,-1.5,537.2310240609308,False,False,96,0.10*validation_mean; floor=0.25,sorted model names,deterministic accumulated cost then model path,switch-budget feasibility filter only,1e-09,-508.96372168404775,1047.6918247767867,0.0029209681919644126,0.0,-1.5,-0.1137714992442902,-18.177275774430278,8.614536830357189,0.0,395.98959124890735,0.0357142857142857,0.058419363839291805,branch-specific beam-pruning path: the budget feasibility filter changes the retained approximate state set despite a feasible unconstrained terminal path,63,100,0.63,-9.135044941564358,63,0.63,-9.135044941564358
M5,governance_validation_q25,FOODS_3_555__CA_1,2,validation_q25,1.0,1.0,0.0,True,False,False,unconstrained_switch_count > K,False,False,False,True,True,True,True,True,True,0.0,0.0,0.0,True,True,96,0.10*validation_mean; floor=0.25,sorted model names,deterministic accumulated cost then model path,switch-budget feasibility filter only,1e-09,0.0,0.0,0.0,0.0,0.0,0.0,0.0,0.0,0.0,0.0,0.0,0.0,none,63,100,0.63,-9.135044941564358,63,0.63,-9.135044941564358
M5,governance_validation_q25,FOODS_3_555__CA_3,2,validation_q25,6.0,1.0,5.0,False,True,True,unconstrained_switch_count > K,True,False,True,False,False,True,False,False,False,-2.5,-2.5,-2.5,False,False,96,0.10*validation_mean; floor=0.25,sorted model names,deterministic accumulated cost then model path,switch-budget feasibility filter only,1e-09,0.0,0.0,0.0,0.0,-2.5,0.0,0.0,0.0,0.0,2.604381062972152,0.0,0.0,branch-specific beam-pruning path: the budget feasibility filter changes the retained approximate state set despite a feasible unconstrained terminal path,63,100,0.63,-9.135044941564358,63,0.63,-9.135044941564358
M5,governance_validation_q25,FOODS_3_555__TX_1,2,validation_q25,4.0,1.0,3.0,False,True,True,unconstrained_switch_count > K,True,False,True,False,False,True,False,False,False,-1.5,-1.5,-1.5,False,False,96,0.10*validation_mean; floor=0.25,sorted model names,deterministic accumulated cost then model path,switch-budget feasibility filter only,1e-09,0.0,0.0,0.0,0.0,-1.5,0.0,0.0,0.0,0.0,-9.64285714285711,0.0,0.0,branch-specific beam-pruning path: the budget feasibility filter changes the retained approximate state set despite a feasible unconstrained terminal path,63,100,0.63,-9.135044941564358,63,0.63,-9.135044941564358
M5,governance_validation_q25,FOODS_3_555__TX_2,2,validation_q25,3.0,2.0,1.0,False,True,True,unconstrained_switch_count > K,True,False,True,False,False,False,False,False,False,-1.241964285713948,-0.5,-1.241964285713948,False,False,96,0.10*validation_mean; floor=0.25,sorted model names,deterministic accumulated cost then model path,switch-budget feasibility filter only,1e-09,0.0,0.0,-0.741964285714289,0.0,-0.5,0.0,0.0,0.0,0.0,-9.446428571428442,-0.0357142857142857,-14.83928571428578,branch-specific beam-pruning path: the budget feasibility filter changes the retained approximate state set despite a feasible unconstrained terminal path,63,100,0.63,-9.135044941564358,63,0.63,-9.135044941564358
M5,governance_validation_q25,FOODS_3_555__TX_3,2,validation_q25,3.0,1.0,2.0,False,True,True,unconstrained_switch_count > K,True,False,True,False,False,True,False,False,False,-1.0,-1.0,-1.0,False,False,96,0.10*validation_mean; floor=0.25,sorted model names,deterministic accumulated cost then model path,switch-budget feasibility filter only,1e-09,0.0,0.0,0.0,0.0,-1.0,0.0,0.0,0.0,0.0,2.1428571428571104,0.0,0.0,branch-specific beam-pruning path: the budget feasibility filter changes the retained approximate state set despite a feasible unconstrained terminal path,63,100,0.63,-9.135044941564358,63,0.63,-9.135044941564358
M5,governance_validation_q25,FOODS_3_555__WI_3,2,validation_q25,1.0,1.0,0.0,True,False,False,unconstrained_switch_count > K,False,False,False,True,True,True,True,True,True,0.0,0.0,0.0,True,True,96,0.10*validation_mean; floor=0.25,sorted model names,deterministic accumulated cost then model path,switch-budget feasibility filter only,1e-09,0.0,0.0,0.0,0.0,0.0,0.0,0.0,0.0,0.0,0.0,0.0,0.0,none,63,100,0.63,-9.135044941564358,63,0.63,-9.135044941564358
M5,governance_validation_q25,FOODS_3_586__CA_1,2,validation_q25,2.0,2.0,0.0,True,False,False,unconstrained_switch_count > K,False,False,False,True,True,True,True,True,True,0.0,0.0,0.0,True,True,96,0.10*validation_mean; floor=0.25,sorted model names,deterministic accumulated cost then model path,switch-budget feasibility filter only,1e-09,0.0,0.0,0.0,0.0,0.0,0.0,0.0,0.0,0.0,0.0,0.0,0.0,none,63,100,0.63,-9.135044941564358,63,0.63,-9.135044941564358
M5,governance_validation_q25,FOODS_3_586__CA_2,2,validation_q25,4.0,2.0,2.0,False,True,True,unconstrained_switch_count > K,True,False,True,False,False,False,False,False,False,-8.783035714285688,-1.0,-8.783035714285688,False,False,96,0.10*validation_mean; floor=0.25,sorted model names,deterministic accumulated cost then model path,switch-budget feasibility filter only,1e-09,-8.053571428571558,-2.2737367544323206e-13,0.2705357142857263,0.0,-1.0,0.0,-0.28762755102039606,1.4210854715202004e-14,0.0,-3.312436260873085,-0.0357142857142857,5.410714285714533,branch-specific beam-pruning path: the budget feasibility filter changes the retained approximate state set despite a feasible unconstrained terminal path,63,100,0.63,-9.135044941564358,63,0.63,-9.135044941564358
M5,governance_validation_q25,FOODS_3_586__CA_3,2,validation_q25,1.0,1.0,0.0,True,False,False,unconstrained_switch_count > K,False,False,False,True,True,True,True,True,True,0.0,0.0,0.0,True,True,96,0.10*validation_mean; floor=0.25,sorted model names,deterministic accumulated cost then model path,switch-budget feasibility filter only,1e-09,0.0,0.0,0.0,0.0,0.0,0.0,0.0,0.0,0.0,0.0,0.0,0.0,none,63,100,0.63,-9.135044941564358,63,0.63,-9.135044941564358
M5,governance_validation_q25,FOODS_3_586__TX_1,2,validation_q25,9.0,2.0,7.0,False,True,True,unconstrained_switch_count > K,True,False,True,False,False,False,False,False,False,791.5229543003297,-3.5,791.5229543003297,False,False,96,0.10*validation_mean; floor=0.25,sorted model names,deterministic accumulated cost then model path,switch-budget feasibility filter only,1e-09,-47.133928571428555,843.7117656842602,-1.5548828124999963,0.0,-3.5,-0.05038634838312461,-1.6833545918367356,1.9988519178355872,0.0,103.21534415703331,0.03571428571428581,-31.0976562499999,branch-specific beam-pruning path: the budget feasibility filter changes the retained approximate state set despite a feasible unconstrained terminal path,63,100,0.63,-9.135044941564358,63,0.63,-9.135044941564358
M5,governance_validation_q25,FOODS_3_586__TX_2,2,validation_q25,4.0,2.0,2.0,False,True,True,unconstrained_switch_count > K,True,False,True,False,False,False,False,False,False,-0.4642857142853245,-1.0,-0.4642857142853245,False,False,96,0.10*validation_mean; floor=0.25,sorted model names,deterministic accumulated cost then model path,switch-budget feasibility filter only,1e-09,0.0,0.0,0.5357142857142883,0.0,-1.0,0.0,0.0,0.0,0.0,0.0,0.0,10.714285714285666,branch-specific beam-pruning path: the budget feasibility filter changes the retained approximate state set despite a feasible unconstrained terminal path,63,100,0.63,-9.135044941564358,63,0.63,-9.135044941564358
M5,governance_validation_q25,FOODS_3_586__TX_3,2,validation_q25,2.0,2.0,0.0,True,False,False,unconstrained_switch_count > K,False,False,False,True,True,True,True,True,True,0.0,0.0,0.0,True,True,96,0.10*validation_mean; floor=0.25,sorted model names,deterministic accumulated cost then model path,switch-budget feasibility filter only,1e-09,0.0,0.0,0.0,0.0,0.0,0.0,0.0,0.0,0.0,0.0,0.0,0.0,none,63,100,0.63,-9.135044941564358,63,0.63,-9.135044941564358
M5,governance_validation_q25,FOODS_3_586__WI_3,2,validation_q25,2.0,2.0,0.0,True,False,False,unconstrained_switch_count > K,False,False,False,True,True,True,True,True,True,0.0,0.0,0.0,True,True,96,0.10*validation_mean; floor=0.25,sorted model names,deterministic accumulated cost then model path,switch-budget feasibility filter only,1e-09,0.0,0.0,0.0,0.0,0.0,0.0,0.0,0.0,0.0,0.0,0.0,0.0,none,63,100,0.63,-9.135044941564358,63,0.63,-9.135044941564358
M5,governance_validation_q25,FOODS_3_587__CA_1,2,validation_q25,3.0,1.0,2.0,False,True,True,unconstrained_switch_count > K,True,False,True,False,False,True,False,False,False,-1.0,-1.0,-1.0,False,False,96,0.10*validation_mean; floor=0.25,sorted model names,deterministic accumulated cost then model path,switch-budget feasibility filter only,1e-09,0.0,0.0,0.0,0.0,-1.0,0.0,0.0,0.0,0.0,-13.75,0.0,0.0,branch-specific beam-pruning path: the budget feasibility filter changes the retained approximate state set despite a feasible unconstrained terminal path,63,100,0.63,-9.135044941564358,63,0.63,-9.135044941564358
M5,governance_validation_q25,FOODS_3_587__CA_3,2,validation_q25,7.0,2.0,5.0,False,True,True,unconstrained_switch_count > K,True,False,True,False,False,False,False,False,False,297.227895931115,-2.5,297.227895931115,False,False,96,0.10*validation_mean; floor=0.25,sorted model names,deterministic accumulated cost then model path,switch-budget feasibility filter only,1e-09,-14.200694950177876,312.9616417863633,0.9669490949295412,0.0,-2.5,-0.04845025524815472,-0.5071676767920721,0.0,0.0,24.851582121538243,0.1071428571428571,19.338981898590816,branch-specific beam-pruning path: the budget feasibility filter changes the retained approximate state set despite a feasible unconstrained terminal path,63,100,0.63,-9.135044941564358,63,0.63,-9.135044941564358
M5,governance_validation_q25,FOODS_3_587__TX_1,2,validation_q25,6.0,1.0,5.0,False,True,True,unconstrained_switch_count > K,True,False,True,False,False,False,False,False,False,-14.919222536876987,-2.5,-14.919222536876987,False,False,96,0.10*validation_mean; floor=0.25,sorted model names,deterministic accumulated cost then model path,switch-budget feasibility filter only,1e-09,-11.340344618027984,0.0,-1.0788779188496758,0.0,-2.5,0.0,-0.4050123077867056,0.0,0.0,-19.276525502511916,-0.0714285714285714,-21.577558376993522,branch-specific beam-pruning path: the budget feasibility filter changes the retained approximate state set despite a feasible unconstrained terminal path,63,100,0.63,-9.135044941564358,63,0.63,-9.135044941564358
M5,governance_validation_q25,FOODS_3_587__TX_2,2,validation_q25,2.0,2.0,0.0,True,False,False,unconstrained_switch_count > K,False,False,False,True,True,True,True,True,True,0.0,0.0,0.0,True,True,96,0.10*validation_mean; floor=0.25,sorted model names,deterministic accumulated cost then model path,switch-budget feasibility filter only,1e-09,0.0,0.0,0.0,0.0,0.0,0.0,0.0,0.0,0.0,0.0,0.0,0.0,none,63,100,0.63,-9.135044941564358,63,0.63,-9.135044941564358
M5,governance_validation_q25,FOODS_3_587__TX_3,2,validation_q25,4.0,2.0,2.0,False,True,True,unconstrained_switch_count > K,True,False,True,False,False,False,False,False,False,-35.96688571825416,-1.0,-35.96688571825416,False,False,96,0.10*validation_mean; floor=0.25,sorted model names,deterministic accumulated cost then model path,switch-budget feasibility filter only,1e-09,-34.87519098740563,0.0,-0.09169473084874902,0.0,-1.0,0.0,-1.2455425352644838,0.0,0.0,-60.64162425471682,-0.0357142857142857,-1.8338946169750443,branch-specific beam-pruning path: the budget feasibility filter changes the retained approximate state set despite a feasible unconstrained terminal path,63,100,0.63,-9.135044941564358,63,0.63,-9.135044941564358
M5,governance_validation_q25,FOODS_3_587__WI_3,2,validation_q25,16.0,2.0,14.0,False,True,True,unconstrained_switch_count > K,True,False,True,False,False,True,False,False,False,-7.0,-7.0,-7.0,False,False,96,0.10*validation_mean; floor=0.25,sorted model names,deterministic accumulated cost then model path,switch-budget feasibility filter only,1e-09,0.0,0.0,0.0,0.0,-7.0,0.0,0.0,0.0,0.0,213.48370315491502,0.0,0.0,branch-specific beam-pruning path: the budget feasibility filter changes the retained approximate state set despite a feasible unconstrained terminal path,63,100,0.63,-9.135044941564358,63,0.63,-9.135044941564358
M5,governance_validation_q25,FOODS_3_607__CA_3,2,validation_q25,3.0,1.0,2.0,False,True,True,unconstrained_switch_count > K,True,False,True,False,False,False,False,False,False,-1.167633928571604,-1.0,-1.167633928571604,False,False,96,0.10*validation_mean; floor=0.25,sorted model names,deterministic accumulated cost then model path,switch-budget feasibility filter only,1e-09,0.0,0.0,-0.167633928571429,0.0,-1.0,0.0,0.0,0.0,0.0,0.7499999999999432,0.0357142857142857,-3.3526785714285694,branch-specific beam-pruning path: the budget feasibility filter changes the retained approximate state set despite a feasible unconstrained terminal path,63,100,0.63,-9.135044941564358,63,0.63,-9.135044941564358
M5,governance_validation_q25,FOODS_3_635__CA_3,2,validation_q25,1.0,1.0,0.0,True,False,False,unconstrained_switch_count > K,False,False,False,True,True,True,True,True,True,0.0,0.0,0.0,True,True,96,0.10*validation_mean; floor=0.25,sorted model names,deterministic accumulated cost then model path,switch-budget feasibility filter only,1e-09,0.0,0.0,0.0,0.0,0.0,0.0,0.0,0.0,0.0,0.0,0.0,0.0,none,63,100,0.63,-9.135044941564358,63,0.63,-9.135044941564358
M5,governance_validation_q25,FOODS_3_681__CA_3,2,validation_q25,1.0,1.0,0.0,True,False,False,unconstrained_switch_count > K,False,False,False,True,True,True,True,True,True,0.0,0.0,0.0,True,True,96,0.10*validation_mean; floor=0.25,sorted model names,deterministic accumulated cost then model path,switch-budget feasibility filter only,1e-09,0.0,0.0,0.0,0.0,0.0,0.0,0.0,0.0,0.0,0.0,0.0,0.0,none,63,100,0.63,-9.135044941564358,63,0.63,-9.135044941564358
M5,governance_validation_q25,FOODS_3_681__WI_3,2,validation_q25,1.0,1.0,0.0,True,False,False,unconstrained_switch_count > K,False,False,False,True,True,True,True,True,True,0.0,0.0,0.0,True,True,96,0.10*validation_mean; floor=0.25,sorted model names,deterministic accumulated cost then model path,switch-budget feasibility filter only,1e-09,0.0,0.0,0.0,0.0,0.0,0.0,0.0,0.0,0.0,0.0,0.0,0.0,none,63,100,0.63,-9.135044941564358,63,0.63,-9.135044941564358
M5,governance_validation_q25,FOODS_3_694__CA_3,2,validation_q25,19.0,1.0,18.0,False,True,True,unconstrained_switch_count > K,True,False,True,False,False,False,False,False,False,1993.5815261837665,-9.0,1993.5815261837665,False,False,96,0.10*validation_mean; floor=0.25,sorted model names,deterministic accumulated cost then model path,switch-budget feasibility filter only,1e-09,6.636963751011621,1996.637419698909,-0.6928572661544432,0.0,-9.0,-0.0978941176901259,0.23703441967898708,7.322856444586783,0.0,536.7552631643364,0.2142857142857143,-13.857145323088865,branch-specific beam-pruning path: the budget feasibility filter changes the retained approximate state set despite a feasible unconstrained terminal path,63,100,0.63,-9.135044941564358,63,0.63,-9.135044941564358
M5,governance_validation_q25,FOODS_3_694__WI_1,2,validation_q25,1.0,1.0,0.0,True,False,False,unconstrained_switch_count > K,False,False,False,True,True,True,True,True,True,0.0,0.0,0.0,True,True,96,0.10*validation_mean; floor=0.25,sorted model names,deterministic accumulated cost then model path,switch-budget feasibility filter only,1e-09,0.0,0.0,0.0,0.0,0.0,0.0,0.0,0.0,0.0,0.0,0.0,0.0,none,63,100,0.63,-9.135044941564358,63,0.63,-9.135044941564358
M5,governance_validation_q25,FOODS_3_694__WI_2,2,validation_q25,3.0,2.0,1.0,False,True,True,unconstrained_switch_count > K,True,False,True,False,False,True,False,False,False,-0.5,-0.5,-0.5,False,False,96,0.10*validation_mean; floor=0.25,sorted model names,deterministic accumulated cost then model path,switch-budget feasibility filter only,1e-09,0.0,0.0,0.0,0.0,-0.5,0.0,0.0,0.0,0.0,0.0,0.0,0.0,branch-specific beam-pruning path: the budget feasibility filter changes the retained approximate state set despite a feasible unconstrained terminal path,63,100,0.63,-9.135044941564358,63,0.63,-9.135044941564358
M5,governance_validation_q25,FOODS_3_694__WI_3,2,validation_q25,4.0,2.0,2.0,False,True,True,unconstrained_switch_count > K,True,False,True,False,False,True,False,False,False,-1.0,-1.0,-1.0,False,False,96,0.10*validation_mean; floor=0.25,sorted model names,deterministic accumulated cost then model path,switch-budget feasibility filter only,1e-09,0.0,0.0,0.0,0.0,-1.0,0.0,0.0,0.0,0.0,-21.428571428571416,0.0,0.0,branch-specific beam-pruning path: the budget feasibility filter changes the retained approximate state set despite a feasible unconstrained terminal path,63,100,0.63,-9.135044941564358,63,0.63,-9.135044941564358
M5,governance_validation_q25,FOODS_3_711__CA_3,2,validation_q25,1.0,1.0,0.0,True,False,False,unconstrained_switch_count > K,False,False,False,True,True,True,True,True,True,0.0,0.0,0.0,True,True,96,0.10*validation_mean; floor=0.25,sorted model names,deterministic accumulated cost then model path,switch-budget feasibility filter only,1e-09,0.0,0.0,0.0,0.0,0.0,0.0,0.0,0.0,0.0,0.0,0.0,0.0,none,63,100,0.63,-9.135044941564358,63,0.63,-9.135044941564358
M5,governance_validation_q25,FOODS_3_711__WI_2,2,validation_q25,3.0,2.0,1.0,False,True,True,unconstrained_switch_count > K,True,False,True,False,False,False,False,False,False,3.556695820531786,-0.5,3.556695820531786,False,False,96,0.10*validation_mean; floor=0.25,sorted model names,deterministic accumulated cost then model path,switch-budget feasibility filter only,1e-09,-18.607875949803656,22.668759649733033,-0.004187879397403282,0.0,-0.5,-0.006045002573262015,-0.6645669982073485,1.5112506433155346,0.0,-35.10715568888051,0.0357142857142857,-0.08375758794805677,branch-specific beam-pruning path: the budget feasibility filter changes the retained approximate state set despite a feasible unconstrained terminal path,63,100,0.63,-9.135044941564358,63,0.63,-9.135044941564358
M5,governance_validation_q25,FOODS_3_714__CA_1,2,validation_q25,1.0,1.0,0.0,True,False,False,unconstrained_switch_count > K,False,False,False,True,True,True,True,True,True,0.0,0.0,0.0,True,True,96,0.10*validation_mean; floor=0.25,sorted model names,deterministic accumulated cost then model path,switch-budget feasibility filter only,1e-09,0.0,0.0,0.0,0.0,0.0,0.0,0.0,0.0,0.0,0.0,0.0,0.0,none,63,100,0.63,-9.135044941564358,63,0.63,-9.135044941564358
M5,governance_validation_q25,FOODS_3_714__CA_3,2,validation_q25,3.0,1.0,2.0,False,True,True,unconstrained_switch_count > K,True,False,True,False,False,True,False,False,False,-1.0,-1.0,-1.0,False,False,96,0.10*validation_mean; floor=0.25,sorted model names,deterministic accumulated cost then model path,switch-budget feasibility filter only,1e-09,0.0,0.0,0.0,0.0,-1.0,0.0,0.0,0.0,0.0,7.14285714285711,0.0,0.0,branch-specific beam-pruning path: the budget feasibility filter changes the retained approximate state set despite a feasible unconstrained terminal path,63,100,0.63,-9.135044941564358,63,0.63,-9.135044941564358
M5,governance_validation_q25,FOODS_3_714__TX_1,2,validation_q25,0.0,0.0,0.0,True,False,False,unconstrained_switch_count > K,False,False,False,True,True,True,True,True,True,0.0,0.0,0.0,True,True,96,0.10*validation_mean; floor=0.25,sorted model names,deterministic accumulated cost then model path,switch-budget feasibility filter only,1e-09,0.0,0.0,0.0,0.0,0.0,0.0,0.0,0.0,0.0,0.0,0.0,0.0,none,63,100,0.63,-9.135044941564358,63,0.63,-9.135044941564358
M5,governance_validation_q25,FOODS_3_714__TX_2,2,validation_q25,2.0,2.0,0.0,True,False,False,unconstrained_switch_count > K,False,False,False,True,True,True,True,True,True,0.0,0.0,0.0,True,True,96,0.10*validation_mean; floor=0.25,sorted model names,deterministic accumulated cost then model path,switch-budget feasibility filter only,1e-09,0.0,0.0,0.0,0.0,0.0,0.0,0.0,0.0,0.0,0.0,0.0,0.0,none,63,100,0.63,-9.135044941564358,63,0.63,-9.135044941564358
M5,governance_validation_q25,FOODS_3_714__TX_3,2,validation_q25,2.0,2.0,0.0,True,False,False,unconstrained_switch_count > K,False,False,False,True,True,True,True,True,True,0.0,0.0,0.0,True,True,96,0.10*validation_mean; floor=0.25,sorted model names,deterministic accumulated cost then model path,switch-budget feasibility filter only,1e-09,0.0,0.0,0.0,0.0,0.0,0.0,0.0,0.0,0.0,0.0,0.0,0.0,none,63,100,0.63,-9.135044941564358,63,0.63,-9.135044941564358
M5,governance_validation_q25,FOODS_3_714__WI_3,2,validation_q25,4.0,2.0,2.0,False,True,True,unconstrained_switch_count > K,True,False,True,False,False,True,False,False,False,-1.0,-1.0,-1.0,False,False,96,0.10*validation_mean; floor=0.25,sorted model names,deterministic accumulated cost then model path,switch-budget feasibility filter only,1e-09,0.0,0.0,0.0,0.0,-1.0,0.0,0.0,0.0,0.0,-14.464285714285722,0.0,0.0,branch-specific beam-pruning path: the budget feasibility filter changes the retained approximate state set despite a feasible unconstrained terminal path,63,100,0.63,-9.135044941564358,63,0.63,-9.135044941564358
M5,governance_validation_q25,FOODS_3_723__CA_3,2,validation_q25,3.0,1.0,2.0,False,True,True,unconstrained_switch_count > K,True,False,True,False,False,False,False,False,False,-1.0151308768345189,-1.0,-1.0151308768345189,False,False,96,0.10*validation_mean; floor=0.25,sorted model names,deterministic accumulated cost then model path,switch-budget feasibility filter only,1e-09,0.0,0.0,-0.015130876834329676,0.0,-1.0,0.0,0.0,0.0,0.0,0.0,0.0,-0.3026175366865971,branch-specific beam-pruning path: the budget feasibility filter changes the retained approximate state set despite a feasible unconstrained terminal path,63,100,0.63,-9.135044941564358,63,0.63,-9.135044941564358
M5,governance_validation_q25,FOODS_3_723__WI_3,2,validation_q25,5.0,2.0,3.0,False,True,True,unconstrained_switch_count > K,True,False,True,False,False,False,False,False,False,-4.366517857142753,-1.5,-4.366517857142753,False,False,96,0.10*validation_mean; floor=0.25,sorted model names,deterministic accumulated cost then model path,switch-budget feasibility filter only,1e-09,-2.6875,0.0,-0.17901785714286156,0.0,-1.5,0.0,-0.0959821428571459,0.0,0.0,-25.117713809450265,-0.0357142857142857,-3.580357142857139,branch-specific beam-pruning path: the budget feasibility filter changes the retained approximate state set despite a feasible unconstrained terminal path,63,100,0.63,-9.135044941564358,63,0.63,-9.135044941564358
M5,governance_validation_q25,FOODS_3_752__CA_3,2,validation_q25,10.0,2.0,8.0,False,True,True,unconstrained_switch_count > K,True,False,True,False,False,False,False,False,False,89.21887034376323,-4.0,89.21887034376323,False,False,96,0.10*validation_mean; floor=0.25,sorted model names,deterministic accumulated cost then model path,switch-budget feasibility filter only,1e-09,-9.233439887805304,102.37564827548522,0.07666195608327442,0.0,-4.0,-0.0039458373538096,-0.3297657102787612,1.174884298733005,0.0,-6.789000121555773,0.0714285714285714,1.5332391216654884,branch-specific beam-pruning path: the budget feasibility filter changes the retained approximate state set despite a feasible unconstrained terminal path,63,100,0.63,-9.135044941564358,63,0.63,-9.135044941564358
M5,governance_validation_q25,FOODS_3_804__CA_3,2,validation_q25,1.0,1.0,0.0,True,False,False,unconstrained_switch_count > K,False,False,False,True,True,True,True,True,True,0.0,0.0,0.0,True,True,96,0.10*validation_mean; floor=0.25,sorted model names,deterministic accumulated cost then model path,switch-budget feasibility filter only,1e-09,0.0,0.0,0.0,0.0,0.0,0.0,0.0,0.0,0.0,0.0,0.0,0.0,none,63,100,0.63,-9.135044941564358,63,0.63,-9.135044941564358
M5,governance_validation_q25,FOODS_3_808__CA_1,2,validation_q25,7.0,2.0,5.0,False,True,True,unconstrained_switch_count > K,True,False,True,False,False,False,False,False,False,38.04521704512899,-2.5,38.04521704512899,False,False,96,0.10*validation_mean; floor=0.25,sorted model names,deterministic accumulated cost then model path,switch-budget feasibility filter only,1e-09,-57.2094491522287,97.69839103852928,0.05627515882897269,0.0,-2.5,0.0,-2.0431946125795966,0.0,0.0,-86.41993026218776,-0.1428571428571429,1.1255031765794534,branch-specific beam-pruning path: the budget feasibility filter changes the retained approximate state set despite a feasible unconstrained terminal path,63,100,0.63,-9.135044941564358,63,0.63,-9.135044941564358
M5,governance_validation_q25,FOODS_3_808__CA_3,2,validation_q25,1.0,1.0,0.0,True,False,False,unconstrained_switch_count > K,False,False,False,True,True,True,True,True,True,0.0,0.0,0.0,True,True,96,0.10*validation_mean; floor=0.25,sorted model names,deterministic accumulated cost then model path,switch-budget feasibility filter only,1e-09,0.0,0.0,0.0,0.0,0.0,0.0,0.0,0.0,0.0,0.0,0.0,0.0,none,63,100,0.63,-9.135044941564358,63,0.63,-9.135044941564358
M5,governance_validation_q25,HOUSEHOLD_1_118__CA_3,2,validation_q25,1.0,1.0,0.0,True,False,False,unconstrained_switch_count > K,False,False,False,True,True,True,True,True,True,0.0,0.0,0.0,True,True,96,0.10*validation_mean; floor=0.25,sorted model names,deterministic accumulated cost then model path,switch-budget feasibility filter only,1e-09,0.0,0.0,0.0,0.0,0.0,0.0,0.0,0.0,0.0,0.0,0.0,0.0,none,63,100,0.63,-9.135044941564358,63,0.63,-9.135044941564358
M5,governance_validation_q25,HOUSEHOLD_1_334__CA_3,2,validation_q25,11.0,2.0,9.0,False,True,True,unconstrained_switch_count > K,True,False,True,False,False,False,False,False,False,2278.804820375878,-4.5,2278.804820375878,False,False,96,0.10*validation_mean; floor=0.25,sorted model names,deterministic accumulated cost then model path,switch-budget feasibility filter only,1e-09,-7.928571428571445,2291.4490330450217,-0.21564124057098932,0.0,-4.5,-0.0371539313399778,-0.283163265306122,19.712398215735192,0.0,522.7958118776551,0.0,-4.312824811419787,branch-specific beam-pruning path: the budget feasibility filter changes the retained approximate state set despite a feasible unconstrained terminal path,63,100,0.63,-9.135044941564358,63,0.63,-9.135044941564358
M5,governance_validation_q25,HOUSEHOLD_1_459__CA_3,2,validation_q25,10.0,2.0,8.0,False,True,True,unconstrained_switch_count > K,True,False,True,False,False,False,False,False,False,-435.7222177422509,-4.0,-435.7222177422509,False,False,96,0.10*validation_mean; floor=0.25,sorted model names,deterministic accumulated cost then model path,switch-budget feasibility filter only,1e-09,-2.0879148990426017,-429.59477338973466,-0.039529453475255716,0.0,-4.0,-0.040063356877179795,-0.07456838925152187,-5.965108425635407,0.0,-33.00580625975749,0.0357142857142857,-0.7905890695051099,branch-specific beam-pruning path: the budget feasibility filter changes the retained approximate state set despite a feasible unconstrained terminal path,63,100,0.63,-9.135044941564358,63,0.63,-9.135044941564358
M5,high_switch_cost,FOODS_1_218__TX_2,1,validation_q25,1.0,1.0,0.0,True,False,False,unconstrained_switch_count > K,False,False,False,True,True,True,True,True,True,0.0,0.0,0.0,True,True,96,0.10*validation_mean; floor=0.25,sorted model names,deterministic accumulated cost then model path,switch-budget feasibility filter only,1e-09,0.0,0.0,0.0,0.0,0.0,0.0,0.0,0.0,0.0,0.0,0.0,0.0,none,37,100,0.37,18.14139911249016,37,0.37,18.14139911249016
M5,high_switch_cost,FOODS_2_197__CA_1,1,validation_q25,1.0,1.0,0.0,True,False,False,unconstrained_switch_count > K,False,False,False,True,True,True,True,True,True,0.0,0.0,0.0,True,True,96,0.10*validation_mean; floor=0.25,sorted model names,deterministic accumulated cost then model path,switch-budget feasibility filter only,1e-09,0.0,0.0,0.0,0.0,0.0,0.0,0.0,0.0,0.0,0.0,0.0,0.0,none,37,100,0.37,18.14139911249016,37,0.37,18.14139911249016
M5,high_switch_cost,FOODS_2_197__CA_3,1,validation_q25,0.0,0.0,0.0,True,False,False,unconstrained_switch_count > K,False,False,False,True,True,True,True,True,True,0.0,0.0,0.0,True,True,96,0.10*validation_mean; floor=0.25,sorted model names,deterministic accumulated cost then model path,switch-budget feasibility filter only,1e-09,0.0,0.0,0.0,0.0,0.0,0.0,0.0,0.0,0.0,0.0,0.0,0.0,none,37,100,0.37,18.14139911249016,37,0.37,18.14139911249016
M5,high_switch_cost,FOODS_2_276__CA_3,1,validation_q25,1.0,1.0,0.0,True,False,False,unconstrained_switch_count > K,False,False,False,True,True,True,True,True,True,0.0,0.0,0.0,True,True,96,0.10*validation_mean; floor=0.25,sorted model names,deterministic accumulated cost then model path,switch-budget feasibility filter only,1e-09,0.0,0.0,0.0,0.0,0.0,0.0,0.0,0.0,0.0,0.0,0.0,0.0,none,37,100,0.37,18.14139911249016,37,0.37,18.14139911249016
M5,high_switch_cost,FOODS_2_360__CA_3,1,validation_q25,12.0,1.0,11.0,False,True,True,unconstrained_switch_count > K,True,False,True,False,False,False,False,False,False,451.75408245414565,-22.0,451.75408245414565,False,False,96,0.10*validation_mean; floor=0.25,sorted model names,deterministic accumulated cost then model path,switch-budget feasibility filter only,1e-09,-35.285714285714285,509.1987253112893,-0.15892857142857142,0.0,-22.0,-0.06456466000990613,-1.2602040816326516,3.767453846502079,0.0,130.88864962886146,0.03571428571428581,-3.178571428571427,branch-specific beam-pruning path: the budget feasibility filter changes the retained approximate state set despite a feasible unconstrained terminal path,37,100,0.37,18.14139911249016,37,0.37,18.14139911249016
M5,high_switch_cost,FOODS_2_360__TX_3,1,validation_q25,9.0,1.0,8.0,False,True,True,unconstrained_switch_count > K,True,False,True,False,False,True,False,False,False,-16.0,-16.0,-16.0,False,False,96,0.10*validation_mean; floor=0.25,sorted model names,deterministic accumulated cost then model path,switch-budget feasibility filter only,1e-09,0.0,0.0,0.0,0.0,-16.0,0.0,0.0,0.0,0.0,105.00000000000023,0.0,0.0,branch-specific beam-pruning path: the budget feasibility filter changes the retained approximate state set despite a feasible unconstrained terminal path,37,100,0.37,18.14139911249016,37,0.37,18.14139911249016
M5,high_switch_cost,FOODS_2_360__WI_2,1,validation_q25,1.0,1.0,0.0,True,False,False,unconstrained_switch_count > K,False,False,False,True,True,True,True,True,True,0.0,0.0,0.0,True,True,96,0.10*validation_mean; floor=0.25,sorted model names,deterministic accumulated cost then model path,switch-budget feasibility filter only,1e-09,0.0,0.0,0.0,0.0,0.0,0.0,0.0,0.0,0.0,0.0,0.0,0.0,none,37,100,0.37,18.14139911249016,37,0.37,18.14139911249016
M5,high_switch_cost,FOODS_3_007__WI_2,1,validation_q25,6.0,1.0,5.0,False,True,True,unconstrained_switch_count > K,True,False,True,False,False,True,False,False,False,-10.0,-10.0,-10.0,False,False,96,0.10*validation_mean; floor=0.25,sorted model names,deterministic accumulated cost then model path,switch-budget feasibility filter only,1e-09,0.0,0.0,0.0,0.0,-10.0,0.0,0.0,0.0,0.0,610.0714285714294,0.0,0.0,branch-specific beam-pruning path: the budget feasibility filter changes the retained approximate state set despite a feasible unconstrained terminal path,37,100,0.37,18.14139911249016,37,0.37,18.14139911249016
M5,high_switch_cost,FOODS_3_030__TX_2,1,validation_q25,1.0,1.0,0.0,True,False,False,unconstrained_switch_count > K,False,False,False,True,True,True,True,True,True,0.0,0.0,0.0,True,True,96,0.10*validation_mean; floor=0.25,sorted model names,deterministic accumulated cost then model path,switch-budget feasibility filter only,1e-09,0.0,0.0,0.0,0.0,0.0,0.0,0.0,0.0,0.0,0.0,0.0,0.0,none,37,100,0.37,18.14139911249016,37,0.37,18.14139911249016
M5,high_switch_cost,FOODS_3_030__TX_3,1,validation_q25,1.0,1.0,0.0,True,False,False,unconstrained_switch_count > K,False,False,False,True,True,True,True,True,True,0.0,0.0,0.0,True,True,96,0.10*validation_mean; floor=0.25,sorted model names,deterministic accumulated cost then model path,switch-budget feasibility filter only,1e-09,0.0,0.0,0.0,0.0,0.0,0.0,0.0,0.0,0.0,0.0,0.0,0.0,none,37,100,0.37,18.14139911249016,37,0.37,18.14139911249016
M5,high_switch_cost,FOODS_3_080__CA_1,1,validation_q25,1.0,1.0,0.0,True,False,False,unconstrained_switch_count > K,False,False,False,True,True,True,True,True,True,0.0,0.0,0.0,True,True,96,0.10*validation_mean; floor=0.25,sorted model names,deterministic accumulated cost then model path,switch-budget feasibility filter only,1e-09,0.0,0.0,0.0,0.0,0.0,0.0,0.0,0.0,0.0,0.0,0.0,0.0,none,37,100,0.37,18.14139911249016,37,0.37,18.14139911249016
M5,high_switch_cost,FOODS_3_080__TX_2,1,validation_q25,0.0,0.0,0.0,True,False,False,unconstrained_switch_count > K,False,False,False,True,True,True,True,True,True,0.0,0.0,0.0,True,True,96,0.10*validation_mean; floor=0.25,sorted model names,deterministic accumulated cost then model path,switch-budget feasibility filter only,1e-09,0.0,0.0,0.0,0.0,0.0,0.0,0.0,0.0,0.0,0.0,0.0,0.0,none,37,100,0.37,18.14139911249016,37,0.37,18.14139911249016
M5,high_switch_cost,FOODS_3_090__CA_1,1,validation_q25,3.0,1.0,2.0,False,True,True,unconstrained_switch_count > K,True,False,True,False,False,True,False,False,False,-4.0,-4.0,-4.0,False,False,96,0.10*validation_mean; floor=0.25,sorted model names,deterministic accumulated cost then model path,switch-budget feasibility filter only,1e-09,0.0,0.0,0.0,0.0,-4.0,0.0,0.0,0.0,0.0,-16.788116581076792,0.0,0.0,branch-specific beam-pruning path: the budget feasibility filter changes the retained approximate state set despite a feasible unconstrained terminal path,37,100,0.37,18.14139911249016,37,0.37,18.14139911249016
M5,high_switch_cost,FOODS_3_090__CA_2,1,validation_q25,1.0,1.0,0.0,True,False,False,unconstrained_switch_count > K,False,False,False,True,True,True,True,True,True,0.0,0.0,0.0,True,True,96,0.10*validation_mean; floor=0.25,sorted model names,deterministic accumulated cost then model path,switch-budget feasibility filter only,1e-09,0.0,0.0,0.0,0.0,0.0,0.0,0.0,0.0,0.0,0.0,0.0,0.0,none,37,100,0.37,18.14139911249016,37,0.37,18.14139911249016
M5,high_switch_cost,FOODS_3_090__CA_3,1,validation_q25,2.0,1.0,1.0,False,True,True,unconstrained_switch_count > K,True,False,True,False,False,True,False,False,False,-2.0,-2.0,-2.0,False,False,96,0.10*validation_mean; floor=0.25,sorted model names,deterministic accumulated cost then model path,switch-budget feasibility filter only,1e-09,0.0,0.0,0.0,0.0,-2.0,0.0,0.0,0.0,0.0,-21.77731115154893,0.0,0.0,branch-specific beam-pruning path: the budget feasibility filter changes the retained approximate state set despite a feasible unconstrained terminal path,37,100,0.37,18.14139911249016,37,0.37,18.14139911249016
M5,high_switch_cost,FOODS_3_090__CA_4,1,validation_q25,2.0,1.0,1.0,False,True,True,unconstrained_switch_count > K,True,False,True,False,False,False,False,False,False,-2.1017857142858247,-2.0,-2.1017857142858247,False,False,96,0.10*validation_mean; floor=0.25,sorted model names,deterministic accumulated cost then model path,switch-budget feasibility filter only,1e-09,0.0,0.0,-0.10178571428571281,0.0,-2.0,0.0,0.0,0.0,0.0,-7.553571428571445,-0.0357142857142857,-2.0357142857142776,branch-specific beam-pruning path: the budget feasibility filter changes the retained approximate state set despite a feasible unconstrained terminal path,37,100,0.37,18.14139911249016,37,0.37,18.14139911249016
M5,high_switch_cost,FOODS_3_090__TX_1,1,validation_q25,3.0,1.0,2.0,False,True,True,unconstrained_switch_count > K,True,False,True,False,False,False,False,False,False,-4.061607142856701,-4.0,-4.061607142856701,False,False,96,0.10*validation_mean; floor=0.25,sorted model names,deterministic accumulated cost then model path,switch-budget feasibility filter only,1e-09,0.0,0.0,-0.061607142857143415,0.0,-4.0,0.0,0.0,0.0,0.0,-13.41071428571422,-0.03571428571428581,-1.2321428571428328,branch-specific beam-pruning path: the budget feasibility filter changes the retained approximate state set despite a feasible unconstrained terminal path,37,100,0.37,18.14139911249016,37,0.37,18.14139911249016
M5,high_switch_cost,FOODS_3_090__TX_2,1,validation_q25,1.0,1.0,0.0,True,False,False,unconstrained_switch_count > K,False,False,False,True,True,True,True,True,True,0.0,0.0,0.0,True,True,96,0.10*validation_mean; floor=0.25,sorted model names,deterministic accumulated cost then model path,switch-budget feasibility filter only,1e-09,0.0,0.0,0.0,0.0,0.0,0.0,0.0,0.0,0.0,0.0,0.0,0.0,none,37,100,0.37,18.14139911249016,37,0.37,18.14139911249016
M5,high_switch_cost,FOODS_3_090__TX_3,1,validation_q25,3.0,1.0,2.0,False,True,True,unconstrained_switch_count > K,True,False,True,False,False,True,False,False,False,-4.0,-4.0,-4.0,False,False,96,0.10*validation_mean; floor=0.25,sorted model names,deterministic accumulated cost then model path,switch-budget feasibility filter only,1e-09,0.0,0.0,0.0,0.0,-4.0,0.0,0.0,0.0,0.0,-23.035714285714278,0.0,0.0,branch-specific beam-pruning path: the budget feasibility filter changes the retained approximate state set despite a feasible unconstrained terminal path,37,100,0.37,18.14139911249016,37,0.37,18.14139911249016
M5,high_switch_cost,FOODS_3_090__WI_3,1,validation_q25,1.0,1.0,0.0,True,False,False,unconstrained_switch_count > K,False,False,False,True,True,True,True,True,True,0.0,0.0,0.0,True,True,96,0.10*validation_mean; floor=0.25,sorted model names,deterministic accumulated cost then model path,switch-budget feasibility filter only,1e-09,0.0,0.0,0.0,0.0,0.0,0.0,0.0,0.0,0.0,0.0,0.0,0.0,none,37,100,0.37,18.14139911249016,37,0.37,18.14139911249016
M5,high_switch_cost,FOODS_3_099__TX_2,1,validation_q25,1.0,1.0,0.0,True,False,False,unconstrained_switch_count > K,False,False,False,True,True,True,True,True,True,0.0,0.0,0.0,True,True,96,0.10*validation_mean; floor=0.25,sorted model names,deterministic accumulated cost then model path,switch-budget feasibility filter only,1e-09,0.0,0.0,0.0,0.0,0.0,0.0,0.0,0.0,0.0,0.0,0.0,0.0,none,37,100,0.37,18.14139911249016,37,0.37,18.14139911249016
M5,high_switch_cost,FOODS_3_120__CA_1,1,validation_q25,19.0,1.0,18.0,False,True,True,unconstrained_switch_count > K,True,False,True,False,False,False,False,False,False,-1037.2031249999964,-36.0,-1037.2031249999964,False,False,96,0.10*validation_mean; floor=0.25,sorted model names,deterministic accumulated cost then model path,switch-budget feasibility filter only,1e-09,0.0,-999.6651785714257,-1.5379464285714288,0.0,-36.0,0.0,0.0,-23.06919642857136,0.0,291.9642969146489,0.03571428571428581,-30.75892857142857,branch-specific beam-pruning path: the budget feasibility filter changes the retained approximate state set despite a feasible unconstrained terminal path,37,100,0.37,18.14139911249016,37,0.37,18.14139911249016
M5,high_switch_cost,FOODS_3_120__CA_3,1,validation_q25,16.0,1.0,15.0,False,True,True,unconstrained_switch_count > K,True,False,True,False,False,True,False,False,False,-30.0,-30.0,-30.0,False,False,96,0.10*validation_mean; floor=0.25,sorted model names,deterministic accumulated cost then model path,switch-budget feasibility filter only,1e-09,0.0,0.0,0.0,0.0,-30.0,0.0,0.0,0.0,0.0,512.9583934964776,0.0,0.0,branch-specific beam-pruning path: the budget feasibility filter changes the retained approximate state set despite a feasible unconstrained terminal path,37,100,0.37,18.14139911249016,37,0.37,18.14139911249016
M5,high_switch_cost,FOODS_3_120__WI_3,1,validation_q25,14.0,1.0,13.0,False,True,True,unconstrained_switch_count > K,True,False,True,False,False,True,False,False,False,-26.0,-26.0,-26.0,False,False,96,0.10*validation_mean; floor=0.25,sorted model names,deterministic accumulated cost then model path,switch-budget feasibility filter only,1e-09,0.0,0.0,0.0,0.0,-26.0,0.0,0.0,0.0,0.0,293.78571428571377,0.0,0.0,branch-specific beam-pruning path: the budget feasibility filter changes the retained approximate state set despite a feasible unconstrained terminal path,37,100,0.37,18.14139911249016,37,0.37,18.14139911249016
M5,high_switch_cost,FOODS_3_202__CA_3,1,validation_q25,1.0,1.0,0.0,True,False,False,unconstrained_switch_count > K,False,False,False,True,True,True,True,True,True,0.0,0.0,0.0,True,True,96,0.10*validation_mean; floor=0.25,sorted model names,deterministic accumulated cost then model path,switch-budget feasibility filter only,1e-09,0.0,0.0,0.0,0.0,0.0,0.0,0.0,0.0,0.0,0.0,0.0,0.0,none,37,100,0.37,18.14139911249016,37,0.37,18.14139911249016
M5,high_switch_cost,FOODS_3_202__TX_1,1,validation_q25,1.0,1.0,0.0,True,False,False,unconstrained_switch_count > K,False,False,False,True,True,True,True,True,True,0.0,0.0,0.0,True,True,96,0.10*validation_mean; floor=0.25,sorted model names,deterministic accumulated cost then model path,switch-budget feasibility filter only,1e-09,0.0,0.0,0.0,0.0,0.0,0.0,0.0,0.0,0.0,0.0,0.0,0.0,none,37,100,0.37,18.14139911249016,37,0.37,18.14139911249016
M5,high_switch_cost,FOODS_3_202__TX_2,1,validation_q25,1.0,1.0,0.0,True,False,False,unconstrained_switch_count > K,False,False,False,True,True,True,True,True,True,0.0,0.0,0.0,True,True,96,0.10*validation_mean; floor=0.25,sorted model names,deterministic accumulated cost then model path,switch-budget feasibility filter only,1e-09,0.0,0.0,0.0,0.0,0.0,0.0,0.0,0.0,0.0,0.0,0.0,0.0,none,37,100,0.37,18.14139911249016,37,0.37,18.14139911249016
M5,high_switch_cost,FOODS_3_202__TX_3,1,validation_q25,1.0,1.0,0.0,True,False,False,unconstrained_switch_count > K,False,False,False,True,True,True,True,True,True,0.0,0.0,0.0,True,True,96,0.10*validation_mean; floor=0.25,sorted model names,deterministic accumulated cost then model path,switch-budget feasibility filter only,1e-09,0.0,0.0,0.0,0.0,0.0,0.0,0.0,0.0,0.0,0.0,0.0,0.0,none,37,100,0.37,18.14139911249016,37,0.37,18.14139911249016
M5,high_switch_cost,FOODS_3_226__WI_1,1,validation_q25,3.0,1.0,2.0,False,True,True,unconstrained_switch_count > K,True,False,True,False,False,False,False,False,False,0.6558035714283506,-4.0,0.6558035714283506,False,False,96,0.10*validation_mean; floor=0.25,sorted model names,deterministic accumulated cost then model path,switch-budget feasibility filter only,1e-09,0.0,4.821428571428555,-0.1656250000000039,0.0,-4.0,-0.0009435280961700432,0.0,0.9642857142857082,0.0,-13.830357142857139,-0.0357142857142857,-3.3125000000001137,branch-specific beam-pruning path: the budget feasibility filter changes the retained approximate state set despite a feasible unconstrained terminal path,37,100,0.37,18.14139911249016,37,0.37,18.14139911249016
M5,high_switch_cost,FOODS_3_226__WI_2,1,validation_q25,3.0,1.0,2.0,False,True,True,unconstrained_switch_count > K,True,False,True,False,False,False,False,False,False,-4.647880435579282,-4.0,-4.647880435579282,False,False,96,0.10*validation_mean; floor=0.25,sorted model names,deterministic accumulated cost then model path,switch-budget feasibility filter only,1e-09,0.0,0.0,-0.6478804355790384,0.0,-4.0,0.0,0.0,0.0,0.0,-0.6428571428571104,-0.0357142857142857,-12.957608711580804,branch-specific beam-pruning path: the budget feasibility filter changes the retained approximate state set despite a feasible unconstrained terminal path,37,100,0.37,18.14139911249016,37,0.37,18.14139911249016
M5,high_switch_cost,FOODS_3_226__WI_3,1,validation_q25,1.0,1.0,0.0,True,False,False,unconstrained_switch_count > K,False,False,False,True,True,True,True,True,True,0.0,0.0,0.0,True,True,96,0.10*validation_mean; floor=0.25,sorted model names,deterministic accumulated cost then model path,switch-budget feasibility filter only,1e-09,0.0,0.0,0.0,0.0,0.0,0.0,0.0,0.0,0.0,0.0,0.0,0.0,none,37,100,0.37,18.14139911249016,37,0.37,18.14139911249016
M5,high_switch_cost,FOODS_3_234__CA_3,1,validation_q25,0.0,0.0,0.0,True,False,False,unconstrained_switch_count > K,False,False,False,True,True,True,True,True,True,0.0,0.0,0.0,True,True,96,0.10*validation_mean; floor=0.25,sorted model names,deterministic accumulated cost then model path,switch-budget feasibility filter only,1e-09,0.0,0.0,0.0,0.0,0.0,0.0,0.0,0.0,0.0,0.0,0.0,0.0,none,37,100,0.37,18.14139911249016,37,0.37,18.14139911249016
M5,high_switch_cost,FOODS_3_234__WI_2,1,validation_q25,1.0,1.0,0.0,True,False,False,unconstrained_switch_count > K,False,False,False,True,True,True,True,True,True,0.0,0.0,0.0,True,True,96,0.10*validation_mean; floor=0.25,sorted model names,deterministic accumulated cost then model path,switch-budget feasibility filter only,1e-09,0.0,0.0,0.0,0.0,0.0,0.0,0.0,0.0,0.0,0.0,0.0,0.0,none,37,100,0.37,18.14139911249016,37,0.37,18.14139911249016
M5,high_switch_cost,FOODS_3_234__WI_3,1,validation_q25,0.0,0.0,0.0,True,False,False,unconstrained_switch_count > K,False,False,False,True,True,True,True,True,True,0.0,0.0,0.0,True,True,96,0.10*validation_mean; floor=0.25,sorted model names,deterministic accumulated cost then model path,switch-budget feasibility filter only,1e-09,0.0,0.0,0.0,0.0,0.0,0.0,0.0,0.0,0.0,0.0,0.0,0.0,none,37,100,0.37,18.14139911249016,37,0.37,18.14139911249016
M5,high_switch_cost,FOODS_3_252__CA_1,1,validation_q25,1.0,1.0,0.0,True,False,False,unconstrained_switch_count > K,False,False,False,True,True,True,True,True,True,0.0,0.0,0.0,True,True,96,0.10*validation_mean; floor=0.25,sorted model names,deterministic accumulated cost then model path,switch-budget feasibility filter only,1e-09,0.0,0.0,0.0,0.0,0.0,0.0,0.0,0.0,0.0,0.0,0.0,0.0,none,37,100,0.37,18.14139911249016,37,0.37,18.14139911249016
M5,high_switch_cost,FOODS_3_252__CA_2,1,validation_q25,1.0,1.0,0.0,True,False,False,unconstrained_switch_count > K,False,False,False,True,True,True,True,True,True,0.0,0.0,0.0,True,True,96,0.10*validation_mean; floor=0.25,sorted model names,deterministic accumulated cost then model path,switch-budget feasibility filter only,1e-09,0.0,0.0,0.0,0.0,0.0,0.0,0.0,0.0,0.0,0.0,0.0,0.0,none,37,100,0.37,18.14139911249016,37,0.37,18.14139911249016
M5,high_switch_cost,FOODS_3_252__CA_3,1,validation_q25,1.0,1.0,0.0,True,False,False,unconstrained_switch_count > K,False,False,False,True,True,True,True,True,True,0.0,0.0,0.0,True,True,96,0.10*validation_mean; floor=0.25,sorted model names,deterministic accumulated cost then model path,switch-budget feasibility filter only,1e-09,0.0,0.0,0.0,0.0,0.0,0.0,0.0,0.0,0.0,0.0,0.0,0.0,none,37,100,0.37,18.14139911249016,37,0.37,18.14139911249016
M5,high_switch_cost,FOODS_3_252__TX_1,1,validation_q25,1.0,1.0,0.0,True,False,False,unconstrained_switch_count > K,False,False,False,True,True,True,True,True,True,0.0,0.0,0.0,True,True,96,0.10*validation_mean; floor=0.25,sorted model names,deterministic accumulated cost then model path,switch-budget feasibility filter only,1e-09,0.0,0.0,0.0,0.0,0.0,0.0,0.0,0.0,0.0,0.0,0.0,0.0,none,37,100,0.37,18.14139911249016,37,0.37,18.14139911249016
M5,high_switch_cost,FOODS_3_252__TX_2,1,validation_q25,1.0,1.0,0.0,True,False,False,unconstrained_switch_count > K,False,False,False,True,True,True,True,True,True,0.0,0.0,0.0,True,True,96,0.10*validation_mean; floor=0.25,sorted model names,deterministic accumulated cost then model path,switch-budget feasibility filter only,1e-09,0.0,0.0,0.0,0.0,0.0,0.0,0.0,0.0,0.0,0.0,0.0,0.0,none,37,100,0.37,18.14139911249016,37,0.37,18.14139911249016
M5,high_switch_cost,FOODS_3_252__TX_3,1,validation_q25,3.0,1.0,2.0,False,True,True,unconstrained_switch_count > K,True,False,True,False,False,False,False,False,False,25.094196428571422,-4.0,25.094196428571422,False,False,96,0.10*validation_mean; floor=0.25,sorted model names,deterministic accumulated cost then model path,switch-budget feasibility filter only,1e-09,0.0,28.928571428571445,0.16562500000000036,0.0,-4.0,-0.006323185011709587,0.0,5.785714285714292,0.0,4.709722377396503,-0.0357142857142857,3.312500000000057,branch-specific beam-pruning path: the budget feasibility filter changes the retained approximate state set despite a feasible unconstrained terminal path,37,100,0.37,18.14139911249016,37,0.37,18.14139911249016
M5,high_switch_cost,FOODS_3_252__WI_3,1,validation_q25,1.0,1.0,0.0,True,False,False,unconstrained_switch_count > K,False,False,False,True,True,True,True,True,True,0.0,0.0,0.0,True,True,96,0.10*validation_mean; floor=0.25,sorted model names,deterministic accumulated cost then model path,switch-budget feasibility filter only,1e-09,0.0,0.0,0.0,0.0,0.0,0.0,0.0,0.0,0.0,0.0,0.0,0.0,none,37,100,0.37,18.14139911249016,37,0.37,18.14139911249016
M5,high_switch_cost,FOODS_3_281__CA_3,1,validation_q25,10.0,1.0,9.0,False,True,True,unconstrained_switch_count > K,True,False,True,False,False,False,False,False,False,2513.973214285712,-18.0,2513.973214285712,False,False,96,0.10*validation_mean; floor=0.25,sorted model names,deterministic accumulated cost then model path,switch-budget feasibility filter only,1e-09,0.0,2531.2499999999964,0.7232142857142858,0.0,-18.0,0.0,0.0,19.888392857142865,0.0,520.5780857235361,-0.03571428571428559,14.464285714285714,branch-specific beam-pruning path: the budget feasibility filter changes the retained approximate state set despite a feasible unconstrained terminal path,37,100,0.37,18.14139911249016,37,0.37,18.14139911249016
M5,high_switch_cost,FOODS_3_282__CA_3,1,validation_q25,1.0,1.0,0.0,True,False,False,unconstrained_switch_count > K,False,False,False,True,True,True,True,True,True,0.0,0.0,0.0,True,True,96,0.10*validation_mean; floor=0.25,sorted model names,deterministic accumulated cost then model path,switch-budget feasibility filter only,1e-09,0.0,0.0,0.0,0.0,0.0,0.0,0.0,0.0,0.0,0.0,0.0,0.0,none,37,100,0.37,18.14139911249016,37,0.37,18.14139911249016
M5,high_switch_cost,FOODS_3_288__CA_3,1,validation_q25,1.0,1.0,0.0,True,False,False,unconstrained_switch_count > K,False,False,False,True,True,True,True,True,True,0.0,0.0,0.0,True,True,96,0.10*validation_mean; floor=0.25,sorted model names,deterministic accumulated cost then model path,switch-budget feasibility filter only,1e-09,0.0,0.0,0.0,0.0,0.0,0.0,0.0,0.0,0.0,0.0,0.0,0.0,none,37,100,0.37,18.14139911249016,37,0.37,18.14139911249016
M5,high_switch_cost,FOODS_3_318__CA_3,1,validation_q25,1.0,1.0,0.0,True,False,False,unconstrained_switch_count > K,False,False,False,True,True,True,True,True,True,0.0,0.0,0.0,True,True,96,0.10*validation_mean; floor=0.25,sorted model names,deterministic accumulated cost then model path,switch-budget feasibility filter only,1e-09,0.0,0.0,0.0,0.0,0.0,0.0,0.0,0.0,0.0,0.0,0.0,0.0,none,37,100,0.37,18.14139911249016,37,0.37,18.14139911249016
M5,high_switch_cost,FOODS_3_318__WI_3,1,validation_q25,1.0,1.0,0.0,True,False,False,unconstrained_switch_count > K,False,False,False,True,True,True,True,True,True,0.0,0.0,0.0,True,True,96,0.10*validation_mean; floor=0.25,sorted model names,deterministic accumulated cost then model path,switch-budget feasibility filter only,1e-09,0.0,0.0,0.0,0.0,0.0,0.0,0.0,0.0,0.0,0.0,0.0,0.0,none,37,100,0.37,18.14139911249016,37,0.37,18.14139911249016
M5,high_switch_cost,FOODS_3_319__CA_3,1,validation_q25,0.0,0.0,0.0,True,False,False,unconstrained_switch_count > K,False,False,False,True,True,True,True,True,True,0.0,0.0,0.0,True,True,96,0.10*validation_mean; floor=0.25,sorted model names,deterministic accumulated cost then model path,switch-budget feasibility filter only,1e-09,0.0,0.0,0.0,0.0,0.0,0.0,0.0,0.0,0.0,0.0,0.0,0.0,none,37,100,0.37,18.14139911249016,37,0.37,18.14139911249016
M5,high_switch_cost,FOODS_3_376__WI_2,1,validation_q25,5.0,1.0,4.0,False,True,True,unconstrained_switch_count > K,True,False,True,False,False,False,False,False,False,-4380.892803684543,-8.0,-4380.892803684543,False,False,96,0.10*validation_mean; floor=0.25,sorted model names,deterministic accumulated cost then model path,switch-budget feasibility filter only,1e-09,-44.04077790216789,-4327.9390793538005,-0.9129464285714282,0.0,-8.0,-0.018480005984838607,-1.5728849250774237,-41.748674526959405,0.0,-887.6090535022831,0.0357142857142857,-18.25892857142857,branch-specific beam-pruning path: the budget feasibility filter changes the retained approximate state set despite a feasible unconstrained terminal path,37,100,0.37,18.14139911249016,37,0.37,18.14139911249016
M5,high_switch_cost,FOODS_3_377__TX_2,1,validation_q25,0.0,0.0,0.0,True,False,False,unconstrained_switch_count > K,False,False,False,True,True,True,True,True,True,0.0,0.0,0.0,True,True,96,0.10*validation_mean; floor=0.25,sorted model names,deterministic accumulated cost then model path,switch-budget feasibility filter only,1e-09,0.0,0.0,0.0,0.0,0.0,0.0,0.0,0.0,0.0,0.0,0.0,0.0,none,37,100,0.37,18.14139911249016,37,0.37,18.14139911249016
M5,high_switch_cost,FOODS_3_377__TX_3,1,validation_q25,2.0,1.0,1.0,False,True,True,unconstrained_switch_count > K,True,False,True,False,False,False,False,False,False,-1.8861607142857792,-2.0,-1.8861607142857792,False,False,96,0.10*validation_mean; floor=0.25,sorted model names,deterministic accumulated cost then model path,switch-budget feasibility filter only,1e-09,0.0,0.0,0.1138392857142847,0.0,-2.0,0.0,0.0,0.0,0.0,-2.9219402152789797,-0.07142857142857151,2.276785714285637,branch-specific beam-pruning path: the budget feasibility filter changes the retained approximate state set despite a feasible unconstrained terminal path,37,100,0.37,18.14139911249016,37,0.37,18.14139911249016
M5,high_switch_cost,FOODS_3_412__WI_2,1,validation_q25,1.0,1.0,0.0,True,False,False,unconstrained_switch_count > K,False,False,False,True,True,True,True,True,True,0.0,0.0,0.0,True,True,96,0.10*validation_mean; floor=0.25,sorted model names,deterministic accumulated cost then model path,switch-budget feasibility filter only,1e-09,0.0,0.0,0.0,0.0,0.0,0.0,0.0,0.0,0.0,0.0,0.0,0.0,none,37,100,0.37,18.14139911249016,37,0.37,18.14139911249016
M5,high_switch_cost,FOODS_3_462__WI_2,1,validation_q25,1.0,1.0,0.0,True,False,False,unconstrained_switch_count > K,False,False,False,True,True,True,True,True,True,0.0,0.0,0.0,True,True,96,0.10*validation_mean; floor=0.25,sorted model names,deterministic accumulated cost then model path,switch-budget feasibility filter only,1e-09,0.0,0.0,0.0,0.0,0.0,0.0,0.0,0.0,0.0,0.0,0.0,0.0,none,37,100,0.37,18.14139911249016,37,0.37,18.14139911249016
M5,high_switch_cost,FOODS_3_501__CA_3,1,validation_q25,1.0,1.0,0.0,True,False,False,unconstrained_switch_count > K,False,False,False,True,True,True,True,True,True,0.0,0.0,0.0,True,True,96,0.10*validation_mean; floor=0.25,sorted model names,deterministic accumulated cost then model path,switch-budget feasibility filter only,1e-09,0.0,0.0,0.0,0.0,0.0,0.0,0.0,0.0,0.0,0.0,0.0,0.0,none,37,100,0.37,18.14139911249016,37,0.37,18.14139911249016
M5,high_switch_cost,FOODS_3_541__CA_1,1,validation_q25,1.0,1.0,0.0,True,False,False,unconstrained_switch_count > K,False,False,False,True,True,True,True,True,True,0.0,0.0,0.0,True,True,96,0.10*validation_mean; floor=0.25,sorted model names,deterministic accumulated cost then model path,switch-budget feasibility filter only,1e-09,0.0,0.0,0.0,0.0,0.0,0.0,0.0,0.0,0.0,0.0,0.0,0.0,none,37,100,0.37,18.14139911249016,37,0.37,18.14139911249016
M5,high_switch_cost,FOODS_3_541__CA_3,1,validation_q25,1.0,1.0,0.0,True,False,False,unconstrained_switch_count > K,False,False,False,True,True,True,True,True,True,0.0,0.0,0.0,True,True,96,0.10*validation_mean; floor=0.25,sorted model names,deterministic accumulated cost then model path,switch-budget feasibility filter only,1e-09,0.0,0.0,0.0,0.0,0.0,0.0,0.0,0.0,0.0,0.0,0.0,0.0,none,37,100,0.37,18.14139911249016,37,0.37,18.14139911249016
M5,high_switch_cost,FOODS_3_547__WI_2,1,validation_q25,2.0,1.0,1.0,False,True,True,unconstrained_switch_count > K,True,False,True,False,False,True,False,False,False,-2.0,-2.0,-2.0,False,False,96,0.10*validation_mean; floor=0.25,sorted model names,deterministic accumulated cost then model path,switch-budget feasibility filter only,1e-09,0.0,0.0,0.0,0.0,-2.0,0.0,0.0,0.0,0.0,-11.509777938033722,0.0,0.0,branch-specific beam-pruning path: the budget feasibility filter changes the retained approximate state set despite a feasible unconstrained terminal path,37,100,0.37,18.14139911249016,37,0.37,18.14139911249016
M5,high_switch_cost,FOODS_3_555__CA_1,1,validation_q25,1.0,1.0,0.0,True,False,False,unconstrained_switch_count > K,False,False,False,True,True,True,True,True,True,0.0,0.0,0.0,True,True,96,0.10*validation_mean; floor=0.25,sorted model names,deterministic accumulated cost then model path,switch-budget feasibility filter only,1e-09,0.0,0.0,0.0,0.0,0.0,0.0,0.0,0.0,0.0,0.0,0.0,0.0,none,37,100,0.37,18.14139911249016,37,0.37,18.14139911249016
M5,high_switch_cost,FOODS_3_555__CA_3,1,validation_q25,1.0,1.0,0.0,True,False,False,unconstrained_switch_count > K,False,False,False,True,True,True,True,True,True,0.0,0.0,0.0,True,True,96,0.10*validation_mean; floor=0.25,sorted model names,deterministic accumulated cost then model path,switch-budget feasibility filter only,1e-09,0.0,0.0,0.0,0.0,0.0,0.0,0.0,0.0,0.0,0.0,0.0,0.0,none,37,100,0.37,18.14139911249016,37,0.37,18.14139911249016
M5,high_switch_cost,FOODS_3_555__TX_1,1,validation_q25,1.0,1.0,0.0,True,False,False,unconstrained_switch_count > K,False,False,False,True,True,True,True,True,True,0.0,0.0,0.0,True,True,96,0.10*validation_mean; floor=0.25,sorted model names,deterministic accumulated cost then model path,switch-budget feasibility filter only,1e-09,0.0,0.0,0.0,0.0,0.0,0.0,0.0,0.0,0.0,0.0,0.0,0.0,none,37,100,0.37,18.14139911249016,37,0.37,18.14139911249016
M5,high_switch_cost,FOODS_3_555__TX_2,1,validation_q25,2.0,1.0,1.0,False,True,True,unconstrained_switch_count > K,True,False,True,False,False,False,False,False,False,-2.715178571428396,-2.0,-2.715178571428396,False,False,96,0.10*validation_mean; floor=0.25,sorted model names,deterministic accumulated cost then model path,switch-budget feasibility filter only,1e-09,0.0,0.0,-0.7151785714285701,0.0,-2.0,0.0,0.0,0.0,0.0,-0.26785714285719564,-0.0357142857142857,-14.303571428571388,branch-specific beam-pruning path: the budget feasibility filter changes the retained approximate state set despite a feasible unconstrained terminal path,37,100,0.37,18.14139911249016,37,0.37,18.14139911249016
M5,high_switch_cost,FOODS_3_555__TX_3,1,validation_q25,1.0,1.0,0.0,True,False,False,unconstrained_switch_count > K,False,False,False,True,True,True,True,True,True,0.0,0.0,0.0,True,True,96,0.10*validation_mean; floor=0.25,sorted model names,deterministic accumulated cost then model path,switch-budget feasibility filter only,1e-09,0.0,0.0,0.0,0.0,0.0,0.0,0.0,0.0,0.0,0.0,0.0,0.0,none,37,100,0.37,18.14139911249016,37,0.37,18.14139911249016
M5,high_switch_cost,FOODS_3_555__WI_3,1,validation_q25,1.0,1.0,0.0,True,False,False,unconstrained_switch_count > K,False,False,False,True,True,True,True,True,True,0.0,0.0,0.0,True,True,96,0.10*validation_mean; floor=0.25,sorted model names,deterministic accumulated cost then model path,switch-budget feasibility filter only,1e-09,0.0,0.0,0.0,0.0,0.0,0.0,0.0,0.0,0.0,0.0,0.0,0.0,none,37,100,0.37,18.14139911249016,37,0.37,18.14139911249016
M5,high_switch_cost,FOODS_3_586__CA_1,1,validation_q25,1.0,1.0,0.0,True,False,False,unconstrained_switch_count > K,False,False,False,True,True,True,True,True,True,0.0,0.0,0.0,True,True,96,0.10*validation_mean; floor=0.25,sorted model names,deterministic accumulated cost then model path,switch-budget feasibility filter only,1e-09,0.0,0.0,0.0,0.0,0.0,0.0,0.0,0.0,0.0,0.0,0.0,0.0,none,37,100,0.37,18.14139911249016,37,0.37,18.14139911249016
M5,high_switch_cost,FOODS_3_586__CA_2,1,validation_q25,2.0,1.0,1.0,False,True,True,unconstrained_switch_count > K,True,False,True,False,False,False,False,False,False,-4.023010097842189,-2.0,-4.023010097842189,False,False,96,0.10*validation_mean; floor=0.25,sorted model names,deterministic accumulated cost then model path,switch-budget feasibility filter only,1e-09,-1.9154333389378735,0.0,-0.1075767589045089,0.0,-2.0,0.0,-0.06840833353349218,0.0,0.0,0.0,0.0,-2.1515351780902563,branch-specific beam-pruning path: the budget feasibility filter changes the retained approximate state set despite a feasible unconstrained terminal path,37,100,0.37,18.14139911249016,37,0.37,18.14139911249016
M5,high_switch_cost,FOODS_3_586__CA_3,1,validation_q25,1.0,1.0,0.0,True,False,False,unconstrained_switch_count > K,False,False,False,True,True,True,True,True,True,0.0,0.0,0.0,True,True,96,0.10*validation_mean; floor=0.25,sorted model names,deterministic accumulated cost then model path,switch-budget feasibility filter only,1e-09,0.0,0.0,0.0,0.0,0.0,0.0,0.0,0.0,0.0,0.0,0.0,0.0,none,37,100,0.37,18.14139911249016,37,0.37,18.14139911249016
M5,high_switch_cost,FOODS_3_586__TX_1,1,validation_q25,3.0,1.0,2.0,False,True,True,unconstrained_switch_count > K,True,False,True,False,False,False,False,False,False,2144.2540428215007,-4.0,2144.2540428215007,False,False,96,0.10*validation_mean; floor=0.25,sorted model names,deterministic accumulated cost then model path,switch-budget feasibility filter only,1e-09,-14.709102029000121,2164.511182001591,-1.5480371510886126,0.0,-4.0,-0.14421930900087349,-0.5253250724642857,0.0,0.0,488.68149584524525,0.0357142857142857,-30.96074302177226,branch-specific beam-pruning path: the budget feasibility filter changes the retained approximate state set despite a feasible unconstrained terminal path,37,100,0.37,18.14139911249016,37,0.37,18.14139911249016
M5,high_switch_cost,FOODS_3_586__TX_2,1,validation_q25,3.0,1.0,2.0,False,True,True,unconstrained_switch_count > K,True,False,True,False,False,False,False,False,False,-3.943917065777441,-4.0,-3.943917065777441,False,False,96,0.10*validation_mean; floor=0.25,sorted model names,deterministic accumulated cost then model path,switch-budget feasibility filter only,1e-09,0.0,0.0,0.05608293422249133,0.0,-4.0,0.0,0.0,0.0,0.0,0.0,0.0,1.121658684449642,branch-specific beam-pruning path: the budget feasibility filter changes the retained approximate state set despite a feasible unconstrained terminal path,37,100,0.37,18.14139911249016,37,0.37,18.14139911249016
M5,high_switch_cost,FOODS_3_586__TX_3,1,validation_q25,3.0,1.0,2.0,False,True,True,unconstrained_switch_count > K,True,False,True,False,False,False,False,False,False,-5.332142857142799,-4.0,-5.332142857142799,False,False,96,0.10*validation_mean; floor=0.25,sorted model names,deterministic accumulated cost then model path,switch-budget feasibility filter only,1e-09,0.0,0.0,-1.3321428571428449,0.0,-4.0,0.0,0.0,0.0,0.0,0.0,0.0,-26.64285714285711,branch-specific beam-pruning path: the budget feasibility filter changes the retained approximate state set despite a feasible unconstrained terminal path,37,100,0.37,18.14139911249016,37,0.37,18.14139911249016
M5,high_switch_cost,FOODS_3_586__WI_3,1,validation_q25,2.0,0.0,2.0,False,True,True,unconstrained_switch_count > K,True,False,True,False,False,False,False,False,False,-4.649107142857247,-4.0,-4.649107142857247,False,False,96,0.10*validation_mean; floor=0.25,sorted model names,deterministic accumulated cost then model path,switch-budget feasibility filter only,1e-09,0.0,-0.5357142857142208,-0.11339285714285907,0.0,-4.0,0.00012203058900095431,0.0,-0.1071428571428612,0.0,0.10714285714284699,0.0,-2.267857142857139,branch-specific beam-pruning path: the budget feasibility filter changes the retained approximate state set despite a feasible unconstrained terminal path,37,100,0.37,18.14139911249016,37,0.37,18.14139911249016
M5,high_switch_cost,FOODS_3_587__CA_1,1,validation_q25,3.0,1.0,2.0,False,True,True,unconstrained_switch_count > K,True,False,True,False,False,True,False,False,False,-4.0,-4.0,-4.0,False,False,96,0.10*validation_mean; floor=0.25,sorted model names,deterministic accumulated cost then model path,switch-budget feasibility filter only,1e-09,0.0,0.0,0.0,0.0,-4.0,0.0,0.0,0.0,0.0,-8.25,0.0,0.0,branch-specific beam-pruning path: the budget feasibility filter changes the retained approximate state set despite a feasible unconstrained terminal path,37,100,0.37,18.14139911249016,37,0.37,18.14139911249016
M5,high_switch_cost,FOODS_3_587__CA_3,1,validation_q25,1.0,1.0,0.0,True,False,False,unconstrained_switch_count > K,False,False,False,True,True,True,True,True,True,0.0,0.0,0.0,True,True,96,0.10*validation_mean; floor=0.25,sorted model names,deterministic accumulated cost then model path,switch-budget feasibility filter only,1e-09,0.0,0.0,0.0,0.0,0.0,0.0,0.0,0.0,0.0,0.0,0.0,0.0,none,37,100,0.37,18.14139911249016,37,0.37,18.14139911249016
M5,high_switch_cost,FOODS_3_587__TX_1,1,validation_q25,1.0,1.0,0.0,True,False,False,unconstrained_switch_count > K,False,False,False,True,True,True,True,True,True,0.0,0.0,0.0,True,True,96,0.10*validation_mean; floor=0.25,sorted model names,deterministic accumulated cost then model path,switch-budget feasibility filter only,1e-09,0.0,0.0,0.0,0.0,0.0,0.0,0.0,0.0,0.0,0.0,0.0,0.0,none,37,100,0.37,18.14139911249016,37,0.37,18.14139911249016
M5,high_switch_cost,FOODS_3_587__TX_2,1,validation_q25,1.0,1.0,0.0,True,False,False,unconstrained_switch_count > K,False,False,False,True,True,True,True,True,True,0.0,0.0,0.0,True,True,96,0.10*validation_mean; floor=0.25,sorted model names,deterministic accumulated cost then model path,switch-budget feasibility filter only,1e-09,0.0,0.0,0.0,0.0,0.0,0.0,0.0,0.0,0.0,0.0,0.0,0.0,none,37,100,0.37,18.14139911249016,37,0.37,18.14139911249016
M5,high_switch_cost,FOODS_3_587__TX_3,1,validation_q25,2.0,1.0,1.0,False,True,True,unconstrained_switch_count > K,True,False,True,False,False,False,False,False,False,-2.472321428571604,-2.0,-2.472321428571604,False,False,96,0.10*validation_mean; floor=0.25,sorted model names,deterministic accumulated cost then model path,switch-budget feasibility filter only,1e-09,0.0,0.0,-0.4723214285714281,0.0,-2.0,0.0,0.0,0.0,0.0,-12.196428571428555,-0.0357142857142857,-9.446428571428498,branch-specific beam-pruning path: the budget feasibility filter changes the retained approximate state set despite a feasible unconstrained terminal path,37,100,0.37,18.14139911249016,37,0.37,18.14139911249016
M5,high_switch_cost,FOODS_3_587__WI_3,1,validation_q25,13.0,1.0,12.0,False,True,True,unconstrained_switch_count > K,True,False,True,False,False,False,False,False,False,2409.5306894593705,-24.0,2409.5306894593705,False,False,96,0.10*validation_mean; floor=0.25,sorted model names,deterministic accumulated cost then model path,switch-budget feasibility filter only,1e-09,0.0,2433.4699751736516,0.060714285714287275,0.0,-24.0,-0.023203031212485112,0.0,18.808294366111312,0.0,620.7805390413596,0.0,1.2142857142857473,branch-specific beam-pruning path: the budget feasibility filter changes the retained approximate state set despite a feasible unconstrained terminal path,37,100,0.37,18.14139911249016,37,0.37,18.14139911249016
M5,high_switch_cost,FOODS_3_607__CA_3,1,validation_q25,1.0,1.0,0.0,True,False,False,unconstrained_switch_count > K,False,False,False,True,True,True,True,True,True,0.0,0.0,0.0,True,True,96,0.10*validation_mean; floor=0.25,sorted model names,deterministic accumulated cost then model path,switch-budget feasibility filter only,1e-09,0.0,0.0,0.0,0.0,0.0,0.0,0.0,0.0,0.0,0.0,0.0,0.0,none,37,100,0.37,18.14139911249016,37,0.37,18.14139911249016
M5,high_switch_cost,FOODS_3_635__CA_3,1,validation_q25,1.0,1.0,0.0,True,False,False,unconstrained_switch_count > K,False,False,False,True,True,True,True,True,True,0.0,0.0,0.0,True,True,96,0.10*validation_mean; floor=0.25,sorted model names,deterministic accumulated cost then model path,switch-budget feasibility filter only,1e-09,0.0,0.0,0.0,0.0,0.0,0.0,0.0,0.0,0.0,0.0,0.0,0.0,none,37,100,0.37,18.14139911249016,37,0.37,18.14139911249016
M5,high_switch_cost,FOODS_3_681__CA_3,1,validation_q25,1.0,1.0,0.0,True,False,False,unconstrained_switch_count > K,False,False,False,True,True,True,True,True,True,0.0,0.0,0.0,True,True,96,0.10*validation_mean; floor=0.25,sorted model names,deterministic accumulated cost then model path,switch-budget feasibility filter only,1e-09,0.0,0.0,0.0,0.0,0.0,0.0,0.0,0.0,0.0,0.0,0.0,0.0,none,37,100,0.37,18.14139911249016,37,0.37,18.14139911249016
M5,high_switch_cost,FOODS_3_681__WI_3,1,validation_q25,2.0,1.0,1.0,False,True,True,unconstrained_switch_count > K,True,False,True,False,False,True,False,False,False,-2.0,-2.0,-2.0,False,False,96,0.10*validation_mean; floor=0.25,sorted model names,deterministic accumulated cost then model path,switch-budget feasibility filter only,1e-09,0.0,0.0,0.0,0.0,-2.0,0.0,0.0,0.0,0.0,-21.90569023571004,0.0,0.0,branch-specific beam-pruning path: the budget feasibility filter changes the retained approximate state set despite a feasible unconstrained terminal path,37,100,0.37,18.14139911249016,37,0.37,18.14139911249016
M5,high_switch_cost,FOODS_3_694__CA_3,1,validation_q25,1.0,1.0,0.0,True,False,False,unconstrained_switch_count > K,False,False,False,True,True,True,True,True,True,0.0,0.0,0.0,True,True,96,0.10*validation_mean; floor=0.25,sorted model names,deterministic accumulated cost then model path,switch-budget feasibility filter only,1e-09,0.0,0.0,0.0,0.0,0.0,0.0,0.0,0.0,0.0,0.0,0.0,0.0,none,37,100,0.37,18.14139911249016,37,0.37,18.14139911249016
M5,high_switch_cost,FOODS_3_694__WI_1,1,validation_q25,1.0,1.0,0.0,True,False,False,unconstrained_switch_count > K,False,False,False,True,True,True,True,True,True,0.0,0.0,0.0,True,True,96,0.10*validation_mean; floor=0.25,sorted model names,deterministic accumulated cost then model path,switch-budget feasibility filter only,1e-09,0.0,0.0,0.0,0.0,0.0,0.0,0.0,0.0,0.0,0.0,0.0,0.0,none,37,100,0.37,18.14139911249016,37,0.37,18.14139911249016
M5,high_switch_cost,FOODS_3_694__WI_2,1,validation_q25,0.0,0.0,0.0,True,False,False,unconstrained_switch_count > K,False,False,False,True,True,True,True,True,True,0.0,0.0,0.0,True,True,96,0.10*validation_mean; floor=0.25,sorted model names,deterministic accumulated cost then model path,switch-budget feasibility filter only,1e-09,0.0,0.0,0.0,0.0,0.0,0.0,0.0,0.0,0.0,0.0,0.0,0.0,none,37,100,0.37,18.14139911249016,37,0.37,18.14139911249016
M5,high_switch_cost,FOODS_3_694__WI_3,1,validation_q25,2.0,1.0,1.0,False,True,True,unconstrained_switch_count > K,True,False,True,False,False,False,False,False,False,-2.0696428571429806,-2.0,-2.0696428571429806,False,False,96,0.10*validation_mean; floor=0.25,sorted model names,deterministic accumulated cost then model path,switch-budget feasibility filter only,1e-09,0.0,0.0,-0.06964285714285445,0.0,-2.0,0.0,0.0,0.0,0.0,0.0,0.0,-1.392857142857082,branch-specific beam-pruning path: the budget feasibility filter changes the retained approximate state set despite a feasible unconstrained terminal path,37,100,0.37,18.14139911249016,37,0.37,18.14139911249016
M5,high_switch_cost,FOODS_3_711__CA_3,1,validation_q25,2.0,0.0,2.0,False,True,True,unconstrained_switch_count > K,True,False,True,False,False,False,False,False,False,239.00351335448147,-4.0,239.00351335448147,False,False,96,0.10*validation_mean; floor=0.25,sorted model names,deterministic accumulated cost then model path,switch-budget feasibility filter only,1e-09,68.30971806256633,174.742012714491,-0.04821742257623951,0.0,-4.0,-0.024489406903434596,2.439632787948799,0.0,0.0,-2.4966745376746644,0.0,-0.9643484515247991,branch-specific beam-pruning path: the budget feasibility filter changes the retained approximate state set despite a feasible unconstrained terminal path,37,100,0.37,18.14139911249016,37,0.37,18.14139911249016
M5,high_switch_cost,FOODS_3_711__WI_2,1,validation_q25,0.0,0.0,0.0,True,False,False,unconstrained_switch_count > K,False,False,False,True,True,True,True,True,True,0.0,0.0,0.0,True,True,96,0.10*validation_mean; floor=0.25,sorted model names,deterministic accumulated cost then model path,switch-budget feasibility filter only,1e-09,0.0,0.0,0.0,0.0,0.0,0.0,0.0,0.0,0.0,0.0,0.0,0.0,none,37,100,0.37,18.14139911249016,37,0.37,18.14139911249016
M5,high_switch_cost,FOODS_3_714__CA_1,1,validation_q25,1.0,1.0,0.0,True,False,False,unconstrained_switch_count > K,False,False,False,True,True,True,True,True,True,0.0,0.0,0.0,True,True,96,0.10*validation_mean; floor=0.25,sorted model names,deterministic accumulated cost then model path,switch-budget feasibility filter only,1e-09,0.0,0.0,0.0,0.0,0.0,0.0,0.0,0.0,0.0,0.0,0.0,0.0,none,37,100,0.37,18.14139911249016,37,0.37,18.14139911249016
M5,high_switch_cost,FOODS_3_714__CA_3,1,validation_q25,1.0,1.0,0.0,True,False,False,unconstrained_switch_count > K,False,False,False,True,True,True,True,True,True,0.0,0.0,0.0,True,True,96,0.10*validation_mean; floor=0.25,sorted model names,deterministic accumulated cost then model path,switch-budget feasibility filter only,1e-09,0.0,0.0,0.0,0.0,0.0,0.0,0.0,0.0,0.0,0.0,0.0,0.0,none,37,100,0.37,18.14139911249016,37,0.37,18.14139911249016
M5,high_switch_cost,FOODS_3_714__TX_1,1,validation_q25,0.0,0.0,0.0,True,False,False,unconstrained_switch_count > K,False,False,False,True,True,True,True,True,True,0.0,0.0,0.0,True,True,96,0.10*validation_mean; floor=0.25,sorted model names,deterministic accumulated cost then model path,switch-budget feasibility filter only,1e-09,0.0,0.0,0.0,0.0,0.0,0.0,0.0,0.0,0.0,0.0,0.0,0.0,none,37,100,0.37,18.14139911249016,37,0.37,18.14139911249016
M5,high_switch_cost,FOODS_3_714__TX_2,1,validation_q25,1.0,1.0,0.0,True,False,False,unconstrained_switch_count > K,False,False,False,True,True,True,True,True,True,0.0,0.0,0.0,True,True,96,0.10*validation_mean; floor=0.25,sorted model names,deterministic accumulated cost then model path,switch-budget feasibility filter only,1e-09,0.0,0.0,0.0,0.0,0.0,0.0,0.0,0.0,0.0,0.0,0.0,0.0,none,37,100,0.37,18.14139911249016,37,0.37,18.14139911249016
M5,high_switch_cost,FOODS_3_714__TX_3,1,validation_q25,2.0,0.0,2.0,False,True,True,unconstrained_switch_count > K,True,False,True,False,False,False,False,False,False,-4.1706473214285325,-4.0,-4.1706473214285325,False,False,96,0.10*validation_mean; floor=0.25,sorted model names,deterministic accumulated cost then model path,switch-budget feasibility filter only,1e-09,0.0,0.0,-0.17064732142857242,0.0,-4.0,0.0,0.0,0.0,0.0,2.158482142857167,0.0,-3.412946428571445,branch-specific beam-pruning path: the budget feasibility filter changes the retained approximate state set despite a feasible unconstrained terminal path,37,100,0.37,18.14139911249016,37,0.37,18.14139911249016
M5,high_switch_cost,FOODS_3_714__WI_3,1,validation_q25,3.0,1.0,2.0,False,True,True,unconstrained_switch_count > K,True,False,True,False,False,False,False,False,False,-4.0,-4.0,-4.0,False,False,96,0.10*validation_mean; floor=0.25,sorted model names,deterministic accumulated cost then model path,switch-budget feasibility filter only,1e-09,0.0,0.0,-8.881784197001252e-16,0.0,-4.0,0.0,0.0,0.0,0.0,-6.95150153424072,-0.0357142857142857,2.842170943040401e-14,branch-specific beam-pruning path: the budget feasibility filter changes the retained approximate state set despite a feasible unconstrained terminal path,37,100,0.37,18.14139911249016,37,0.37,18.14139911249016
M5,high_switch_cost,FOODS_3_723__CA_3,1,validation_q25,1.0,1.0,0.0,True,False,False,unconstrained_switch_count > K,False,False,False,True,True,True,True,True,True,0.0,0.0,0.0,True,True,96,0.10*validation_mean; floor=0.25,sorted model names,deterministic accumulated cost then model path,switch-budget feasibility filter only,1e-09,0.0,0.0,0.0,0.0,0.0,0.0,0.0,0.0,0.0,0.0,0.0,0.0,none,37,100,0.37,18.14139911249016,37,0.37,18.14139911249016
M5,high_switch_cost,FOODS_3_723__WI_3,1,validation_q25,1.0,1.0,0.0,True,False,False,unconstrained_switch_count > K,False,False,False,True,True,True,True,True,True,0.0,0.0,0.0,True,True,96,0.10*validation_mean; floor=0.25,sorted model names,deterministic accumulated cost then model path,switch-budget feasibility filter only,1e-09,0.0,0.0,0.0,0.0,0.0,0.0,0.0,0.0,0.0,0.0,0.0,0.0,none,37,100,0.37,18.14139911249016,37,0.37,18.14139911249016
M5,high_switch_cost,FOODS_3_752__CA_3,1,validation_q25,3.0,1.0,2.0,False,True,True,unconstrained_switch_count > K,True,False,True,False,False,False,False,False,False,3.914144933219177,-4.0,3.914144933219177,False,False,96,0.10*validation_mean; floor=0.25,sorted model names,deterministic accumulated cost then model path,switch-budget feasibility filter only,1e-09,-3.729464289936544,11.438691897247736,0.20491732590731937,0.0,-4.0,-0.0005981015371109288,-0.1331951532120197,0.12709657663609164,0.0,-55.45961663262062,0.0357142857142857,4.098346518146371,branch-specific beam-pruning path: the budget feasibility filter changes the retained approximate state set despite a feasible unconstrained terminal path,37,100,0.37,18.14139911249016,37,0.37,18.14139911249016
M5,high_switch_cost,FOODS_3_804__CA_3,1,validation_q25,1.0,1.0,0.0,True,False,False,unconstrained_switch_count > K,False,False,False,True,True,True,True,True,True,0.0,0.0,0.0,True,True,96,0.10*validation_mean; floor=0.25,sorted model names,deterministic accumulated cost then model path,switch-budget feasibility filter only,1e-09,0.0,0.0,0.0,0.0,0.0,0.0,0.0,0.0,0.0,0.0,0.0,0.0,none,37,100,0.37,18.14139911249016,37,0.37,18.14139911249016
M5,high_switch_cost,FOODS_3_808__CA_1,1,validation_q25,5.0,1.0,4.0,False,True,True,unconstrained_switch_count > K,True,False,True,False,False,False,False,False,False,53.12589237301199,-8.0,53.12589237301199,False,False,96,0.10*validation_mean; floor=0.25,sorted model names,deterministic accumulated cost then model path,switch-budget feasibility filter only,1e-09,-48.97566867796746,110.04528589215056,0.056275158828972605,0.0,-8.0,0.0,-1.7491310242131237,0.0,0.0,-56.127326416428275,-0.07142857142857151,1.1255031765794516,branch-specific beam-pruning path: the budget feasibility filter changes the retained approximate state set despite a feasible unconstrained terminal path,37,100,0.37,18.14139911249016,37,0.37,18.14139911249016
M5,high_switch_cost,FOODS_3_808__CA_3,1,validation_q25,2.0,1.0,1.0,False,True,True,unconstrained_switch_count > K,True,False,True,False,False,True,False,False,False,-2.0,-2.0,-2.0,False,False,96,0.10*validation_mean; floor=0.25,sorted model names,deterministic accumulated cost then model path,switch-budget feasibility filter only,1e-09,0.0,0.0,0.0,0.0,-2.0,0.0,0.0,0.0,0.0,0.0,0.0,0.0,branch-specific beam-pruning path: the budget feasibility filter changes the retained approximate state set despite a feasible unconstrained terminal path,37,100,0.37,18.14139911249016,37,0.37,18.14139911249016
M5,high_switch_cost,HOUSEHOLD_1_118__CA_3,1,validation_q25,0.0,0.0,0.0,True,False,False,unconstrained_switch_count > K,False,False,False,True,True,True,True,True,True,0.0,0.0,0.0,True,True,96,0.10*validation_mean; floor=0.25,sorted model names,deterministic accumulated cost then model path,switch-budget feasibility filter only,1e-09,0.0,0.0,0.0,0.0,0.0,0.0,0.0,0.0,0.0,0.0,0.0,0.0,none,37,100,0.37,18.14139911249016,37,0.37,18.14139911249016
M5,high_switch_cost,HOUSEHOLD_1_334__CA_3,1,validation_q25,3.0,1.0,2.0,False,True,True,unconstrained_switch_count > K,True,False,True,False,False,False,False,False,False,-1406.0868044337585,-4.0,-1406.0868044337585,False,False,96,0.10*validation_mean; floor=0.25,sorted model names,deterministic accumulated cost then model path,switch-budget feasibility filter only,1e-09,-5.060393013942289,-1396.7628806182083,-0.2635308016114357,0.0,-4.0,-0.02150283867463669,-0.18072832192650967,-14.724748611417397,0.0,-304.8876622456155,0.0357142857142857,-5.270616032228723,branch-specific beam-pruning path: the budget feasibility filter changes the retained approximate state set despite a feasible unconstrained terminal path,37,100,0.37,18.14139911249016,37,0.37,18.14139911249016
M5,high_switch_cost,HOUSEHOLD_1_459__CA_3,1,validation_q25,6.0,1.0,5.0,False,True,True,unconstrained_switch_count > K,True,False,True,False,False,False,False,False,False,-197.8176780518088,-10.0,-197.8176780518088,False,False,96,0.10*validation_mean; floor=0.25,sorted model names,deterministic accumulated cost then model path,switch-budget feasibility filter only,1e-09,-10.236428917841735,-178.0026777053963,0.42142857142856993,0.0,-10.0,-0.007783129699248104,-0.3655867470657761,-2.0446428571428754,0.0,-0.8823949767793238,0.07142857142857151,8.428571428571392,branch-specific beam-pruning path: the budget feasibility filter changes the retained approximate state set despite a feasible unconstrained terminal path,37,100,0.37,18.14139911249016,37,0.37,18.14139911249016
M5,long_lead,FOODS_1_218__TX_2,5,validation_q25,11.0,5.0,6.0,False,True,True,unconstrained_switch_count > K,True,False,True,False,False,False,False,False,False,-1166.304184126534,-1.5,-1166.304184126534,False,False,96,0.10*validation_mean; floor=0.25,sorted model names,deterministic accumulated cost then model path,switch-budget feasibility filter only,1e-09,0.0,-1163.9367758457852,-0.8674082807490051,0.0,-1.5,0.01996062332439691,0.0,-14.509154619987044,0.0,-252.86877387786444,0.1071428571428572,-17.348165614980108,branch-specific beam-pruning path: the budget feasibility filter changes the retained approximate state set despite a feasible unconstrained terminal path,63,100,0.63,-106.35668966331266,63,0.63,-106.35668966331266
M5,long_lead,FOODS_2_197__CA_1,5,validation_q25,11.0,5.0,6.0,False,True,True,unconstrained_switch_count > K,True,False,True,False,False,False,False,False,False,149.238243184378,-1.5,149.238243184378,False,False,96,0.10*validation_mean; floor=0.25,sorted model names,deterministic accumulated cost then model path,switch-budget feasibility filter only,1e-09,-2.5637664510028344,152.7194203496656,0.582589285714286,0.0,-1.5,-0.05411313275991089,-0.09156308753581754,0.0,0.0,9.179949494819084,0.0357142857142857,11.651785714285715,branch-specific beam-pruning path: the budget feasibility filter changes the retained approximate state set despite a feasible unconstrained terminal path,63,100,0.63,-106.35668966331266,63,0.63,-106.35668966331266
M5,long_lead,FOODS_2_197__CA_3,5,validation_q25,4.0,2.0,2.0,True,False,False,unconstrained_switch_count > K,False,False,False,False,False,False,False,False,False,-4.093368235321691,-0.5,-4.093368235321691,False,False,96,0.10*validation_mean; floor=0.25,sorted model names,deterministic accumulated cost then model path,switch-budget feasibility filter only,1e-09,-4.004082521036025,0.0,0.41071428571428603,0.0,-0.5,0.0,-0.14300294717986617,0.0,0.0,0.9642857142857082,0.0357142857142857,8.214285714285722,branch-specific beam-pruning path: the budget feasibility filter changes the retained approximate state set despite a feasible unconstrained terminal path,63,100,0.63,-106.35668966331266,63,0.63,-106.35668966331266
M5,long_lead,FOODS_2_276__CA_3,5,validation_q25,6.0,4.0,2.0,False,True,True,unconstrained_switch_count > K,True,False,True,False,False,False,False,False,False,-0.4638392857140161,-0.5,-0.4638392857140161,False,False,96,0.10*validation_mean; floor=0.25,sorted model names,deterministic accumulated cost then model path,switch-budget feasibility filter only,1e-09,0.0,0.0,0.03616071428571166,0.0,-0.5,0.0,0.0,0.0,0.0,1.0982142857141923,0.0,0.723214285714235,branch-specific beam-pruning path: the budget feasibility filter changes the retained approximate state set despite a feasible unconstrained terminal path,63,100,0.63,-106.35668966331266,63,0.63,-106.35668966331266
M5,long_lead,FOODS_2_360__CA_3,5,validation_q25,17.0,5.0,12.0,False,True,True,unconstrained_switch_count > K,True,False,True,False,False,False,False,False,False,-74.61071428571631,-3.0,-74.61071428571631,False,False,96,0.10*validation_mean; floor=0.25,sorted model names,deterministic accumulated cost then model path,switch-budget feasibility filter only,1e-09,0.0,-71.42857142857247,-0.18214285714285738,0.0,-3.0,0.0,0.0,-3.714285714285694,0.0,133.00000000000023,0.03571428571428581,-3.642857142857139,branch-specific beam-pruning path: the budget feasibility filter changes the retained approximate state set despite a feasible unconstrained terminal path,63,100,0.63,-106.35668966331266,63,0.63,-106.35668966331266
M5,long_lead,FOODS_2_360__TX_3,5,validation_q25,16.0,5.0,11.0,False,True,True,unconstrained_switch_count > K,True,False,True,False,False,False,False,False,False,72.37952479595697,-2.75,72.37952479595697,False,False,96,0.10*validation_mean; floor=0.25,sorted model names,deterministic accumulated cost then model path,switch-budget feasibility filter only,1e-09,0.0,75.13245633334373,-0.002931537388627614,0.0,-2.75,-0.005048666462293072,0.0,1.0483633509986134,0.0,270.1448009457763,-0.0357142857142857,-0.05863074777255406,branch-specific beam-pruning path: the budget feasibility filter changes the retained approximate state set despite a feasible unconstrained terminal path,63,100,0.63,-106.35668966331266,63,0.63,-106.35668966331266
M5,long_lead,FOODS_2_360__WI_2,5,validation_q25,10.0,5.0,5.0,False,True,True,unconstrained_switch_count > K,True,False,True,False,False,False,False,False,False,68.28749999999854,-1.25,68.28749999999854,False,False,96,0.10*validation_mean; floor=0.25,sorted model names,deterministic accumulated cost then model path,switch-budget feasibility filter only,1e-09,0.0,69.82142857142753,-0.2839285714285724,0.0,-1.25,0.0,0.0,0.0,0.0,-199.5967773240418,0.0357142857142857,-5.678571428571445,branch-specific beam-pruning path: the budget feasibility filter changes the retained approximate state set despite a feasible unconstrained terminal path,63,100,0.63,-106.35668966331266,63,0.63,-106.35668966331266
M5,long_lead,FOODS_3_007__WI_2,5,validation_q25,6.0,5.0,1.0,False,True,True,unconstrained_switch_count > K,True,False,True,False,False,True,False,False,False,-0.25,-0.25,-0.25,False,False,96,0.10*validation_mean; floor=0.25,sorted model names,deterministic accumulated cost then model path,switch-budget feasibility filter only,1e-09,0.0,0.0,0.0,0.0,-0.25,0.0,0.0,0.0,0.0,616.0,0.0,0.0,branch-specific beam-pruning path: the budget feasibility filter changes the retained approximate state set despite a feasible unconstrained terminal path,63,100,0.63,-106.35668966331266,63,0.63,-106.35668966331266
M5,long_lead,FOODS_3_030__TX_2,5,validation_q25,12.0,4.0,8.0,False,True,True,unconstrained_switch_count > K,True,False,True,False,False,False,False,False,False,-43.774561229005485,-2.0,-43.774561229005485,False,False,96,0.10*validation_mean; floor=0.25,sorted model names,deterministic accumulated cost then model path,switch-budget feasibility filter only,1e-09,33.515625,-75.61728273739209,0.32709650838616255,0.0,-2.0,-0.013212052146702125,1.196986607142847,8.512830954084748,0.0,-21.303790465298903,0.0,6.541930167723251,branch-specific beam-pruning path: the budget feasibility filter changes the retained approximate state set despite a feasible unconstrained terminal path,63,100,0.63,-106.35668966331266,63,0.63,-106.35668966331266
M5,long_lead,FOODS_3_030__TX_3,5,validation_q25,7.0,4.0,3.0,False,True,True,unconstrained_switch_count > K,True,False,True,False,False,False,False,False,False,235.8868380381473,-0.75,235.8868380381473,False,False,96,0.10*validation_mean; floor=0.25,sorted model names,deterministic accumulated cost then model path,switch-budget feasibility filter only,1e-09,7.20093271662904,230.47492788471985,-1.0390225632019465,0.0,-0.75,-0.03375834023980362,0.257176168451025,20.250000000001016,0.0,104.81113762330776,-0.0714285714285714,-20.780451264038902,branch-specific beam-pruning path: the budget feasibility filter changes the retained approximate state set despite a feasible unconstrained terminal path,63,100,0.63,-106.35668966331266,63,0.63,-106.35668966331266
M5,long_lead,FOODS_3_080__CA_1,5,validation_q25,3.0,3.0,0.0,True,False,False,unconstrained_switch_count > K,False,False,False,True,True,True,True,True,True,0.0,0.0,0.0,True,True,96,0.10*validation_mean; floor=0.25,sorted model names,deterministic accumulated cost then model path,switch-budget feasibility filter only,1e-09,0.0,0.0,0.0,0.0,0.0,0.0,0.0,0.0,0.0,0.0,0.0,0.0,none,63,100,0.63,-106.35668966331266,63,0.63,-106.35668966331266
M5,long_lead,FOODS_3_080__TX_2,5,validation_q25,0.0,0.0,0.0,True,False,False,unconstrained_switch_count > K,False,False,False,True,True,True,True,True,True,0.0,0.0,0.0,True,True,96,0.10*validation_mean; floor=0.25,sorted model names,deterministic accumulated cost then model path,switch-budget feasibility filter only,1e-09,0.0,0.0,0.0,0.0,0.0,0.0,0.0,0.0,0.0,0.0,0.0,0.0,none,63,100,0.63,-106.35668966331266,63,0.63,-106.35668966331266
M5,long_lead,FOODS_3_090__CA_1,5,validation_q25,5.0,5.0,0.0,True,False,False,unconstrained_switch_count > K,False,False,False,True,True,True,True,True,True,0.0,0.0,0.0,True,True,96,0.10*validation_mean; floor=0.25,sorted model names,deterministic accumulated cost then model path,switch-budget feasibility filter only,1e-09,0.0,0.0,0.0,0.0,0.0,0.0,0.0,0.0,0.0,0.0,0.0,0.0,none,63,100,0.63,-106.35668966331266,63,0.63,-106.35668966331266
M5,long_lead,FOODS_3_090__CA_2,5,validation_q25,3.0,3.0,0.0,True,False,False,unconstrained_switch_count > K,False,False,False,True,True,True,True,True,True,0.0,0.0,0.0,True,True,96,0.10*validation_mean; floor=0.25,sorted model names,deterministic accumulated cost then model path,switch-budget feasibility filter only,1e-09,0.0,0.0,0.0,0.0,0.0,0.0,0.0,0.0,0.0,0.0,0.0,0.0,none,63,100,0.63,-106.35668966331266,63,0.63,-106.35668966331266
M5,long_lead,FOODS_3_090__CA_3,5,validation_q25,7.0,5.0,2.0,False,True,True,unconstrained_switch_count > K,True,False,True,False,False,True,False,False,False,-0.5,-0.5,-0.5,False,False,96,0.10*validation_mean; floor=0.25,sorted model names,deterministic accumulated cost then model path,switch-budget feasibility filter only,1e-09,0.0,0.0,0.0,0.0,-0.5,0.0,0.0,0.0,0.0,0.0,0.0,0.0,branch-specific beam-pruning path: the budget feasibility filter changes the retained approximate state set despite a feasible unconstrained terminal path,63,100,0.63,-106.35668966331266,63,0.63,-106.35668966331266
M5,long_lead,FOODS_3_090__CA_4,5,validation_q25,11.0,5.0,6.0,False,True,True,unconstrained_switch_count > K,True,False,True,False,False,False,False,False,False,-14.136384832060912,-1.5,-14.136384832060912,False,False,96,0.10*validation_mean; floor=0.25,sorted model names,deterministic accumulated cost then model path,switch-budget feasibility filter only,1e-09,-12.299333682180304,0.0,-0.3370511498805868,0.0,-1.5,0.0,-0.43926191722073327,0.0,0.0,-0.18750000000005684,-0.0357142857142857,-6.741022997611765,branch-specific beam-pruning path: the budget feasibility filter changes the retained approximate state set despite a feasible unconstrained terminal path,63,100,0.63,-106.35668966331266,63,0.63,-106.35668966331266
M5,long_lead,FOODS_3_090__TX_1,5,validation_q25,9.0,5.0,4.0,False,True,True,unconstrained_switch_count > K,True,False,True,False,False,False,False,False,False,-2.9648880473146164,-1.0,-2.9648880473146164,False,False,96,0.10*validation_mean; floor=0.25,sorted model names,deterministic accumulated cost then model path,switch-budget feasibility filter only,1e-09,46.96871756461269,-48.13787778115454,-0.7957278307728153,0.0,-1.0,0.006658074381902357,1.6774541987361857,0.0,0.0,-100.09629312084371,-0.1071428571428572,-15.914556615456377,branch-specific beam-pruning path: the budget feasibility filter changes the retained approximate state set despite a feasible unconstrained terminal path,63,100,0.63,-106.35668966331266,63,0.63,-106.35668966331266
M5,long_lead,FOODS_3_090__TX_2,5,validation_q25,2.0,2.0,0.0,True,False,False,unconstrained_switch_count > K,False,False,False,True,True,True,True,True,True,0.0,0.0,0.0,True,True,96,0.10*validation_mean; floor=0.25,sorted model names,deterministic accumulated cost then model path,switch-budget feasibility filter only,1e-09,0.0,0.0,0.0,0.0,0.0,0.0,0.0,0.0,0.0,0.0,0.0,0.0,none,63,100,0.63,-106.35668966331266,63,0.63,-106.35668966331266
M5,long_lead,FOODS_3_090__TX_3,5,validation_q25,4.0,4.0,0.0,True,False,False,unconstrained_switch_count > K,False,False,False,True,True,True,True,True,True,0.0,0.0,0.0,True,True,96,0.10*validation_mean; floor=0.25,sorted model names,deterministic accumulated cost then model path,switch-budget feasibility filter only,1e-09,0.0,0.0,0.0,0.0,0.0,0.0,0.0,0.0,0.0,0.0,0.0,0.0,none,63,100,0.63,-106.35668966331266,63,0.63,-106.35668966331266
M5,long_lead,FOODS_3_090__WI_3,5,validation_q25,4.0,4.0,0.0,True,False,False,unconstrained_switch_count > K,False,False,False,False,False,False,True,False,False,-0.5367187499996362,0.0,-0.5367187499996362,False,False,96,0.10*validation_mean; floor=0.25,sorted model names,deterministic accumulated cost then model path,switch-budget feasibility filter only,1e-09,0.0,0.0,-0.5367187500000021,0.0,0.0,0.0,0.0,0.0,0.0,-12.336829675705758,0.0,-10.734375000000057,branch-specific beam-pruning path: the budget feasibility filter changes the retained approximate state set despite a feasible unconstrained terminal path,63,100,0.63,-106.35668966331266,63,0.63,-106.35668966331266
M5,long_lead,FOODS_3_099__TX_2,5,validation_q25,3.0,3.0,0.0,True,False,False,unconstrained_switch_count > K,False,False,False,True,True,True,True,True,True,0.0,0.0,0.0,True,True,96,0.10*validation_mean; floor=0.25,sorted model names,deterministic accumulated cost then model path,switch-budget feasibility filter only,1e-09,0.0,0.0,0.0,0.0,0.0,0.0,0.0,0.0,0.0,0.0,0.0,0.0,none,63,100,0.63,-106.35668966331266,63,0.63,-106.35668966331266
M5,long_lead,FOODS_3_120__CA_1,5,validation_q25,13.0,5.0,8.0,False,True,True,unconstrained_switch_count > K,True,False,True,False,False,False,False,False,False,113.3459821428587,-2.0,113.3459821428587,False,False,96,0.10*validation_mean; floor=0.25,sorted model names,deterministic accumulated cost then model path,switch-budget feasibility filter only,1e-09,0.0,115.34598214285506,0.0,0.0,-2.0,0.0,0.0,0.0,0.0,175.17659110050408,0.0,0.0,branch-specific beam-pruning path: the budget feasibility filter changes the retained approximate state set despite a feasible unconstrained terminal path,63,100,0.63,-106.35668966331266,63,0.63,-106.35668966331266
M5,long_lead,FOODS_3_120__CA_3,5,validation_q25,17.0,5.0,12.0,False,True,True,unconstrained_switch_count > K,True,False,True,False,False,False,False,False,False,3803.0631608668846,-3.0,3803.0631608668846,False,False,96,0.10*validation_mean; floor=0.25,sorted model names,deterministic accumulated cost then model path,switch-budget feasibility filter only,1e-09,0.0,3805.4231395130846,0.6400213537988155,0.0,-3.0,0.0,0.0,36.96271353798784,0.0,1391.6706877599936,0.0,12.800427075976316,branch-specific beam-pruning path: the budget feasibility filter changes the retained approximate state set despite a feasible unconstrained terminal path,63,100,0.63,-106.35668966331266,63,0.63,-106.35668966331266
M5,long_lead,FOODS_3_120__WI_3,5,validation_q25,17.0,5.0,12.0,False,True,True,unconstrained_switch_count > K,True,False,True,False,False,True,False,False,False,-3.0,-3.0,-3.0,False,False,96,0.10*validation_mean; floor=0.25,sorted model names,deterministic accumulated cost then model path,switch-budget feasibility filter only,1e-09,0.0,0.0,0.0,0.0,-3.0,0.0,0.0,0.0,0.0,284.0,0.0,0.0,branch-specific beam-pruning path: the budget feasibility filter changes the retained approximate state set despite a feasible unconstrained terminal path,63,100,0.63,-106.35668966331266,63,0.63,-106.35668966331266
M5,long_lead,FOODS_3_202__CA_3,5,validation_q25,11.0,5.0,6.0,False,True,True,unconstrained_switch_count > K,True,False,True,False,False,False,False,False,False,-2519.243573594056,-1.5,-2519.243573594056,False,False,96,0.10*validation_mean; floor=0.25,sorted model names,deterministic accumulated cost then model path,switch-budget feasibility filter only,1e-09,0.0,-2517.868586318955,0.12501272489781723,0.0,-1.5,0.006962379476584013,0.0,-36.888835099359824,0.0,-529.7414517757747,0.03571428571428581,2.500254497956348,branch-specific beam-pruning path: the budget feasibility filter changes the retained approximate state set despite a feasible unconstrained terminal path,63,100,0.63,-106.35668966331266,63,0.63,-106.35668966331266
M5,long_lead,FOODS_3_202__TX_1,5,validation_q25,5.0,5.0,0.0,True,False,False,unconstrained_switch_count > K,False,False,False,True,True,True,True,True,True,0.0,0.0,0.0,True,True,96,0.10*validation_mean; floor=0.25,sorted model names,deterministic accumulated cost then model path,switch-budget feasibility filter only,1e-09,0.0,0.0,0.0,0.0,0.0,0.0,0.0,0.0,0.0,0.0,0.0,0.0,none,63,100,0.63,-106.35668966331266,63,0.63,-106.35668966331266
M5,long_lead,FOODS_3_202__TX_2,5,validation_q25,4.0,5.0,-1.0,True,False,False,unconstrained_switch_count > K,False,False,False,False,False,False,False,False,False,0.14657118131390234,0.25,0.14657118131390234,False,False,96,0.10*validation_mean; floor=0.25,sorted model names,deterministic accumulated cost then model path,switch-budget feasibility filter only,1e-09,0.0,0.0,-0.10342881868657461,0.0,0.25,0.0,0.0,0.0,0.0,-31.19200555884595,0.0,-2.068576373731503,branch-specific beam-pruning path: the budget feasibility filter changes the retained approximate state set despite a feasible unconstrained terminal path,63,100,0.63,-106.35668966331266,63,0.63,-106.35668966331266
M5,long_lead,FOODS_3_202__TX_3,5,validation_q25,7.0,5.0,2.0,False,True,True,unconstrained_switch_count > K,True,False,True,False,False,False,False,False,False,33.115431753860776,-0.5,33.115431753860776,False,False,96,0.10*validation_mean; floor=0.25,sorted model names,deterministic accumulated cost then model path,switch-budget feasibility filter only,1e-09,0.0,34.347105891713454,-0.7316741378525808,0.0,-0.5,-0.00822685171059001,0.0,-7.105427357601002e-15,0.0,-12.088648836604023,0.0,-14.633482757051553,branch-specific beam-pruning path: the budget feasibility filter changes the retained approximate state set despite a feasible unconstrained terminal path,63,100,0.63,-106.35668966331266,63,0.63,-106.35668966331266
M5,long_lead,FOODS_3_226__WI_1,5,validation_q25,10.0,5.0,5.0,False,True,True,unconstrained_switch_count > K,True,False,True,False,False,False,False,False,False,136.74775450902007,-1.25,136.74775450902007,False,False,96,0.10*validation_mean; floor=0.25,sorted model names,deterministic accumulated cost then model path,switch-budget feasibility filter only,1e-09,-27.48565092643753,164.50228824204555,0.9811171934123539,0.0,-1.25,-0.03219222861879567,-0.9816303902298955,-7.105427357601002e-15,0.0,4.9915307985988875,0.03571428571428581,19.62234386824707,branch-specific beam-pruning path: the budget feasibility filter changes the retained approximate state set despite a feasible unconstrained terminal path,63,100,0.63,-106.35668966331266,63,0.63,-106.35668966331266
M5,long_lead,FOODS_3_226__WI_2,5,validation_q25,15.0,5.0,10.0,False,True,True,unconstrained_switch_count > K,True,False,True,False,False,False,False,False,False,128.33885919824934,-2.5,128.33885919824934,False,False,96,0.10*validation_mean; floor=0.25,sorted model names,deterministic accumulated cost then model path,switch-budget feasibility filter only,1e-09,0.0,130.92886507110052,-0.09000587285058259,0.0,-2.5,-0.0066631387477854576,0.0,7.105427357601002e-15,0.0,-20.573889038894436,-0.0357142857142857,-1.8001174570116518,branch-specific beam-pruning path: the budget feasibility filter changes the retained approximate state set despite a feasible unconstrained terminal path,63,100,0.63,-106.35668966331266,63,0.63,-106.35668966331266
M5,long_lead,FOODS_3_226__WI_3,5,validation_q25,7.0,5.0,2.0,False,True,True,unconstrained_switch_count > K,True,False,True,False,False,False,False,False,False,-2.665653344218299,-0.5,-2.665653344218299,False,False,96,0.10*validation_mean; floor=0.25,sorted model names,deterministic accumulated cost then model path,switch-budget feasibility filter only,1e-09,-2.165653344218299,0.0,-5.329070518200751e-15,0.0,-0.5,0.0,-0.07734476229350662,0.0,0.0,0.0,0.0,-1.1368683772161603e-13,branch-specific beam-pruning path: the budget feasibility filter changes the retained approximate state set despite a feasible unconstrained terminal path,63,100,0.63,-106.35668966331266,63,0.63,-106.35668966331266
M5,long_lead,FOODS_3_234__CA_3,5,validation_q25,4.0,4.0,0.0,True,False,False,unconstrained_switch_count > K,False,False,False,True,True,True,True,True,True,0.0,0.0,0.0,True,True,96,0.10*validation_mean; floor=0.25,sorted model names,deterministic accumulated cost then model path,switch-budget feasibility filter only,1e-09,0.0,0.0,0.0,0.0,0.0,0.0,0.0,0.0,0.0,0.0,0.0,0.0,none,63,100,0.63,-106.35668966331266,63,0.63,-106.35668966331266
M5,long_lead,FOODS_3_234__WI_2,5,validation_q25,5.0,5.0,0.0,True,False,False,unconstrained_switch_count > K,False,False,False,True,True,True,True,True,True,0.0,0.0,0.0,True,True,96,0.10*validation_mean; floor=0.25,sorted model names,deterministic accumulated cost then model path,switch-budget feasibility filter only,1e-09,0.0,0.0,0.0,0.0,0.0,0.0,0.0,0.0,0.0,0.0,0.0,0.0,none,63,100,0.63,-106.35668966331266,63,0.63,-106.35668966331266
M5,long_lead,FOODS_3_234__WI_3,5,validation_q25,9.0,5.0,4.0,False,True,True,unconstrained_switch_count > K,True,False,True,False,False,False,False,False,False,-1.0011167610355187,-1.0,-1.0011167610355187,False,False,96,0.10*validation_mean; floor=0.25,sorted model names,deterministic accumulated cost then model path,switch-budget feasibility filter only,1e-09,0.0,0.0,-0.0011167610348410406,0.0,-1.0,0.0,0.0,0.0,0.0,-22.556036504844542,0.0,-0.02233522069681726,branch-specific beam-pruning path: the budget feasibility filter changes the retained approximate state set despite a feasible unconstrained terminal path,63,100,0.63,-106.35668966331266,63,0.63,-106.35668966331266
M5,long_lead,FOODS_3_252__CA_1,5,validation_q25,8.0,5.0,3.0,False,True,True,unconstrained_switch_count > K,True,False,True,False,False,True,False,False,False,-0.75,-0.75,-0.75,False,False,96,0.10*validation_mean; floor=0.25,sorted model names,deterministic accumulated cost then model path,switch-budget feasibility filter only,1e-09,0.0,0.0,0.0,0.0,-0.75,0.0,0.0,0.0,0.0,-5.6175550858947645,0.0,0.0,branch-specific beam-pruning path: the budget feasibility filter changes the retained approximate state set despite a feasible unconstrained terminal path,63,100,0.63,-106.35668966331266,63,0.63,-106.35668966331266
M5,long_lead,FOODS_3_252__CA_2,5,validation_q25,7.0,4.0,3.0,False,True,True,unconstrained_switch_count > K,True,False,True,False,False,False,False,False,False,1.236607142856883,-0.75,1.236607142856883,False,False,96,0.10*validation_mean; floor=0.25,sorted model names,deterministic accumulated cost then model path,switch-budget feasibility filter only,1e-09,0.0,0.0,1.9866071428571423,0.0,-0.75,0.0,0.0,0.0,0.0,123.86350960960908,-0.0357142857142857,39.73214285714286,branch-specific beam-pruning path: the budget feasibility filter changes the retained approximate state set despite a feasible unconstrained terminal path,63,100,0.63,-106.35668966331266,63,0.63,-106.35668966331266
M5,long_lead,FOODS_3_252__CA_3,5,validation_q25,16.0,5.0,11.0,False,True,True,unconstrained_switch_count > K,True,False,True,False,False,False,False,False,False,-143.0249278219253,-2.75,-143.0249278219253,False,False,96,0.10*validation_mean; floor=0.25,sorted model names,deterministic accumulated cost then model path,switch-budget feasibility filter only,1e-09,0.0,-139.3459547899929,-0.9289730319332747,0.0,-2.75,0.0,0.0,-9.289730319332762,0.0,98.18966565600658,0.03571428571428581,-18.579460638665523,branch-specific beam-pruning path: the budget feasibility filter changes the retained approximate state set despite a feasible unconstrained terminal path,63,100,0.63,-106.35668966331266,63,0.63,-106.35668966331266
M5,long_lead,FOODS_3_252__TX_1,5,validation_q25,8.0,5.0,3.0,False,True,True,unconstrained_switch_count > K,True,False,True,False,False,False,False,False,False,-0.8850446428573377,-0.75,-0.8850446428573377,False,False,96,0.10*validation_mean; floor=0.25,sorted model names,deterministic accumulated cost then model path,switch-budget feasibility filter only,1e-09,0.0,0.0,-0.13504464285714413,0.0,-0.75,0.0,0.0,0.0,0.0,-24.958549324431488,0.0357142857142857,-2.7008928571428896,branch-specific beam-pruning path: the budget feasibility filter changes the retained approximate state set despite a feasible unconstrained terminal path,63,100,0.63,-106.35668966331266,63,0.63,-106.35668966331266
M5,long_lead,FOODS_3_252__TX_2,5,validation_q25,0.0,0.0,0.0,True,False,False,unconstrained_switch_count > K,False,False,False,True,True,True,True,True,True,0.0,0.0,0.0,True,True,96,0.10*validation_mean; floor=0.25,sorted model names,deterministic accumulated cost then model path,switch-budget feasibility filter only,1e-09,0.0,0.0,0.0,0.0,0.0,0.0,0.0,0.0,0.0,0.0,0.0,0.0,none,63,100,0.63,-106.35668966331266,63,0.63,-106.35668966331266
M5,long_lead,FOODS_3_252__TX_3,5,validation_q25,11.0,5.0,6.0,False,True,True,unconstrained_switch_count > K,True,False,True,False,False,False,False,False,False,-8.67477678571413,-1.5,-8.67477678571413,False,False,96,0.10*validation_mean; floor=0.25,sorted model names,deterministic accumulated cost then model path,switch-budget feasibility filter only,1e-09,-8.919642857143572,0.0,1.744866071428552,0.0,-1.5,0.0,-0.3185586734693828,0.0,0.0,-63.44727977701862,-0.1071428571428571,34.89732142857102,branch-specific beam-pruning path: the budget feasibility filter changes the retained approximate state set despite a feasible unconstrained terminal path,63,100,0.63,-106.35668966331266,63,0.63,-106.35668966331266
M5,long_lead,FOODS_3_252__WI_3,5,validation_q25,5.0,3.0,2.0,True,False,False,unconstrained_switch_count > K,False,False,False,False,False,False,False,False,False,-4.6785714285715585,-0.5,-4.6785714285715585,False,False,96,0.10*validation_mean; floor=0.25,sorted model names,deterministic accumulated cost then model path,switch-budget feasibility filter only,1e-09,-4.071428571428555,-4.547473508864641e-13,-0.10714285714284966,0.0,-0.5,0.0,-0.14540816326530148,-1.4210854715202004e-14,0.0,-0.7857142857144481,-0.0357142857142857,-2.1428571428569825,branch-specific beam-pruning path: the budget feasibility filter changes the retained approximate state set despite a feasible unconstrained terminal path,63,100,0.63,-106.35668966331266,63,0.63,-106.35668966331266
M5,long_lead,FOODS_3_281__CA_3,5,validation_q25,17.0,5.0,12.0,False,True,True,unconstrained_switch_count > K,True,False,True,False,False,False,False,False,False,-3.452008928570649,-3.0,-3.452008928570649,False,False,96,0.10*validation_mean; floor=0.25,sorted model names,deterministic accumulated cost then model path,switch-budget feasibility filter only,1e-09,0.0,0.0,-0.4520089285714286,0.0,-3.0,0.0,0.0,0.0,0.0,79.64530525950386,0.03571428571428581,-9.04017857142857,branch-specific beam-pruning path: the budget feasibility filter changes the retained approximate state set despite a feasible unconstrained terminal path,63,100,0.63,-106.35668966331266,63,0.63,-106.35668966331266
M5,long_lead,FOODS_3_282__CA_3,5,validation_q25,1.0,1.0,0.0,True,False,False,unconstrained_switch_count > K,False,False,False,True,True,True,True,True,True,0.0,0.0,0.0,True,True,96,0.10*validation_mean; floor=0.25,sorted model names,deterministic accumulated cost then model path,switch-budget feasibility filter only,1e-09,0.0,0.0,0.0,0.0,0.0,0.0,0.0,0.0,0.0,0.0,0.0,0.0,none,63,100,0.63,-106.35668966331266,63,0.63,-106.35668966331266
M5,long_lead,FOODS_3_288__CA_3,5,validation_q25,4.0,4.0,0.0,True,False,False,unconstrained_switch_count > K,False,False,False,True,True,True,True,True,True,0.0,0.0,0.0,True,True,96,0.10*validation_mean; floor=0.25,sorted model names,deterministic accumulated cost then model path,switch-budget feasibility filter only,1e-09,0.0,0.0,0.0,0.0,0.0,0.0,0.0,0.0,0.0,0.0,0.0,0.0,none,63,100,0.63,-106.35668966331266,63,0.63,-106.35668966331266
M5,long_lead,FOODS_3_318__CA_3,5,validation_q25,7.0,5.0,2.0,False,True,True,unconstrained_switch_count > K,True,False,True,False,False,False,False,False,False,-1519.721155761813,-0.5,-1519.721155761813,False,False,96,0.10*validation_mean; floor=0.25,sorted model names,deterministic accumulated cost then model path,switch-budget feasibility filter only,1e-09,158.59410994037535,-1677.055184500558,-0.7600812016307286,0.0,-0.5,0.11533121911668365,5.664075355013402,-3.032305036272316,0.0,-607.1521467029363,0.0714285714285714,-15.201624032614603,branch-specific beam-pruning path: the budget feasibility filter changes the retained approximate state set despite a feasible unconstrained terminal path,63,100,0.63,-106.35668966331266,63,0.63,-106.35668966331266
M5,long_lead,FOODS_3_318__WI_3,5,validation_q25,6.0,1.0,5.0,False,True,True,unconstrained_switch_count > K,True,False,True,False,False,False,False,False,False,16.914643689233344,-1.25,16.914643689233344,False,False,96,0.10*validation_mean; floor=0.25,sorted model names,deterministic accumulated cost then model path,switch-budget feasibility filter only,1e-09,0.0,18.190424939232344,-0.02578124999999698,0.0,-1.25,-0.005623006163596012,0.0,1.8190424939232765,0.0,-35.08585898763647,-0.0357142857142857,-0.5156249999999147,branch-specific beam-pruning path: the budget feasibility filter changes the retained approximate state set despite a feasible unconstrained terminal path,63,100,0.63,-106.35668966331266,63,0.63,-106.35668966331266
M5,long_lead,FOODS_3_319__CA_3,5,validation_q25,0.0,0.0,0.0,True,False,False,unconstrained_switch_count > K,False,False,False,True,True,True,True,True,True,0.0,0.0,0.0,True,True,96,0.10*validation_mean; floor=0.25,sorted model names,deterministic accumulated cost then model path,switch-budget feasibility filter only,1e-09,0.0,0.0,0.0,0.0,0.0,0.0,0.0,0.0,0.0,0.0,0.0,0.0,none,63,100,0.63,-106.35668966331266,63,0.63,-106.35668966331266
M5,long_lead,FOODS_3_376__WI_2,5,validation_q25,8.0,5.0,3.0,False,True,True,unconstrained_switch_count > K,True,False,True,False,False,True,False,False,False,-0.75,-0.75,-0.75,False,False,96,0.10*validation_mean; floor=0.25,sorted model names,deterministic accumulated cost then model path,switch-budget feasibility filter only,1e-09,0.0,0.0,0.0,0.0,-0.75,0.0,0.0,0.0,0.0,6.620127948401205,0.0,0.0,branch-specific beam-pruning path: the budget feasibility filter changes the retained approximate state set despite a feasible unconstrained terminal path,63,100,0.63,-106.35668966331266,63,0.63,-106.35668966331266
M5,long_lead,FOODS_3_377__TX_2,5,validation_q25,4.0,2.0,2.0,True,False,False,unconstrained_switch_count > K,False,False,False,False,False,False,False,False,False,9.23586428065937,-0.5,9.23586428065937,False,False,96,0.10*validation_mean; floor=0.25,sorted model names,deterministic accumulated cost then model path,switch-budget feasibility filter only,1e-09,0.0,9.735864280659598,0.0,0.0,-0.5,-0.002596230474842587,0.0,0.0,0.0,-8.246063662828192,0.0,0.0,branch-specific beam-pruning path: the budget feasibility filter changes the retained approximate state set despite a feasible unconstrained terminal path,63,100,0.63,-106.35668966331266,63,0.63,-106.35668966331266
M5,long_lead,FOODS_3_377__TX_3,5,validation_q25,10.0,4.0,6.0,False,True,True,unconstrained_switch_count > K,True,False,True,False,False,False,False,False,False,24.328144093573428,-1.5,24.328144093573428,False,False,96,0.10*validation_mean; floor=0.25,sorted model names,deterministic accumulated cost then model path,switch-budget feasibility filter only,1e-09,25.428571428571786,0.0,0.3995726650016227,0.0,-1.5,0.0,0.9081632653061291,0.0,0.0,-24.285714285714278,0.0,7.991453300032504,branch-specific beam-pruning path: the budget feasibility filter changes the retained approximate state set despite a feasible unconstrained terminal path,63,100,0.63,-106.35668966331266,63,0.63,-106.35668966331266
M5,long_lead,FOODS_3_412__WI_2,5,validation_q25,4.0,4.0,0.0,True,False,False,unconstrained_switch_count > K,False,False,False,True,True,True,True,True,True,0.0,0.0,0.0,True,True,96,0.10*validation_mean; floor=0.25,sorted model names,deterministic accumulated cost then model path,switch-budget feasibility filter only,1e-09,0.0,0.0,0.0,0.0,0.0,0.0,0.0,0.0,0.0,0.0,0.0,0.0,none,63,100,0.63,-106.35668966331266,63,0.63,-106.35668966331266
M5,long_lead,FOODS_3_462__WI_2,5,validation_q25,9.0,5.0,4.0,False,True,True,unconstrained_switch_count > K,True,False,True,False,False,True,False,False,False,-1.0,-1.0,-1.0,False,False,96,0.10*validation_mean; floor=0.25,sorted model names,deterministic accumulated cost then model path,switch-budget feasibility filter only,1e-09,0.0,0.0,0.0,0.0,-1.0,0.0,0.0,0.0,0.0,16.478269431929448,0.0,0.0,branch-specific beam-pruning path: the budget feasibility filter changes the retained approximate state set despite a feasible unconstrained terminal path,63,100,0.63,-106.35668966331266,63,0.63,-106.35668966331266
M5,long_lead,FOODS_3_501__CA_3,5,validation_q25,4.0,4.0,0.0,True,False,False,unconstrained_switch_count > K,False,False,False,True,True,True,True,True,True,0.0,0.0,0.0,True,True,96,0.10*validation_mean; floor=0.25,sorted model names,deterministic accumulated cost then model path,switch-budget feasibility filter only,1e-09,0.0,0.0,0.0,0.0,0.0,0.0,0.0,0.0,0.0,0.0,0.0,0.0,none,63,100,0.63,-106.35668966331266,63,0.63,-106.35668966331266
M5,long_lead,FOODS_3_541__CA_1,5,validation_q25,1.0,1.0,0.0,True,False,False,unconstrained_switch_count > K,False,False,False,True,True,True,True,True,True,0.0,0.0,0.0,True,True,96,0.10*validation_mean; floor=0.25,sorted model names,deterministic accumulated cost then model path,switch-budget feasibility filter only,1e-09,0.0,0.0,0.0,0.0,0.0,0.0,0.0,0.0,0.0,0.0,0.0,0.0,none,63,100,0.63,-106.35668966331266,63,0.63,-106.35668966331266
M5,long_lead,FOODS_3_541__CA_3,5,validation_q25,2.0,2.0,0.0,True,False,False,unconstrained_switch_count > K,False,False,False,True,True,True,True,True,True,0.0,0.0,0.0,True,True,96,0.10*validation_mean; floor=0.25,sorted model names,deterministic accumulated cost then model path,switch-budget feasibility filter only,1e-09,0.0,0.0,0.0,0.0,0.0,0.0,0.0,0.0,0.0,0.0,0.0,0.0,none,63,100,0.63,-106.35668966331266,63,0.63,-106.35668966331266
M5,long_lead,FOODS_3_547__WI_2,5,validation_q25,5.0,5.0,0.0,True,False,False,unconstrained_switch_count > K,False,False,False,True,True,True,True,True,True,0.0,0.0,0.0,True,True,96,0.10*validation_mean; floor=0.25,sorted model names,deterministic accumulated cost then model path,switch-budget feasibility filter only,1e-09,0.0,0.0,0.0,0.0,0.0,0.0,0.0,0.0,0.0,0.0,0.0,0.0,none,63,100,0.63,-106.35668966331266,63,0.63,-106.35668966331266
M5,long_lead,FOODS_3_555__CA_1,5,validation_q25,2.0,2.0,0.0,True,False,False,unconstrained_switch_count > K,False,False,False,True,True,True,True,True,True,0.0,0.0,0.0,True,True,96,0.10*validation_mean; floor=0.25,sorted model names,deterministic accumulated cost then model path,switch-budget feasibility filter only,1e-09,0.0,0.0,0.0,0.0,0.0,0.0,0.0,0.0,0.0,0.0,0.0,0.0,none,63,100,0.63,-106.35668966331266,63,0.63,-106.35668966331266
M5,long_lead,FOODS_3_555__CA_3,5,validation_q25,8.0,5.0,3.0,False,True,True,unconstrained_switch_count > K,True,False,True,False,False,False,False,False,False,-1525.8979477477533,-0.75,-1525.8979477477533,False,False,96,0.10*validation_mean; floor=0.25,sorted model names,deterministic accumulated cost then model path,switch-budget feasibility filter only,1e-09,-55.598655229508836,-1470.3881538511478,0.8388613329039991,0.0,-0.75,-0.0352383959703047,-1.985666258196737,-6.106724127705306,0.0,-447.18136585386674,-0.0357142857142857,16.777226658079968,branch-specific beam-pruning path: the budget feasibility filter changes the retained approximate state set despite a feasible unconstrained terminal path,63,100,0.63,-106.35668966331266,63,0.63,-106.35668966331266
M5,long_lead,FOODS_3_555__TX_1,5,validation_q25,6.0,4.0,2.0,False,True,True,unconstrained_switch_count > K,True,False,True,False,False,True,False,False,False,-0.5,-0.5,-0.5,False,False,96,0.10*validation_mean; floor=0.25,sorted model names,deterministic accumulated cost then model path,switch-budget feasibility filter only,1e-09,0.0,0.0,0.0,0.0,-0.5,0.0,0.0,0.0,0.0,2.8035848487686508,0.0,0.0,branch-specific beam-pruning path: the budget feasibility filter changes the retained approximate state set despite a feasible unconstrained terminal path,63,100,0.63,-106.35668966331266,63,0.63,-106.35668966331266
M5,long_lead,FOODS_3_555__TX_2,5,validation_q25,4.0,4.0,0.0,True,False,False,unconstrained_switch_count > K,False,False,False,True,True,True,True,True,True,0.0,0.0,0.0,True,True,96,0.10*validation_mean; floor=0.25,sorted model names,deterministic accumulated cost then model path,switch-budget feasibility filter only,1e-09,0.0,0.0,0.0,0.0,0.0,0.0,0.0,0.0,0.0,0.0,0.0,0.0,none,63,100,0.63,-106.35668966331266,63,0.63,-106.35668966331266
M5,long_lead,FOODS_3_555__TX_3,5,validation_q25,9.0,5.0,4.0,False,True,True,unconstrained_switch_count > K,True,False,True,False,False,False,False,False,False,101.23305634455755,-1.0,101.23305634455755,False,False,96,0.10*validation_mean; floor=0.25,sorted model names,deterministic accumulated cost then model path,switch-budget feasibility filter only,1e-09,3.625,99.67209779471432,-1.064041450156287,0.0,-1.0,0.025132611519518122,0.12946428571428825,2.768221147391216,0.0,73.17013745940255,0.03571428571428581,-21.280829003125717,branch-specific beam-pruning path: the budget feasibility filter changes the retained approximate state set despite a feasible unconstrained terminal path,63,100,0.63,-106.35668966331266,63,0.63,-106.35668966331266
M5,long_lead,FOODS_3_555__WI_3,5,validation_q25,10.0,4.0,6.0,False,True,True,unconstrained_switch_count > K,True,False,True,False,False,False,False,False,False,8.548942492534024,-1.5,8.548942492534024,False,False,96,0.10*validation_mean; floor=0.25,sorted model names,deterministic accumulated cost then model path,switch-budget feasibility filter only,1e-09,-49.175359243430194,59.523073636844856,-0.29877190088100036,0.0,-1.5,0.007277378413769076,-1.7562628301225125,10.367187499999993,0.0,25.079608312324353,0.0,-5.975438017620007,branch-specific beam-pruning path: the budget feasibility filter changes the retained approximate state set despite a feasible unconstrained terminal path,63,100,0.63,-106.35668966331266,63,0.63,-106.35668966331266
M5,long_lead,FOODS_3_586__CA_1,5,validation_q25,8.0,5.0,3.0,False,True,True,unconstrained_switch_count > K,True,False,True,False,False,True,False,False,False,-0.75,-0.75,-0.75,False,False,96,0.10*validation_mean; floor=0.25,sorted model names,deterministic accumulated cost then model path,switch-budget feasibility filter only,1e-09,0.0,0.0,0.0,0.0,-0.75,0.0,0.0,0.0,0.0,-4.717610873009789,0.0,0.0,branch-specific beam-pruning path: the budget feasibility filter changes the retained approximate state set despite a feasible unconstrained terminal path,63,100,0.63,-106.35668966331266,63,0.63,-106.35668966331266
M5,long_lead,FOODS_3_586__CA_2,5,validation_q25,10.0,5.0,5.0,False,True,True,unconstrained_switch_count > K,True,False,True,False,False,False,False,False,False,-7.411607142857065,-1.25,-7.411607142857065,False,False,96,0.10*validation_mean; floor=0.25,sorted model names,deterministic accumulated cost then model path,switch-budget feasibility filter only,1e-09,-7.625,1.6964285714292373,-0.23303571428569647,0.0,-1.25,-0.002375759464091076,-0.2723214285714377,-1.8392857142856087,0.0,-32.042755160253364,-0.0714285714285714,-4.660714285713823,branch-specific beam-pruning path: the budget feasibility filter changes the retained approximate state set despite a feasible unconstrained terminal path,63,100,0.63,-106.35668966331266,63,0.63,-106.35668966331266
M5,long_lead,FOODS_3_586__CA_3,5,validation_q25,11.0,5.0,6.0,False,True,True,unconstrained_switch_count > K,True,False,True,False,False,False,False,False,False,-1.1233101060497575,-1.5,-1.1233101060497575,False,False,96,0.10*validation_mean; floor=0.25,sorted model names,deterministic accumulated cost then model path,switch-budget feasibility filter only,1e-09,0.0,0.0,0.37668989395115027,0.0,-1.5,0.0,0.0,0.0,0.0,-157.15159650487158,-0.0714285714285714,7.533797879022984,branch-specific beam-pruning path: the budget feasibility filter changes the retained approximate state set despite a feasible unconstrained terminal path,63,100,0.63,-106.35668966331266,63,0.63,-106.35668966331266
M5,long_lead,FOODS_3_586__TX_1,5,validation_q25,14.0,5.0,9.0,False,True,True,unconstrained_switch_count > K,True,False,True,False,False,False,False,False,False,-3966.4392977412845,-2.25,-3966.4392977412845,False,False,96,0.10*validation_mean; floor=0.25,sorted model names,deterministic accumulated cost then model path,switch-budget feasibility filter only,1e-09,-49.00829870850566,-3915.693789202349,0.5127901695706312,0.0,-2.25,-0.04910782838330768,-1.750296382446642,-75.46096790384998,0.0,-1100.3737108500206,0.0,10.25580339141257,branch-specific beam-pruning path: the budget feasibility filter changes the retained approximate state set despite a feasible unconstrained terminal path,63,100,0.63,-106.35668966331266,63,0.63,-106.35668966331266
M5,long_lead,FOODS_3_586__TX_2,5,validation_q25,6.0,5.0,1.0,False,True,True,unconstrained_switch_count > K,True,False,True,False,False,False,False,False,False,0.1678571428565192,-0.25,0.1678571428565192,False,False,96,0.10*validation_mean; floor=0.25,sorted model names,deterministic accumulated cost then model path,switch-budget feasibility filter only,1e-09,0.0,0.0,0.41785714285714093,0.0,-0.25,0.0,0.0,0.0,0.0,8.35714285714289,0.0357142857142857,8.357142857142833,branch-specific beam-pruning path: the budget feasibility filter changes the retained approximate state set despite a feasible unconstrained terminal path,63,100,0.63,-106.35668966331266,63,0.63,-106.35668966331266
M5,long_lead,FOODS_3_586__TX_3,5,validation_q25,4.0,4.0,0.0,True,False,False,unconstrained_switch_count > K,False,False,False,True,True,True,True,True,True,0.0,0.0,0.0,True,True,96,0.10*validation_mean; floor=0.25,sorted model names,deterministic accumulated cost then model path,switch-budget feasibility filter only,1e-09,0.0,0.0,0.0,0.0,0.0,0.0,0.0,0.0,0.0,0.0,0.0,0.0,none,63,100,0.63,-106.35668966331266,63,0.63,-106.35668966331266
M5,long_lead,FOODS_3_586__WI_3,5,validation_q25,9.0,4.0,5.0,False,True,True,unconstrained_switch_count > K,True,False,True,False,False,False,False,False,False,27.94115570900385,-1.25,27.94115570900385,False,False,96,0.10*validation_mean; floor=0.25,sorted model names,deterministic accumulated cost then model path,switch-budget feasibility filter only,1e-09,0.0,29.001791382423903,0.18936432657931945,0.0,-1.25,-0.006606330611030442,0.0,2.900179138242379,0.0,-11.179576557047824,0.07142857142857151,3.7872865315864885,branch-specific beam-pruning path: the budget feasibility filter changes the retained approximate state set despite a feasible unconstrained terminal path,63,100,0.63,-106.35668966331266,63,0.63,-106.35668966331266
M5,long_lead,FOODS_3_587__CA_1,5,validation_q25,2.0,4.0,-2.0,True,False,False,unconstrained_switch_count > K,False,False,False,False,False,True,False,False,False,0.5,0.5,0.5,False,False,96,0.10*validation_mean; floor=0.25,sorted model names,deterministic accumulated cost then model path,switch-budget feasibility filter only,1e-09,0.0,0.0,0.0,0.0,0.5,0.0,0.0,0.0,0.0,38.571428571428555,0.0,0.0,branch-specific beam-pruning path: the budget feasibility filter changes the retained approximate state set despite a feasible unconstrained terminal path,63,100,0.63,-106.35668966331266,63,0.63,-106.35668966331266
M5,long_lead,FOODS_3_587__CA_3,5,validation_q25,10.0,4.0,6.0,False,True,True,unconstrained_switch_count > K,True,False,True,False,False,False,False,False,False,89.00145649554224,-1.5,89.00145649554224,False,False,96,0.10*validation_mean; floor=0.25,sorted model names,deterministic accumulated cost then model path,switch-budget feasibility filter only,1e-09,7.937391001168635,82.73803829090753,-0.173972796533862,0.0,-1.5,-0.016630761465509125,0.283478250041739,0.0,0.0,3.0750994514221617,0.0357142857142857,-3.479455930677318,branch-specific beam-pruning path: the budget feasibility filter changes the retained approximate state set despite a feasible unconstrained terminal path,63,100,0.63,-106.35668966331266,63,0.63,-106.35668966331266
M5,long_lead,FOODS_3_587__TX_1,5,validation_q25,9.0,5.0,4.0,False,True,True,unconstrained_switch_count > K,True,False,True,False,False,False,False,False,False,-121.18596026245905,-1.0,-121.18596026245905,False,False,96,0.10*validation_mean; floor=0.25,sorted model names,deterministic accumulated cost then model path,switch-budget feasibility filter only,1e-09,-119.52326822862824,0.0,-0.6626920338309201,0.0,-1.0,0.0,-4.268688151022417,0.0,0.0,-55.10727774999211,-0.0357142857142857,-13.25384067661841,branch-specific beam-pruning path: the budget feasibility filter changes the retained approximate state set despite a feasible unconstrained terminal path,63,100,0.63,-106.35668966331266,63,0.63,-106.35668966331266
M5,long_lead,FOODS_3_587__TX_2,5,validation_q25,10.0,5.0,5.0,False,True,True,unconstrained_switch_count > K,True,False,True,False,False,False,False,False,False,-26.969541801966443,-1.25,-26.969541801966443,False,False,96,0.10*validation_mean; floor=0.25,sorted model names,deterministic accumulated cost then model path,switch-budget feasibility filter only,1e-09,-25.628154884904006,5.684341886080802e-14,-0.09138691706183977,0.0,-1.25,0.0,-0.9152912458894349,1.4210854715202004e-14,0.0,7.000000000000114,-0.0357142857142857,-1.8277383412367953,branch-specific beam-pruning path: the budget feasibility filter changes the retained approximate state set despite a feasible unconstrained terminal path,63,100,0.63,-106.35668966331266,63,0.63,-106.35668966331266
M5,long_lead,FOODS_3_587__TX_3,5,validation_q25,6.0,5.0,1.0,False,True,True,unconstrained_switch_count > K,True,False,True,False,False,True,False,False,False,-0.25,-0.25,-0.25,False,False,96,0.10*validation_mean; floor=0.25,sorted model names,deterministic accumulated cost then model path,switch-budget feasibility filter only,1e-09,0.0,0.0,0.0,0.0,-0.25,0.0,0.0,0.0,0.0,-8.24063585127874,0.0,0.0,branch-specific beam-pruning path: the budget feasibility filter changes the retained approximate state set despite a feasible unconstrained terminal path,63,100,0.63,-106.35668966331266,63,0.63,-106.35668966331266
M5,long_lead,FOODS_3_587__WI_3,5,validation_q25,13.0,5.0,8.0,False,True,True,unconstrained_switch_count > K,True,False,True,False,False,True,False,False,False,-2.0,-2.0,-2.0,False,False,96,0.10*validation_mean; floor=0.25,sorted model names,deterministic accumulated cost then model path,switch-budget feasibility filter only,1e-09,0.0,0.0,0.0,0.0,-2.0,0.0,0.0,0.0,0.0,335.7998416989112,0.0,0.0,branch-specific beam-pruning path: the budget feasibility filter changes the retained approximate state set despite a feasible unconstrained terminal path,63,100,0.63,-106.35668966331266,63,0.63,-106.35668966331266
M5,long_lead,FOODS_3_607__CA_3,5,validation_q25,6.0,4.0,2.0,False,True,True,unconstrained_switch_count > K,True,False,True,False,False,True,False,False,False,-0.5,-0.5,-0.5,False,False,96,0.10*validation_mean; floor=0.25,sorted model names,deterministic accumulated cost then model path,switch-budget feasibility filter only,1e-09,0.0,0.0,0.0,0.0,-0.5,0.0,0.0,0.0,0.0,-2.0,0.0,0.0,branch-specific beam-pruning path: the budget feasibility filter changes the retained approximate state set despite a feasible unconstrained terminal path,63,100,0.63,-106.35668966331266,63,0.63,-106.35668966331266
M5,long_lead,FOODS_3_635__CA_3,5,validation_q25,1.0,1.0,0.0,True,False,False,unconstrained_switch_count > K,False,False,False,True,True,True,True,True,True,0.0,0.0,0.0,True,True,96,0.10*validation_mean; floor=0.25,sorted model names,deterministic accumulated cost then model path,switch-budget feasibility filter only,1e-09,0.0,0.0,0.0,0.0,0.0,0.0,0.0,0.0,0.0,0.0,0.0,0.0,none,63,100,0.63,-106.35668966331266,63,0.63,-106.35668966331266
M5,long_lead,FOODS_3_681__CA_3,5,validation_q25,6.0,4.0,2.0,False,True,True,unconstrained_switch_count > K,True,False,True,False,False,True,False,False,False,-0.5,-0.5,-0.5,False,False,96,0.10*validation_mean; floor=0.25,sorted model names,deterministic accumulated cost then model path,switch-budget feasibility filter only,1e-09,0.0,0.0,0.0,0.0,-0.5,0.0,0.0,0.0,0.0,-7.244948340975839,0.0,0.0,branch-specific beam-pruning path: the budget feasibility filter changes the retained approximate state set despite a feasible unconstrained terminal path,63,100,0.63,-106.35668966331266,63,0.63,-106.35668966331266
M5,long_lead,FOODS_3_681__WI_3,5,validation_q25,3.0,3.0,0.0,True,False,False,unconstrained_switch_count > K,False,False,False,True,True,True,True,True,True,0.0,0.0,0.0,True,True,96,0.10*validation_mean; floor=0.25,sorted model names,deterministic accumulated cost then model path,switch-budget feasibility filter only,1e-09,0.0,0.0,0.0,0.0,0.0,0.0,0.0,0.0,0.0,0.0,0.0,0.0,none,63,100,0.63,-106.35668966331266,63,0.63,-106.35668966331266
M5,long_lead,FOODS_3_694__CA_3,5,validation_q25,16.0,5.0,11.0,False,True,True,unconstrained_switch_count > K,True,False,True,False,False,False,False,False,False,1215.9155245288284,-2.75,1215.9155245288284,False,False,96,0.10*validation_mean; floor=0.25,sorted model names,deterministic accumulated cost then model path,switch-budget feasibility filter only,1e-09,0.0,1219.078845888353,-0.4133213595249434,0.0,-2.75,-0.04954240447972941,0.0,16.88286042256522,0.0,457.54471414626033,0.0357142857142857,-8.266427190498874,branch-specific beam-pruning path: the budget feasibility filter changes the retained approximate state set despite a feasible unconstrained terminal path,63,100,0.63,-106.35668966331266,63,0.63,-106.35668966331266
M5,long_lead,FOODS_3_694__WI_1,5,validation_q25,6.0,5.0,1.0,False,True,True,unconstrained_switch_count > K,True,False,True,False,False,False,False,False,False,-14.803571428571558,-0.25,-14.803571428571558,False,False,96,0.10*validation_mean; floor=0.25,sorted model names,deterministic accumulated cost then model path,switch-budget feasibility filter only,1e-09,0.0,-14.553571428571558,3.552713678800501e-15,0.0,-0.25,0.005079780603340911,0.0,-4.618527782440651e-14,0.0,19.395110822948794,0.0357142857142857,2.842170943040401e-14,branch-specific beam-pruning path: the budget feasibility filter changes the retained approximate state set despite a feasible unconstrained terminal path,63,100,0.63,-106.35668966331266,63,0.63,-106.35668966331266
M5,long_lead,FOODS_3_694__WI_2,5,validation_q25,11.0,5.0,6.0,False,True,True,unconstrained_switch_count > K,True,False,True,False,False,False,False,False,False,-10.23750987967901,-1.5,-10.23750987967901,False,False,96,0.10*validation_mean; floor=0.25,sorted model names,deterministic accumulated cost then model path,switch-budget feasibility filter only,1e-09,0.0,-5.549820696460188,-3.187689183218712,0.0,-1.5,0.0010755466466008112,0.0,0.0,0.0,-32.467241819990505,-0.07142857142857151,-63.75378366437417,branch-specific beam-pruning path: the budget feasibility filter changes the retained approximate state set despite a feasible unconstrained terminal path,63,100,0.63,-106.35668966331266,63,0.63,-106.35668966331266
M5,long_lead,FOODS_3_694__WI_3,5,validation_q25,12.0,5.0,7.0,False,True,True,unconstrained_switch_count > K,True,False,True,False,False,False,False,False,False,275.7763777289083,-1.75,275.7763777289083,False,False,96,0.10*validation_mean; floor=0.25,sorted model names,deterministic accumulated cost then model path,switch-budget feasibility filter only,1e-09,-11.03571428571422,290.523032511863,-1.9609404972402675,0.0,-1.75,-0.04598218873752147,-0.39413265306121303,0.0,0.0,-17.51198392001126,0.0,-39.21880994480534,branch-specific beam-pruning path: the budget feasibility filter changes the retained approximate state set despite a feasible unconstrained terminal path,63,100,0.63,-106.35668966331266,63,0.63,-106.35668966331266
M5,long_lead,FOODS_3_711__CA_3,5,validation_q25,6.0,4.0,2.0,False,True,True,unconstrained_switch_count > K,True,False,True,False,False,False,False,False,False,-0.48825922244532194,-0.5,-0.48825922244532194,False,False,96,0.10*validation_mean; floor=0.25,sorted model names,deterministic accumulated cost then model path,switch-budget feasibility filter only,1e-09,0.0,0.0,0.011740777554632764,0.0,-0.5,0.0,0.0,0.0,0.0,0.0,0.0,0.23481555109265884,branch-specific beam-pruning path: the budget feasibility filter changes the retained approximate state set despite a feasible unconstrained terminal path,63,100,0.63,-106.35668966331266,63,0.63,-106.35668966331266
M5,long_lead,FOODS_3_711__WI_2,5,validation_q25,5.0,5.0,0.0,True,False,False,unconstrained_switch_count > K,False,False,False,False,False,False,True,False,False,0.08750000000009095,0.0,0.08750000000009095,False,False,96,0.10*validation_mean; floor=0.25,sorted model names,deterministic accumulated cost then model path,switch-budget feasibility filter only,1e-09,0.0,0.0,0.08749999999999991,0.0,0.0,0.0,0.0,0.0,0.0,98.22752823891418,0.1071428571428572,1.75,branch-specific beam-pruning path: the budget feasibility filter changes the retained approximate state set despite a feasible unconstrained terminal path,63,100,0.63,-106.35668966331266,63,0.63,-106.35668966331266
M5,long_lead,FOODS_3_714__CA_1,5,validation_q25,7.0,4.0,3.0,False,True,True,unconstrained_switch_count > K,True,False,True,False,False,True,False,False,False,-0.75,-0.75,-0.75,False,False,96,0.10*validation_mean; floor=0.25,sorted model names,deterministic accumulated cost then model path,switch-budget feasibility filter only,1e-09,0.0,0.0,0.0,0.0,-0.75,0.0,0.0,0.0,0.0,18.363251944989088,0.0,0.0,branch-specific beam-pruning path: the budget feasibility filter changes the retained approximate state set despite a feasible unconstrained terminal path,63,100,0.63,-106.35668966331266,63,0.63,-106.35668966331266
M5,long_lead,FOODS_3_714__CA_3,5,validation_q25,17.0,5.0,12.0,False,True,True,unconstrained_switch_count > K,True,False,True,False,False,False,False,False,False,-760.8142087040887,-3.0,-760.8142087040887,False,False,96,0.10*validation_mean; floor=0.25,sorted model names,deterministic accumulated cost then model path,switch-budget feasibility filter only,1e-09,3.1171631326518536,-759.3137379081695,-1.6176339285714265,0.0,-3.0,0.1544537638287637,0.11132725473756722,-20.504464285714278,0.0,-273.44634674799323,-0.0357142857142857,-32.352678571428555,branch-specific beam-pruning path: the budget feasibility filter changes the retained approximate state set despite a feasible unconstrained terminal path,63,100,0.63,-106.35668966331266,63,0.63,-106.35668966331266
M5,long_lead,FOODS_3_714__TX_1,5,validation_q25,7.0,5.0,2.0,False,True,True,unconstrained_switch_count > K,True,False,True,False,False,True,False,False,False,-0.5,-0.5,-0.5,False,False,96,0.10*validation_mean; floor=0.25,sorted model names,deterministic accumulated cost then model path,switch-budget feasibility filter only,1e-09,0.0,0.0,0.0,0.0,-0.5,0.0,0.0,0.0,0.0,-7.624991914863699,0.0,0.0,branch-specific beam-pruning path: the budget feasibility filter changes the retained approximate state set despite a feasible unconstrained terminal path,63,100,0.63,-106.35668966331266,63,0.63,-106.35668966331266
M5,long_lead,FOODS_3_714__TX_2,5,validation_q25,4.0,4.0,0.0,True,False,False,unconstrained_switch_count > K,False,False,False,True,True,True,True,True,True,0.0,0.0,0.0,True,True,96,0.10*validation_mean; floor=0.25,sorted model names,deterministic accumulated cost then model path,switch-budget feasibility filter only,1e-09,0.0,0.0,0.0,0.0,0.0,0.0,0.0,0.0,0.0,0.0,0.0,0.0,none,63,100,0.63,-106.35668966331266,63,0.63,-106.35668966331266
M5,long_lead,FOODS_3_714__TX_3,5,validation_q25,9.0,4.0,5.0,False,True,True,unconstrained_switch_count > K,True,False,True,False,False,False,False,False,False,-1.1013392857144026,-1.25,-1.1013392857144026,False,False,96,0.10*validation_mean; floor=0.25,sorted model names,deterministic accumulated cost then model path,switch-budget feasibility filter only,1e-09,0.0,0.0,0.14866071428570304,0.0,-1.25,0.0,0.0,0.0,0.0,-10.14747870543951,-0.0714285714285714,2.973214285714036,branch-specific beam-pruning path: the budget feasibility filter changes the retained approximate state set despite a feasible unconstrained terminal path,63,100,0.63,-106.35668966331266,63,0.63,-106.35668966331266
M5,long_lead,FOODS_3_714__WI_3,5,validation_q25,4.0,4.0,0.0,True,False,False,unconstrained_switch_count > K,False,False,False,True,True,True,True,True,True,0.0,0.0,0.0,True,True,96,0.10*validation_mean; floor=0.25,sorted model names,deterministic accumulated cost then model path,switch-budget feasibility filter only,1e-09,0.0,0.0,0.0,0.0,0.0,0.0,0.0,0.0,0.0,0.0,0.0,0.0,none,63,100,0.63,-106.35668966331266,63,0.63,-106.35668966331266
M5,long_lead,FOODS_3_723__CA_3,5,validation_q25,4.0,4.0,0.0,True,False,False,unconstrained_switch_count > K,False,False,False,True,True,True,True,True,True,0.0,0.0,0.0,True,True,96,0.10*validation_mean; floor=0.25,sorted model names,deterministic accumulated cost then model path,switch-budget feasibility filter only,1e-09,0.0,0.0,0.0,0.0,0.0,0.0,0.0,0.0,0.0,0.0,0.0,0.0,none,63,100,0.63,-106.35668966331266,63,0.63,-106.35668966331266
M5,long_lead,FOODS_3_723__WI_3,5,validation_q25,9.0,5.0,4.0,False,True,True,unconstrained_switch_count > K,True,False,True,False,False,False,False,False,False,-9.598609051699214,-1.0,-9.598609051699214,False,False,96,0.10*validation_mean; floor=0.25,sorted model names,deterministic accumulated cost then model path,switch-budget feasibility filter only,1e-09,-8.41071428571422,0.0,-0.1878947659849146,0.0,-1.0,0.0,-0.30038265306122014,0.0,0.0,-21.16590231814058,-0.1071428571428571,-3.7578953196982923,branch-specific beam-pruning path: the budget feasibility filter changes the retained approximate state set despite a feasible unconstrained terminal path,63,100,0.63,-106.35668966331266,63,0.63,-106.35668966331266
M5,long_lead,FOODS_3_752__CA_3,5,validation_q25,14.0,5.0,9.0,False,True,True,unconstrained_switch_count > K,True,False,True,False,False,False,False,False,False,785.2734933035799,-2.25,785.2734933035799,False,False,96,0.10*validation_mean; floor=0.25,sorted model names,deterministic accumulated cost then model path,switch-budget feasibility filter only,1e-09,0.0,787.0870535714375,0.43643973214285525,0.0,-2.25,0.0,0.0,13.570312500000142,0.0,186.67101377342829,-0.0714285714285714,8.728794642857103,branch-specific beam-pruning path: the budget feasibility filter changes the retained approximate state set despite a feasible unconstrained terminal path,63,100,0.63,-106.35668966331266,63,0.63,-106.35668966331266
M5,long_lead,FOODS_3_804__CA_3,5,validation_q25,2.0,5.0,-3.0,True,False,False,unconstrained_switch_count > K,False,False,False,False,False,False,False,False,False,-78.10791143148003,0.75,-78.10791143148003,False,False,96,0.10*validation_mean; floor=0.25,sorted model names,deterministic accumulated cost then model path,switch-budget feasibility filter only,1e-09,54.70336849348109,-133.51127992496163,-0.050000000000000266,0.0,0.75,0.02972924151365286,1.9536917319100553,-8.567418661664107,0.0,34.09949793977984,-0.0357142857142857,-1.0,branch-specific beam-pruning path: the budget feasibility filter changes the retained approximate state set despite a feasible unconstrained terminal path,63,100,0.63,-106.35668966331266,63,0.63,-106.35668966331266
M5,long_lead,FOODS_3_808__CA_1,5,validation_q25,8.0,5.0,3.0,False,True,True,unconstrained_switch_count > K,True,False,True,False,False,False,False,False,False,46.816279475508054,-0.75,46.816279475508054,False,False,96,0.10*validation_mean; floor=0.25,sorted model names,deterministic accumulated cost then model path,switch-budget feasibility filter only,1e-09,47.589505636385255,0.0,-0.02322616087729809,0.0,-0.75,0.0,1.699625201299473,0.0,0.0,42.813468370971094,0.1428571428571428,-0.4645232175459615,branch-specific beam-pruning path: the budget feasibility filter changes the retained approximate state set despite a feasible unconstrained terminal path,63,100,0.63,-106.35668966331266,63,0.63,-106.35668966331266
M5,long_lead,FOODS_3_808__CA_3,5,validation_q25,1.0,1.0,0.0,True,False,False,unconstrained_switch_count > K,False,False,False,True,True,True,True,True,True,0.0,0.0,0.0,True,True,96,0.10*validation_mean; floor=0.25,sorted model names,deterministic accumulated cost then model path,switch-budget feasibility filter only,1e-09,0.0,0.0,0.0,0.0,0.0,0.0,0.0,0.0,0.0,0.0,0.0,0.0,none,63,100,0.63,-106.35668966331266,63,0.63,-106.35668966331266
M5,long_lead,HOUSEHOLD_1_118__CA_3,5,validation_q25,4.0,4.0,0.0,True,False,False,unconstrained_switch_count > K,False,False,False,True,True,True,True,True,True,0.0,0.0,0.0,True,True,96,0.10*validation_mean; floor=0.25,sorted model names,deterministic accumulated cost then model path,switch-budget feasibility filter only,1e-09,0.0,0.0,0.0,0.0,0.0,0.0,0.0,0.0,0.0,0.0,0.0,0.0,none,63,100,0.63,-106.35668966331266,63,0.63,-106.35668966331266
M5,long_lead,HOUSEHOLD_1_334__CA_3,5,validation_q25,13.0,5.0,8.0,False,True,True,unconstrained_switch_count > K,True,False,True,False,False,True,False,False,False,-2.0,-2.0,-2.0,False,False,96,0.10*validation_mean; floor=0.25,sorted model names,deterministic accumulated cost then model path,switch-budget feasibility filter only,1e-09,0.0,0.0,0.0,0.0,-2.0,0.0,0.0,0.0,0.0,84.58210480533057,0.0,0.0,branch-specific beam-pruning path: the budget feasibility filter changes the retained approximate state set despite a feasible unconstrained terminal path,63,100,0.63,-106.35668966331266,63,0.63,-106.35668966331266
M5,long_lead,HOUSEHOLD_1_459__CA_3,5,validation_q25,15.0,5.0,10.0,False,True,True,unconstrained_switch_count > K,True,False,True,False,False,False,False,False,False,-2073.034289603931,-2.5,-2073.034289603931,False,False,96,0.10*validation_mean; floor=0.25,sorted model names,deterministic accumulated cost then model path,switch-budget feasibility filter only,1e-09,0.0,-2068.896089656111,-1.638199947819302,0.0,-2.5,0.009365938319011002,0.0,-36.88508834402326,0.0,-288.964062067183,0.1071428571428572,-32.76399895638603,branch-specific beam-pruning path: the budget feasibility filter changes the retained approximate state set despite a feasible unconstrained terminal path,63,100,0.63,-106.35668966331266,63,0.63,-106.35668966331266
M5,persistent_backlog,FOODS_1_218__TX_2,14,validation_q25,14.0,14.0,0.0,True,False,False,unconstrained_switch_count > K,False,False,False,True,True,True,True,True,True,0.0,0.0,0.0,True,True,96,0.10*validation_mean; floor=0.25,sorted model names,deterministic accumulated cost then model path,switch-budget feasibility filter only,1e-09,0.0,0.0,0.0,0.0,0.0,0.0,0.0,0.0,0.0,0.0,0.0,0.0,none,63,100,0.63,62.59699245283631,63,0.63,62.59699245283631
M5,persistent_backlog,FOODS_2_197__CA_1,14,validation_q25,15.0,14.0,1.0,False,True,True,unconstrained_switch_count > K,True,False,True,False,False,True,False,False,False,-0.5,-0.5,-0.5,False,False,96,0.10*validation_mean; floor=0.25,sorted model names,deterministic accumulated cost then model path,switch-budget feasibility filter only,1e-09,0.0,0.0,0.0,0.0,-0.5,0.0,0.0,0.0,0.0,1.4713458445717151,0.0,0.0,branch-specific beam-pruning path: the budget feasibility filter changes the retained approximate state set despite a feasible unconstrained terminal path,63,100,0.63,62.59699245283631,63,0.63,62.59699245283631
M5,persistent_backlog,FOODS_2_197__CA_3,14,validation_q25,15.0,14.0,1.0,False,True,True,unconstrained_switch_count > K,True,False,True,False,False,True,False,False,False,-0.5,-0.5,-0.5,False,False,96,0.10*validation_mean; floor=0.25,sorted model names,deterministic accumulated cost then model path,switch-budget feasibility filter only,1e-09,0.0,0.0,0.0,0.0,-0.5,0.0,0.0,0.0,0.0,4.10714285714289,0.0,0.0,branch-specific beam-pruning path: the budget feasibility filter changes the retained approximate state set despite a feasible unconstrained terminal path,63,100,0.63,62.59699245283631,63,0.63,62.59699245283631
M5,persistent_backlog,FOODS_2_276__CA_3,14,validation_q25,13.0,13.0,0.0,True,False,False,unconstrained_switch_count > K,False,False,False,True,True,True,True,True,True,0.0,0.0,0.0,True,True,96,0.10*validation_mean; floor=0.25,sorted model names,deterministic accumulated cost then model path,switch-budget feasibility filter only,1e-09,0.0,0.0,0.0,0.0,0.0,0.0,0.0,0.0,0.0,0.0,0.0,0.0,none,63,100,0.63,62.59699245283631,63,0.63,62.59699245283631
M5,persistent_backlog,FOODS_2_360__CA_3,14,validation_q25,16.0,14.0,2.0,False,True,True,unconstrained_switch_count > K,True,False,True,False,False,True,False,False,False,-1.0,-1.0,-1.0,False,False,96,0.10*validation_mean; floor=0.25,sorted model names,deterministic accumulated cost then model path,switch-budget feasibility filter only,1e-09,0.0,0.0,0.0,0.0,-1.0,0.0,0.0,0.0,0.0,13.75,0.0,0.0,branch-specific beam-pruning path: the budget feasibility filter changes the retained approximate state set despite a feasible unconstrained terminal path,63,100,0.63,62.59699245283631,63,0.63,62.59699245283631
M5,persistent_backlog,FOODS_2_360__TX_3,14,validation_q25,21.0,14.0,7.0,False,True,True,unconstrained_switch_count > K,True,False,True,False,False,False,False,False,False,-194.29999999999745,-3.5,-194.29999999999745,False,False,96,0.10*validation_mean; floor=0.25,sorted model names,deterministic accumulated cost then model path,switch-budget feasibility filter only,1e-09,0.0,-190.58705357142753,-0.21294642857142843,0.0,-3.5,0.0,0.0,-2.7683035714285325,0.0,26.439132285817777,0.03571428571428581,-4.258928571428571,branch-specific beam-pruning path: the budget feasibility filter changes the retained approximate state set despite a feasible unconstrained terminal path,63,100,0.63,62.59699245283631,63,0.63,62.59699245283631
M5,persistent_backlog,FOODS_2_360__WI_2,14,validation_q25,11.0,11.0,0.0,True,False,False,unconstrained_switch_count > K,False,False,False,True,True,True,True,True,True,0.0,0.0,0.0,True,True,96,0.10*validation_mean; floor=0.25,sorted model names,deterministic accumulated cost then model path,switch-budget feasibility filter only,1e-09,0.0,0.0,0.0,0.0,0.0,0.0,0.0,0.0,0.0,0.0,0.0,0.0,none,63,100,0.63,62.59699245283631,63,0.63,62.59699245283631
M5,persistent_backlog,FOODS_3_007__WI_2,14,validation_q25,6.0,6.0,0.0,True,False,False,unconstrained_switch_count > K,False,False,False,True,True,True,True,True,True,0.0,0.0,0.0,True,True,96,0.10*validation_mean; floor=0.25,sorted model names,deterministic accumulated cost then model path,switch-budget feasibility filter only,1e-09,0.0,0.0,0.0,0.0,0.0,0.0,0.0,0.0,0.0,0.0,0.0,0.0,none,63,100,0.63,62.59699245283631,63,0.63,62.59699245283631
M5,persistent_backlog,FOODS_3_030__TX_2,14,validation_q25,15.0,14.0,1.0,False,True,True,unconstrained_switch_count > K,True,False,True,False,False,True,False,False,False,-0.5,-0.5,-0.5,False,False,96,0.10*validation_mean; floor=0.25,sorted model names,deterministic accumulated cost then model path,switch-budget feasibility filter only,1e-09,0.0,0.0,0.0,0.0,-0.5,0.0,0.0,0.0,0.0,2.0674781362463364,0.0,0.0,branch-specific beam-pruning path: the budget feasibility filter changes the retained approximate state set despite a feasible unconstrained terminal path,63,100,0.63,62.59699245283631,63,0.63,62.59699245283631
M5,persistent_backlog,FOODS_3_030__TX_3,14,validation_q25,18.0,14.0,4.0,False,True,True,unconstrained_switch_count > K,True,False,True,False,False,False,False,False,False,-15.512949567503256,-2.0,-15.512949567503256,False,False,96,0.10*validation_mean; floor=0.25,sorted model names,deterministic accumulated cost then model path,switch-budget feasibility filter only,1e-09,-13.21599574194937,4.547473508864641e-13,-0.2969538255537598,0.0,-2.0,-1.1102230246251565e-16,-0.471999847926762,0.0,0.0,54.038030126527474,0.0,-5.9390765110752,branch-specific beam-pruning path: the budget feasibility filter changes the retained approximate state set despite a feasible unconstrained terminal path,63,100,0.63,62.59699245283631,63,0.63,62.59699245283631
M5,persistent_backlog,FOODS_3_080__CA_1,14,validation_q25,20.0,14.0,6.0,False,True,True,unconstrained_switch_count > K,True,False,True,False,False,False,False,False,False,922.888580357142,-3.0,922.888580357142,False,False,96,0.10*validation_mean; floor=0.25,sorted model names,deterministic accumulated cost then model path,switch-budget feasibility filter only,1e-09,0.0,926.016589285713,-0.12800892857142854,0.0,-3.0,-0.008221511147811722,0.0,8.034693749999988,0.0,251.39710609668987,0.0,-2.5601785714285725,branch-specific beam-pruning path: the budget feasibility filter changes the retained approximate state set despite a feasible unconstrained terminal path,63,100,0.63,62.59699245283631,63,0.63,62.59699245283631
M5,persistent_backlog,FOODS_3_080__TX_2,14,validation_q25,23.0,14.0,9.0,False,True,True,unconstrained_switch_count > K,True,False,True,False,False,False,False,False,False,-361.2712500000016,-4.5,-361.2712500000016,False,False,96,0.10*validation_mean; floor=0.25,sorted model names,deterministic accumulated cost then model path,switch-budget feasibility filter only,1e-09,0.0,-356.400000000001,-0.37124999999999997,0.0,-4.5,0.0017867527430622254,0.0,-4.826250000000002,0.0,-57.411998766606985,0.03571428571428581,-7.425000000000001,branch-specific beam-pruning path: the budget feasibility filter changes the retained approximate state set despite a feasible unconstrained terminal path,63,100,0.63,62.59699245283631,63,0.63,62.59699245283631
M5,persistent_backlog,FOODS_3_090__CA_1,14,validation_q25,22.0,14.0,8.0,False,True,True,unconstrained_switch_count > K,True,False,True,False,False,False,False,False,False,-1422.881309853863,-4.0,-1422.881309853863,False,False,96,0.10*validation_mean; floor=0.25,sorted model names,deterministic accumulated cost then model path,switch-budget feasibility filter only,1e-09,78.53523909857995,-1498.177922206156,0.7613732537087312,0.0,-4.0,0.03930135222865583,2.804829967806434,-9.581684509802244,0.0,-335.11136524867106,-0.0357142857142857,15.227465074174603,branch-specific beam-pruning path: the budget feasibility filter changes the retained approximate state set despite a feasible unconstrained terminal path,63,100,0.63,62.59699245283631,63,0.63,62.59699245283631
M5,persistent_backlog,FOODS_3_090__CA_2,14,validation_q25,19.0,14.0,5.0,False,True,True,unconstrained_switch_count > K,True,False,True,False,False,False,False,False,False,-802.1881940523417,-2.5,-802.1881940523417,False,False,96,0.10*validation_mean; floor=0.25,sorted model names,deterministic accumulated cost then model path,switch-budget feasibility filter only,1e-09,17.8057955531267,-817.3215484855646,-0.1724411199108049,0.0,-2.5,0.010274308773792595,0.6359212697545189,-9.343845254595522,0.0,-171.6707951714443,0.0,-3.448822398216109,branch-specific beam-pruning path: the budget feasibility filter changes the retained approximate state set despite a feasible unconstrained terminal path,63,100,0.63,62.59699245283631,63,0.63,62.59699245283631
M5,persistent_backlog,FOODS_3_090__CA_3,14,validation_q25,19.0,14.0,5.0,False,True,True,unconstrained_switch_count > K,True,False,True,False,False,False,False,False,False,2847.457430158931,-2.5,2847.457430158931,False,False,96,0.10*validation_mean; floor=0.25,sorted model names,deterministic accumulated cost then model path,switch-budget feasibility filter only,1e-09,-27.226821428571157,2876.993274087501,0.1909775000000007,0.0,-2.5,-0.004564201340730406,-0.9723864795918331,29.463893445357144,0.0,542.4395003123354,-0.03571428571428581,3.8195499999999925,branch-specific beam-pruning path: the budget feasibility filter changes the retained approximate state set despite a feasible unconstrained terminal path,63,100,0.63,62.59699245283631,63,0.63,62.59699245283631
M5,persistent_backlog,FOODS_3_090__CA_4,14,validation_q25,15.0,14.0,1.0,False,True,True,unconstrained_switch_count > K,True,False,True,False,False,False,False,False,False,2437.747935450321,-0.5,2437.747935450321,False,False,96,0.10*validation_mean; floor=0.25,sorted model names,deterministic accumulated cost then model path,switch-budget feasibility filter only,1e-09,-1.9392539782161293,2440.1607790386424,0.026410389894127917,0.0,-0.5,-0.0222105181144307,-0.06925907065057402,26.772796826748362,0.0,585.6877829488742,0.0357142857142857,0.5282077978825512,branch-specific beam-pruning path: the budget feasibility filter changes the retained approximate state set despite a feasible unconstrained terminal path,63,100,0.63,62.59699245283631,63,0.63,62.59699245283631
M5,persistent_backlog,FOODS_3_090__TX_1,14,validation_q25,18.0,14.0,4.0,False,True,True,unconstrained_switch_count > K,True,False,True,False,False,True,False,False,False,-2.0,-2.0,-2.0,False,False,96,0.10*validation_mean; floor=0.25,sorted model names,deterministic accumulated cost then model path,switch-budget feasibility filter only,1e-09,0.0,0.0,0.0,0.0,-2.0,0.0,0.0,0.0,0.0,24.31598652973662,0.0,0.0,branch-specific beam-pruning path: the budget feasibility filter changes the retained approximate state set despite a feasible unconstrained terminal path,63,100,0.63,62.59699245283631,63,0.63,62.59699245283631
M5,persistent_backlog,FOODS_3_090__TX_2,14,validation_q25,19.0,14.0,5.0,False,True,True,unconstrained_switch_count > K,True,False,True,False,False,True,False,False,False,-2.5,-2.5,-2.5,False,False,96,0.10*validation_mean; floor=0.25,sorted model names,deterministic accumulated cost then model path,switch-budget feasibility filter only,1e-09,0.0,0.0,0.0,0.0,-2.5,0.0,0.0,0.0,0.0,21.255027728299865,0.0,0.0,branch-specific beam-pruning path: the budget feasibility filter changes the retained approximate state set despite a feasible unconstrained terminal path,63,100,0.63,62.59699245283631,63,0.63,62.59699245283631
M5,persistent_backlog,FOODS_3_090__TX_3,14,validation_q25,17.0,14.0,3.0,False,True,True,unconstrained_switch_count > K,True,False,True,False,False,True,False,False,False,-1.5,-1.5,-1.5,False,False,96,0.10*validation_mean; floor=0.25,sorted model names,deterministic accumulated cost then model path,switch-budget feasibility filter only,1e-09,0.0,0.0,0.0,0.0,-1.5,0.0,0.0,0.0,0.0,19.054612788992927,0.0,0.0,branch-specific beam-pruning path: the budget feasibility filter changes the retained approximate state set despite a feasible unconstrained terminal path,63,100,0.63,62.59699245283631,63,0.63,62.59699245283631
M5,persistent_backlog,FOODS_3_090__WI_3,14,validation_q25,14.0,14.0,0.0,True,False,False,unconstrained_switch_count > K,False,False,False,True,True,True,True,True,True,0.0,0.0,0.0,True,True,96,0.10*validation_mean; floor=0.25,sorted model names,deterministic accumulated cost then model path,switch-budget feasibility filter only,1e-09,0.0,0.0,0.0,0.0,0.0,0.0,0.0,0.0,0.0,0.0,0.0,0.0,none,63,100,0.63,62.59699245283631,63,0.63,62.59699245283631
M5,persistent_backlog,FOODS_3_099__TX_2,14,validation_q25,13.0,13.0,0.0,True,False,False,unconstrained_switch_count > K,False,False,False,True,True,True,True,True,True,0.0,0.0,0.0,True,True,96,0.10*validation_mean; floor=0.25,sorted model names,deterministic accumulated cost then model path,switch-budget feasibility filter only,1e-09,0.0,0.0,0.0,0.0,0.0,0.0,0.0,0.0,0.0,0.0,0.0,0.0,none,63,100,0.63,62.59699245283631,63,0.63,62.59699245283631
M5,persistent_backlog,FOODS_3_120__CA_1,14,validation_q25,16.0,14.0,2.0,False,True,True,unconstrained_switch_count > K,True,False,True,False,False,True,False,False,False,-1.0,-1.0,-1.0,False,False,96,0.10*validation_mean; floor=0.25,sorted model names,deterministic accumulated cost then model path,switch-budget feasibility filter only,1e-09,0.0,0.0,0.0,0.0,-1.0,0.0,0.0,0.0,0.0,2.5,0.0,0.0,branch-specific beam-pruning path: the budget feasibility filter changes the retained approximate state set despite a feasible unconstrained terminal path,63,100,0.63,62.59699245283631,63,0.63,62.59699245283631
M5,persistent_backlog,FOODS_3_120__CA_3,14,validation_q25,18.0,14.0,4.0,False,True,True,unconstrained_switch_count > K,True,False,True,False,False,True,False,False,False,-2.0,-2.0,-2.0,False,False,96,0.10*validation_mean; floor=0.25,sorted model names,deterministic accumulated cost then model path,switch-budget feasibility filter only,1e-09,0.0,0.0,0.0,0.0,-2.0,0.0,0.0,0.0,0.0,12.5,0.0,0.0,branch-specific beam-pruning path: the budget feasibility filter changes the retained approximate state set despite a feasible unconstrained terminal path,63,100,0.63,62.59699245283631,63,0.63,62.59699245283631
M5,persistent_backlog,FOODS_3_120__WI_3,14,validation_q25,22.0,14.0,8.0,False,True,True,unconstrained_switch_count > K,True,False,True,False,False,True,False,False,False,-4.0,-4.0,-4.0,False,False,96,0.10*validation_mean; floor=0.25,sorted model names,deterministic accumulated cost then model path,switch-budget feasibility filter only,1e-09,0.0,0.0,0.0,0.0,-4.0,0.0,0.0,0.0,0.0,123.57142857142844,0.0,0.0,branch-specific beam-pruning path: the budget feasibility filter changes the retained approximate state set despite a feasible unconstrained terminal path,63,100,0.63,62.59699245283631,63,0.63,62.59699245283631
M5,persistent_backlog,FOODS_3_202__CA_3,14,validation_q25,12.0,12.0,0.0,True,False,False,unconstrained_switch_count > K,False,False,False,True,True,True,True,True,True,0.0,0.0,0.0,True,True,96,0.10*validation_mean; floor=0.25,sorted model names,deterministic accumulated cost then model path,switch-budget feasibility filter only,1e-09,0.0,0.0,0.0,0.0,0.0,0.0,0.0,0.0,0.0,0.0,0.0,0.0,none,63,100,0.63,62.59699245283631,63,0.63,62.59699245283631
M5,persistent_backlog,FOODS_3_202__TX_1,14,validation_q25,14.0,14.0,0.0,True,False,False,unconstrained_switch_count > K,False,False,False,True,True,True,True,True,True,0.0,0.0,0.0,True,True,96,0.10*validation_mean; floor=0.25,sorted model names,deterministic accumulated cost then model path,switch-budget feasibility filter only,1e-09,0.0,0.0,0.0,0.0,0.0,0.0,0.0,0.0,0.0,0.0,0.0,0.0,none,63,100,0.63,62.59699245283631,63,0.63,62.59699245283631
M5,persistent_backlog,FOODS_3_202__TX_2,14,validation_q25,17.0,14.0,3.0,False,True,True,unconstrained_switch_count > K,True,False,True,False,False,False,False,False,False,1372.424493802274,-1.5,1372.424493802274,False,False,96,0.10*validation_mean; floor=0.25,sorted model names,deterministic accumulated cost then model path,switch-budget feasibility filter only,1e-09,0.0,1374.2301747844185,-0.305680982142857,0.0,-1.5,-0.018244717690991064,0.0,14.863461635985345,0.0,338.0023005776036,0.0357142857142857,-6.113619642857145,branch-specific beam-pruning path: the budget feasibility filter changes the retained approximate state set despite a feasible unconstrained terminal path,63,100,0.63,62.59699245283631,63,0.63,62.59699245283631
M5,persistent_backlog,FOODS_3_202__TX_3,14,validation_q25,13.0,13.0,0.0,True,False,False,unconstrained_switch_count > K,False,False,False,True,True,True,True,True,True,0.0,0.0,0.0,True,True,96,0.10*validation_mean; floor=0.25,sorted model names,deterministic accumulated cost then model path,switch-budget feasibility filter only,1e-09,0.0,0.0,0.0,0.0,0.0,0.0,0.0,0.0,0.0,0.0,0.0,0.0,none,63,100,0.63,62.59699245283631,63,0.63,62.59699245283631
M5,persistent_backlog,FOODS_3_226__WI_1,14,validation_q25,16.0,14.0,2.0,False,True,True,unconstrained_switch_count > K,True,False,True,False,False,True,False,False,False,-1.0,-1.0,-1.0,False,False,96,0.10*validation_mean; floor=0.25,sorted model names,deterministic accumulated cost then model path,switch-budget feasibility filter only,1e-09,0.0,0.0,0.0,0.0,-1.0,0.0,0.0,0.0,0.0,9.573338911180599,0.0,0.0,branch-specific beam-pruning path: the budget feasibility filter changes the retained approximate state set despite a feasible unconstrained terminal path,63,100,0.63,62.59699245283631,63,0.63,62.59699245283631
M5,persistent_backlog,FOODS_3_226__WI_2,14,validation_q25,21.0,14.0,7.0,False,True,True,unconstrained_switch_count > K,True,False,True,False,False,True,False,False,False,-3.5,-3.5,-3.5,False,False,96,0.10*validation_mean; floor=0.25,sorted model names,deterministic accumulated cost then model path,switch-budget feasibility filter only,1e-09,0.0,0.0,0.0,0.0,-3.5,0.0,0.0,0.0,0.0,50.58475924082131,0.0,0.0,branch-specific beam-pruning path: the budget feasibility filter changes the retained approximate state set despite a feasible unconstrained terminal path,63,100,0.63,62.59699245283631,63,0.63,62.59699245283631
M5,persistent_backlog,FOODS_3_226__WI_3,14,validation_q25,18.0,14.0,4.0,False,True,True,unconstrained_switch_count > K,True,False,True,False,False,False,False,False,False,472.913753590743,-2.0,472.913753590743,False,False,96,0.10*validation_mean; floor=0.25,sorted model names,deterministic accumulated cost then model path,switch-budget feasibility filter only,1e-09,0.0,474.70582621824906,0.20792737249447413,0.0,-2.0,-0.0255026310255268,0.0,4.7823295673729405,0.0,73.43196790467641,0.0,4.1585474498894826,branch-specific beam-pruning path: the budget feasibility filter changes the retained approximate state set despite a feasible unconstrained terminal path,63,100,0.63,62.59699245283631,63,0.63,62.59699245283631
M5,persistent_backlog,FOODS_3_234__CA_3,14,validation_q25,16.0,14.0,2.0,False,True,True,unconstrained_switch_count > K,True,False,True,False,False,True,False,False,False,-1.0,-1.0,-1.0,False,False,96,0.10*validation_mean; floor=0.25,sorted model names,deterministic accumulated cost then model path,switch-budget feasibility filter only,1e-09,0.0,0.0,0.0,0.0,-1.0,0.0,0.0,0.0,0.0,-89.30688959593908,0.0,0.0,branch-specific beam-pruning path: the budget feasibility filter changes the retained approximate state set despite a feasible unconstrained terminal path,63,100,0.63,62.59699245283631,63,0.63,62.59699245283631
M5,persistent_backlog,FOODS_3_234__WI_2,14,validation_q25,5.0,5.0,0.0,True,False,False,unconstrained_switch_count > K,False,False,False,True,True,True,True,True,True,0.0,0.0,0.0,True,True,96,0.10*validation_mean; floor=0.25,sorted model names,deterministic accumulated cost then model path,switch-budget feasibility filter only,1e-09,0.0,0.0,0.0,0.0,0.0,0.0,0.0,0.0,0.0,0.0,0.0,0.0,none,63,100,0.63,62.59699245283631,63,0.63,62.59699245283631
M5,persistent_backlog,FOODS_3_234__WI_3,14,validation_q25,16.0,14.0,2.0,False,True,True,unconstrained_switch_count > K,True,False,True,False,False,True,False,False,False,-1.0,-1.0,-1.0,False,False,96,0.10*validation_mean; floor=0.25,sorted model names,deterministic accumulated cost then model path,switch-budget feasibility filter only,1e-09,0.0,0.0,0.0,0.0,-1.0,0.0,0.0,0.0,0.0,19.257225483804177,0.0,0.0,branch-specific beam-pruning path: the budget feasibility filter changes the retained approximate state set despite a feasible unconstrained terminal path,63,100,0.63,62.59699245283631,63,0.63,62.59699245283631
M5,persistent_backlog,FOODS_3_252__CA_1,14,validation_q25,14.0,14.0,0.0,True,False,False,unconstrained_switch_count > K,False,False,False,True,True,True,True,True,True,0.0,0.0,0.0,True,True,96,0.10*validation_mean; floor=0.25,sorted model names,deterministic accumulated cost then model path,switch-budget feasibility filter only,1e-09,0.0,0.0,0.0,0.0,0.0,0.0,0.0,0.0,0.0,0.0,0.0,0.0,none,63,100,0.63,62.59699245283631,63,0.63,62.59699245283631
M5,persistent_backlog,FOODS_3_252__CA_2,14,validation_q25,17.0,14.0,3.0,False,True,True,unconstrained_switch_count > K,True,False,True,False,False,True,False,False,False,-1.5,-1.5,-1.5,False,False,96,0.10*validation_mean; floor=0.25,sorted model names,deterministic accumulated cost then model path,switch-budget feasibility filter only,1e-09,0.0,0.0,0.0,0.0,-1.5,0.0,0.0,0.0,0.0,49.120535400613335,0.0,0.0,branch-specific beam-pruning path: the budget feasibility filter changes the retained approximate state set despite a feasible unconstrained terminal path,63,100,0.63,62.59699245283631,63,0.63,62.59699245283631
M5,persistent_backlog,FOODS_3_252__CA_3,14,validation_q25,18.0,14.0,4.0,False,True,True,unconstrained_switch_count > K,True,False,True,False,False,True,False,False,False,-2.0,-2.0,-2.0,False,False,96,0.10*validation_mean; floor=0.25,sorted model names,deterministic accumulated cost then model path,switch-budget feasibility filter only,1e-09,0.0,0.0,0.0,0.0,-2.0,0.0,0.0,0.0,0.0,20.0,0.0,0.0,branch-specific beam-pruning path: the budget feasibility filter changes the retained approximate state set despite a feasible unconstrained terminal path,63,100,0.63,62.59699245283631,63,0.63,62.59699245283631
M5,persistent_backlog,FOODS_3_252__TX_1,14,validation_q25,18.0,14.0,4.0,False,True,True,unconstrained_switch_count > K,True,False,True,False,False,False,False,False,False,924.4379706158197,-2.0,924.4379706158197,False,False,96,0.10*validation_mean; floor=0.25,sorted model names,deterministic accumulated cost then model path,switch-budget feasibility filter only,1e-09,0.0,925.824469625446,0.6135009903749993,0.0,-2.0,0.0,0.0,11.807589707017854,0.0,159.22643024327726,-0.0357142857142857,12.270019807499999,branch-specific beam-pruning path: the budget feasibility filter changes the retained approximate state set despite a feasible unconstrained terminal path,63,100,0.63,62.59699245283631,63,0.63,62.59699245283631
M5,persistent_backlog,FOODS_3_252__TX_2,14,validation_q25,18.0,14.0,4.0,False,True,True,unconstrained_switch_count > K,True,False,True,False,False,False,False,False,False,-6480.392966165407,-2.0,-6480.392966165407,False,False,96,0.10*validation_mean; floor=0.25,sorted model names,deterministic accumulated cost then model path,switch-budget feasibility filter only,1e-09,0.0,-6477.945626790406,-0.4473393749999999,0.0,-2.0,0.0065209821428571235,0.0,-73.73320142761611,0.0,-1551.5682170638452,0.03571428571428581,-8.9467875,branch-specific beam-pruning path: the budget feasibility filter changes the retained approximate state set despite a feasible unconstrained terminal path,63,100,0.63,62.59699245283631,63,0.63,62.59699245283631
M5,persistent_backlog,FOODS_3_252__TX_3,14,validation_q25,12.0,12.0,0.0,True,False,False,unconstrained_switch_count > K,False,False,False,True,True,True,True,True,True,0.0,0.0,0.0,True,True,96,0.10*validation_mean; floor=0.25,sorted model names,deterministic accumulated cost then model path,switch-budget feasibility filter only,1e-09,0.0,0.0,0.0,0.0,0.0,0.0,0.0,0.0,0.0,0.0,0.0,0.0,none,63,100,0.63,62.59699245283631,63,0.63,62.59699245283631
M5,persistent_backlog,FOODS_3_252__WI_3,14,validation_q25,19.0,14.0,5.0,False,True,True,unconstrained_switch_count > K,True,False,True,False,False,False,False,False,False,-133.48757682672294,-2.5,-133.48757682672294,False,False,96,0.10*validation_mean; floor=0.25,sorted model names,deterministic accumulated cost then model path,switch-budget feasibility filter only,1e-09,0.0,-130.99196305301302,0.00438622628879215,0.0,-2.5,0.015621535550406018,0.0,-1.199805763109282,0.0,-13.976550797939126,-0.0357142857142857,0.08772452577584033,branch-specific beam-pruning path: the budget feasibility filter changes the retained approximate state set despite a feasible unconstrained terminal path,63,100,0.63,62.59699245283631,63,0.63,62.59699245283631
M5,persistent_backlog,FOODS_3_281__CA_3,14,validation_q25,14.0,14.0,0.0,True,False,False,unconstrained_switch_count > K,False,False,False,True,True,True,True,True,True,0.0,0.0,0.0,True,True,96,0.10*validation_mean; floor=0.25,sorted model names,deterministic accumulated cost then model path,switch-budget feasibility filter only,1e-09,0.0,0.0,0.0,0.0,0.0,0.0,0.0,0.0,0.0,0.0,0.0,0.0,none,63,100,0.63,62.59699245283631,63,0.63,62.59699245283631
M5,persistent_backlog,FOODS_3_282__CA_3,14,validation_q25,16.0,14.0,2.0,False,True,True,unconstrained_switch_count > K,True,False,True,False,False,False,False,False,False,-0.6649187500001972,-1.0,-0.6649187500001972,False,False,96,0.10*validation_mean; floor=0.25,sorted model names,deterministic accumulated cost then model path,switch-budget feasibility filter only,1e-09,0.0,0.0,0.33508125,0.0,-1.0,0.0,0.0,0.0,0.0,-23.999003164580927,-0.0357142857142857,6.701625000000007,branch-specific beam-pruning path: the budget feasibility filter changes the retained approximate state set despite a feasible unconstrained terminal path,63,100,0.63,62.59699245283631,63,0.63,62.59699245283631
M5,persistent_backlog,FOODS_3_288__CA_3,14,validation_q25,20.0,13.0,7.0,False,True,True,unconstrained_switch_count > K,True,False,True,False,False,True,False,False,False,-3.5,-3.5,-3.5,False,False,96,0.10*validation_mean; floor=0.25,sorted model names,deterministic accumulated cost then model path,switch-budget feasibility filter only,1e-09,0.0,0.0,0.0,0.0,-3.5,0.0,0.0,0.0,0.0,-45.0,0.0,0.0,branch-specific beam-pruning path: the budget feasibility filter changes the retained approximate state set despite a feasible unconstrained terminal path,63,100,0.63,62.59699245283631,63,0.63,62.59699245283631
M5,persistent_backlog,FOODS_3_318__CA_3,14,validation_q25,18.0,14.0,4.0,False,True,True,unconstrained_switch_count > K,True,False,True,False,False,True,False,False,False,-2.0,-2.0,-2.0,False,False,96,0.10*validation_mean; floor=0.25,sorted model names,deterministic accumulated cost then model path,switch-budget feasibility filter only,1e-09,0.0,0.0,0.0,0.0,-2.0,0.0,0.0,0.0,0.0,12.955652917999714,0.0,0.0,branch-specific beam-pruning path: the budget feasibility filter changes the retained approximate state set despite a feasible unconstrained terminal path,63,100,0.63,62.59699245283631,63,0.63,62.59699245283631
M5,persistent_backlog,FOODS_3_318__WI_3,14,validation_q25,16.0,14.0,2.0,False,True,True,unconstrained_switch_count > K,True,False,True,False,False,True,False,False,False,-1.0,-1.0,-1.0,False,False,96,0.10*validation_mean; floor=0.25,sorted model names,deterministic accumulated cost then model path,switch-budget feasibility filter only,1e-09,0.0,0.0,0.0,0.0,-1.0,0.0,0.0,0.0,0.0,8.964589588068065,0.0,0.0,branch-specific beam-pruning path: the budget feasibility filter changes the retained approximate state set despite a feasible unconstrained terminal path,63,100,0.63,62.59699245283631,63,0.63,62.59699245283631
M5,persistent_backlog,FOODS_3_319__CA_3,14,validation_q25,4.0,4.0,0.0,True,False,False,unconstrained_switch_count > K,False,False,False,True,True,True,True,True,True,0.0,0.0,0.0,True,True,96,0.10*validation_mean; floor=0.25,sorted model names,deterministic accumulated cost then model path,switch-budget feasibility filter only,1e-09,0.0,0.0,0.0,0.0,0.0,0.0,0.0,0.0,0.0,0.0,0.0,0.0,none,63,100,0.63,62.59699245283631,63,0.63,62.59699245283631
M5,persistent_backlog,FOODS_3_376__WI_2,14,validation_q25,14.0,14.0,0.0,True,False,False,unconstrained_switch_count > K,False,False,False,True,True,True,True,True,True,0.0,0.0,0.0,True,True,96,0.10*validation_mean; floor=0.25,sorted model names,deterministic accumulated cost then model path,switch-budget feasibility filter only,1e-09,0.0,0.0,0.0,0.0,0.0,0.0,0.0,0.0,0.0,0.0,0.0,0.0,none,63,100,0.63,62.59699245283631,63,0.63,62.59699245283631
M5,persistent_backlog,FOODS_3_377__TX_2,14,validation_q25,16.0,14.0,2.0,False,True,True,unconstrained_switch_count > K,True,False,True,False,False,True,False,False,False,-1.0,-1.0,-1.0,False,False,96,0.10*validation_mean; floor=0.25,sorted model names,deterministic accumulated cost then model path,switch-budget feasibility filter only,1e-09,0.0,0.0,0.0,0.0,-1.0,0.0,0.0,0.0,0.0,-36.25,0.0,0.0,branch-specific beam-pruning path: the budget feasibility filter changes the retained approximate state set despite a feasible unconstrained terminal path,63,100,0.63,62.59699245283631,63,0.63,62.59699245283631
M5,persistent_backlog,FOODS_3_377__TX_3,14,validation_q25,17.0,14.0,3.0,False,True,True,unconstrained_switch_count > K,True,False,True,False,False,False,False,False,False,-1116.1937418394737,-1.5,-1116.1937418394737,False,False,96,0.10*validation_mean; floor=0.25,sorted model names,deterministic accumulated cost then model path,switch-budget feasibility filter only,1e-09,0.0,-1115.0855098250813,0.391767985605743,0.0,-1.5,0.01580175762229208,0.0,-10.799155960833446,0.0,-249.86431881723956,0.0357142857142857,7.835359712114865,branch-specific beam-pruning path: the budget feasibility filter changes the retained approximate state set despite a feasible unconstrained terminal path,63,100,0.63,62.59699245283631,63,0.63,62.59699245283631
M5,persistent_backlog,FOODS_3_412__WI_2,14,validation_q25,1.0,1.0,0.0,True,False,False,unconstrained_switch_count > K,False,False,False,True,True,True,True,True,True,0.0,0.0,0.0,True,True,96,0.10*validation_mean; floor=0.25,sorted model names,deterministic accumulated cost then model path,switch-budget feasibility filter only,1e-09,0.0,0.0,0.0,0.0,0.0,0.0,0.0,0.0,0.0,0.0,0.0,0.0,none,63,100,0.63,62.59699245283631,63,0.63,62.59699245283631
M5,persistent_backlog,FOODS_3_462__WI_2,14,validation_q25,16.0,14.0,2.0,False,True,True,unconstrained_switch_count > K,True,False,True,False,False,True,False,False,False,-1.0,-1.0,-1.0,False,False,96,0.10*validation_mean; floor=0.25,sorted model names,deterministic accumulated cost then model path,switch-budget feasibility filter only,1e-09,0.0,0.0,0.0,0.0,-1.0,0.0,0.0,0.0,0.0,3.392857142856883,0.0,0.0,branch-specific beam-pruning path: the budget feasibility filter changes the retained approximate state set despite a feasible unconstrained terminal path,63,100,0.63,62.59699245283631,63,0.63,62.59699245283631
M5,persistent_backlog,FOODS_3_501__CA_3,14,validation_q25,17.0,14.0,3.0,False,True,True,unconstrained_switch_count > K,True,False,True,False,False,True,False,False,False,-1.5,-1.5,-1.5,False,False,96,0.10*validation_mean; floor=0.25,sorted model names,deterministic accumulated cost then model path,switch-budget feasibility filter only,1e-09,0.0,0.0,0.0,0.0,-1.5,0.0,0.0,0.0,0.0,4.68753001695336,0.0,0.0,branch-specific beam-pruning path: the budget feasibility filter changes the retained approximate state set despite a feasible unconstrained terminal path,63,100,0.63,62.59699245283631,63,0.63,62.59699245283631
M5,persistent_backlog,FOODS_3_541__CA_1,14,validation_q25,0.0,0.0,0.0,True,False,False,unconstrained_switch_count > K,False,False,False,True,True,True,True,True,True,0.0,0.0,0.0,True,True,96,0.10*validation_mean; floor=0.25,sorted model names,deterministic accumulated cost then model path,switch-budget feasibility filter only,1e-09,0.0,0.0,0.0,0.0,0.0,0.0,0.0,0.0,0.0,0.0,0.0,0.0,none,63,100,0.63,62.59699245283631,63,0.63,62.59699245283631
M5,persistent_backlog,FOODS_3_541__CA_3,14,validation_q25,1.0,1.0,0.0,True,False,False,unconstrained_switch_count > K,False,False,False,True,True,True,True,True,True,0.0,0.0,0.0,True,True,96,0.10*validation_mean; floor=0.25,sorted model names,deterministic accumulated cost then model path,switch-budget feasibility filter only,1e-09,0.0,0.0,0.0,0.0,0.0,0.0,0.0,0.0,0.0,0.0,0.0,0.0,none,63,100,0.63,62.59699245283631,63,0.63,62.59699245283631
M5,persistent_backlog,FOODS_3_547__WI_2,14,validation_q25,5.0,5.0,0.0,True,False,False,unconstrained_switch_count > K,False,False,False,True,True,True,True,True,True,0.0,0.0,0.0,True,True,96,0.10*validation_mean; floor=0.25,sorted model names,deterministic accumulated cost then model path,switch-budget feasibility filter only,1e-09,0.0,0.0,0.0,0.0,0.0,0.0,0.0,0.0,0.0,0.0,0.0,0.0,none,63,100,0.63,62.59699245283631,63,0.63,62.59699245283631
M5,persistent_backlog,FOODS_3_555__CA_1,14,validation_q25,17.0,14.0,3.0,False,True,True,unconstrained_switch_count > K,True,False,True,False,False,True,False,False,False,-1.5,-1.5,-1.5,False,False,96,0.10*validation_mean; floor=0.25,sorted model names,deterministic accumulated cost then model path,switch-budget feasibility filter only,1e-09,0.0,0.0,0.0,0.0,-1.5,0.0,0.0,0.0,0.0,15.308750772444682,0.0,0.0,branch-specific beam-pruning path: the budget feasibility filter changes the retained approximate state set despite a feasible unconstrained terminal path,63,100,0.63,62.59699245283631,63,0.63,62.59699245283631
M5,persistent_backlog,FOODS_3_555__CA_3,14,validation_q25,11.0,11.0,0.0,True,False,False,unconstrained_switch_count > K,False,False,False,True,True,True,True,True,True,0.0,0.0,0.0,True,True,96,0.10*validation_mean; floor=0.25,sorted model names,deterministic accumulated cost then model path,switch-budget feasibility filter only,1e-09,0.0,0.0,0.0,0.0,0.0,0.0,0.0,0.0,0.0,0.0,0.0,0.0,none,63,100,0.63,62.59699245283631,63,0.63,62.59699245283631
M5,persistent_backlog,FOODS_3_555__TX_1,14,validation_q25,19.0,14.0,5.0,False,True,True,unconstrained_switch_count > K,True,False,True,False,False,True,False,False,False,-2.5,-2.5,-2.5,False,False,96,0.10*validation_mean; floor=0.25,sorted model names,deterministic accumulated cost then model path,switch-budget feasibility filter only,1e-09,0.0,0.0,0.0,0.0,-2.5,0.0,0.0,0.0,0.0,48.35976850195539,0.0,0.0,branch-specific beam-pruning path: the budget feasibility filter changes the retained approximate state set despite a feasible unconstrained terminal path,63,100,0.63,62.59699245283631,63,0.63,62.59699245283631
M5,persistent_backlog,FOODS_3_555__TX_2,14,validation_q25,13.0,13.0,0.0,True,False,False,unconstrained_switch_count > K,False,False,False,True,True,True,True,True,True,0.0,0.0,0.0,True,True,96,0.10*validation_mean; floor=0.25,sorted model names,deterministic accumulated cost then model path,switch-budget feasibility filter only,1e-09,0.0,0.0,0.0,0.0,0.0,0.0,0.0,0.0,0.0,0.0,0.0,0.0,none,63,100,0.63,62.59699245283631,63,0.63,62.59699245283631
M5,persistent_backlog,FOODS_3_555__TX_3,14,validation_q25,18.0,14.0,4.0,False,True,True,unconstrained_switch_count > K,True,False,True,False,False,True,False,False,False,-2.0,-2.0,-2.0,False,False,96,0.10*validation_mean; floor=0.25,sorted model names,deterministic accumulated cost then model path,switch-budget feasibility filter only,1e-09,0.0,0.0,0.0,0.0,-2.0,0.0,0.0,0.0,0.0,48.33439099049065,0.0,0.0,branch-specific beam-pruning path: the budget feasibility filter changes the retained approximate state set despite a feasible unconstrained terminal path,63,100,0.63,62.59699245283631,63,0.63,62.59699245283631
M5,persistent_backlog,FOODS_3_555__WI_3,14,validation_q25,18.0,13.0,5.0,False,True,True,unconstrained_switch_count > K,True,False,True,False,False,False,False,False,False,-232.6415755272119,-2.5,-232.6415755272119,False,False,96,0.10*validation_mean; floor=0.25,sorted model names,deterministic accumulated cost then model path,switch-budget feasibility filter only,1e-09,5.954464285714266,-235.7407162332238,-0.35532357970252404,0.0,-2.5,0.012173015101173496,0.21265943877550875,-0.8452637226738489,0.0,-21.16671242627126,0.0,-7.106471594050483,branch-specific beam-pruning path: the budget feasibility filter changes the retained approximate state set despite a feasible unconstrained terminal path,63,100,0.63,62.59699245283631,63,0.63,62.59699245283631
M5,persistent_backlog,FOODS_3_586__CA_1,14,validation_q25,21.0,14.0,7.0,False,True,True,unconstrained_switch_count > K,True,False,True,False,False,False,False,False,False,551.3572616312067,-3.5,551.3572616312067,False,False,96,0.10*validation_mean; floor=0.25,sorted model names,deterministic accumulated cost then model path,switch-budget feasibility filter only,1e-09,4.642857142857224,549.7000581922584,0.5143462960877876,0.0,-3.5,0.023453571327597622,0.16581632653061362,8.086507578199303,0.0,166.05790978901223,0.0,10.286925921755738,branch-specific beam-pruning path: the budget feasibility filter changes the retained approximate state set despite a feasible unconstrained terminal path,63,100,0.63,62.59699245283631,63,0.63,62.59699245283631
M5,persistent_backlog,FOODS_3_586__CA_2,14,validation_q25,17.0,14.0,3.0,False,True,True,unconstrained_switch_count > K,True,False,True,False,False,True,False,False,False,-1.5,-1.5,-1.5,False,False,96,0.10*validation_mean; floor=0.25,sorted model names,deterministic accumulated cost then model path,switch-budget feasibility filter only,1e-09,0.0,0.0,0.0,0.0,-1.5,0.0,0.0,0.0,0.0,7.321428571428669,0.0,0.0,branch-specific beam-pruning path: the budget feasibility filter changes the retained approximate state set despite a feasible unconstrained terminal path,63,100,0.63,62.59699245283631,63,0.63,62.59699245283631
M5,persistent_backlog,FOODS_3_586__CA_3,14,validation_q25,15.0,14.0,1.0,False,True,True,unconstrained_switch_count > K,True,False,True,False,False,True,False,False,False,-0.5,-0.5,-0.5,False,False,96,0.10*validation_mean; floor=0.25,sorted model names,deterministic accumulated cost then model path,switch-budget feasibility filter only,1e-09,0.0,0.0,0.0,0.0,-0.5,0.0,0.0,0.0,0.0,-1.096595874853847,0.0,0.0,branch-specific beam-pruning path: the budget feasibility filter changes the retained approximate state set despite a feasible unconstrained terminal path,63,100,0.63,62.59699245283631,63,0.63,62.59699245283631
M5,persistent_backlog,FOODS_3_586__TX_1,14,validation_q25,14.0,14.0,0.0,True,False,False,unconstrained_switch_count > K,False,False,False,True,True,True,True,True,True,0.0,0.0,0.0,True,True,96,0.10*validation_mean; floor=0.25,sorted model names,deterministic accumulated cost then model path,switch-budget feasibility filter only,1e-09,0.0,0.0,0.0,0.0,0.0,0.0,0.0,0.0,0.0,0.0,0.0,0.0,none,63,100,0.63,62.59699245283631,63,0.63,62.59699245283631
M5,persistent_backlog,FOODS_3_586__TX_2,14,validation_q25,15.0,14.0,1.0,False,True,True,unconstrained_switch_count > K,True,False,True,False,False,True,False,False,False,-0.5,-0.5,-0.5,False,False,96,0.10*validation_mean; floor=0.25,sorted model names,deterministic accumulated cost then model path,switch-budget feasibility filter only,1e-09,0.0,0.0,0.0,0.0,-0.5,0.0,0.0,0.0,0.0,8.844854573536395,0.0,0.0,branch-specific beam-pruning path: the budget feasibility filter changes the retained approximate state set despite a feasible unconstrained terminal path,63,100,0.63,62.59699245283631,63,0.63,62.59699245283631
M5,persistent_backlog,FOODS_3_586__TX_3,14,validation_q25,16.0,14.0,2.0,False,True,True,unconstrained_switch_count > K,True,False,True,False,False,False,False,False,False,4802.378763839846,-1.0,4802.378763839846,False,False,96,0.10*validation_mean; floor=0.25,sorted model names,deterministic accumulated cost then model path,switch-budget feasibility filter only,1e-09,-9.372854794384239,4812.043656134236,0.7079624999999998,0.0,-1.0,-0.04083193476053526,-0.33474481408514123,50.24632866352135,0.0,1046.5522981946265,0.0,14.15925,branch-specific beam-pruning path: the budget feasibility filter changes the retained approximate state set despite a feasible unconstrained terminal path,63,100,0.63,62.59699245283631,63,0.63,62.59699245283631
M5,persistent_backlog,FOODS_3_586__WI_3,14,validation_q25,13.0,14.0,-1.0,True,False,False,unconstrained_switch_count > K,False,False,False,False,False,False,False,False,False,156.96497918788555,0.5,156.96497918788555,False,False,96,0.10*validation_mean; floor=0.25,sorted model names,deterministic accumulated cost then model path,switch-budget feasibility filter only,1e-09,5.465294658498237,150.8279996950032,0.1716848343828974,0.0,0.5,0.040070703439441524,0.19518909494636816,5.632950741711539,0.0,126.78048617286777,-0.0357142857142857,3.433696687657978,branch-specific beam-pruning path: the budget feasibility filter changes the retained approximate state set despite a feasible unconstrained terminal path,63,100,0.63,62.59699245283631,63,0.63,62.59699245283631
M5,persistent_backlog,FOODS_3_587__CA_1,14,validation_q25,17.0,14.0,3.0,False,True,True,unconstrained_switch_count > K,True,False,True,False,False,False,False,False,False,-218.47470683840993,-1.5,-218.47470683840993,False,False,96,0.10*validation_mean; floor=0.25,sorted model names,deterministic accumulated cost then model path,switch-budget feasibility filter only,1e-09,-195.440263534182,-21.70082945545255,0.16638615122500777,0.0,-1.5,-0.03392168604366508,-6.980009411935072,0.0,0.0,59.30598437701394,0.0,3.327723024500173,branch-specific beam-pruning path: the budget feasibility filter changes the retained approximate state set despite a feasible unconstrained terminal path,63,100,0.63,62.59699245283631,63,0.63,62.59699245283631
M5,persistent_backlog,FOODS_3_587__CA_3,14,validation_q25,17.0,14.0,3.0,False,True,True,unconstrained_switch_count > K,True,False,True,False,False,True,False,False,False,-1.5,-1.5,-1.5,False,False,96,0.10*validation_mean; floor=0.25,sorted model names,deterministic accumulated cost then model path,switch-budget feasibility filter only,1e-09,0.0,0.0,0.0,0.0,-1.5,0.0,0.0,0.0,0.0,46.25,0.0,0.0,branch-specific beam-pruning path: the budget feasibility filter changes the retained approximate state set despite a feasible unconstrained terminal path,63,100,0.63,62.59699245283631,63,0.63,62.59699245283631
M5,persistent_backlog,FOODS_3_587__TX_1,14,validation_q25,13.0,13.0,0.0,True,False,False,unconstrained_switch_count > K,False,False,False,True,True,True,True,True,True,0.0,0.0,0.0,True,True,96,0.10*validation_mean; floor=0.25,sorted model names,deterministic accumulated cost then model path,switch-budget feasibility filter only,1e-09,0.0,0.0,0.0,0.0,0.0,0.0,0.0,0.0,0.0,0.0,0.0,0.0,none,63,100,0.63,62.59699245283631,63,0.63,62.59699245283631
M5,persistent_backlog,FOODS_3_587__TX_2,14,validation_q25,19.0,14.0,5.0,False,True,True,unconstrained_switch_count > K,True,False,True,False,False,True,False,False,False,-2.5,-2.5,-2.5,False,False,96,0.10*validation_mean; floor=0.25,sorted model names,deterministic accumulated cost then model path,switch-budget feasibility filter only,1e-09,0.0,0.0,0.0,0.0,-2.5,0.0,0.0,0.0,0.0,26.20284481278759,0.0,0.0,branch-specific beam-pruning path: the budget feasibility filter changes the retained approximate state set despite a feasible unconstrained terminal path,63,100,0.63,62.59699245283631,63,0.63,62.59699245283631
M5,persistent_backlog,FOODS_3_587__TX_3,14,validation_q25,5.0,5.0,0.0,True,False,False,unconstrained_switch_count > K,False,False,False,True,True,True,True,True,True,0.0,0.0,0.0,True,True,96,0.10*validation_mean; floor=0.25,sorted model names,deterministic accumulated cost then model path,switch-budget feasibility filter only,1e-09,0.0,0.0,0.0,0.0,0.0,0.0,0.0,0.0,0.0,0.0,0.0,0.0,none,63,100,0.63,62.59699245283631,63,0.63,62.59699245283631
M5,persistent_backlog,FOODS_3_587__WI_3,14,validation_q25,14.0,14.0,0.0,True,False,False,unconstrained_switch_count > K,False,False,False,True,True,True,True,True,True,0.0,0.0,0.0,True,True,96,0.10*validation_mean; floor=0.25,sorted model names,deterministic accumulated cost then model path,switch-budget feasibility filter only,1e-09,0.0,0.0,0.0,0.0,0.0,0.0,0.0,0.0,0.0,0.0,0.0,0.0,none,63,100,0.63,62.59699245283631,63,0.63,62.59699245283631
M5,persistent_backlog,FOODS_3_607__CA_3,14,validation_q25,13.0,13.0,0.0,True,False,False,unconstrained_switch_count > K,False,False,False,True,True,True,True,True,True,0.0,0.0,0.0,True,True,96,0.10*validation_mean; floor=0.25,sorted model names,deterministic accumulated cost then model path,switch-budget feasibility filter only,1e-09,0.0,0.0,0.0,0.0,0.0,0.0,0.0,0.0,0.0,0.0,0.0,0.0,none,63,100,0.63,62.59699245283631,63,0.63,62.59699245283631
M5,persistent_backlog,FOODS_3_635__CA_3,14,validation_q25,7.0,7.0,0.0,True,False,False,unconstrained_switch_count > K,False,False,False,True,True,True,True,True,True,0.0,0.0,0.0,True,True,96,0.10*validation_mean; floor=0.25,sorted model names,deterministic accumulated cost then model path,switch-budget feasibility filter only,1e-09,0.0,0.0,0.0,0.0,0.0,0.0,0.0,0.0,0.0,0.0,0.0,0.0,none,63,100,0.63,62.59699245283631,63,0.63,62.59699245283631
M5,persistent_backlog,FOODS_3_681__CA_3,14,validation_q25,21.0,14.0,7.0,False,True,True,unconstrained_switch_count > K,True,False,True,False,False,False,False,False,False,708.9740434653759,-3.5,708.9740434653759,False,False,96,0.10*validation_mean; floor=0.25,sorted model names,deterministic accumulated cost then model path,switch-budget feasibility filter only,1e-09,-12.314226785714254,724.7161716145092,0.07209863658035687,0.0,-3.5,-0.011215300690648577,-0.43979381377551263,7.96309743036602,0.0,200.26201087868367,-0.0357142857142857,1.4419727316071373,branch-specific beam-pruning path: the budget feasibility filter changes the retained approximate state set despite a feasible unconstrained terminal path,63,100,0.63,62.59699245283631,63,0.63,62.59699245283631
M5,persistent_backlog,FOODS_3_681__WI_3,14,validation_q25,14.0,14.0,0.0,True,False,False,unconstrained_switch_count > K,False,False,False,True,True,True,True,True,True,0.0,0.0,0.0,True,True,96,0.10*validation_mean; floor=0.25,sorted model names,deterministic accumulated cost then model path,switch-budget feasibility filter only,1e-09,0.0,0.0,0.0,0.0,0.0,0.0,0.0,0.0,0.0,0.0,0.0,0.0,none,63,100,0.63,62.59699245283631,63,0.63,62.59699245283631
M5,persistent_backlog,FOODS_3_694__CA_3,14,validation_q25,15.0,13.0,2.0,False,True,True,unconstrained_switch_count > K,True,False,True,False,False,True,False,False,False,-1.0,-1.0,-1.0,False,False,96,0.10*validation_mean; floor=0.25,sorted model names,deterministic accumulated cost then model path,switch-budget feasibility filter only,1e-09,0.0,0.0,0.0,0.0,-1.0,0.0,0.0,0.0,0.0,5.0,0.0,0.0,branch-specific beam-pruning path: the budget feasibility filter changes the retained approximate state set despite a feasible unconstrained terminal path,63,100,0.63,62.59699245283631,63,0.63,62.59699245283631
M5,persistent_backlog,FOODS_3_694__WI_1,14,validation_q25,17.0,14.0,3.0,False,True,True,unconstrained_switch_count > K,True,False,True,False,False,False,False,False,False,215.99274513145247,-1.5,215.99274513145247,False,False,96,0.10*validation_mean; floor=0.25,sorted model names,deterministic accumulated cost then model path,switch-budget feasibility filter only,1e-09,2.695178571428528,214.73138424735225,0.06618231267357844,0.0,-1.5,0.0007465136210214884,0.09625637755102012,2.212921970830422,0.0,66.50489314359356,0.03571428571428581,1.3236462534715692,branch-specific beam-pruning path: the budget feasibility filter changes the retained approximate state set despite a feasible unconstrained terminal path,63,100,0.63,62.59699245283631,63,0.63,62.59699245283631
M5,persistent_backlog,FOODS_3_694__WI_2,14,validation_q25,16.0,14.0,2.0,False,True,True,unconstrained_switch_count > K,True,False,True,False,False,True,False,False,False,-1.0,-1.0,-1.0,False,False,96,0.10*validation_mean; floor=0.25,sorted model names,deterministic accumulated cost then model path,switch-budget feasibility filter only,1e-09,0.0,0.0,0.0,0.0,-1.0,0.0,0.0,0.0,0.0,5.4390149106288845,0.0,0.0,branch-specific beam-pruning path: the budget feasibility filter changes the retained approximate state set despite a feasible unconstrained terminal path,63,100,0.63,62.59699245283631,63,0.63,62.59699245283631
M5,persistent_backlog,FOODS_3_694__WI_3,14,validation_q25,17.0,14.0,3.0,False,True,True,unconstrained_switch_count > K,True,False,True,False,False,False,False,False,False,-860.7811959533155,-1.5,-860.7811959533155,False,False,96,0.10*validation_mean; floor=0.25,sorted model names,deterministic accumulated cost then model path,switch-budget feasibility filter only,1e-09,0.0,-859.4392084027313,0.15801244941679915,0.0,-1.5,0.0585071297839756,0.0,-6.143044298976179,0.0,-160.00003965877022,-0.0357142857142857,3.1602489883359723,branch-specific beam-pruning path: the budget feasibility filter changes the retained approximate state set despite a feasible unconstrained terminal path,63,100,0.63,62.59699245283631,63,0.63,62.59699245283631
M5,persistent_backlog,FOODS_3_711__CA_3,14,validation_q25,9.0,9.0,0.0,True,False,False,unconstrained_switch_count > K,False,False,False,True,True,True,True,True,True,0.0,0.0,0.0,True,True,96,0.10*validation_mean; floor=0.25,sorted model names,deterministic accumulated cost then model path,switch-budget feasibility filter only,1e-09,0.0,0.0,0.0,0.0,0.0,0.0,0.0,0.0,0.0,0.0,0.0,0.0,none,63,100,0.63,62.59699245283631,63,0.63,62.59699245283631
M5,persistent_backlog,FOODS_3_711__WI_2,14,validation_q25,5.0,5.0,0.0,True,False,False,unconstrained_switch_count > K,False,False,False,True,True,True,True,True,True,0.0,0.0,0.0,True,True,96,0.10*validation_mean; floor=0.25,sorted model names,deterministic accumulated cost then model path,switch-budget feasibility filter only,1e-09,0.0,0.0,0.0,0.0,0.0,0.0,0.0,0.0,0.0,0.0,0.0,0.0,none,63,100,0.63,62.59699245283631,63,0.63,62.59699245283631
M5,persistent_backlog,FOODS_3_714__CA_1,14,validation_q25,11.0,11.0,0.0,True,False,False,unconstrained_switch_count > K,False,False,False,True,True,True,True,True,True,0.0,0.0,0.0,True,True,96,0.10*validation_mean; floor=0.25,sorted model names,deterministic accumulated cost then model path,switch-budget feasibility filter only,1e-09,0.0,0.0,0.0,0.0,0.0,0.0,0.0,0.0,0.0,0.0,0.0,0.0,none,63,100,0.63,62.59699245283631,63,0.63,62.59699245283631
M5,persistent_backlog,FOODS_3_714__CA_3,14,validation_q25,19.0,14.0,5.0,False,True,True,unconstrained_switch_count > K,True,False,True,False,False,True,False,False,False,-2.5,-2.5,-2.5,False,False,96,0.10*validation_mean; floor=0.25,sorted model names,deterministic accumulated cost then model path,switch-budget feasibility filter only,1e-09,0.0,0.0,0.0,0.0,-2.5,0.0,0.0,0.0,0.0,58.23741913982167,0.0,0.0,branch-specific beam-pruning path: the budget feasibility filter changes the retained approximate state set despite a feasible unconstrained terminal path,63,100,0.63,62.59699245283631,63,0.63,62.59699245283631
M5,persistent_backlog,FOODS_3_714__TX_1,14,validation_q25,21.0,14.0,7.0,False,True,True,unconstrained_switch_count > K,True,False,True,False,False,True,False,False,False,-3.5,-3.5,-3.5,False,False,96,0.10*validation_mean; floor=0.25,sorted model names,deterministic accumulated cost then model path,switch-budget feasibility filter only,1e-09,0.0,0.0,0.0,0.0,-3.5,0.0,0.0,0.0,0.0,32.87105530879626,0.0,0.0,branch-specific beam-pruning path: the budget feasibility filter changes the retained approximate state set despite a feasible unconstrained terminal path,63,100,0.63,62.59699245283631,63,0.63,62.59699245283631
M5,persistent_backlog,FOODS_3_714__TX_2,14,validation_q25,19.0,13.0,6.0,False,True,True,unconstrained_switch_count > K,True,False,True,False,False,True,False,False,False,-3.0,-3.0,-3.0,False,False,96,0.10*validation_mean; floor=0.25,sorted model names,deterministic accumulated cost then model path,switch-budget feasibility filter only,1e-09,0.0,0.0,0.0,0.0,-3.0,0.0,0.0,0.0,0.0,7.417034505205493,0.0,0.0,branch-specific beam-pruning path: the budget feasibility filter changes the retained approximate state set despite a feasible unconstrained terminal path,63,100,0.63,62.59699245283631,63,0.63,62.59699245283631
M5,persistent_backlog,FOODS_3_714__TX_3,14,validation_q25,19.0,14.0,5.0,False,True,True,unconstrained_switch_count > K,True,False,True,False,False,False,False,False,False,-37.599999999998545,-2.5,-37.599999999998545,False,False,96,0.10*validation_mean; floor=0.25,sorted model names,deterministic accumulated cost then model path,switch-budget feasibility filter only,1e-09,0.0,-35.100000000000364,0.0,0.0,-2.5,0.0,0.0,0.0,0.0,-19.502209263828263,0.0,0.0,branch-specific beam-pruning path: the budget feasibility filter changes the retained approximate state set despite a feasible unconstrained terminal path,63,100,0.63,62.59699245283631,63,0.63,62.59699245283631
M5,persistent_backlog,FOODS_3_714__WI_3,14,validation_q25,18.0,14.0,4.0,False,True,True,unconstrained_switch_count > K,True,False,True,False,False,False,False,False,False,376.27462828839134,-2.0,376.27462828839134,False,False,96,0.10*validation_mean; floor=0.25,sorted model names,deterministic accumulated cost then model path,switch-budget feasibility filter only,1e-09,79.95656166266224,298.37003309570855,-0.051966469978474095,0.0,-2.0,-0.01756785681946138,2.8555914879522213,5.218257814317553,0.0,37.15092708634677,-0.0714285714285714,-1.0393293995694677,branch-specific beam-pruning path: the budget feasibility filter changes the retained approximate state set despite a feasible unconstrained terminal path,63,100,0.63,62.59699245283631,63,0.63,62.59699245283631
M5,persistent_backlog,FOODS_3_723__CA_3,14,validation_q25,19.0,14.0,5.0,False,True,True,unconstrained_switch_count > K,True,False,True,False,False,True,False,False,False,-2.5,-2.5,-2.5,False,False,96,0.10*validation_mean; floor=0.25,sorted model names,deterministic accumulated cost then model path,switch-budget feasibility filter only,1e-09,0.0,0.0,0.0,0.0,-2.5,0.0,0.0,0.0,0.0,46.32000828421815,0.0,0.0,branch-specific beam-pruning path: the budget feasibility filter changes the retained approximate state set despite a feasible unconstrained terminal path,63,100,0.63,62.59699245283631,63,0.63,62.59699245283631
M5,persistent_backlog,FOODS_3_723__WI_3,14,validation_q25,13.0,13.0,0.0,True,False,False,unconstrained_switch_count > K,False,False,False,True,True,True,True,True,True,0.0,0.0,0.0,True,True,96,0.10*validation_mean; floor=0.25,sorted model names,deterministic accumulated cost then model path,switch-budget feasibility filter only,1e-09,0.0,0.0,0.0,0.0,0.0,0.0,0.0,0.0,0.0,0.0,0.0,0.0,none,63,100,0.63,62.59699245283631,63,0.63,62.59699245283631
M5,persistent_backlog,FOODS_3_752__CA_3,14,validation_q25,22.0,14.0,8.0,False,True,True,unconstrained_switch_count > K,True,False,True,False,False,False,False,False,False,253.15330357143102,-4.0,253.15330357143102,False,False,96,0.10*validation_mean; floor=0.25,sorted model names,deterministic accumulated cost then model path,switch-budget feasibility filter only,1e-09,0.0,256.88571428571595,0.26758928571428575,0.0,-4.0,0.0,0.0,3.478660714285752,0.0,78.819056479339,-0.0357142857142857,5.351785714285715,branch-specific beam-pruning path: the budget feasibility filter changes the retained approximate state set despite a feasible unconstrained terminal path,63,100,0.63,62.59699245283631,63,0.63,62.59699245283631
M5,persistent_backlog,FOODS_3_804__CA_3,14,validation_q25,4.0,4.0,0.0,True,False,False,unconstrained_switch_count > K,False,False,False,True,True,True,True,True,True,0.0,0.0,0.0,True,True,96,0.10*validation_mean; floor=0.25,sorted model names,deterministic accumulated cost then model path,switch-budget feasibility filter only,1e-09,0.0,0.0,0.0,0.0,0.0,0.0,0.0,0.0,0.0,0.0,0.0,0.0,none,63,100,0.63,62.59699245283631,63,0.63,62.59699245283631
M5,persistent_backlog,FOODS_3_808__CA_1,14,validation_q25,6.0,6.0,0.0,True,False,False,unconstrained_switch_count > K,False,False,False,True,True,True,True,True,True,0.0,0.0,0.0,True,True,96,0.10*validation_mean; floor=0.25,sorted model names,deterministic accumulated cost then model path,switch-budget feasibility filter only,1e-09,0.0,0.0,0.0,0.0,0.0,0.0,0.0,0.0,0.0,0.0,0.0,0.0,none,63,100,0.63,62.59699245283631,63,0.63,62.59699245283631
M5,persistent_backlog,FOODS_3_808__CA_3,14,validation_q25,3.0,3.0,0.0,True,False,False,unconstrained_switch_count > K,False,False,False,True,True,True,True,True,True,0.0,0.0,0.0,True,True,96,0.10*validation_mean; floor=0.25,sorted model names,deterministic accumulated cost then model path,switch-budget feasibility filter only,1e-09,0.0,0.0,0.0,0.0,0.0,0.0,0.0,0.0,0.0,0.0,0.0,0.0,none,63,100,0.63,62.59699245283631,63,0.63,62.59699245283631
M5,persistent_backlog,HOUSEHOLD_1_118__CA_3,14,validation_q25,14.0,14.0,0.0,True,False,False,unconstrained_switch_count > K,False,False,False,True,True,True,True,True,True,0.0,0.0,0.0,True,True,96,0.10*validation_mean; floor=0.25,sorted model names,deterministic accumulated cost then model path,switch-budget feasibility filter only,1e-09,0.0,0.0,0.0,0.0,0.0,0.0,0.0,0.0,0.0,0.0,0.0,0.0,none,63,100,0.63,62.59699245283631,63,0.63,62.59699245283631
M5,persistent_backlog,HOUSEHOLD_1_334__CA_3,14,validation_q25,20.0,14.0,6.0,False,True,True,unconstrained_switch_count > K,True,False,True,False,False,True,False,False,False,-3.0,-3.0,-3.0,False,False,96,0.10*validation_mean; floor=0.25,sorted model names,deterministic accumulated cost then model path,switch-budget feasibility filter only,1e-09,0.0,0.0,0.0,0.0,-3.0,0.0,0.0,0.0,0.0,36.282908126911025,0.0,0.0,branch-specific beam-pruning path: the budget feasibility filter changes the retained approximate state set despite a feasible unconstrained terminal path,63,100,0.63,62.59699245283631,63,0.63,62.59699245283631
M5,persistent_backlog,HOUSEHOLD_1_459__CA_3,14,validation_q25,17.0,14.0,3.0,False,True,True,unconstrained_switch_count > K,True,False,True,False,False,True,False,False,False,-1.5,-1.5,-1.5,False,False,96,0.10*validation_mean; floor=0.25,sorted model names,deterministic accumulated cost then model path,switch-budget feasibility filter only,1e-09,0.0,0.0,0.0,0.0,-1.5,0.0,0.0,0.0,0.0,7.2945196994405705,0.0,0.0,branch-specific beam-pruning path: the budget feasibility filter changes the retained approximate state set despite a feasible unconstrained terminal path,63,100,0.63,62.59699245283631,63,0.63,62.59699245283631
M5,strict_switch_budget,FOODS_1_218__TX_2,2,fixed_K2,1.0,1.0,0.0,True,False,False,unconstrained_switch_count > K,False,False,False,True,True,True,True,True,True,0.0,0.0,0.0,True,True,96,0.10*validation_mean; floor=0.25,sorted model names,deterministic accumulated cost then model path,switch-budget feasibility filter only,1e-09,0.0,0.0,0.0,0.0,0.0,0.0,0.0,0.0,0.0,0.0,0.0,0.0,none,39,100,0.39,26.30762662772755,39,0.39,26.30762662772755
M5,strict_switch_budget,FOODS_2_197__CA_1,2,fixed_K2,1.0,1.0,0.0,True,False,False,unconstrained_switch_count > K,False,False,False,True,True,True,True,True,True,0.0,0.0,0.0,True,True,96,0.10*validation_mean; floor=0.25,sorted model names,deterministic accumulated cost then model path,switch-budget feasibility filter only,1e-09,0.0,0.0,0.0,0.0,0.0,0.0,0.0,0.0,0.0,0.0,0.0,0.0,none,39,100,0.39,26.30762662772755,39,0.39,26.30762662772755
M5,strict_switch_budget,FOODS_2_197__CA_3,2,fixed_K2,0.0,0.0,0.0,True,False,False,unconstrained_switch_count > K,False,False,False,True,True,True,True,True,True,0.0,0.0,0.0,True,True,96,0.10*validation_mean; floor=0.25,sorted model names,deterministic accumulated cost then model path,switch-budget feasibility filter only,1e-09,0.0,0.0,0.0,0.0,0.0,0.0,0.0,0.0,0.0,0.0,0.0,0.0,none,39,100,0.39,26.30762662772755,39,0.39,26.30762662772755
M5,strict_switch_budget,FOODS_2_276__CA_3,2,fixed_K2,1.0,1.0,0.0,True,False,False,unconstrained_switch_count > K,False,False,False,True,True,True,True,True,True,0.0,0.0,0.0,True,True,96,0.10*validation_mean; floor=0.25,sorted model names,deterministic accumulated cost then model path,switch-budget feasibility filter only,1e-09,0.0,0.0,0.0,0.0,0.0,0.0,0.0,0.0,0.0,0.0,0.0,0.0,none,39,100,0.39,26.30762662772755,39,0.39,26.30762662772755
M5,strict_switch_budget,FOODS_2_360__CA_3,2,fixed_K2,12.0,2.0,10.0,False,True,True,unconstrained_switch_count > K,True,False,True,False,False,False,False,False,False,468.75408245414565,-5.0,468.75408245414565,False,False,96,0.10*validation_mean; floor=0.25,sorted model names,deterministic accumulated cost then model path,switch-budget feasibility filter only,1e-09,-35.285714285714285,509.1987253112893,-0.15892857142857142,0.0,-5.0,-0.06456466000990613,-1.2602040816326516,3.767453846502079,0.0,124.78150677171834,0.03571428571428581,-3.178571428571427,branch-specific beam-pruning path: the budget feasibility filter changes the retained approximate state set despite a feasible unconstrained terminal path,39,100,0.39,26.30762662772755,39,0.39,26.30762662772755
M5,strict_switch_budget,FOODS_2_360__TX_3,2,fixed_K2,9.0,2.0,7.0,False,True,True,unconstrained_switch_count > K,True,False,True,False,False,True,False,False,False,-3.5,-3.5,-3.5,False,False,96,0.10*validation_mean; floor=0.25,sorted model names,deterministic accumulated cost then model path,switch-budget feasibility filter only,1e-09,0.0,0.0,0.0,0.0,-3.5,0.0,0.0,0.0,0.0,107.14285714285711,0.0,0.0,branch-specific beam-pruning path: the budget feasibility filter changes the retained approximate state set despite a feasible unconstrained terminal path,39,100,0.39,26.30762662772755,39,0.39,26.30762662772755
M5,strict_switch_budget,FOODS_2_360__WI_2,2,fixed_K2,3.0,1.0,2.0,False,True,True,unconstrained_switch_count > K,True,False,True,False,False,True,False,False,False,-1.0,-1.0,-1.0,False,False,96,0.10*validation_mean; floor=0.25,sorted model names,deterministic accumulated cost then model path,switch-budget feasibility filter only,1e-09,0.0,0.0,0.0,0.0,-1.0,0.0,0.0,0.0,0.0,-58.11178467538139,0.0,0.0,branch-specific beam-pruning path: the budget feasibility filter changes the retained approximate state set despite a feasible unconstrained terminal path,39,100,0.39,26.30762662772755,39,0.39,26.30762662772755
M5,strict_switch_budget,FOODS_3_007__WI_2,2,fixed_K2,6.0,2.0,4.0,False,True,True,unconstrained_switch_count > K,True,False,True,False,False,True,False,False,False,-2.0,-2.0,-2.0,False,False,96,0.10*validation_mean; floor=0.25,sorted model names,deterministic accumulated cost then model path,switch-budget feasibility filter only,1e-09,0.0,0.0,0.0,0.0,-2.0,0.0,0.0,0.0,0.0,518.6785714285725,0.0,0.0,branch-specific beam-pruning path: the budget feasibility filter changes the retained approximate state set despite a feasible unconstrained terminal path,39,100,0.39,26.30762662772755,39,0.39,26.30762662772755
M5,strict_switch_budget,FOODS_3_030__TX_2,2,fixed_K2,2.0,2.0,0.0,True,False,False,unconstrained_switch_count > K,False,False,False,True,True,True,True,True,True,0.0,0.0,0.0,True,True,96,0.10*validation_mean; floor=0.25,sorted model names,deterministic accumulated cost then model path,switch-budget feasibility filter only,1e-09,0.0,0.0,0.0,0.0,0.0,0.0,0.0,0.0,0.0,0.0,0.0,0.0,none,39,100,0.39,26.30762662772755,39,0.39,26.30762662772755
M5,strict_switch_budget,FOODS_3_030__TX_3,2,fixed_K2,2.0,2.0,0.0,True,False,False,unconstrained_switch_count > K,False,False,False,True,True,True,True,True,True,0.0,0.0,0.0,True,True,96,0.10*validation_mean; floor=0.25,sorted model names,deterministic accumulated cost then model path,switch-budget feasibility filter only,1e-09,0.0,0.0,0.0,0.0,0.0,0.0,0.0,0.0,0.0,0.0,0.0,0.0,none,39,100,0.39,26.30762662772755,39,0.39,26.30762662772755
M5,strict_switch_budget,FOODS_3_080__CA_1,2,fixed_K2,3.0,1.0,2.0,False,True,True,unconstrained_switch_count > K,True,False,True,False,False,False,False,False,False,-0.6585576519362348,-1.0,-0.6585576519362348,False,False,96,0.10*validation_mean; floor=0.25,sorted model names,deterministic accumulated cost then model path,switch-budget feasibility filter only,1e-09,0.0,0.0,0.3414423480636968,0.0,-1.0,0.0,0.0,0.0,0.0,2.3080357142857366,0.0,6.828846961273939,branch-specific beam-pruning path: the budget feasibility filter changes the retained approximate state set despite a feasible unconstrained terminal path,39,100,0.39,26.30762662772755,39,0.39,26.30762662772755
M5,strict_switch_budget,FOODS_3_080__TX_2,2,fixed_K2,0.0,0.0,0.0,True,False,False,unconstrained_switch_count > K,False,False,False,True,True,True,True,True,True,0.0,0.0,0.0,True,True,96,0.10*validation_mean; floor=0.25,sorted model names,deterministic accumulated cost then model path,switch-budget feasibility filter only,1e-09,0.0,0.0,0.0,0.0,0.0,0.0,0.0,0.0,0.0,0.0,0.0,0.0,none,39,100,0.39,26.30762662772755,39,0.39,26.30762662772755
M5,strict_switch_budget,FOODS_3_090__CA_1,2,fixed_K2,4.0,1.0,3.0,False,True,True,unconstrained_switch_count > K,True,False,True,False,False,True,False,False,False,-1.5,-1.5,-1.5,False,False,96,0.10*validation_mean; floor=0.25,sorted model names,deterministic accumulated cost then model path,switch-budget feasibility filter only,1e-09,0.0,0.0,0.0,0.0,-1.5,0.0,0.0,0.0,0.0,-17.96668800964835,0.0,0.0,branch-specific beam-pruning path: the budget feasibility filter changes the retained approximate state set despite a feasible unconstrained terminal path,39,100,0.39,26.30762662772755,39,0.39,26.30762662772755
M5,strict_switch_budget,FOODS_3_090__CA_2,2,fixed_K2,2.0,2.0,0.0,True,False,False,unconstrained_switch_count > K,False,False,False,True,True,True,True,True,True,0.0,0.0,0.0,True,True,96,0.10*validation_mean; floor=0.25,sorted model names,deterministic accumulated cost then model path,switch-budget feasibility filter only,1e-09,0.0,0.0,0.0,0.0,0.0,0.0,0.0,0.0,0.0,0.0,0.0,0.0,none,39,100,0.39,26.30762662772755,39,0.39,26.30762662772755
M5,strict_switch_budget,FOODS_3_090__CA_3,2,fixed_K2,5.0,2.0,3.0,False,True,True,unconstrained_switch_count > K,True,False,True,False,False,False,False,False,False,-10.221428571428987,-1.5,-10.221428571428987,False,False,96,0.10*validation_mean; floor=0.25,sorted model names,deterministic accumulated cost then model path,switch-budget feasibility filter only,1e-09,-7.9285714285715585,0.0,-0.7928571428571445,0.0,-1.5,0.0,-0.2831632653061291,0.0,0.0,-78.16815428597033,0.0,-15.857142857142946,branch-specific beam-pruning path: the budget feasibility filter changes the retained approximate state set despite a feasible unconstrained terminal path,39,100,0.39,26.30762662772755,39,0.39,26.30762662772755
M5,strict_switch_budget,FOODS_3_090__CA_4,2,fixed_K2,2.0,2.0,0.0,True,False,False,unconstrained_switch_count > K,False,False,False,True,True,True,True,True,True,0.0,0.0,0.0,True,True,96,0.10*validation_mean; floor=0.25,sorted model names,deterministic accumulated cost then model path,switch-budget feasibility filter only,1e-09,0.0,0.0,0.0,0.0,0.0,0.0,0.0,0.0,0.0,0.0,0.0,0.0,none,39,100,0.39,26.30762662772755,39,0.39,26.30762662772755
M5,strict_switch_budget,FOODS_3_090__TX_1,2,fixed_K2,3.0,1.0,2.0,False,True,True,unconstrained_switch_count > K,True,False,True,False,False,False,False,False,False,-1.061607142856701,-1.0,-1.061607142856701,False,False,96,0.10*validation_mean; floor=0.25,sorted model names,deterministic accumulated cost then model path,switch-budget feasibility filter only,1e-09,0.0,0.0,-0.061607142857143415,0.0,-1.0,0.0,0.0,0.0,0.0,-13.41071428571422,-0.03571428571428581,-1.2321428571428328,branch-specific beam-pruning path: the budget feasibility filter changes the retained approximate state set despite a feasible unconstrained terminal path,39,100,0.39,26.30762662772755,39,0.39,26.30762662772755
M5,strict_switch_budget,FOODS_3_090__TX_2,2,fixed_K2,1.0,1.0,0.0,True,False,False,unconstrained_switch_count > K,False,False,False,True,True,True,True,True,True,0.0,0.0,0.0,True,True,96,0.10*validation_mean; floor=0.25,sorted model names,deterministic accumulated cost then model path,switch-budget feasibility filter only,1e-09,0.0,0.0,0.0,0.0,0.0,0.0,0.0,0.0,0.0,0.0,0.0,0.0,none,39,100,0.39,26.30762662772755,39,0.39,26.30762662772755
M5,strict_switch_budget,FOODS_3_090__TX_3,2,fixed_K2,3.0,1.0,2.0,False,True,True,unconstrained_switch_count > K,True,False,True,False,False,True,False,False,False,-1.0,-1.0,-1.0,False,False,96,0.10*validation_mean; floor=0.25,sorted model names,deterministic accumulated cost then model path,switch-budget feasibility filter only,1e-09,0.0,0.0,0.0,0.0,-1.0,0.0,0.0,0.0,0.0,-23.035714285714278,0.0,0.0,branch-specific beam-pruning path: the budget feasibility filter changes the retained approximate state set despite a feasible unconstrained terminal path,39,100,0.39,26.30762662772755,39,0.39,26.30762662772755
M5,strict_switch_budget,FOODS_3_090__WI_3,2,fixed_K2,1.0,1.0,0.0,True,False,False,unconstrained_switch_count > K,False,False,False,True,True,True,True,True,True,0.0,0.0,0.0,True,True,96,0.10*validation_mean; floor=0.25,sorted model names,deterministic accumulated cost then model path,switch-budget feasibility filter only,1e-09,0.0,0.0,0.0,0.0,0.0,0.0,0.0,0.0,0.0,0.0,0.0,0.0,none,39,100,0.39,26.30762662772755,39,0.39,26.30762662772755
M5,strict_switch_budget,FOODS_3_099__TX_2,2,fixed_K2,3.0,1.0,2.0,False,True,True,unconstrained_switch_count > K,True,False,True,False,False,True,False,False,False,-1.0,-1.0,-1.0,False,False,96,0.10*validation_mean; floor=0.25,sorted model names,deterministic accumulated cost then model path,switch-budget feasibility filter only,1e-09,0.0,0.0,0.0,0.0,-1.0,0.0,0.0,0.0,0.0,-5.986107337447827,0.0,0.0,branch-specific beam-pruning path: the budget feasibility filter changes the retained approximate state set despite a feasible unconstrained terminal path,39,100,0.39,26.30762662772755,39,0.39,26.30762662772755
M5,strict_switch_budget,FOODS_3_120__CA_1,2,fixed_K2,19.0,2.0,17.0,False,True,True,unconstrained_switch_count > K,True,False,True,False,False,False,False,False,False,-1009.7031249999964,-8.5,-1009.7031249999964,False,False,96,0.10*validation_mean; floor=0.25,sorted model names,deterministic accumulated cost then model path,switch-budget feasibility filter only,1e-09,0.0,-999.6651785714257,-1.5379464285714288,0.0,-8.5,0.0,0.0,-23.06919642857136,0.0,48.10715405750625,0.03571428571428581,-30.75892857142857,branch-specific beam-pruning path: the budget feasibility filter changes the retained approximate state set despite a feasible unconstrained terminal path,39,100,0.39,26.30762662772755,39,0.39,26.30762662772755
M5,strict_switch_budget,FOODS_3_120__CA_3,2,fixed_K2,17.0,2.0,15.0,False,True,True,unconstrained_switch_count > K,True,False,True,False,False,False,False,False,False,2844.5622932973347,-7.5,2844.5622932973347,False,False,96,0.10*validation_mean; floor=0.25,sorted model names,deterministic accumulated cost then model path,switch-budget feasibility filter only,1e-09,0.0,2852.2437005149623,-0.18140721762975387,0.0,-7.5,-0.02849790460427,0.0,21.661248130684612,0.0,892.551026926847,0.0,-3.628144352595065,branch-specific beam-pruning path: the budget feasibility filter changes the retained approximate state set despite a feasible unconstrained terminal path,39,100,0.39,26.30762662772755,39,0.39,26.30762662772755
M5,strict_switch_budget,FOODS_3_120__WI_3,2,fixed_K2,14.0,2.0,12.0,False,True,True,unconstrained_switch_count > K,True,False,True,False,False,True,False,False,False,-6.0,-6.0,-6.0,False,False,96,0.10*validation_mean; floor=0.25,sorted model names,deterministic accumulated cost then model path,switch-budget feasibility filter only,1e-09,0.0,0.0,0.0,0.0,-6.0,0.0,0.0,0.0,0.0,299.67857142857065,0.0,0.0,branch-specific beam-pruning path: the budget feasibility filter changes the retained approximate state set despite a feasible unconstrained terminal path,39,100,0.39,26.30762662772755,39,0.39,26.30762662772755
M5,strict_switch_budget,FOODS_3_202__CA_3,2,fixed_K2,1.0,1.0,0.0,True,False,False,unconstrained_switch_count > K,False,False,False,True,True,True,True,True,True,0.0,0.0,0.0,True,True,96,0.10*validation_mean; floor=0.25,sorted model names,deterministic accumulated cost then model path,switch-budget feasibility filter only,1e-09,0.0,0.0,0.0,0.0,0.0,0.0,0.0,0.0,0.0,0.0,0.0,0.0,none,39,100,0.39,26.30762662772755,39,0.39,26.30762662772755
M5,strict_switch_budget,FOODS_3_202__TX_1,2,fixed_K2,2.0,2.0,0.0,True,False,False,unconstrained_switch_count > K,False,False,False,True,True,True,True,True,True,0.0,0.0,0.0,True,True,96,0.10*validation_mean; floor=0.25,sorted model names,deterministic accumulated cost then model path,switch-budget feasibility filter only,1e-09,0.0,0.0,0.0,0.0,0.0,0.0,0.0,0.0,0.0,0.0,0.0,0.0,none,39,100,0.39,26.30762662772755,39,0.39,26.30762662772755
M5,strict_switch_budget,FOODS_3_202__TX_2,2,fixed_K2,2.0,2.0,0.0,True,False,False,unconstrained_switch_count > K,False,False,False,True,True,True,True,True,True,0.0,0.0,0.0,True,True,96,0.10*validation_mean; floor=0.25,sorted model names,deterministic accumulated cost then model path,switch-budget feasibility filter only,1e-09,0.0,0.0,0.0,0.0,0.0,0.0,0.0,0.0,0.0,0.0,0.0,0.0,none,39,100,0.39,26.30762662772755,39,0.39,26.30762662772755
M5,strict_switch_budget,FOODS_3_202__TX_3,2,fixed_K2,2.0,2.0,0.0,True,False,False,unconstrained_switch_count > K,False,False,False,True,True,True,True,True,True,0.0,0.0,0.0,True,True,96,0.10*validation_mean; floor=0.25,sorted model names,deterministic accumulated cost then model path,switch-budget feasibility filter only,1e-09,0.0,0.0,0.0,0.0,0.0,0.0,0.0,0.0,0.0,0.0,0.0,0.0,none,39,100,0.39,26.30762662772755,39,0.39,26.30762662772755
M5,strict_switch_budget,FOODS_3_226__WI_1,2,fixed_K2,3.0,2.0,1.0,False,True,True,unconstrained_switch_count > K,True,False,True,False,False,False,False,False,False,4.417857142856974,-0.5,4.417857142856974,False,False,96,0.10*validation_mean; floor=0.25,sorted model names,deterministic accumulated cost then model path,switch-budget feasibility filter only,1e-09,0.0,4.821428571428555,0.09642857142856975,0.0,-0.5,-0.0009435280961700432,0.0,0.9642857142857082,0.0,-5.892857142857167,0.0,1.928571428571388,branch-specific beam-pruning path: the budget feasibility filter changes the retained approximate state set despite a feasible unconstrained terminal path,39,100,0.39,26.30762662772755,39,0.39,26.30762662772755
M5,strict_switch_budget,FOODS_3_226__WI_2,2,fixed_K2,5.0,2.0,3.0,False,True,True,unconstrained_switch_count > K,True,False,True,False,False,False,False,False,False,17.712404894020892,-1.5,17.712404894020892,False,False,96,0.10*validation_mean; floor=0.25,sorted model names,deterministic accumulated cost then model path,switch-budget feasibility filter only,1e-09,1.2024020463365446,18.21428571428578,-0.2042828666017087,0.0,-1.5,-0.002900363967243136,0.04294293022630491,0.0,0.0,-0.6428571428571104,-0.0357142857142857,-4.085657332034174,branch-specific beam-pruning path: the budget feasibility filter changes the retained approximate state set despite a feasible unconstrained terminal path,39,100,0.39,26.30762662772755,39,0.39,26.30762662772755
M5,strict_switch_budget,FOODS_3_226__WI_3,2,fixed_K2,1.0,1.0,0.0,True,False,False,unconstrained_switch_count > K,False,False,False,True,True,True,True,True,True,0.0,0.0,0.0,True,True,96,0.10*validation_mean; floor=0.25,sorted model names,deterministic accumulated cost then model path,switch-budget feasibility filter only,1e-09,0.0,0.0,0.0,0.0,0.0,0.0,0.0,0.0,0.0,0.0,0.0,0.0,none,39,100,0.39,26.30762662772755,39,0.39,26.30762662772755
M5,strict_switch_budget,FOODS_3_234__CA_3,2,fixed_K2,0.0,0.0,0.0,True,False,False,unconstrained_switch_count > K,False,False,False,True,True,True,True,True,True,0.0,0.0,0.0,True,True,96,0.10*validation_mean; floor=0.25,sorted model names,deterministic accumulated cost then model path,switch-budget feasibility filter only,1e-09,0.0,0.0,0.0,0.0,0.0,0.0,0.0,0.0,0.0,0.0,0.0,0.0,none,39,100,0.39,26.30762662772755,39,0.39,26.30762662772755
M5,strict_switch_budget,FOODS_3_234__WI_2,2,fixed_K2,4.0,1.0,3.0,False,True,True,unconstrained_switch_count > K,True,False,True,False,False,False,False,False,False,-13.096527400937703,-1.5,-13.096527400937703,False,False,96,0.10*validation_mean; floor=0.25,sorted model names,deterministic accumulated cost then model path,switch-budget feasibility filter only,1e-09,-18.41096232850459,6.789434927568436,0.025000000000000022,0.0,-1.5,-0.0034746348803591995,-0.6575343688751639,-0.03559026431915413,0.0,-3.498473311698831,0.0,0.5,branch-specific beam-pruning path: the budget feasibility filter changes the retained approximate state set despite a feasible unconstrained terminal path,39,100,0.39,26.30762662772755,39,0.39,26.30762662772755
M5,strict_switch_budget,FOODS_3_234__WI_3,2,fixed_K2,0.0,0.0,0.0,True,False,False,unconstrained_switch_count > K,False,False,False,True,True,True,True,True,True,0.0,0.0,0.0,True,True,96,0.10*validation_mean; floor=0.25,sorted model names,deterministic accumulated cost then model path,switch-budget feasibility filter only,1e-09,0.0,0.0,0.0,0.0,0.0,0.0,0.0,0.0,0.0,0.0,0.0,0.0,none,39,100,0.39,26.30762662772755,39,0.39,26.30762662772755
M5,strict_switch_budget,FOODS_3_252__CA_1,2,fixed_K2,2.0,2.0,0.0,True,False,False,unconstrained_switch_count > K,False,False,False,True,True,True,True,True,True,0.0,0.0,0.0,True,True,96,0.10*validation_mean; floor=0.25,sorted model names,deterministic accumulated cost then model path,switch-budget feasibility filter only,1e-09,0.0,0.0,0.0,0.0,0.0,0.0,0.0,0.0,0.0,0.0,0.0,0.0,none,39,100,0.39,26.30762662772755,39,0.39,26.30762662772755
M5,strict_switch_budget,FOODS_3_252__CA_2,2,fixed_K2,2.0,2.0,0.0,True,False,False,unconstrained_switch_count > K,False,False,False,True,True,True,True,True,True,0.0,0.0,0.0,True,True,96,0.10*validation_mean; floor=0.25,sorted model names,deterministic accumulated cost then model path,switch-budget feasibility filter only,1e-09,0.0,0.0,0.0,0.0,0.0,0.0,0.0,0.0,0.0,0.0,0.0,0.0,none,39,100,0.39,26.30762662772755,39,0.39,26.30762662772755
M5,strict_switch_budget,FOODS_3_252__CA_3,2,fixed_K2,1.0,1.0,0.0,True,False,False,unconstrained_switch_count > K,False,False,False,True,True,True,True,True,True,0.0,0.0,0.0,True,True,96,0.10*validation_mean; floor=0.25,sorted model names,deterministic accumulated cost then model path,switch-budget feasibility filter only,1e-09,0.0,0.0,0.0,0.0,0.0,0.0,0.0,0.0,0.0,0.0,0.0,0.0,none,39,100,0.39,26.30762662772755,39,0.39,26.30762662772755
M5,strict_switch_budget,FOODS_3_252__TX_1,2,fixed_K2,1.0,1.0,0.0,True,False,False,unconstrained_switch_count > K,False,False,False,True,True,True,True,True,True,0.0,0.0,0.0,True,True,96,0.10*validation_mean; floor=0.25,sorted model names,deterministic accumulated cost then model path,switch-budget feasibility filter only,1e-09,0.0,0.0,0.0,0.0,0.0,0.0,0.0,0.0,0.0,0.0,0.0,0.0,none,39,100,0.39,26.30762662772755,39,0.39,26.30762662772755
M5,strict_switch_budget,FOODS_3_252__TX_2,2,fixed_K2,1.0,1.0,0.0,True,False,False,unconstrained_switch_count > K,False,False,False,True,True,True,True,True,True,0.0,0.0,0.0,True,True,96,0.10*validation_mean; floor=0.25,sorted model names,deterministic accumulated cost then model path,switch-budget feasibility filter only,1e-09,0.0,0.0,0.0,0.0,0.0,0.0,0.0,0.0,0.0,0.0,0.0,0.0,none,39,100,0.39,26.30762662772755,39,0.39,26.30762662772755
M5,strict_switch_budget,FOODS_3_252__TX_3,2,fixed_K2,5.0,2.0,3.0,False,True,True,unconstrained_switch_count > K,True,False,True,False,False,False,False,False,False,-126.9051027746234,-1.5,-126.9051027746234,False,False,96,0.10*validation_mean; floor=0.25,sorted model names,deterministic accumulated cost then model path,switch-budget feasibility filter only,1e-09,40.01057260383027,-165.00836373038533,-0.4073116480683403,0.0,-1.5,0.03606740190828084,1.4289490215653693,0.0,0.0,-96.36014062941493,-0.07142857142857151,-8.14623296136682,branch-specific beam-pruning path: the budget feasibility filter changes the retained approximate state set despite a feasible unconstrained terminal path,39,100,0.39,26.30762662772755,39,0.39,26.30762662772755
M5,strict_switch_budget,FOODS_3_252__WI_3,2,fixed_K2,3.0,1.0,2.0,False,True,True,unconstrained_switch_count > K,True,False,True,False,False,True,False,False,False,-1.0,-1.0,-1.0,False,False,96,0.10*validation_mean; floor=0.25,sorted model names,deterministic accumulated cost then model path,switch-budget feasibility filter only,1e-09,0.0,0.0,0.0,0.0,-1.0,0.0,0.0,0.0,0.0,-2.5414909380565973,0.0,0.0,branch-specific beam-pruning path: the budget feasibility filter changes the retained approximate state set despite a feasible unconstrained terminal path,39,100,0.39,26.30762662772755,39,0.39,26.30762662772755
M5,strict_switch_budget,FOODS_3_281__CA_3,2,fixed_K2,12.0,2.0,10.0,False,True,True,unconstrained_switch_count > K,True,False,True,False,False,True,False,False,False,-5.0,-5.0,-5.0,False,False,96,0.10*validation_mean; floor=0.25,sorted model names,deterministic accumulated cost then model path,switch-budget feasibility filter only,1e-09,0.0,0.0,0.0,0.0,-5.0,0.0,0.0,0.0,0.0,21.88459246185812,0.0,0.0,branch-specific beam-pruning path: the budget feasibility filter changes the retained approximate state set despite a feasible unconstrained terminal path,39,100,0.39,26.30762662772755,39,0.39,26.30762662772755
M5,strict_switch_budget,FOODS_3_282__CA_3,2,fixed_K2,1.0,1.0,0.0,True,False,False,unconstrained_switch_count > K,False,False,False,True,True,True,True,True,True,0.0,0.0,0.0,True,True,96,0.10*validation_mean; floor=0.25,sorted model names,deterministic accumulated cost then model path,switch-budget feasibility filter only,1e-09,0.0,0.0,0.0,0.0,0.0,0.0,0.0,0.0,0.0,0.0,0.0,0.0,none,39,100,0.39,26.30762662772755,39,0.39,26.30762662772755
M5,strict_switch_budget,FOODS_3_288__CA_3,2,fixed_K2,1.0,1.0,0.0,True,False,False,unconstrained_switch_count > K,False,False,False,True,True,True,True,True,True,0.0,0.0,0.0,True,True,96,0.10*validation_mean; floor=0.25,sorted model names,deterministic accumulated cost then model path,switch-budget feasibility filter only,1e-09,0.0,0.0,0.0,0.0,0.0,0.0,0.0,0.0,0.0,0.0,0.0,0.0,none,39,100,0.39,26.30762662772755,39,0.39,26.30762662772755
M5,strict_switch_budget,FOODS_3_318__CA_3,2,fixed_K2,3.0,2.0,1.0,False,True,True,unconstrained_switch_count > K,True,False,True,False,False,False,False,False,False,-0.5734374999997272,-0.5,-0.5734374999997272,False,False,96,0.10*validation_mean; floor=0.25,sorted model names,deterministic accumulated cost then model path,switch-budget feasibility filter only,1e-09,0.0,0.0,-0.07343749999999982,0.0,-0.5,0.0,0.0,0.0,0.0,-0.9955357142857792,-0.0357142857142857,-1.4687499999999716,branch-specific beam-pruning path: the budget feasibility filter changes the retained approximate state set despite a feasible unconstrained terminal path,39,100,0.39,26.30762662772755,39,0.39,26.30762662772755
M5,strict_switch_budget,FOODS_3_318__WI_3,2,fixed_K2,1.0,1.0,0.0,True,False,False,unconstrained_switch_count > K,False,False,False,True,True,True,True,True,True,0.0,0.0,0.0,True,True,96,0.10*validation_mean; floor=0.25,sorted model names,deterministic accumulated cost then model path,switch-budget feasibility filter only,1e-09,0.0,0.0,0.0,0.0,0.0,0.0,0.0,0.0,0.0,0.0,0.0,0.0,none,39,100,0.39,26.30762662772755,39,0.39,26.30762662772755
M5,strict_switch_budget,FOODS_3_319__CA_3,2,fixed_K2,0.0,0.0,0.0,True,False,False,unconstrained_switch_count > K,False,False,False,True,True,True,True,True,True,0.0,0.0,0.0,True,True,96,0.10*validation_mean; floor=0.25,sorted model names,deterministic accumulated cost then model path,switch-budget feasibility filter only,1e-09,0.0,0.0,0.0,0.0,0.0,0.0,0.0,0.0,0.0,0.0,0.0,0.0,none,39,100,0.39,26.30762662772755,39,0.39,26.30762662772755
M5,strict_switch_budget,FOODS_3_376__WI_2,2,fixed_K2,5.0,2.0,3.0,False,True,True,unconstrained_switch_count > K,True,False,True,False,False,False,False,False,False,-4374.392803684543,-1.5,-4374.392803684543,False,False,96,0.10*validation_mean; floor=0.25,sorted model names,deterministic accumulated cost then model path,switch-budget feasibility filter only,1e-09,-44.04077790216789,-4327.9390793538005,-0.9129464285714282,0.0,-1.5,-0.018480005984838607,-1.5728849250774237,-41.748674526959405,0.0,-980.6090535022831,0.0357142857142857,-18.25892857142857,branch-specific beam-pruning path: the budget feasibility filter changes the retained approximate state set despite a feasible unconstrained terminal path,39,100,0.39,26.30762662772755,39,0.39,26.30762662772755
M5,strict_switch_budget,FOODS_3_377__TX_2,2,fixed_K2,2.0,2.0,0.0,True,False,False,unconstrained_switch_count > K,False,False,False,True,True,True,True,True,True,0.0,0.0,0.0,True,True,96,0.10*validation_mean; floor=0.25,sorted model names,deterministic accumulated cost then model path,switch-budget feasibility filter only,1e-09,0.0,0.0,0.0,0.0,0.0,0.0,0.0,0.0,0.0,0.0,0.0,0.0,none,39,100,0.39,26.30762662772755,39,0.39,26.30762662772755
M5,strict_switch_budget,FOODS_3_377__TX_3,2,fixed_K2,2.0,2.0,0.0,True,False,False,unconstrained_switch_count > K,False,False,False,True,True,True,True,True,True,0.0,0.0,0.0,True,True,96,0.10*validation_mean; floor=0.25,sorted model names,deterministic accumulated cost then model path,switch-budget feasibility filter only,1e-09,0.0,0.0,0.0,0.0,0.0,0.0,0.0,0.0,0.0,0.0,0.0,0.0,none,39,100,0.39,26.30762662772755,39,0.39,26.30762662772755
M5,strict_switch_budget,FOODS_3_412__WI_2,2,fixed_K2,1.0,1.0,0.0,True,False,False,unconstrained_switch_count > K,False,False,False,True,True,True,True,True,True,0.0,0.0,0.0,True,True,96,0.10*validation_mean; floor=0.25,sorted model names,deterministic accumulated cost then model path,switch-budget feasibility filter only,1e-09,0.0,0.0,0.0,0.0,0.0,0.0,0.0,0.0,0.0,0.0,0.0,0.0,none,39,100,0.39,26.30762662772755,39,0.39,26.30762662772755
M5,strict_switch_budget,FOODS_3_462__WI_2,2,fixed_K2,1.0,1.0,0.0,True,False,False,unconstrained_switch_count > K,False,False,False,True,True,True,True,True,True,0.0,0.0,0.0,True,True,96,0.10*validation_mean; floor=0.25,sorted model names,deterministic accumulated cost then model path,switch-budget feasibility filter only,1e-09,0.0,0.0,0.0,0.0,0.0,0.0,0.0,0.0,0.0,0.0,0.0,0.0,none,39,100,0.39,26.30762662772755,39,0.39,26.30762662772755
M5,strict_switch_budget,FOODS_3_501__CA_3,2,fixed_K2,2.0,2.0,0.0,True,False,False,unconstrained_switch_count > K,False,False,False,True,True,True,True,True,True,0.0,0.0,0.0,True,True,96,0.10*validation_mean; floor=0.25,sorted model names,deterministic accumulated cost then model path,switch-budget feasibility filter only,1e-09,0.0,0.0,0.0,0.0,0.0,0.0,0.0,0.0,0.0,0.0,0.0,0.0,none,39,100,0.39,26.30762662772755,39,0.39,26.30762662772755
M5,strict_switch_budget,FOODS_3_541__CA_1,2,fixed_K2,1.0,1.0,0.0,True,False,False,unconstrained_switch_count > K,False,False,False,True,True,True,True,True,True,0.0,0.0,0.0,True,True,96,0.10*validation_mean; floor=0.25,sorted model names,deterministic accumulated cost then model path,switch-budget feasibility filter only,1e-09,0.0,0.0,0.0,0.0,0.0,0.0,0.0,0.0,0.0,0.0,0.0,0.0,none,39,100,0.39,26.30762662772755,39,0.39,26.30762662772755
M5,strict_switch_budget,FOODS_3_541__CA_3,2,fixed_K2,1.0,1.0,0.0,True,False,False,unconstrained_switch_count > K,False,False,False,True,True,True,True,True,True,0.0,0.0,0.0,True,True,96,0.10*validation_mean; floor=0.25,sorted model names,deterministic accumulated cost then model path,switch-budget feasibility filter only,1e-09,0.0,0.0,0.0,0.0,0.0,0.0,0.0,0.0,0.0,0.0,0.0,0.0,none,39,100,0.39,26.30762662772755,39,0.39,26.30762662772755
M5,strict_switch_budget,FOODS_3_547__WI_2,2,fixed_K2,3.0,2.0,1.0,False,True,True,unconstrained_switch_count > K,True,False,True,False,False,False,False,False,False,1888.8131958606277,-0.5,1888.8131958606277,False,False,96,0.10*validation_mean; floor=0.25,sorted model names,deterministic accumulated cost then model path,switch-budget feasibility filter only,1e-09,-359.840653966835,2249.181170553735,-0.027320726271639728,0.0,-0.5,-0.15020773091456519,-12.851451927386968,10.290182342927821,0.0,478.9413804762281,0.0357142857142857,-0.5464145254328088,branch-specific beam-pruning path: the budget feasibility filter changes the retained approximate state set despite a feasible unconstrained terminal path,39,100,0.39,26.30762662772755,39,0.39,26.30762662772755
M5,strict_switch_budget,FOODS_3_555__CA_1,2,fixed_K2,1.0,1.0,0.0,True,False,False,unconstrained_switch_count > K,False,False,False,True,True,True,True,True,True,0.0,0.0,0.0,True,True,96,0.10*validation_mean; floor=0.25,sorted model names,deterministic accumulated cost then model path,switch-budget feasibility filter only,1e-09,0.0,0.0,0.0,0.0,0.0,0.0,0.0,0.0,0.0,0.0,0.0,0.0,none,39,100,0.39,26.30762662772755,39,0.39,26.30762662772755
M5,strict_switch_budget,FOODS_3_555__CA_3,2,fixed_K2,2.0,2.0,0.0,True,False,False,unconstrained_switch_count > K,False,False,False,True,True,True,True,True,True,0.0,0.0,0.0,True,True,96,0.10*validation_mean; floor=0.25,sorted model names,deterministic accumulated cost then model path,switch-budget feasibility filter only,1e-09,0.0,0.0,0.0,0.0,0.0,0.0,0.0,0.0,0.0,0.0,0.0,0.0,none,39,100,0.39,26.30762662772755,39,0.39,26.30762662772755
M5,strict_switch_budget,FOODS_3_555__TX_1,2,fixed_K2,3.0,1.0,2.0,False,True,True,unconstrained_switch_count > K,True,False,True,False,False,False,False,False,False,-1.0,-1.0,-1.0,False,False,96,0.10*validation_mean; floor=0.25,sorted model names,deterministic accumulated cost then model path,switch-budget feasibility filter only,1e-09,0.0,0.0,0.0,0.0,-1.0,0.0,0.0,0.0,0.0,-3.618159324438011,0.0,0.0,branch-specific beam-pruning path: the budget feasibility filter changes the retained approximate state set despite a feasible unconstrained terminal path,39,100,0.39,26.30762662772755,39,0.39,26.30762662772755
M5,strict_switch_budget,FOODS_3_555__TX_2,2,fixed_K2,2.0,2.0,0.0,True,False,False,unconstrained_switch_count > K,False,False,False,True,True,True,True,True,True,0.0,0.0,0.0,True,True,96,0.10*validation_mean; floor=0.25,sorted model names,deterministic accumulated cost then model path,switch-budget feasibility filter only,1e-09,0.0,0.0,0.0,0.0,0.0,0.0,0.0,0.0,0.0,0.0,0.0,0.0,none,39,100,0.39,26.30762662772755,39,0.39,26.30762662772755
M5,strict_switch_budget,FOODS_3_555__TX_3,2,fixed_K2,1.0,1.0,0.0,True,False,False,unconstrained_switch_count > K,False,False,False,True,True,True,True,True,True,0.0,0.0,0.0,True,True,96,0.10*validation_mean; floor=0.25,sorted model names,deterministic accumulated cost then model path,switch-budget feasibility filter only,1e-09,0.0,0.0,0.0,0.0,0.0,0.0,0.0,0.0,0.0,0.0,0.0,0.0,none,39,100,0.39,26.30762662772755,39,0.39,26.30762662772755
M5,strict_switch_budget,FOODS_3_555__WI_3,2,fixed_K2,1.0,1.0,0.0,True,False,False,unconstrained_switch_count > K,False,False,False,True,True,True,True,True,True,0.0,0.0,0.0,True,True,96,0.10*validation_mean; floor=0.25,sorted model names,deterministic accumulated cost then model path,switch-budget feasibility filter only,1e-09,0.0,0.0,0.0,0.0,0.0,0.0,0.0,0.0,0.0,0.0,0.0,0.0,none,39,100,0.39,26.30762662772755,39,0.39,26.30762662772755
M5,strict_switch_budget,FOODS_3_586__CA_1,2,fixed_K2,2.0,2.0,0.0,True,False,False,unconstrained_switch_count > K,False,False,False,True,True,True,True,True,True,0.0,0.0,0.0,True,True,96,0.10*validation_mean; floor=0.25,sorted model names,deterministic accumulated cost then model path,switch-budget feasibility filter only,1e-09,0.0,0.0,0.0,0.0,0.0,0.0,0.0,0.0,0.0,0.0,0.0,0.0,none,39,100,0.39,26.30762662772755,39,0.39,26.30762662772755
M5,strict_switch_budget,FOODS_3_586__CA_2,2,fixed_K2,2.0,2.0,0.0,True,False,False,unconstrained_switch_count > K,False,False,False,True,True,True,True,True,True,0.0,0.0,0.0,True,True,96,0.10*validation_mean; floor=0.25,sorted model names,deterministic accumulated cost then model path,switch-budget feasibility filter only,1e-09,0.0,0.0,0.0,0.0,0.0,0.0,0.0,0.0,0.0,0.0,0.0,0.0,none,39,100,0.39,26.30762662772755,39,0.39,26.30762662772755
M5,strict_switch_budget,FOODS_3_586__CA_3,2,fixed_K2,6.0,2.0,4.0,False,True,True,unconstrained_switch_count > K,True,False,True,False,False,False,False,False,False,309.5181282622143,-2.0,309.5181282622143,False,False,96,0.10*validation_mean; floor=0.25,sorted model names,deterministic accumulated cost then model path,switch-budget feasibility filter only,1e-09,-68.3809190237921,379.4385117146169,0.46053557138980494,0.0,-2.0,-0.04049503860348114,-2.442175679421151,0.0,0.0,-42.1521199434369,-0.1428571428571428,9.210711427796014,branch-specific beam-pruning path: the budget feasibility filter changes the retained approximate state set despite a feasible unconstrained terminal path,39,100,0.39,26.30762662772755,39,0.39,26.30762662772755
M5,strict_switch_budget,FOODS_3_586__TX_1,2,fixed_K2,3.0,2.0,1.0,False,True,True,unconstrained_switch_count > K,True,False,True,False,False,False,False,False,False,2147.7540428215007,-0.5,2147.7540428215007,False,False,96,0.10*validation_mean; floor=0.25,sorted model names,deterministic accumulated cost then model path,switch-budget feasibility filter only,1e-09,-14.709102029000121,2164.511182001591,-1.5480371510886126,0.0,-0.5,-0.14421930900087349,-0.5253250724642857,0.0,0.0,500.7041751783366,0.0357142857142857,-30.96074302177226,branch-specific beam-pruning path: the budget feasibility filter changes the retained approximate state set despite a feasible unconstrained terminal path,39,100,0.39,26.30762662772755,39,0.39,26.30762662772755
M5,strict_switch_budget,FOODS_3_586__TX_2,2,fixed_K2,3.0,2.0,1.0,False,True,True,unconstrained_switch_count > K,True,False,True,False,False,False,False,False,False,-0.1785714285715585,-0.5,-0.1785714285715585,False,False,96,0.10*validation_mean; floor=0.25,sorted model names,deterministic accumulated cost then model path,switch-budget feasibility filter only,1e-09,0.0,0.0,0.32142857142857295,0.0,-0.5,0.0,0.0,0.0,0.0,0.0,0.0,6.428571428571388,branch-specific beam-pruning path: the budget feasibility filter changes the retained approximate state set despite a feasible unconstrained terminal path,39,100,0.39,26.30762662772755,39,0.39,26.30762662772755
M5,strict_switch_budget,FOODS_3_586__TX_3,2,fixed_K2,3.0,2.0,1.0,False,True,True,unconstrained_switch_count > K,True,False,True,False,False,False,False,False,False,-1.1223214285714675,-0.5,-1.1223214285714675,False,False,96,0.10*validation_mean; floor=0.25,sorted model names,deterministic accumulated cost then model path,switch-budget feasibility filter only,1e-09,0.0,0.0,-0.6223214285714143,0.0,-0.5,0.0,0.0,0.0,0.0,4.125000000000014,0.03571428571428581,-12.446428571428498,branch-specific beam-pruning path: the budget feasibility filter changes the retained approximate state set despite a feasible unconstrained terminal path,39,100,0.39,26.30762662772755,39,0.39,26.30762662772755
M5,strict_switch_budget,FOODS_3_586__WI_3,2,fixed_K2,2.0,2.0,0.0,True,False,False,unconstrained_switch_count > K,False,False,False,True,True,True,True,True,True,0.0,0.0,0.0,True,True,96,0.10*validation_mean; floor=0.25,sorted model names,deterministic accumulated cost then model path,switch-budget feasibility filter only,1e-09,0.0,0.0,0.0,0.0,0.0,0.0,0.0,0.0,0.0,0.0,0.0,0.0,none,39,100,0.39,26.30762662772755,39,0.39,26.30762662772755
M5,strict_switch_budget,FOODS_3_587__CA_1,2,fixed_K2,3.0,1.0,2.0,False,True,True,unconstrained_switch_count > K,True,False,True,False,False,True,False,False,False,-1.0,-1.0,-1.0,False,False,96,0.10*validation_mean; floor=0.25,sorted model names,deterministic accumulated cost then model path,switch-budget feasibility filter only,1e-09,0.0,0.0,0.0,0.0,-1.0,0.0,0.0,0.0,0.0,-8.25,0.0,0.0,branch-specific beam-pruning path: the budget feasibility filter changes the retained approximate state set despite a feasible unconstrained terminal path,39,100,0.39,26.30762662772755,39,0.39,26.30762662772755
M5,strict_switch_budget,FOODS_3_587__CA_3,2,fixed_K2,5.0,1.0,4.0,False,True,True,unconstrained_switch_count > K,True,False,True,False,False,False,False,False,False,57.77139764821186,-2.0,57.77139764821186,False,False,96,0.10*validation_mean; floor=0.25,sorted model names,deterministic accumulated cost then model path,switch-budget feasibility filter only,1e-09,-0.22321428571433444,59.83278550109071,0.16182643283530496,0.0,-2.0,-0.012026690552983,-0.007971938775511056,0.0,0.0,-6.3903621839855305,0.0,3.236528656706099,branch-specific beam-pruning path: the budget feasibility filter changes the retained approximate state set despite a feasible unconstrained terminal path,39,100,0.39,26.30762662772755,39,0.39,26.30762662772755
M5,strict_switch_budget,FOODS_3_587__TX_1,2,fixed_K2,1.0,1.0,0.0,True,False,False,unconstrained_switch_count > K,False,False,False,True,True,True,True,True,True,0.0,0.0,0.0,True,True,96,0.10*validation_mean; floor=0.25,sorted model names,deterministic accumulated cost then model path,switch-budget feasibility filter only,1e-09,0.0,0.0,0.0,0.0,0.0,0.0,0.0,0.0,0.0,0.0,0.0,0.0,none,39,100,0.39,26.30762662772755,39,0.39,26.30762662772755
M5,strict_switch_budget,FOODS_3_587__TX_2,2,fixed_K2,2.0,2.0,0.0,True,False,False,unconstrained_switch_count > K,False,False,False,True,True,True,True,True,True,0.0,0.0,0.0,True,True,96,0.10*validation_mean; floor=0.25,sorted model names,deterministic accumulated cost then model path,switch-budget feasibility filter only,1e-09,0.0,0.0,0.0,0.0,0.0,0.0,0.0,0.0,0.0,0.0,0.0,0.0,none,39,100,0.39,26.30762662772755,39,0.39,26.30762662772755
M5,strict_switch_budget,FOODS_3_587__TX_3,2,fixed_K2,4.0,2.0,2.0,False,True,True,unconstrained_switch_count > K,True,False,True,False,False,False,False,False,False,-20.64210910486645,-1.0,-20.64210910486645,False,False,96,0.10*validation_mean; floor=0.25,sorted model names,deterministic accumulated cost then model path,switch-budget feasibility filter only,1e-09,-19.325114592443583,0.0,-0.3169945124229745,0.0,-1.0,0.0,-0.6901826640158397,0.0,0.0,-0.907731495708731,0.0,-6.3398902484593975,branch-specific beam-pruning path: the budget feasibility filter changes the retained approximate state set despite a feasible unconstrained terminal path,39,100,0.39,26.30762662772755,39,0.39,26.30762662772755
M5,strict_switch_budget,FOODS_3_587__WI_3,2,fixed_K2,15.0,2.0,13.0,False,True,True,unconstrained_switch_count > K,True,False,True,False,False,True,False,False,False,-6.5,-6.5,-6.5,False,False,96,0.10*validation_mean; floor=0.25,sorted model names,deterministic accumulated cost then model path,switch-budget feasibility filter only,1e-09,0.0,0.0,0.0,0.0,-6.5,0.0,0.0,0.0,0.0,146.0902218929482,0.0,0.0,branch-specific beam-pruning path: the budget feasibility filter changes the retained approximate state set despite a feasible unconstrained terminal path,39,100,0.39,26.30762662772755,39,0.39,26.30762662772755
M5,strict_switch_budget,FOODS_3_607__CA_3,2,fixed_K2,1.0,1.0,0.0,True,False,False,unconstrained_switch_count > K,False,False,False,True,True,True,True,True,True,0.0,0.0,0.0,True,True,96,0.10*validation_mean; floor=0.25,sorted model names,deterministic accumulated cost then model path,switch-budget feasibility filter only,1e-09,0.0,0.0,0.0,0.0,0.0,0.0,0.0,0.0,0.0,0.0,0.0,0.0,none,39,100,0.39,26.30762662772755,39,0.39,26.30762662772755
M5,strict_switch_budget,FOODS_3_635__CA_3,2,fixed_K2,1.0,1.0,0.0,True,False,False,unconstrained_switch_count > K,False,False,False,True,True,True,True,True,True,0.0,0.0,0.0,True,True,96,0.10*validation_mean; floor=0.25,sorted model names,deterministic accumulated cost then model path,switch-budget feasibility filter only,1e-09,0.0,0.0,0.0,0.0,0.0,0.0,0.0,0.0,0.0,0.0,0.0,0.0,none,39,100,0.39,26.30762662772755,39,0.39,26.30762662772755
M5,strict_switch_budget,FOODS_3_681__CA_3,2,fixed_K2,3.0,1.0,2.0,False,True,True,unconstrained_switch_count > K,True,False,True,False,False,False,False,False,False,-88.07870369738112,-1.0,-88.07870369738112,False,False,96,0.10*validation_mean; floor=0.25,sorted model names,deterministic accumulated cost then model path,switch-budget feasibility filter only,1e-09,-27.383132163849382,-62.13887510496079,2.443303571428574,0.0,-1.0,0.012851887301956633,-0.9779690058517616,7.105427357601002e-15,0.0,-41.723214285714164,-0.0357142857142857,48.866071428571445,branch-specific beam-pruning path: the budget feasibility filter changes the retained approximate state set despite a feasible unconstrained terminal path,39,100,0.39,26.30762662772755,39,0.39,26.30762662772755
M5,strict_switch_budget,FOODS_3_681__WI_3,2,fixed_K2,2.0,2.0,0.0,True,False,False,unconstrained_switch_count > K,False,False,False,True,True,True,True,True,True,0.0,0.0,0.0,True,True,96,0.10*validation_mean; floor=0.25,sorted model names,deterministic accumulated cost then model path,switch-budget feasibility filter only,1e-09,0.0,0.0,0.0,0.0,0.0,0.0,0.0,0.0,0.0,0.0,0.0,0.0,none,39,100,0.39,26.30762662772755,39,0.39,26.30762662772755
M5,strict_switch_budget,FOODS_3_694__CA_3,2,fixed_K2,1.0,1.0,0.0,True,False,False,unconstrained_switch_count > K,False,False,False,True,True,True,True,True,True,0.0,0.0,0.0,True,True,96,0.10*validation_mean; floor=0.25,sorted model names,deterministic accumulated cost then model path,switch-budget feasibility filter only,1e-09,0.0,0.0,0.0,0.0,0.0,0.0,0.0,0.0,0.0,0.0,0.0,0.0,none,39,100,0.39,26.30762662772755,39,0.39,26.30762662772755
M5,strict_switch_budget,FOODS_3_694__WI_1,2,fixed_K2,1.0,1.0,0.0,True,False,False,unconstrained_switch_count > K,False,False,False,True,True,True,True,True,True,0.0,0.0,0.0,True,True,96,0.10*validation_mean; floor=0.25,sorted model names,deterministic accumulated cost then model path,switch-budget feasibility filter only,1e-09,0.0,0.0,0.0,0.0,0.0,0.0,0.0,0.0,0.0,0.0,0.0,0.0,none,39,100,0.39,26.30762662772755,39,0.39,26.30762662772755
M5,strict_switch_budget,FOODS_3_694__WI_2,2,fixed_K2,1.0,1.0,0.0,True,False,False,unconstrained_switch_count > K,False,False,False,True,True,True,True,True,True,0.0,0.0,0.0,True,True,96,0.10*validation_mean; floor=0.25,sorted model names,deterministic accumulated cost then model path,switch-budget feasibility filter only,1e-09,0.0,0.0,0.0,0.0,0.0,0.0,0.0,0.0,0.0,0.0,0.0,0.0,none,39,100,0.39,26.30762662772755,39,0.39,26.30762662772755
M5,strict_switch_budget,FOODS_3_694__WI_3,2,fixed_K2,2.0,2.0,0.0,True,False,False,unconstrained_switch_count > K,False,False,False,True,True,True,True,True,True,0.0,0.0,0.0,True,True,96,0.10*validation_mean; floor=0.25,sorted model names,deterministic accumulated cost then model path,switch-budget feasibility filter only,1e-09,0.0,0.0,0.0,0.0,0.0,0.0,0.0,0.0,0.0,0.0,0.0,0.0,none,39,100,0.39,26.30762662772755,39,0.39,26.30762662772755
M5,strict_switch_budget,FOODS_3_711__CA_3,2,fixed_K2,2.0,2.0,0.0,True,False,False,unconstrained_switch_count > K,False,False,False,True,True,True,True,True,True,0.0,0.0,0.0,True,True,96,0.10*validation_mean; floor=0.25,sorted model names,deterministic accumulated cost then model path,switch-budget feasibility filter only,1e-09,0.0,0.0,0.0,0.0,0.0,0.0,0.0,0.0,0.0,0.0,0.0,0.0,none,39,100,0.39,26.30762662772755,39,0.39,26.30762662772755
M5,strict_switch_budget,FOODS_3_711__WI_2,2,fixed_K2,0.0,0.0,0.0,True,False,False,unconstrained_switch_count > K,False,False,False,True,True,True,True,True,True,0.0,0.0,0.0,True,True,96,0.10*validation_mean; floor=0.25,sorted model names,deterministic accumulated cost then model path,switch-budget feasibility filter only,1e-09,0.0,0.0,0.0,0.0,0.0,0.0,0.0,0.0,0.0,0.0,0.0,0.0,none,39,100,0.39,26.30762662772755,39,0.39,26.30762662772755
M5,strict_switch_budget,FOODS_3_714__CA_1,2,fixed_K2,1.0,1.0,0.0,True,False,False,unconstrained_switch_count > K,False,False,False,True,True,True,True,True,True,0.0,0.0,0.0,True,True,96,0.10*validation_mean; floor=0.25,sorted model names,deterministic accumulated cost then model path,switch-budget feasibility filter only,1e-09,0.0,0.0,0.0,0.0,0.0,0.0,0.0,0.0,0.0,0.0,0.0,0.0,none,39,100,0.39,26.30762662772755,39,0.39,26.30762662772755
M5,strict_switch_budget,FOODS_3_714__CA_3,2,fixed_K2,1.0,1.0,0.0,True,False,False,unconstrained_switch_count > K,False,False,False,True,True,True,True,True,True,0.0,0.0,0.0,True,True,96,0.10*validation_mean; floor=0.25,sorted model names,deterministic accumulated cost then model path,switch-budget feasibility filter only,1e-09,0.0,0.0,0.0,0.0,0.0,0.0,0.0,0.0,0.0,0.0,0.0,0.0,none,39,100,0.39,26.30762662772755,39,0.39,26.30762662772755
M5,strict_switch_budget,FOODS_3_714__TX_1,2,fixed_K2,2.0,2.0,0.0,True,False,False,unconstrained_switch_count > K,False,False,False,True,True,True,True,True,True,0.0,0.0,0.0,True,True,96,0.10*validation_mean; floor=0.25,sorted model names,deterministic accumulated cost then model path,switch-budget feasibility filter only,1e-09,0.0,0.0,0.0,0.0,0.0,0.0,0.0,0.0,0.0,0.0,0.0,0.0,none,39,100,0.39,26.30762662772755,39,0.39,26.30762662772755
M5,strict_switch_budget,FOODS_3_714__TX_2,2,fixed_K2,2.0,2.0,0.0,True,False,False,unconstrained_switch_count > K,False,False,False,True,True,True,True,True,True,0.0,0.0,0.0,True,True,96,0.10*validation_mean; floor=0.25,sorted model names,deterministic accumulated cost then model path,switch-budget feasibility filter only,1e-09,0.0,0.0,0.0,0.0,0.0,0.0,0.0,0.0,0.0,0.0,0.0,0.0,none,39,100,0.39,26.30762662772755,39,0.39,26.30762662772755
M5,strict_switch_budget,FOODS_3_714__TX_3,2,fixed_K2,2.0,2.0,0.0,True,False,False,unconstrained_switch_count > K,False,False,False,True,True,True,True,True,True,0.0,0.0,0.0,True,True,96,0.10*validation_mean; floor=0.25,sorted model names,deterministic accumulated cost then model path,switch-budget feasibility filter only,1e-09,0.0,0.0,0.0,0.0,0.0,0.0,0.0,0.0,0.0,0.0,0.0,0.0,none,39,100,0.39,26.30762662772755,39,0.39,26.30762662772755
M5,strict_switch_budget,FOODS_3_714__WI_3,2,fixed_K2,3.0,1.0,2.0,False,True,True,unconstrained_switch_count > K,True,False,True,False,False,False,False,False,False,-1.0,-1.0,-1.0,False,False,96,0.10*validation_mean; floor=0.25,sorted model names,deterministic accumulated cost then model path,switch-budget feasibility filter only,1e-09,0.0,0.0,-8.881784197001252e-16,0.0,-1.0,0.0,0.0,0.0,0.0,-6.95150153424072,-0.0357142857142857,2.842170943040401e-14,branch-specific beam-pruning path: the budget feasibility filter changes the retained approximate state set despite a feasible unconstrained terminal path,39,100,0.39,26.30762662772755,39,0.39,26.30762662772755
M5,strict_switch_budget,FOODS_3_723__CA_3,2,fixed_K2,4.0,1.0,3.0,False,True,True,unconstrained_switch_count > K,True,False,True,False,False,False,False,False,False,13.800000000001091,-1.5,13.800000000001091,False,False,96,0.10*validation_mean; floor=0.25,sorted model names,deterministic accumulated cost then model path,switch-budget feasibility filter only,1e-09,0.0,15.0,0.3000000000000007,0.0,-1.5,-0.004132231404958608,0.0,3.0,0.0,-3.2932120193154333,0.0,6.0,branch-specific beam-pruning path: the budget feasibility filter changes the retained approximate state set despite a feasible unconstrained terminal path,39,100,0.39,26.30762662772755,39,0.39,26.30762662772755
M5,strict_switch_budget,FOODS_3_723__WI_3,2,fixed_K2,3.0,2.0,1.0,False,True,True,unconstrained_switch_count > K,True,False,True,False,False,False,False,False,False,12.619710635051433,-0.5,12.619710635051433,False,False,96,0.10*validation_mean; floor=0.25,sorted model names,deterministic accumulated cost then model path,switch-budget feasibility filter only,1e-09,0.0,12.857142857142776,0.2625677779089379,0.0,-0.5,-0.003317972350230458,0.0,2.5714285714285694,0.0,-19.19507301324998,0.0,5.251355558178744,branch-specific beam-pruning path: the budget feasibility filter changes the retained approximate state set despite a feasible unconstrained terminal path,39,100,0.39,26.30762662772755,39,0.39,26.30762662772755
M5,strict_switch_budget,FOODS_3_752__CA_3,2,fixed_K2,3.0,2.0,1.0,False,True,True,unconstrained_switch_count > K,True,False,True,False,False,False,False,False,False,7.414144933219177,-0.5,7.414144933219177,False,False,96,0.10*validation_mean; floor=0.25,sorted model names,deterministic accumulated cost then model path,switch-budget feasibility filter only,1e-09,-3.729464289936544,11.438691897247736,0.20491732590731937,0.0,-0.5,-0.0005981015371109288,-0.1331951532120197,0.12709657663609164,0.0,5.260304558377811,0.0357142857142857,4.098346518146371,branch-specific beam-pruning path: the budget feasibility filter changes the retained approximate state set despite a feasible unconstrained terminal path,39,100,0.39,26.30762662772755,39,0.39,26.30762662772755
M5,strict_switch_budget,FOODS_3_804__CA_3,2,fixed_K2,1.0,1.0,0.0,True,False,False,unconstrained_switch_count > K,False,False,False,True,True,True,True,True,True,0.0,0.0,0.0,True,True,96,0.10*validation_mean; floor=0.25,sorted model names,deterministic accumulated cost then model path,switch-budget feasibility filter only,1e-09,0.0,0.0,0.0,0.0,0.0,0.0,0.0,0.0,0.0,0.0,0.0,0.0,none,39,100,0.39,26.30762662772755,39,0.39,26.30762662772755
M5,strict_switch_budget,FOODS_3_808__CA_1,2,fixed_K2,7.0,2.0,5.0,False,True,True,unconstrained_switch_count > K,True,False,True,False,False,False,False,False,False,-56.5,-2.5,-56.5,False,False,96,0.10*validation_mean; floor=0.25,sorted model names,deterministic accumulated cost then model path,switch-budget feasibility filter only,1e-09,-54.000000000000014,0.0,0.0,0.0,-2.5,0.0,-1.9285714285714288,0.0,0.0,-66.5526163853844,-0.1071428571428572,0.0,branch-specific beam-pruning path: the budget feasibility filter changes the retained approximate state set despite a feasible unconstrained terminal path,39,100,0.39,26.30762662772755,39,0.39,26.30762662772755
M5,strict_switch_budget,FOODS_3_808__CA_3,2,fixed_K2,2.0,2.0,0.0,True,False,False,unconstrained_switch_count > K,False,False,False,True,True,True,True,True,True,0.0,0.0,0.0,True,True,96,0.10*validation_mean; floor=0.25,sorted model names,deterministic accumulated cost then model path,switch-budget feasibility filter only,1e-09,0.0,0.0,0.0,0.0,0.0,0.0,0.0,0.0,0.0,0.0,0.0,0.0,none,39,100,0.39,26.30762662772755,39,0.39,26.30762662772755
M5,strict_switch_budget,HOUSEHOLD_1_118__CA_3,2,fixed_K2,0.0,0.0,0.0,True,False,False,unconstrained_switch_count > K,False,False,False,True,True,True,True,True,True,0.0,0.0,0.0,True,True,96,0.10*validation_mean; floor=0.25,sorted model names,deterministic accumulated cost then model path,switch-budget feasibility filter only,1e-09,0.0,0.0,0.0,0.0,0.0,0.0,0.0,0.0,0.0,0.0,0.0,0.0,none,39,100,0.39,26.30762662772755,39,0.39,26.30762662772755
M5,strict_switch_budget,HOUSEHOLD_1_334__CA_3,2,fixed_K2,5.0,2.0,3.0,False,True,True,unconstrained_switch_count > K,True,False,True,False,False,False,False,False,False,-822.6878460302887,-1.5,-822.6878460302887,False,False,96,0.10*validation_mean; floor=0.25,sorted model names,deterministic accumulated cost then model path,switch-budget feasibility filter only,1e-09,-5.060393013942289,-816.1731783907971,0.04572537445126201,0.0,-1.5,-0.01822344465780669,-0.18072832192650967,-8.898967716628036,0.0,-184.230303489471,0.07142857142857151,0.9145074890252367,branch-specific beam-pruning path: the budget feasibility filter changes the retained approximate state set despite a feasible unconstrained terminal path,39,100,0.39,26.30762662772755,39,0.39,26.30762662772755
M5,strict_switch_budget,HOUSEHOLD_1_459__CA_3,2,fixed_K2,6.0,2.0,4.0,False,True,True,unconstrained_switch_count > K,True,False,True,False,False,False,False,False,False,-189.8176780518088,-2.0,-189.8176780518088,False,False,96,0.10*validation_mean; floor=0.25,sorted model names,deterministic accumulated cost then model path,switch-budget feasibility filter only,1e-09,-10.236428917841735,-178.0026777053963,0.42142857142856993,0.0,-2.0,-0.007783129699248104,-0.3655867470657761,-2.0446428571428754,0.0,-17.596680691065103,0.07142857142857151,8.428571428571392,branch-specific beam-pruning path: the budget feasibility filter changes the retained approximate state set despite a feasible unconstrained terminal path,39,100,0.39,26.30762662772755,39,0.39,26.30762662772755
M5,tight_capacity,FOODS_1_218__TX_2,8,validation_q25,9.0,8.0,1.0,False,True,True,unconstrained_switch_count > K,True,False,True,False,False,True,False,False,False,-0.5,-0.5,-0.5,False,False,96,0.10*validation_mean; floor=0.25,sorted model names,deterministic accumulated cost then model path,switch-budget feasibility filter only,1e-09,0.0,0.0,0.0,0.0,-0.5,0.0,0.0,0.0,0.0,5.020383798840612,0.0,0.0,branch-specific beam-pruning path: the budget feasibility filter changes the retained approximate state set despite a feasible unconstrained terminal path,66,100,0.66,-272.01178440076785,66,0.66,-272.01178440076785
M5,tight_capacity,FOODS_2_197__CA_1,8,validation_q25,10.0,8.0,2.0,False,True,True,unconstrained_switch_count > K,True,False,True,False,False,True,False,False,False,-1.0,-1.0,-1.0,False,False,96,0.10*validation_mean; floor=0.25,sorted model names,deterministic accumulated cost then model path,switch-budget feasibility filter only,1e-09,0.0,0.0,0.0,0.0,-1.0,0.0,0.0,0.0,0.0,2.1890244046885527,0.0,0.0,branch-specific beam-pruning path: the budget feasibility filter changes the retained approximate state set despite a feasible unconstrained terminal path,66,100,0.66,-272.01178440076785,66,0.66,-272.01178440076785
M5,tight_capacity,FOODS_2_197__CA_3,8,validation_q25,10.0,8.0,2.0,False,True,True,unconstrained_switch_count > K,True,False,True,False,False,True,False,False,False,-1.0,-1.0,-1.0,False,False,96,0.10*validation_mean; floor=0.25,sorted model names,deterministic accumulated cost then model path,switch-budget feasibility filter only,1e-09,0.0,0.0,0.0,0.0,-1.0,0.0,0.0,0.0,0.0,-0.7946282301261363,0.0,0.0,branch-specific beam-pruning path: the budget feasibility filter changes the retained approximate state set despite a feasible unconstrained terminal path,66,100,0.66,-272.01178440076785,66,0.66,-272.01178440076785
M5,tight_capacity,FOODS_2_276__CA_3,8,validation_q25,11.0,8.0,3.0,False,True,True,unconstrained_switch_count > K,True,False,True,False,False,True,False,False,False,-1.5,-1.5,-1.5,False,False,96,0.10*validation_mean; floor=0.25,sorted model names,deterministic accumulated cost then model path,switch-budget feasibility filter only,1e-09,0.0,0.0,0.0,0.0,-1.5,0.0,0.0,0.0,0.0,8.521189877033748,0.0,0.0,branch-specific beam-pruning path: the budget feasibility filter changes the retained approximate state set despite a feasible unconstrained terminal path,66,100,0.66,-272.01178440076785,66,0.66,-272.01178440076785
M5,tight_capacity,FOODS_2_360__CA_3,8,validation_q25,12.0,8.0,4.0,False,True,True,unconstrained_switch_count > K,True,False,True,False,False,True,False,False,False,-2.0,-2.0,-2.0,False,False,96,0.10*validation_mean; floor=0.25,sorted model names,deterministic accumulated cost then model path,switch-budget feasibility filter only,1e-09,0.0,0.0,0.0,0.0,-2.0,0.0,0.0,0.0,0.0,28.392857142856883,0.0,0.0,branch-specific beam-pruning path: the budget feasibility filter changes the retained approximate state set despite a feasible unconstrained terminal path,66,100,0.66,-272.01178440076785,66,0.66,-272.01178440076785
M5,tight_capacity,FOODS_2_360__TX_3,8,validation_q25,7.0,7.0,0.0,True,False,False,unconstrained_switch_count > K,False,False,False,True,True,True,True,True,True,0.0,0.0,0.0,True,True,96,0.10*validation_mean; floor=0.25,sorted model names,deterministic accumulated cost then model path,switch-budget feasibility filter only,1e-09,0.0,0.0,0.0,0.0,0.0,0.0,0.0,0.0,0.0,0.0,0.0,0.0,none,66,100,0.66,-272.01178440076785,66,0.66,-272.01178440076785
M5,tight_capacity,FOODS_2_360__WI_2,8,validation_q25,7.0,7.0,0.0,True,False,False,unconstrained_switch_count > K,False,False,False,True,True,True,True,True,True,0.0,0.0,0.0,True,True,96,0.10*validation_mean; floor=0.25,sorted model names,deterministic accumulated cost then model path,switch-budget feasibility filter only,1e-09,0.0,0.0,0.0,0.0,0.0,0.0,0.0,0.0,0.0,0.0,0.0,0.0,none,66,100,0.66,-272.01178440076785,66,0.66,-272.01178440076785
M5,tight_capacity,FOODS_3_007__WI_2,8,validation_q25,6.0,6.0,0.0,True,False,False,unconstrained_switch_count > K,False,False,False,True,True,True,True,True,True,0.0,0.0,0.0,True,True,96,0.10*validation_mean; floor=0.25,sorted model names,deterministic accumulated cost then model path,switch-budget feasibility filter only,1e-09,0.0,0.0,0.0,0.0,0.0,0.0,0.0,0.0,0.0,0.0,0.0,0.0,none,66,100,0.66,-272.01178440076785,66,0.66,-272.01178440076785
M5,tight_capacity,FOODS_3_030__TX_2,8,validation_q25,8.0,8.0,0.0,True,False,False,unconstrained_switch_count > K,False,False,False,True,True,True,True,True,True,0.0,0.0,0.0,True,True,96,0.10*validation_mean; floor=0.25,sorted model names,deterministic accumulated cost then model path,switch-budget feasibility filter only,1e-09,0.0,0.0,0.0,0.0,0.0,0.0,0.0,0.0,0.0,0.0,0.0,0.0,none,66,100,0.66,-272.01178440076785,66,0.66,-272.01178440076785
M5,tight_capacity,FOODS_3_030__TX_3,8,validation_q25,10.0,8.0,2.0,False,True,True,unconstrained_switch_count > K,True,False,True,False,False,False,False,False,False,-426.17869097289304,-1.0,-426.17869097289304,False,False,96,0.10*validation_mean; floor=0.25,sorted model names,deterministic accumulated cost then model path,switch-budget feasibility filter only,1e-09,38.254907468154784,-463.46301357381367,0.029415132765121088,0.0,-1.0,0.08895386719114307,1.3662466952912418,-5.4632242834367375,0.0,-100.16828083840676,0.0,0.5883026553024138,branch-specific beam-pruning path: the budget feasibility filter changes the retained approximate state set despite a feasible unconstrained terminal path,66,100,0.66,-272.01178440076785,66,0.66,-272.01178440076785
M5,tight_capacity,FOODS_3_080__CA_1,8,validation_q25,7.0,7.0,0.0,True,False,False,unconstrained_switch_count > K,False,False,False,True,True,True,True,True,True,0.0,0.0,0.0,True,True,96,0.10*validation_mean; floor=0.25,sorted model names,deterministic accumulated cost then model path,switch-budget feasibility filter only,1e-09,0.0,0.0,0.0,0.0,0.0,0.0,0.0,0.0,0.0,0.0,0.0,0.0,none,66,100,0.66,-272.01178440076785,66,0.66,-272.01178440076785
M5,tight_capacity,FOODS_3_080__TX_2,8,validation_q25,10.0,8.0,2.0,False,True,True,unconstrained_switch_count > K,True,False,True,False,False,False,False,False,False,-448.2826235839848,-1.0,-448.2826235839848,False,False,96,0.10*validation_mean; floor=0.25,sorted model names,deterministic accumulated cost then model path,switch-budget feasibility filter only,1e-09,0.0,-447.1283924121085,-0.15423117187500002,0.0,-1.0,0.0,0.0,-6.225550998046884,0.0,-115.85396996756344,0.0357142857142857,-3.0846234374999995,branch-specific beam-pruning path: the budget feasibility filter changes the retained approximate state set despite a feasible unconstrained terminal path,66,100,0.66,-272.01178440076785,66,0.66,-272.01178440076785
M5,tight_capacity,FOODS_3_090__CA_1,8,validation_q25,10.0,8.0,2.0,False,True,True,unconstrained_switch_count > K,True,False,True,False,False,True,False,False,False,-1.0,-1.0,-1.0,False,False,96,0.10*validation_mean; floor=0.25,sorted model names,deterministic accumulated cost then model path,switch-budget feasibility filter only,1e-09,0.0,0.0,0.0,0.0,-1.0,0.0,0.0,0.0,0.0,40.0,0.0,0.0,branch-specific beam-pruning path: the budget feasibility filter changes the retained approximate state set despite a feasible unconstrained terminal path,66,100,0.66,-272.01178440076785,66,0.66,-272.01178440076785
M5,tight_capacity,FOODS_3_090__CA_2,8,validation_q25,11.0,8.0,3.0,False,True,True,unconstrained_switch_count > K,True,False,True,False,False,False,False,False,False,-1364.6746272763448,-1.5,-1364.6746272763448,False,False,96,0.10*validation_mean; floor=0.25,sorted model names,deterministic accumulated cost then model path,switch-budget feasibility filter only,1e-09,42.50254491671012,-1405.7840384662268,0.10686627316640163,0.0,-1.5,0.0355473313917507,1.5179480327396462,-12.459710730101676,0.0,-299.189387573997,-0.0357142857142857,2.1373254633280254,branch-specific beam-pruning path: the budget feasibility filter changes the retained approximate state set despite a feasible unconstrained terminal path,66,100,0.66,-272.01178440076785,66,0.66,-272.01178440076785
M5,tight_capacity,FOODS_3_090__CA_3,8,validation_q25,12.0,8.0,4.0,False,True,True,unconstrained_switch_count > K,True,False,True,False,False,True,False,False,False,-2.0,-2.0,-2.0,False,False,96,0.10*validation_mean; floor=0.25,sorted model names,deterministic accumulated cost then model path,switch-budget feasibility filter only,1e-09,0.0,0.0,0.0,0.0,-2.0,0.0,0.0,0.0,0.0,309.55556035585687,0.0,0.0,branch-specific beam-pruning path: the budget feasibility filter changes the retained approximate state set despite a feasible unconstrained terminal path,66,100,0.66,-272.01178440076785,66,0.66,-272.01178440076785
M5,tight_capacity,FOODS_3_090__CA_4,8,validation_q25,9.0,8.0,1.0,False,True,True,unconstrained_switch_count > K,True,False,True,False,False,True,False,False,False,-0.5,-0.5,-0.5,False,False,96,0.10*validation_mean; floor=0.25,sorted model names,deterministic accumulated cost then model path,switch-budget feasibility filter only,1e-09,0.0,0.0,0.0,0.0,-0.5,0.0,0.0,0.0,0.0,24.207748059855476,0.0,0.0,branch-specific beam-pruning path: the budget feasibility filter changes the retained approximate state set despite a feasible unconstrained terminal path,66,100,0.66,-272.01178440076785,66,0.66,-272.01178440076785
M5,tight_capacity,FOODS_3_090__TX_1,8,validation_q25,12.0,8.0,4.0,False,True,True,unconstrained_switch_count > K,True,False,True,False,False,False,False,False,False,-3262.663496029092,-2.0,-3262.663496029092,False,False,96,0.10*validation_mean; floor=0.25,sorted model names,deterministic accumulated cost then model path,switch-budget feasibility filter only,1e-09,0.0,-3260.284603385455,-0.3788926436383928,0.0,-2.0,0.022893798732963766,0.0,-37.93855215602929,0.0,-730.9003633812749,0.0,-7.577852872767856,branch-specific beam-pruning path: the budget feasibility filter changes the retained approximate state set despite a feasible unconstrained terminal path,66,100,0.66,-272.01178440076785,66,0.66,-272.01178440076785
M5,tight_capacity,FOODS_3_090__TX_2,8,validation_q25,9.0,8.0,1.0,False,True,True,unconstrained_switch_count > K,True,False,True,False,False,True,False,False,False,-0.5,-0.5,-0.5,False,False,96,0.10*validation_mean; floor=0.25,sorted model names,deterministic accumulated cost then model path,switch-budget feasibility filter only,1e-09,0.0,0.0,0.0,0.0,-0.5,0.0,0.0,0.0,0.0,110.69019873034449,0.0,0.0,branch-specific beam-pruning path: the budget feasibility filter changes the retained approximate state set despite a feasible unconstrained terminal path,66,100,0.66,-272.01178440076785,66,0.66,-272.01178440076785
M5,tight_capacity,FOODS_3_090__TX_3,8,validation_q25,11.0,8.0,3.0,False,True,True,unconstrained_switch_count > K,True,False,True,False,False,True,False,False,False,-1.5,-1.5,-1.5,False,False,96,0.10*validation_mean; floor=0.25,sorted model names,deterministic accumulated cost then model path,switch-budget feasibility filter only,1e-09,0.0,0.0,0.0,0.0,-1.5,0.0,0.0,0.0,0.0,-10.49859554401064,-0.0357142857142857,0.0,branch-specific beam-pruning path: the budget feasibility filter changes the retained approximate state set despite a feasible unconstrained terminal path,66,100,0.66,-272.01178440076785,66,0.66,-272.01178440076785
M5,tight_capacity,FOODS_3_090__WI_3,8,validation_q25,12.0,8.0,4.0,False,True,True,unconstrained_switch_count > K,True,False,True,False,False,True,False,False,False,-2.0,-2.0,-2.0,False,False,96,0.10*validation_mean; floor=0.25,sorted model names,deterministic accumulated cost then model path,switch-budget feasibility filter only,1e-09,0.0,0.0,0.0,0.0,-2.0,0.0,0.0,0.0,0.0,145.9017333304946,0.0,0.0,branch-specific beam-pruning path: the budget feasibility filter changes the retained approximate state set despite a feasible unconstrained terminal path,66,100,0.66,-272.01178440076785,66,0.66,-272.01178440076785
M5,tight_capacity,FOODS_3_099__TX_2,8,validation_q25,9.0,8.0,1.0,False,True,True,unconstrained_switch_count > K,True,False,True,False,False,True,False,False,False,-0.5,-0.5,-0.5,False,False,96,0.10*validation_mean; floor=0.25,sorted model names,deterministic accumulated cost then model path,switch-budget feasibility filter only,1e-09,0.0,0.0,0.0,0.0,-0.5,0.0,0.0,0.0,0.0,-5.0,0.0,0.0,branch-specific beam-pruning path: the budget feasibility filter changes the retained approximate state set despite a feasible unconstrained terminal path,66,100,0.66,-272.01178440076785,66,0.66,-272.01178440076785
M5,tight_capacity,FOODS_3_120__CA_1,8,validation_q25,7.0,7.0,0.0,True,False,False,unconstrained_switch_count > K,False,False,False,True,True,True,True,True,True,0.0,0.0,0.0,True,True,96,0.10*validation_mean; floor=0.25,sorted model names,deterministic accumulated cost then model path,switch-budget feasibility filter only,1e-09,0.0,0.0,0.0,0.0,0.0,0.0,0.0,0.0,0.0,0.0,0.0,0.0,none,66,100,0.66,-272.01178440076785,66,0.66,-272.01178440076785
M5,tight_capacity,FOODS_3_120__CA_3,8,validation_q25,6.0,6.0,0.0,True,False,False,unconstrained_switch_count > K,False,False,False,True,True,True,True,True,True,0.0,0.0,0.0,True,True,96,0.10*validation_mean; floor=0.25,sorted model names,deterministic accumulated cost then model path,switch-budget feasibility filter only,1e-09,0.0,0.0,0.0,0.0,0.0,0.0,0.0,0.0,0.0,0.0,0.0,0.0,none,66,100,0.66,-272.01178440076785,66,0.66,-272.01178440076785
M5,tight_capacity,FOODS_3_120__WI_3,8,validation_q25,10.0,8.0,2.0,False,True,True,unconstrained_switch_count > K,True,False,True,False,False,True,False,False,False,-1.0,-1.0,-1.0,False,False,96,0.10*validation_mean; floor=0.25,sorted model names,deterministic accumulated cost then model path,switch-budget feasibility filter only,1e-09,0.0,0.0,0.0,0.0,-1.0,0.0,0.0,0.0,0.0,52.215569310384126,0.0,0.0,branch-specific beam-pruning path: the budget feasibility filter changes the retained approximate state set despite a feasible unconstrained terminal path,66,100,0.66,-272.01178440076785,66,0.66,-272.01178440076785
M5,tight_capacity,FOODS_3_202__CA_3,8,validation_q25,10.0,8.0,2.0,False,True,True,unconstrained_switch_count > K,True,False,True,False,False,False,False,False,False,-1470.6658476367193,-1.0,-1470.6658476367193,False,False,96,0.10*validation_mean; floor=0.25,sorted model names,deterministic accumulated cost then model path,switch-budget feasibility filter only,1e-09,0.0,-1469.532204667972,-0.13364296875000015,0.0,-1.0,0.013654657369145978,0.0,-15.810621934570293,0.0,-324.97187596711,0.0357142857142857,-2.6728593750000016,branch-specific beam-pruning path: the budget feasibility filter changes the retained approximate state set despite a feasible unconstrained terminal path,66,100,0.66,-272.01178440076785,66,0.66,-272.01178440076785
M5,tight_capacity,FOODS_3_202__TX_1,8,validation_q25,10.0,8.0,2.0,False,True,True,unconstrained_switch_count > K,True,False,True,False,False,True,False,False,False,-1.0,-1.0,-1.0,False,False,96,0.10*validation_mean; floor=0.25,sorted model names,deterministic accumulated cost then model path,switch-budget feasibility filter only,1e-09,0.0,0.0,0.0,0.0,-1.0,0.0,0.0,0.0,0.0,31.397528093881192,0.0,0.0,branch-specific beam-pruning path: the budget feasibility filter changes the retained approximate state set despite a feasible unconstrained terminal path,66,100,0.66,-272.01178440076785,66,0.66,-272.01178440076785
M5,tight_capacity,FOODS_3_202__TX_2,8,validation_q25,9.0,8.0,1.0,False,True,True,unconstrained_switch_count > K,True,False,True,False,False,True,False,False,False,-0.5,-0.5,-0.5,False,False,96,0.10*validation_mean; floor=0.25,sorted model names,deterministic accumulated cost then model path,switch-budget feasibility filter only,1e-09,0.0,0.0,0.0,0.0,-0.5,0.0,0.0,0.0,0.0,5.0,0.0,0.0,branch-specific beam-pruning path: the budget feasibility filter changes the retained approximate state set despite a feasible unconstrained terminal path,66,100,0.66,-272.01178440076785,66,0.66,-272.01178440076785
M5,tight_capacity,FOODS_3_202__TX_3,8,validation_q25,12.0,8.0,4.0,False,True,True,unconstrained_switch_count > K,True,False,True,False,False,False,False,False,False,-481.729528802196,-2.0,-481.729528802196,False,False,96,0.10*validation_mean; floor=0.25,sorted model names,deterministic accumulated cost then model path,switch-budget feasibility filter only,1e-09,0.3560316964285448,-480.1298833778119,0.04432287918452893,0.0,-2.0,0.002206732971556824,0.012715417729587841,-6.2323629863820145,0.0,-92.66093166417386,-0.0714285714285714,0.8864575836905786,branch-specific beam-pruning path: the budget feasibility filter changes the retained approximate state set despite a feasible unconstrained terminal path,66,100,0.66,-272.01178440076785,66,0.66,-272.01178440076785
M5,tight_capacity,FOODS_3_226__WI_1,8,validation_q25,11.0,8.0,3.0,False,True,True,unconstrained_switch_count > K,True,False,True,False,False,False,False,False,False,-437.4260606125881,-1.5,-437.4260606125881,False,False,96,0.10*validation_mean; floor=0.25,sorted model names,deterministic accumulated cost then model path,switch-budget feasibility filter only,1e-09,7.035316163563039,-442.94756052548655,-0.013816250665959817,0.0,-1.5,0.015575626476112325,0.2512612915558208,-4.507838244710996,0.0,-62.824425249367096,-0.0357142857142857,-0.2763250133192088,branch-specific beam-pruning path: the budget feasibility filter changes the retained approximate state set despite a feasible unconstrained terminal path,66,100,0.66,-272.01178440076785,66,0.66,-272.01178440076785
M5,tight_capacity,FOODS_3_226__WI_2,8,validation_q25,10.0,8.0,2.0,False,True,True,unconstrained_switch_count > K,True,False,True,False,False,True,False,False,False,-1.0,-1.0,-1.0,False,False,96,0.10*validation_mean; floor=0.25,sorted model names,deterministic accumulated cost then model path,switch-budget feasibility filter only,1e-09,0.0,0.0,0.0,0.0,-1.0,0.0,0.0,0.0,0.0,41.07142857142844,0.0,0.0,branch-specific beam-pruning path: the budget feasibility filter changes the retained approximate state set despite a feasible unconstrained terminal path,66,100,0.66,-272.01178440076785,66,0.66,-272.01178440076785
M5,tight_capacity,FOODS_3_226__WI_3,8,validation_q25,10.0,8.0,2.0,False,True,True,unconstrained_switch_count > K,True,False,True,False,False,True,False,False,False,-1.0,-1.0,-1.0,False,False,96,0.10*validation_mean; floor=0.25,sorted model names,deterministic accumulated cost then model path,switch-budget feasibility filter only,1e-09,0.0,0.0,0.0,0.0,-1.0,0.0,0.0,0.0,0.0,20.986272419920624,0.0,0.0,branch-specific beam-pruning path: the budget feasibility filter changes the retained approximate state set despite a feasible unconstrained terminal path,66,100,0.66,-272.01178440076785,66,0.66,-272.01178440076785
M5,tight_capacity,FOODS_3_234__CA_3,8,validation_q25,10.0,8.0,2.0,False,True,True,unconstrained_switch_count > K,True,False,True,False,False,True,False,False,False,-1.0,-1.0,-1.0,False,False,96,0.10*validation_mean; floor=0.25,sorted model names,deterministic accumulated cost then model path,switch-budget feasibility filter only,1e-09,0.0,0.0,0.0,0.0,-1.0,0.0,0.0,0.0,0.0,-77.85714285714312,0.0,0.0,branch-specific beam-pruning path: the budget feasibility filter changes the retained approximate state set despite a feasible unconstrained terminal path,66,100,0.66,-272.01178440076785,66,0.66,-272.01178440076785
M5,tight_capacity,FOODS_3_234__WI_2,8,validation_q25,5.0,5.0,0.0,True,False,False,unconstrained_switch_count > K,False,False,False,True,True,True,True,True,True,0.0,0.0,0.0,True,True,96,0.10*validation_mean; floor=0.25,sorted model names,deterministic accumulated cost then model path,switch-budget feasibility filter only,1e-09,0.0,0.0,0.0,0.0,0.0,0.0,0.0,0.0,0.0,0.0,0.0,0.0,none,66,100,0.66,-272.01178440076785,66,0.66,-272.01178440076785
M5,tight_capacity,FOODS_3_234__WI_3,8,validation_q25,10.0,8.0,2.0,False,True,True,unconstrained_switch_count > K,True,False,True,False,False,True,False,False,False,-1.0,-1.0,-1.0,False,False,96,0.10*validation_mean; floor=0.25,sorted model names,deterministic accumulated cost then model path,switch-budget feasibility filter only,1e-09,0.0,0.0,0.0,0.0,-1.0,0.0,0.0,0.0,0.0,-11.428571428571558,0.0,0.0,branch-specific beam-pruning path: the budget feasibility filter changes the retained approximate state set despite a feasible unconstrained terminal path,66,100,0.66,-272.01178440076785,66,0.66,-272.01178440076785
M5,tight_capacity,FOODS_3_252__CA_1,8,validation_q25,9.0,8.0,1.0,False,True,True,unconstrained_switch_count > K,True,False,True,False,False,False,False,False,False,-1781.5624689557917,-0.5,-1781.5624689557917,False,False,96,0.10*validation_mean; floor=0.25,sorted model names,deterministic accumulated cost then model path,switch-budget feasibility filter only,1e-09,0.0,-1780.803516569631,-0.2589523861607146,0.0,-0.5,0.0,0.0,-19.01850013873593,0.0,-429.6394380977181,0.0357142857142857,-5.179047723214289,branch-specific beam-pruning path: the budget feasibility filter changes the retained approximate state set despite a feasible unconstrained terminal path,66,100,0.66,-272.01178440076785,66,0.66,-272.01178440076785
M5,tight_capacity,FOODS_3_252__CA_2,8,validation_q25,9.0,8.0,1.0,False,True,True,unconstrained_switch_count > K,True,False,True,False,False,True,False,False,False,-0.5,-0.5,-0.5,False,False,96,0.10*validation_mean; floor=0.25,sorted model names,deterministic accumulated cost then model path,switch-budget feasibility filter only,1e-09,0.0,0.0,0.0,0.0,-0.5,0.0,0.0,0.0,0.0,-0.357142857143117,0.0,0.0,branch-specific beam-pruning path: the budget feasibility filter changes the retained approximate state set despite a feasible unconstrained terminal path,66,100,0.66,-272.01178440076785,66,0.66,-272.01178440076785
M5,tight_capacity,FOODS_3_252__CA_3,8,validation_q25,9.0,8.0,1.0,False,True,True,unconstrained_switch_count > K,True,False,True,False,False,False,False,False,False,67.86497181919549,-0.5,67.86497181919549,False,False,96,0.10*validation_mean; floor=0.25,sorted model names,deterministic accumulated cost then model path,switch-budget feasibility filter only,1e-09,-4.447767857142821,72.81273967633751,0.0,0.0,-0.5,-0.01134154823618988,-0.1588488520408191,0.0,0.0,-6.1146842075886525,0.0,0.0,branch-specific beam-pruning path: the budget feasibility filter changes the retained approximate state set despite a feasible unconstrained terminal path,66,100,0.66,-272.01178440076785,66,0.66,-272.01178440076785
M5,tight_capacity,FOODS_3_252__TX_1,8,validation_q25,11.0,8.0,3.0,False,True,True,unconstrained_switch_count > K,True,False,True,False,False,True,False,False,False,-1.5,-1.5,-1.5,False,False,96,0.10*validation_mean; floor=0.25,sorted model names,deterministic accumulated cost then model path,switch-budget feasibility filter only,1e-09,0.0,0.0,0.0,0.0,-1.5,0.0,0.0,0.0,0.0,33.71149083994624,0.0,0.0,branch-specific beam-pruning path: the budget feasibility filter changes the retained approximate state set despite a feasible unconstrained terminal path,66,100,0.66,-272.01178440076785,66,0.66,-272.01178440076785
M5,tight_capacity,FOODS_3_252__TX_2,8,validation_q25,10.0,8.0,2.0,False,True,True,unconstrained_switch_count > K,True,False,True,False,False,True,False,False,False,-1.0,-1.0,-1.0,False,False,96,0.10*validation_mean; floor=0.25,sorted model names,deterministic accumulated cost then model path,switch-budget feasibility filter only,1e-09,0.0,0.0,0.0,0.0,-1.0,0.0,0.0,0.0,0.0,20.70670850459601,0.0,0.0,branch-specific beam-pruning path: the budget feasibility filter changes the retained approximate state set despite a feasible unconstrained terminal path,66,100,0.66,-272.01178440076785,66,0.66,-272.01178440076785
M5,tight_capacity,FOODS_3_252__TX_3,8,validation_q25,8.0,8.0,0.0,True,False,False,unconstrained_switch_count > K,False,False,False,True,True,True,True,True,True,0.0,0.0,0.0,True,True,96,0.10*validation_mean; floor=0.25,sorted model names,deterministic accumulated cost then model path,switch-budget feasibility filter only,1e-09,0.0,0.0,0.0,0.0,0.0,0.0,0.0,0.0,0.0,0.0,0.0,0.0,none,66,100,0.66,-272.01178440076785,66,0.66,-272.01178440076785
M5,tight_capacity,FOODS_3_252__WI_3,8,validation_q25,8.0,8.0,0.0,True,False,False,unconstrained_switch_count > K,False,False,False,True,True,True,True,True,True,0.0,0.0,0.0,True,True,96,0.10*validation_mean; floor=0.25,sorted model names,deterministic accumulated cost then model path,switch-budget feasibility filter only,1e-09,0.0,0.0,0.0,0.0,0.0,0.0,0.0,0.0,0.0,0.0,0.0,0.0,none,66,100,0.66,-272.01178440076785,66,0.66,-272.01178440076785
M5,tight_capacity,FOODS_3_281__CA_3,8,validation_q25,7.0,7.0,0.0,True,False,False,unconstrained_switch_count > K,False,False,False,True,True,True,True,True,True,0.0,0.0,0.0,True,True,96,0.10*validation_mean; floor=0.25,sorted model names,deterministic accumulated cost then model path,switch-budget feasibility filter only,1e-09,0.0,0.0,0.0,0.0,0.0,0.0,0.0,0.0,0.0,0.0,0.0,0.0,none,66,100,0.66,-272.01178440076785,66,0.66,-272.01178440076785
M5,tight_capacity,FOODS_3_282__CA_3,8,validation_q25,10.0,8.0,2.0,False,True,True,unconstrained_switch_count > K,True,False,True,False,False,False,False,False,False,-1.0871895089285317,-1.0,-1.0871895089285317,False,False,96,0.10*validation_mean; floor=0.25,sorted model names,deterministic accumulated cost then model path,switch-budget feasibility filter only,1e-09,0.0,0.0,-0.08718950892857169,0.0,-1.0,0.0,0.0,0.0,0.0,35.142417925421114,-0.0357142857142857,-1.7437901785714303,branch-specific beam-pruning path: the budget feasibility filter changes the retained approximate state set despite a feasible unconstrained terminal path,66,100,0.66,-272.01178440076785,66,0.66,-272.01178440076785
M5,tight_capacity,FOODS_3_288__CA_3,8,validation_q25,12.0,8.0,4.0,False,True,True,unconstrained_switch_count > K,True,False,True,False,False,True,False,False,False,-2.0,-2.0,-2.0,False,False,96,0.10*validation_mean; floor=0.25,sorted model names,deterministic accumulated cost then model path,switch-budget feasibility filter only,1e-09,0.0,0.0,0.0,0.0,-2.0,0.0,0.0,0.0,0.0,99.81005475495112,0.0357142857142857,0.0,branch-specific beam-pruning path: the budget feasibility filter changes the retained approximate state set despite a feasible unconstrained terminal path,66,100,0.66,-272.01178440076785,66,0.66,-272.01178440076785
M5,tight_capacity,FOODS_3_318__CA_3,8,validation_q25,10.0,8.0,2.0,False,True,True,unconstrained_switch_count > K,True,False,True,False,False,True,False,False,False,-1.0,-1.0,-1.0,False,False,96,0.10*validation_mean; floor=0.25,sorted model names,deterministic accumulated cost then model path,switch-budget feasibility filter only,1e-09,0.0,0.0,0.0,0.0,-1.0,0.0,0.0,0.0,0.0,25.319999467078105,0.0,0.0,branch-specific beam-pruning path: the budget feasibility filter changes the retained approximate state set despite a feasible unconstrained terminal path,66,100,0.66,-272.01178440076785,66,0.66,-272.01178440076785
M5,tight_capacity,FOODS_3_318__WI_3,8,validation_q25,10.0,7.0,3.0,False,True,True,unconstrained_switch_count > K,True,False,True,False,False,False,False,False,False,-2255.480110218062,-1.5,-2255.480110218062,False,False,96,0.10*validation_mean; floor=0.25,sorted model names,deterministic accumulated cost then model path,switch-budget feasibility filter only,1e-09,9.233342094929867,-2263.1585805273053,-0.05487178568638251,0.0,-1.5,0.021700306931370927,0.3297622176760697,-35.3576313617867,0.0,-564.2549977184137,0.0357142857142857,-1.0974357137276485,branch-specific beam-pruning path: the budget feasibility filter changes the retained approximate state set despite a feasible unconstrained terminal path,66,100,0.66,-272.01178440076785,66,0.66,-272.01178440076785
M5,tight_capacity,FOODS_3_319__CA_3,8,validation_q25,0.0,0.0,0.0,True,False,False,unconstrained_switch_count > K,False,False,False,True,True,True,True,True,True,0.0,0.0,0.0,True,True,96,0.10*validation_mean; floor=0.25,sorted model names,deterministic accumulated cost then model path,switch-budget feasibility filter only,1e-09,0.0,0.0,0.0,0.0,0.0,0.0,0.0,0.0,0.0,0.0,0.0,0.0,none,66,100,0.66,-272.01178440076785,66,0.66,-272.01178440076785
M5,tight_capacity,FOODS_3_376__WI_2,8,validation_q25,8.0,8.0,0.0,True,False,False,unconstrained_switch_count > K,False,False,False,True,True,True,True,True,True,0.0,0.0,0.0,True,True,96,0.10*validation_mean; floor=0.25,sorted model names,deterministic accumulated cost then model path,switch-budget feasibility filter only,1e-09,0.0,0.0,0.0,0.0,0.0,0.0,0.0,0.0,0.0,0.0,0.0,0.0,none,66,100,0.66,-272.01178440076785,66,0.66,-272.01178440076785
M5,tight_capacity,FOODS_3_377__TX_2,8,validation_q25,8.0,8.0,0.0,True,False,False,unconstrained_switch_count > K,False,False,False,True,True,True,True,True,True,0.0,0.0,0.0,True,True,96,0.10*validation_mean; floor=0.25,sorted model names,deterministic accumulated cost then model path,switch-budget feasibility filter only,1e-09,0.0,0.0,0.0,0.0,0.0,0.0,0.0,0.0,0.0,0.0,0.0,0.0,none,66,100,0.66,-272.01178440076785,66,0.66,-272.01178440076785
M5,tight_capacity,FOODS_3_377__TX_3,8,validation_q25,12.0,8.0,4.0,False,True,True,unconstrained_switch_count > K,True,False,True,False,False,True,False,False,False,-2.0,-2.0,-2.0,False,False,96,0.10*validation_mean; floor=0.25,sorted model names,deterministic accumulated cost then model path,switch-budget feasibility filter only,1e-09,0.0,0.0,0.0,0.0,-2.0,0.0,0.0,0.0,0.0,134.0507378489051,0.0,0.0,branch-specific beam-pruning path: the budget feasibility filter changes the retained approximate state set despite a feasible unconstrained terminal path,66,100,0.66,-272.01178440076785,66,0.66,-272.01178440076785
M5,tight_capacity,FOODS_3_412__WI_2,8,validation_q25,1.0,1.0,0.0,True,False,False,unconstrained_switch_count > K,False,False,False,True,True,True,True,True,True,0.0,0.0,0.0,True,True,96,0.10*validation_mean; floor=0.25,sorted model names,deterministic accumulated cost then model path,switch-budget feasibility filter only,1e-09,0.0,0.0,0.0,0.0,0.0,0.0,0.0,0.0,0.0,0.0,0.0,0.0,none,66,100,0.66,-272.01178440076785,66,0.66,-272.01178440076785
M5,tight_capacity,FOODS_3_462__WI_2,8,validation_q25,11.0,8.0,3.0,False,True,True,unconstrained_switch_count > K,True,False,True,False,False,True,False,False,False,-1.5,-1.5,-1.5,False,False,96,0.10*validation_mean; floor=0.25,sorted model names,deterministic accumulated cost then model path,switch-budget feasibility filter only,1e-09,0.0,0.0,0.0,0.0,-1.5,0.0,0.0,0.0,0.0,171.80866595150974,0.0,0.0,branch-specific beam-pruning path: the budget feasibility filter changes the retained approximate state set despite a feasible unconstrained terminal path,66,100,0.66,-272.01178440076785,66,0.66,-272.01178440076785
M5,tight_capacity,FOODS_3_501__CA_3,8,validation_q25,12.0,8.0,4.0,False,True,True,unconstrained_switch_count > K,True,False,True,False,False,False,False,False,False,-200.44267782138058,-2.0,-200.44267782138058,False,False,96,0.10*validation_mean; floor=0.25,sorted model names,deterministic accumulated cost then model path,switch-budget feasibility filter only,1e-09,0.4836426339285822,-199.03094737392803,0.10462691861771378,0.0,-2.0,0.00855590463969158,0.017272951211735332,-1.4288616071428706,0.0,29.29400924588765,0.0,2.092538372354266,branch-specific beam-pruning path: the budget feasibility filter changes the retained approximate state set despite a feasible unconstrained terminal path,66,100,0.66,-272.01178440076785,66,0.66,-272.01178440076785
M5,tight_capacity,FOODS_3_541__CA_1,8,validation_q25,0.0,0.0,0.0,True,False,False,unconstrained_switch_count > K,False,False,False,True,True,True,True,True,True,0.0,0.0,0.0,True,True,96,0.10*validation_mean; floor=0.25,sorted model names,deterministic accumulated cost then model path,switch-budget feasibility filter only,1e-09,0.0,0.0,0.0,0.0,0.0,0.0,0.0,0.0,0.0,0.0,0.0,0.0,none,66,100,0.66,-272.01178440076785,66,0.66,-272.01178440076785
M5,tight_capacity,FOODS_3_541__CA_3,8,validation_q25,0.0,0.0,0.0,True,False,False,unconstrained_switch_count > K,False,False,False,True,True,True,True,True,True,0.0,0.0,0.0,True,True,96,0.10*validation_mean; floor=0.25,sorted model names,deterministic accumulated cost then model path,switch-budget feasibility filter only,1e-09,0.0,0.0,0.0,0.0,0.0,0.0,0.0,0.0,0.0,0.0,0.0,0.0,none,66,100,0.66,-272.01178440076785,66,0.66,-272.01178440076785
M5,tight_capacity,FOODS_3_547__WI_2,8,validation_q25,4.0,4.0,0.0,True,False,False,unconstrained_switch_count > K,False,False,False,True,True,True,True,True,True,0.0,0.0,0.0,True,True,96,0.10*validation_mean; floor=0.25,sorted model names,deterministic accumulated cost then model path,switch-budget feasibility filter only,1e-09,0.0,0.0,0.0,0.0,0.0,0.0,0.0,0.0,0.0,0.0,0.0,0.0,none,66,100,0.66,-272.01178440076785,66,0.66,-272.01178440076785
M5,tight_capacity,FOODS_3_555__CA_1,8,validation_q25,11.0,8.0,3.0,False,True,True,unconstrained_switch_count > K,True,False,True,False,False,False,False,False,False,42.30173660714172,-1.5,42.30173660714172,False,False,96,0.10*validation_mean; floor=0.25,sorted model names,deterministic accumulated cost then model path,switch-budget feasibility filter only,1e-09,0.0,43.75390625,0.04783035714285727,0.0,-1.5,-0.001784714818763411,0.0,0.47830357142856883,0.0,19.375773180681108,-0.0357142857142857,0.9566071428571448,branch-specific beam-pruning path: the budget feasibility filter changes the retained approximate state set despite a feasible unconstrained terminal path,66,100,0.66,-272.01178440076785,66,0.66,-272.01178440076785
M5,tight_capacity,FOODS_3_555__CA_3,8,validation_q25,8.0,8.0,0.0,True,False,False,unconstrained_switch_count > K,False,False,False,True,True,True,True,True,True,0.0,0.0,0.0,True,True,96,0.10*validation_mean; floor=0.25,sorted model names,deterministic accumulated cost then model path,switch-budget feasibility filter only,1e-09,0.0,0.0,0.0,0.0,0.0,0.0,0.0,0.0,0.0,0.0,0.0,0.0,none,66,100,0.66,-272.01178440076785,66,0.66,-272.01178440076785
M5,tight_capacity,FOODS_3_555__TX_1,8,validation_q25,10.0,8.0,2.0,False,True,True,unconstrained_switch_count > K,True,False,True,False,False,True,False,False,False,-1.0,-1.0,-1.0,False,False,96,0.10*validation_mean; floor=0.25,sorted model names,deterministic accumulated cost then model path,switch-budget feasibility filter only,1e-09,0.0,0.0,0.0,0.0,-1.0,0.0,0.0,0.0,0.0,15.0,0.0,0.0,branch-specific beam-pruning path: the budget feasibility filter changes the retained approximate state set despite a feasible unconstrained terminal path,66,100,0.66,-272.01178440076785,66,0.66,-272.01178440076785
M5,tight_capacity,FOODS_3_555__TX_2,8,validation_q25,9.0,8.0,1.0,False,True,True,unconstrained_switch_count > K,True,False,True,False,False,True,False,False,False,-0.5,-0.5,-0.5,False,False,96,0.10*validation_mean; floor=0.25,sorted model names,deterministic accumulated cost then model path,switch-budget feasibility filter only,1e-09,0.0,0.0,0.0,0.0,-0.5,0.0,0.0,0.0,0.0,53.62697212863395,0.0,0.0,branch-specific beam-pruning path: the budget feasibility filter changes the retained approximate state set despite a feasible unconstrained terminal path,66,100,0.66,-272.01178440076785,66,0.66,-272.01178440076785
M5,tight_capacity,FOODS_3_555__TX_3,8,validation_q25,10.0,8.0,2.0,False,True,True,unconstrained_switch_count > K,True,False,True,False,False,True,False,False,False,-1.0,-1.0,-1.0,False,False,96,0.10*validation_mean; floor=0.25,sorted model names,deterministic accumulated cost then model path,switch-budget feasibility filter only,1e-09,0.0,0.0,0.0,0.0,-1.0,0.0,0.0,0.0,0.0,50.02889918716983,0.0,0.0,branch-specific beam-pruning path: the budget feasibility filter changes the retained approximate state set despite a feasible unconstrained terminal path,66,100,0.66,-272.01178440076785,66,0.66,-272.01178440076785
M5,tight_capacity,FOODS_3_555__WI_3,8,validation_q25,10.0,8.0,2.0,False,True,True,unconstrained_switch_count > K,True,False,True,False,False,False,False,False,False,1552.7091947395656,-1.0,1552.7091947395656,False,False,96,0.10*validation_mean; floor=0.25,sorted model names,deterministic accumulated cost then model path,switch-budget feasibility filter only,1e-09,0.0,1553.66792960792,0.04126513164704293,0.0,-1.0,0.0,0.0,17.9436549371608,0.0,511.90710115746924,0.0,0.8253026329408613,branch-specific beam-pruning path: the budget feasibility filter changes the retained approximate state set despite a feasible unconstrained terminal path,66,100,0.66,-272.01178440076785,66,0.66,-272.01178440076785
M5,tight_capacity,FOODS_3_586__CA_1,8,validation_q25,10.0,8.0,2.0,False,True,True,unconstrained_switch_count > K,True,False,True,False,False,True,False,False,False,-1.0,-1.0,-1.0,False,False,96,0.10*validation_mean; floor=0.25,sorted model names,deterministic accumulated cost then model path,switch-budget feasibility filter only,1e-09,0.0,0.0,0.0,0.0,-1.0,0.0,0.0,0.0,0.0,17.74773494694182,0.0,0.0,branch-specific beam-pruning path: the budget feasibility filter changes the retained approximate state set despite a feasible unconstrained terminal path,66,100,0.66,-272.01178440076785,66,0.66,-272.01178440076785
M5,tight_capacity,FOODS_3_586__CA_2,8,validation_q25,9.0,8.0,1.0,False,True,True,unconstrained_switch_count > K,True,False,True,False,False,True,False,False,False,-0.5,-0.5,-0.5,False,False,96,0.10*validation_mean; floor=0.25,sorted model names,deterministic accumulated cost then model path,switch-budget feasibility filter only,1e-09,0.0,0.0,0.0,0.0,-0.5,0.0,0.0,0.0,0.0,4.9145527042862795,0.0,0.0,branch-specific beam-pruning path: the budget feasibility filter changes the retained approximate state set despite a feasible unconstrained terminal path,66,100,0.66,-272.01178440076785,66,0.66,-272.01178440076785
M5,tight_capacity,FOODS_3_586__CA_3,8,validation_q25,9.0,8.0,1.0,False,True,True,unconstrained_switch_count > K,True,False,True,False,False,True,False,False,False,-0.5,-0.5,-0.5,False,False,96,0.10*validation_mean; floor=0.25,sorted model names,deterministic accumulated cost then model path,switch-budget feasibility filter only,1e-09,0.0,0.0,0.0,0.0,-0.5,0.0,0.0,0.0,0.0,10.0,0.0,0.0,branch-specific beam-pruning path: the budget feasibility filter changes the retained approximate state set despite a feasible unconstrained terminal path,66,100,0.66,-272.01178440076785,66,0.66,-272.01178440076785
M5,tight_capacity,FOODS_3_586__TX_1,8,validation_q25,8.0,8.0,0.0,True,False,False,unconstrained_switch_count > K,False,False,False,True,True,True,True,True,True,0.0,0.0,0.0,True,True,96,0.10*validation_mean; floor=0.25,sorted model names,deterministic accumulated cost then model path,switch-budget feasibility filter only,1e-09,0.0,0.0,0.0,0.0,0.0,0.0,0.0,0.0,0.0,0.0,0.0,0.0,none,66,100,0.66,-272.01178440076785,66,0.66,-272.01178440076785
M5,tight_capacity,FOODS_3_586__TX_2,8,validation_q25,11.0,8.0,3.0,False,True,True,unconstrained_switch_count > K,True,False,True,False,False,True,False,False,False,-1.5,-1.5,-1.5,False,False,96,0.10*validation_mean; floor=0.25,sorted model names,deterministic accumulated cost then model path,switch-budget feasibility filter only,1e-09,0.0,0.0,0.0,0.0,-1.5,0.0,0.0,0.0,0.0,200.30968647540158,0.0,0.0,branch-specific beam-pruning path: the budget feasibility filter changes the retained approximate state set despite a feasible unconstrained terminal path,66,100,0.66,-272.01178440076785,66,0.66,-272.01178440076785
M5,tight_capacity,FOODS_3_586__TX_3,8,validation_q25,11.0,8.0,3.0,False,True,True,unconstrained_switch_count > K,True,False,True,False,False,False,False,False,False,-2879.3748686316358,-1.5,-2879.3748686316358,False,False,96,0.10*validation_mean; floor=0.25,sorted model names,deterministic accumulated cost then model path,switch-budget feasibility filter only,1e-09,0.0,-2877.9649172506633,0.09004861902754291,0.0,-1.5,0.03200596859158927,0.0,-32.531909967200704,0.0,-640.4475339773849,0.0,1.80097238055086,branch-specific beam-pruning path: the budget feasibility filter changes the retained approximate state set despite a feasible unconstrained terminal path,66,100,0.66,-272.01178440076785,66,0.66,-272.01178440076785
M5,tight_capacity,FOODS_3_586__WI_3,8,validation_q25,11.0,8.0,3.0,False,True,True,unconstrained_switch_count > K,True,False,True,False,False,False,False,False,False,-1135.0478302369147,-1.5,-1135.0478302369147,False,False,96,0.10*validation_mean; floor=0.25,sorted model names,deterministic accumulated cost then model path,switch-budget feasibility filter only,1e-09,0.0,-1133.6373555590953,0.08952532218110099,0.0,-1.5,0.031343037821752795,0.0,-13.510250933462999,0.0,-203.0790718226392,0.0357142857142857,1.7905064436220002,branch-specific beam-pruning path: the budget feasibility filter changes the retained approximate state set despite a feasible unconstrained terminal path,66,100,0.66,-272.01178440076785,66,0.66,-272.01178440076785
M5,tight_capacity,FOODS_3_587__CA_1,8,validation_q25,10.0,7.0,3.0,False,True,True,unconstrained_switch_count > K,True,False,True,False,False,False,False,False,False,293.5520647250728,-1.5,293.5520647250728,False,False,96,0.10*validation_mean; floor=0.25,sorted model names,deterministic accumulated cost then model path,switch-budget feasibility filter only,1e-09,4.616775487179325,290.7825842681141,-0.34729503022088304,0.0,-1.5,-0.028863582660450193,0.164884838827831,3.7099911836396515,0.0,95.1694339090028,0.0357142857142857,-6.945900604417659,branch-specific beam-pruning path: the budget feasibility filter changes the retained approximate state set despite a feasible unconstrained terminal path,66,100,0.66,-272.01178440076785,66,0.66,-272.01178440076785
M5,tight_capacity,FOODS_3_587__CA_3,8,validation_q25,9.0,8.0,1.0,False,True,True,unconstrained_switch_count > K,True,False,True,False,False,False,False,False,False,-339.4031517857129,-0.5,-339.4031517857129,False,False,96,0.10*validation_mean; floor=0.25,sorted model names,deterministic accumulated cost then model path,switch-budget feasibility filter only,1e-09,-0.9448214285714016,-337.6662946428569,-0.2920357142857145,0.0,-0.5,0.0010358937544867053,-0.03374362244898066,-3.500133928571387,0.0,-33.54361607142846,0.0,-5.8407142857142915,branch-specific beam-pruning path: the budget feasibility filter changes the retained approximate state set despite a feasible unconstrained terminal path,66,100,0.66,-272.01178440076785,66,0.66,-272.01178440076785
M5,tight_capacity,FOODS_3_587__TX_1,8,validation_q25,7.0,7.0,0.0,True,False,False,unconstrained_switch_count > K,False,False,False,True,True,True,True,True,True,0.0,0.0,0.0,True,True,96,0.10*validation_mean; floor=0.25,sorted model names,deterministic accumulated cost then model path,switch-budget feasibility filter only,1e-09,0.0,0.0,0.0,0.0,0.0,0.0,0.0,0.0,0.0,0.0,0.0,0.0,none,66,100,0.66,-272.01178440076785,66,0.66,-272.01178440076785
M5,tight_capacity,FOODS_3_587__TX_2,8,validation_q25,10.0,8.0,2.0,False,True,True,unconstrained_switch_count > K,True,False,True,False,False,False,False,False,False,-799.2940436326189,-1.0,-799.2940436326189,False,False,96,0.10*validation_mean; floor=0.25,sorted model names,deterministic accumulated cost then model path,switch-budget feasibility filter only,1e-09,0.0,-798.1018286605367,-0.192214972081294,0.0,-1.0,0.0,0.0,-13.138203746728763,0.0,-186.03934976169933,0.0357142857142857,-3.8442994416258784,branch-specific beam-pruning path: the budget feasibility filter changes the retained approximate state set despite a feasible unconstrained terminal path,66,100,0.66,-272.01178440076785,66,0.66,-272.01178440076785
M5,tight_capacity,FOODS_3_587__TX_3,8,validation_q25,2.0,2.0,0.0,True,False,False,unconstrained_switch_count > K,False,False,False,True,True,True,True,True,True,0.0,0.0,0.0,True,True,96,0.10*validation_mean; floor=0.25,sorted model names,deterministic accumulated cost then model path,switch-budget feasibility filter only,1e-09,0.0,0.0,0.0,0.0,0.0,0.0,0.0,0.0,0.0,0.0,0.0,0.0,none,66,100,0.66,-272.01178440076785,66,0.66,-272.01178440076785
M5,tight_capacity,FOODS_3_587__WI_3,8,validation_q25,9.0,7.0,2.0,False,True,True,unconstrained_switch_count > K,True,False,True,False,False,True,False,False,False,-1.0,-1.0,-1.0,False,False,96,0.10*validation_mean; floor=0.25,sorted model names,deterministic accumulated cost then model path,switch-budget feasibility filter only,1e-09,0.0,0.0,0.0,0.0,-1.0,0.0,0.0,0.0,0.0,0.535714285713766,0.0,0.0,branch-specific beam-pruning path: the budget feasibility filter changes the retained approximate state set despite a feasible unconstrained terminal path,66,100,0.66,-272.01178440076785,66,0.66,-272.01178440076785
M5,tight_capacity,FOODS_3_607__CA_3,8,validation_q25,9.0,8.0,1.0,False,True,True,unconstrained_switch_count > K,True,False,True,False,False,False,False,False,False,-322.49117809656263,-0.5,-322.49117809656263,False,False,96,0.10*validation_mean; floor=0.25,sorted model names,deterministic accumulated cost then model path,switch-budget feasibility filter only,1e-09,0.0,-322.1982779050968,0.2070998085336906,0.0,-0.5,0.02997382999774012,0.0,-2.468075171589163,0.0,-37.45511002355386,-0.0357142857142857,4.1419961706738135,branch-specific beam-pruning path: the budget feasibility filter changes the retained approximate state set despite a feasible unconstrained terminal path,66,100,0.66,-272.01178440076785,66,0.66,-272.01178440076785
M5,tight_capacity,FOODS_3_635__CA_3,8,validation_q25,1.0,1.0,0.0,True,False,False,unconstrained_switch_count > K,False,False,False,True,True,True,True,True,True,0.0,0.0,0.0,True,True,96,0.10*validation_mean; floor=0.25,sorted model names,deterministic accumulated cost then model path,switch-budget feasibility filter only,1e-09,0.0,0.0,0.0,0.0,0.0,0.0,0.0,0.0,0.0,0.0,0.0,0.0,none,66,100,0.66,-272.01178440076785,66,0.66,-272.01178440076785
M5,tight_capacity,FOODS_3_681__CA_3,8,validation_q25,12.0,8.0,4.0,False,True,True,unconstrained_switch_count > K,True,False,True,False,False,True,False,False,False,-2.0,-2.0,-2.0,False,False,96,0.10*validation_mean; floor=0.25,sorted model names,deterministic accumulated cost then model path,switch-budget feasibility filter only,1e-09,0.0,0.0,0.0,0.0,-2.0,0.0,0.0,0.0,0.0,25.178571428572468,0.0,0.0,branch-specific beam-pruning path: the budget feasibility filter changes the retained approximate state set despite a feasible unconstrained terminal path,66,100,0.66,-272.01178440076785,66,0.66,-272.01178440076785
M5,tight_capacity,FOODS_3_681__WI_3,8,validation_q25,10.0,8.0,2.0,False,True,True,unconstrained_switch_count > K,True,False,True,False,False,True,False,False,False,-1.0,-1.0,-1.0,False,False,96,0.10*validation_mean; floor=0.25,sorted model names,deterministic accumulated cost then model path,switch-budget feasibility filter only,1e-09,0.0,0.0,0.0,0.0,-1.0,0.0,0.0,0.0,0.0,41.11517422426914,0.0,0.0,branch-specific beam-pruning path: the budget feasibility filter changes the retained approximate state set despite a feasible unconstrained terminal path,66,100,0.66,-272.01178440076785,66,0.66,-272.01178440076785
M5,tight_capacity,FOODS_3_694__CA_3,8,validation_q25,7.0,7.0,0.0,True,False,False,unconstrained_switch_count > K,False,False,False,True,True,True,True,True,True,0.0,0.0,0.0,True,True,96,0.10*validation_mean; floor=0.25,sorted model names,deterministic accumulated cost then model path,switch-budget feasibility filter only,1e-09,0.0,0.0,0.0,0.0,0.0,0.0,0.0,0.0,0.0,0.0,0.0,0.0,none,66,100,0.66,-272.01178440076785,66,0.66,-272.01178440076785
M5,tight_capacity,FOODS_3_694__WI_1,8,validation_q25,11.0,8.0,3.0,False,True,True,unconstrained_switch_count > K,True,False,True,False,False,True,False,False,False,-1.5,-1.5,-1.5,False,False,96,0.10*validation_mean; floor=0.25,sorted model names,deterministic accumulated cost then model path,switch-budget feasibility filter only,1e-09,0.0,0.0,0.0,0.0,-1.5,0.0,0.0,0.0,0.0,73.20888619557627,0.0,0.0,branch-specific beam-pruning path: the budget feasibility filter changes the retained approximate state set despite a feasible unconstrained terminal path,66,100,0.66,-272.01178440076785,66,0.66,-272.01178440076785
M5,tight_capacity,FOODS_3_694__WI_2,8,validation_q25,8.0,8.0,0.0,True,False,False,unconstrained_switch_count > K,False,False,False,True,True,True,True,True,True,0.0,0.0,0.0,True,True,96,0.10*validation_mean; floor=0.25,sorted model names,deterministic accumulated cost then model path,switch-budget feasibility filter only,1e-09,0.0,0.0,0.0,0.0,0.0,0.0,0.0,0.0,0.0,0.0,0.0,0.0,none,66,100,0.66,-272.01178440076785,66,0.66,-272.01178440076785
M5,tight_capacity,FOODS_3_694__WI_3,8,validation_q25,10.0,8.0,2.0,False,True,True,unconstrained_switch_count > K,True,False,True,False,False,True,False,False,False,-1.0,-1.0,-1.0,False,False,96,0.10*validation_mean; floor=0.25,sorted model names,deterministic accumulated cost then model path,switch-budget feasibility filter only,1e-09,0.0,0.0,0.0,0.0,-1.0,0.0,0.0,0.0,0.0,0.0,0.0,0.0,branch-specific beam-pruning path: the budget feasibility filter changes the retained approximate state set despite a feasible unconstrained terminal path,66,100,0.66,-272.01178440076785,66,0.66,-272.01178440076785
M5,tight_capacity,FOODS_3_711__CA_3,8,validation_q25,5.0,5.0,0.0,True,False,False,unconstrained_switch_count > K,False,False,False,True,True,True,True,True,True,0.0,0.0,0.0,True,True,96,0.10*validation_mean; floor=0.25,sorted model names,deterministic accumulated cost then model path,switch-budget feasibility filter only,1e-09,0.0,0.0,0.0,0.0,0.0,0.0,0.0,0.0,0.0,0.0,0.0,0.0,none,66,100,0.66,-272.01178440076785,66,0.66,-272.01178440076785
M5,tight_capacity,FOODS_3_711__WI_2,8,validation_q25,3.0,3.0,0.0,True,False,False,unconstrained_switch_count > K,False,False,False,True,True,True,True,True,True,0.0,0.0,0.0,True,True,96,0.10*validation_mean; floor=0.25,sorted model names,deterministic accumulated cost then model path,switch-budget feasibility filter only,1e-09,0.0,0.0,0.0,0.0,0.0,0.0,0.0,0.0,0.0,0.0,0.0,0.0,none,66,100,0.66,-272.01178440076785,66,0.66,-272.01178440076785
M5,tight_capacity,FOODS_3_714__CA_1,8,validation_q25,10.0,8.0,2.0,False,True,True,unconstrained_switch_count > K,True,False,True,False,False,True,False,False,False,-1.0,-1.0,-1.0,False,False,96,0.10*validation_mean; floor=0.25,sorted model names,deterministic accumulated cost then model path,switch-budget feasibility filter only,1e-09,0.0,0.0,0.0,0.0,-1.0,0.0,0.0,0.0,0.0,43.249157509352926,0.0,0.0,branch-specific beam-pruning path: the budget feasibility filter changes the retained approximate state set despite a feasible unconstrained terminal path,66,100,0.66,-272.01178440076785,66,0.66,-272.01178440076785
M5,tight_capacity,FOODS_3_714__CA_3,8,validation_q25,10.0,8.0,2.0,False,True,True,unconstrained_switch_count > K,True,False,True,False,False,False,False,False,False,551.3296984375011,-1.0,551.3296984375011,False,False,96,0.10*validation_mean; floor=0.25,sorted model names,deterministic accumulated cost then model path,switch-budget feasibility filter only,1e-09,0.0,552.0235390625003,0.30615937500000007,0.0,-1.0,-0.010003424873737315,0.0,5.074582812500012,0.0,132.4093469905456,-0.0357142857142857,6.1231874999999985,branch-specific beam-pruning path: the budget feasibility filter changes the retained approximate state set despite a feasible unconstrained terminal path,66,100,0.66,-272.01178440076785,66,0.66,-272.01178440076785
M5,tight_capacity,FOODS_3_714__TX_1,8,validation_q25,8.0,8.0,0.0,True,False,False,unconstrained_switch_count > K,False,False,False,True,True,True,True,True,True,0.0,0.0,0.0,True,True,96,0.10*validation_mean; floor=0.25,sorted model names,deterministic accumulated cost then model path,switch-budget feasibility filter only,1e-09,0.0,0.0,0.0,0.0,0.0,0.0,0.0,0.0,0.0,0.0,0.0,0.0,none,66,100,0.66,-272.01178440076785,66,0.66,-272.01178440076785
M5,tight_capacity,FOODS_3_714__TX_2,8,validation_q25,11.0,8.0,3.0,False,True,True,unconstrained_switch_count > K,True,False,True,False,False,False,False,False,False,-1819.2808931451382,-1.5,-1819.2808931451382,False,False,96,0.10*validation_mean; floor=0.25,sorted model names,deterministic accumulated cost then model path,switch-budget feasibility filter only,1e-09,6.081662654518425,-1824.4243033915222,0.5617475918655686,0.0,-1.5,0.12669267947809693,0.2172022376613718,-11.93652050538553,0.0,-342.0745590862995,-0.0714285714285714,11.234951837311357,branch-specific beam-pruning path: the budget feasibility filter changes the retained approximate state set despite a feasible unconstrained terminal path,66,100,0.66,-272.01178440076785,66,0.66,-272.01178440076785
M5,tight_capacity,FOODS_3_714__TX_3,8,validation_q25,9.0,8.0,1.0,False,True,True,unconstrained_switch_count > K,True,False,True,False,False,True,False,False,False,-0.5,-0.5,-0.5,False,False,96,0.10*validation_mean; floor=0.25,sorted model names,deterministic accumulated cost then model path,switch-budget feasibility filter only,1e-09,0.0,0.0,0.0,0.0,-0.5,0.0,0.0,0.0,0.0,50.10700810578783,0.0,0.0,branch-specific beam-pruning path: the budget feasibility filter changes the retained approximate state set despite a feasible unconstrained terminal path,66,100,0.66,-272.01178440076785,66,0.66,-272.01178440076785
M5,tight_capacity,FOODS_3_714__WI_3,8,validation_q25,7.0,7.0,0.0,True,False,False,unconstrained_switch_count > K,False,False,False,True,True,True,True,True,True,0.0,0.0,0.0,True,True,96,0.10*validation_mean; floor=0.25,sorted model names,deterministic accumulated cost then model path,switch-budget feasibility filter only,1e-09,0.0,0.0,0.0,0.0,0.0,0.0,0.0,0.0,0.0,0.0,0.0,0.0,none,66,100,0.66,-272.01178440076785,66,0.66,-272.01178440076785
M5,tight_capacity,FOODS_3_723__CA_3,8,validation_q25,11.0,8.0,3.0,False,True,True,unconstrained_switch_count > K,True,False,True,False,False,True,False,False,False,-1.5,-1.5,-1.5,False,False,96,0.10*validation_mean; floor=0.25,sorted model names,deterministic accumulated cost then model path,switch-budget feasibility filter only,1e-09,0.0,0.0,0.0,0.0,-1.5,0.0,0.0,0.0,0.0,-37.4747378050979,0.03571428571428581,0.0,branch-specific beam-pruning path: the budget feasibility filter changes the retained approximate state set despite a feasible unconstrained terminal path,66,100,0.66,-272.01178440076785,66,0.66,-272.01178440076785
M5,tight_capacity,FOODS_3_723__WI_3,8,validation_q25,7.0,7.0,0.0,True,False,False,unconstrained_switch_count > K,False,False,False,True,True,True,True,True,True,0.0,0.0,0.0,True,True,96,0.10*validation_mean; floor=0.25,sorted model names,deterministic accumulated cost then model path,switch-budget feasibility filter only,1e-09,0.0,0.0,0.0,0.0,0.0,0.0,0.0,0.0,0.0,0.0,0.0,0.0,none,66,100,0.66,-272.01178440076785,66,0.66,-272.01178440076785
M5,tight_capacity,FOODS_3_752__CA_3,8,validation_q25,10.0,8.0,2.0,False,True,True,unconstrained_switch_count > K,True,False,True,False,False,True,False,False,False,-1.0,-1.0,-1.0,False,False,96,0.10*validation_mean; floor=0.25,sorted model names,deterministic accumulated cost then model path,switch-budget feasibility filter only,1e-09,0.0,0.0,0.0,0.0,-1.0,0.0,0.0,0.0,0.0,1.25,0.0,0.0,branch-specific beam-pruning path: the budget feasibility filter changes the retained approximate state set despite a feasible unconstrained terminal path,66,100,0.66,-272.01178440076785,66,0.66,-272.01178440076785
M5,tight_capacity,FOODS_3_804__CA_3,8,validation_q25,3.0,3.0,0.0,True,False,False,unconstrained_switch_count > K,False,False,False,True,True,True,True,True,True,0.0,0.0,0.0,True,True,96,0.10*validation_mean; floor=0.25,sorted model names,deterministic accumulated cost then model path,switch-budget feasibility filter only,1e-09,0.0,0.0,0.0,0.0,0.0,0.0,0.0,0.0,0.0,0.0,0.0,0.0,none,66,100,0.66,-272.01178440076785,66,0.66,-272.01178440076785
M5,tight_capacity,FOODS_3_808__CA_1,8,validation_q25,12.0,8.0,4.0,False,True,True,unconstrained_switch_count > K,True,False,True,False,False,False,False,False,False,-1.9850000000001273,-2.0,-1.9850000000001273,False,False,96,0.10*validation_mean; floor=0.25,sorted model names,deterministic accumulated cost then model path,switch-budget feasibility filter only,1e-09,0.0,0.0,0.015,0.0,-2.0,0.0,0.0,0.0,0.0,-26.750585035796576,-0.07142857142857151,0.30000000000000016,branch-specific beam-pruning path: the budget feasibility filter changes the retained approximate state set despite a feasible unconstrained terminal path,66,100,0.66,-272.01178440076785,66,0.66,-272.01178440076785
M5,tight_capacity,FOODS_3_808__CA_3,8,validation_q25,1.0,1.0,0.0,True,False,False,unconstrained_switch_count > K,False,False,False,True,True,True,True,True,True,0.0,0.0,0.0,True,True,96,0.10*validation_mean; floor=0.25,sorted model names,deterministic accumulated cost then model path,switch-budget feasibility filter only,1e-09,0.0,0.0,0.0,0.0,0.0,0.0,0.0,0.0,0.0,0.0,0.0,0.0,none,66,100,0.66,-272.01178440076785,66,0.66,-272.01178440076785
M5,tight_capacity,HOUSEHOLD_1_118__CA_3,8,validation_q25,7.0,7.0,0.0,True,False,False,unconstrained_switch_count > K,False,False,False,True,True,True,True,True,True,0.0,0.0,0.0,True,True,96,0.10*validation_mean; floor=0.25,sorted model names,deterministic accumulated cost then model path,switch-budget feasibility filter only,1e-09,0.0,0.0,0.0,0.0,0.0,0.0,0.0,0.0,0.0,0.0,0.0,0.0,none,66,100,0.66,-272.01178440076785,66,0.66,-272.01178440076785
M5,tight_capacity,HOUSEHOLD_1_334__CA_3,8,validation_q25,8.0,8.0,0.0,True,False,False,unconstrained_switch_count > K,False,False,False,True,True,True,True,True,True,0.0,0.0,0.0,True,True,96,0.10*validation_mean; floor=0.25,sorted model names,deterministic accumulated cost then model path,switch-budget feasibility filter only,1e-09,0.0,0.0,0.0,0.0,0.0,0.0,0.0,0.0,0.0,0.0,0.0,0.0,none,66,100,0.66,-272.01178440076785,66,0.66,-272.01178440076785
M5,tight_capacity,HOUSEHOLD_1_459__CA_3,8,validation_q25,10.0,8.0,2.0,False,True,True,unconstrained_switch_count > K,True,False,True,False,False,False,False,False,False,-986.9651498325911,-1.0,-986.9651498325911,False,False,96,0.10*validation_mean; floor=0.25,sorted model names,deterministic accumulated cost then model path,switch-budget feasibility filter only,1e-09,0.0,-985.5555895647376,-0.40956026785714295,0.0,-1.0,0.0,0.0,-9.462225837053609,0.0,-220.9306682361771,0.07142857142857151,-8.191205357142854,branch-specific beam-pruning path: the budget feasibility filter changes the retained approximate state set despite a feasible unconstrained terminal path,66,100,0.66,-272.01178440076785,66,0.66,-272.01178440076785
Walmart,frozen_horizon,store_001__dept_038,1,validation_q25,3.0,1.0,2.0,False,True,True,unconstrained_switch_count > K,True,False,True,False,False,False,False,False,False,15812.705411137722,-1.0,15812.705411137722,False,False,96,0.10*validation_mean; floor=0.25,sorted model names,deterministic accumulated cost then model path,switch-budget feasibility filter only,1e-09,-2823.680296394072,18724.4382157817,-87.0525082498043,0.0,-1.0,-0.0037742872650932124,-217.2061766457009,0.0,0.0,0.0,0.0,-1741.0501649960643,branch-specific beam-pruning path: the budget feasibility filter changes the retained approximate state set despite a feasible unconstrained terminal path,67,100,0.67,7183.49466200992,67,0.67,7183.49466200992
Walmart,frozen_horizon,store_001__dept_090,1,validation_q25,2.0,1.0,1.0,False,True,True,unconstrained_switch_count > K,True,False,True,False,False,False,False,False,False,18918.698121419584,-0.5,18918.698121419584,False,False,96,0.10*validation_mean; floor=0.25,sorted model names,deterministic accumulated cost then model path,switch-budget feasibility filter only,1e-09,-1865.9664621361298,21200.99749701732,-415.83291346157057,0.0,-0.5,-0.003678453614946453,-143.53588170277726,0.0,0.0,0.0,0.0,-8316.658269231382,branch-specific beam-pruning path: the budget feasibility filter changes the retained approximate state set despite a feasible unconstrained terminal path,67,100,0.67,7183.49466200992,67,0.67,7183.49466200992
Walmart,frozen_horizon,store_001__dept_092,1,validation_q25,2.0,1.0,1.0,False,True,True,unconstrained_switch_count > K,True,False,True,False,False,False,False,False,False,464.547884615371,-0.5,464.547884615371,False,False,96,0.10*validation_mean; floor=0.25,sorted model names,deterministic accumulated cost then model path,switch-budget feasibility filter only,1e-09,0.0,0.0,465.0478846153637,0.0,-0.5,0.0,0.0,0.0,0.0,0.0,0.0,9300.957692307304,branch-specific beam-pruning path: the budget feasibility filter changes the retained approximate state set despite a feasible unconstrained terminal path,67,100,0.67,7183.49466200992,67,0.67,7183.49466200992
Walmart,frozen_horizon,store_001__dept_095,1,validation_q25,2.0,1.0,1.0,False,True,True,unconstrained_switch_count > K,True,False,True,False,False,False,False,False,False,-34306.01815979509,-0.5,-34306.01815979509,False,False,96,0.10*validation_mean; floor=0.25,sorted model names,deterministic accumulated cost then model path,switch-budget feasibility filter only,1e-09,-36216.35524423455,537.30633564241,1373.530748797264,0.0,-0.5,-6.520587318048499e-05,-2785.873480325732,0.0,0.0,0.0,0.0,27470.614975945326,branch-specific beam-pruning path: the budget feasibility filter changes the retained approximate state set despite a feasible unconstrained terminal path,67,100,0.67,7183.49466200992,67,0.67,7183.49466200992
Walmart,frozen_horizon,store_001__dept_098,1,validation_q25,2.0,0.0,2.0,False,True,True,unconstrained_switch_count > K,True,False,True,False,False,False,False,False,False,-30154.318333877643,-1.0,-30154.318333877643,False,False,96,0.10*validation_mean; floor=0.25,sorted model names,deterministic accumulated cost then model path,switch-budget feasibility filter only,1e-09,2916.5442069494748,-33003.578725999425,-66.28381482771124,0.0,-1.0,0.043238824681319454,224.34955438072984,0.0,0.0,-3484.1859456119346,-0.0769230769230769,-1325.676296554222,branch-specific beam-pruning path: the budget feasibility filter changes the retained approximate state set despite a feasible unconstrained terminal path,67,100,0.67,7183.49466200992,67,0.67,7183.49466200992
Walmart,frozen_horizon,store_002__dept_038,1,validation_q25,2.0,1.0,1.0,False,True,True,unconstrained_switch_count > K,True,False,True,False,False,False,False,False,False,-44.59284615382785,-0.5,-44.59284615382785,False,False,96,0.10*validation_mean; floor=0.25,sorted model names,deterministic accumulated cost then model path,switch-budget feasibility filter only,1e-09,0.0,0.0,-44.09284615384786,0.0,-0.5,0.0,0.0,0.0,0.0,0.0,0.0,-881.8569230769353,branch-specific beam-pruning path: the budget feasibility filter changes the retained approximate state set despite a feasible unconstrained terminal path,67,100,0.67,7183.49466200992,67,0.67,7183.49466200992
Walmart,frozen_horizon,store_002__dept_090,1,validation_q25,1.0,1.0,0.0,True,False,False,unconstrained_switch_count > K,False,False,False,True,True,True,True,True,True,0.0,0.0,0.0,True,True,96,0.10*validation_mean; floor=0.25,sorted model names,deterministic accumulated cost then model path,switch-budget feasibility filter only,1e-09,0.0,0.0,0.0,0.0,0.0,0.0,0.0,0.0,0.0,0.0,0.0,0.0,none,67,100,0.67,7183.49466200992,67,0.67,7183.49466200992
Walmart,frozen_horizon,store_002__dept_091,1,validation_q25,2.0,1.0,1.0,False,True,True,unconstrained_switch_count > K,True,False,True,False,False,False,False,False,False,3076.8461329640704,-0.5,3076.8461329640704,False,False,96,0.10*validation_mean; floor=0.25,sorted model names,deterministic accumulated cost then model path,switch-budget feasibility filter only,1e-09,3612.95830507105,-1.4370016288012266e-10,-535.6121721068585,0.0,-0.5,0.0,277.9198696208514,0.0,0.0,0.0,0.0,-10712.243442137173,branch-specific beam-pruning path: the budget feasibility filter changes the retained approximate state set despite a feasible unconstrained terminal path,67,100,0.67,7183.49466200992,67,0.67,7183.49466200992
Walmart,frozen_horizon,store_002__dept_092,1,validation_q25,1.0,1.0,0.0,True,False,False,unconstrained_switch_count > K,False,False,False,True,True,True,True,True,True,0.0,0.0,0.0,True,True,96,0.10*validation_mean; floor=0.25,sorted model names,deterministic accumulated cost then model path,switch-budget feasibility filter only,1e-09,0.0,0.0,0.0,0.0,0.0,0.0,0.0,0.0,0.0,0.0,0.0,0.0,none,67,100,0.67,7183.49466200992,67,0.67,7183.49466200992
Walmart,frozen_horizon,store_002__dept_095,1,validation_q25,2.0,1.0,1.0,False,True,True,unconstrained_switch_count > K,True,False,True,False,False,False,False,False,False,-18359.186536623864,-0.5,-18359.186536623864,False,False,96,0.10*validation_mean; floor=0.25,sorted model names,deterministic accumulated cost then model path,switch-budget feasibility filter only,1e-09,-19582.475069086184,0.0,1223.788532462624,0.0,-0.5,0.0,-1506.3442360835543,0.0,0.0,0.0,0.0,24475.770649252605,branch-specific beam-pruning path: the budget feasibility filter changes the retained approximate state set despite a feasible unconstrained terminal path,67,100,0.67,7183.49466200992,67,0.67,7183.49466200992
Walmart,frozen_horizon,store_003__dept_014,1,validation_q25,2.0,1.0,1.0,False,True,True,unconstrained_switch_count > K,True,False,True,False,False,True,False,False,False,-0.5,-0.5,-0.5,False,False,96,0.10*validation_mean; floor=0.25,sorted model names,deterministic accumulated cost then model path,switch-budget feasibility filter only,1e-09,0.0,0.0,0.0,0.0,-0.5,0.0,0.0,0.0,0.0,-420.8539974961059,0.0,0.0,branch-specific beam-pruning path: the budget feasibility filter changes the retained approximate state set despite a feasible unconstrained terminal path,67,100,0.67,7183.49466200992,67,0.67,7183.49466200992
Walmart,frozen_horizon,store_003__dept_038,1,validation_q25,3.0,1.0,2.0,False,True,True,unconstrained_switch_count > K,True,False,True,False,False,False,False,False,False,21087.618628084194,-1.0,21087.618628084194,False,False,96,0.10*validation_mean; floor=0.25,sorted model names,deterministic accumulated cost then model path,switch-budget feasibility filter only,1e-09,1590.9355553452042,18616.214109732304,881.4689630069697,0.0,-1.0,-0.0032732073215285817,122.37965810346577,-1698.3109615385765,0.0,-4662.886641243153,0.0,17629.379260139336,branch-specific beam-pruning path: the budget feasibility filter changes the retained approximate state set despite a feasible unconstrained terminal path,67,100,0.67,7183.49466200992,67,0.67,7183.49466200992
Walmart,frozen_horizon,store_004__dept_002,1,validation_q25,1.0,1.0,0.0,True,False,False,unconstrained_switch_count > K,False,False,False,True,True,True,True,True,True,0.0,0.0,0.0,True,True,96,0.10*validation_mean; floor=0.25,sorted model names,deterministic accumulated cost then model path,switch-budget feasibility filter only,1e-09,0.0,0.0,0.0,0.0,0.0,0.0,0.0,0.0,0.0,0.0,0.0,0.0,none,67,100,0.67,7183.49466200992,67,0.67,7183.49466200992
Walmart,frozen_horizon,store_004__dept_038,1,validation_q25,2.0,1.0,1.0,False,True,True,unconstrained_switch_count > K,True,False,True,False,False,False,False,False,False,179.25885371823097,-0.5,179.25885371823097,False,False,96,0.10*validation_mean; floor=0.25,sorted model names,deterministic accumulated cost then model path,switch-budget feasibility filter only,1e-09,0.0,0.0,179.75885371822915,0.0,-0.5,0.0,0.0,0.0,0.0,0.0,0.0,3595.177074364561,branch-specific beam-pruning path: the budget feasibility filter changes the retained approximate state set despite a feasible unconstrained terminal path,67,100,0.67,7183.49466200992,67,0.67,7183.49466200992
Walmart,frozen_horizon,store_004__dept_072,1,validation_q25,1.0,1.0,0.0,True,False,False,unconstrained_switch_count > K,False,False,False,True,True,True,True,True,True,0.0,0.0,0.0,True,True,96,0.10*validation_mean; floor=0.25,sorted model names,deterministic accumulated cost then model path,switch-budget feasibility filter only,1e-09,0.0,0.0,0.0,0.0,0.0,0.0,0.0,0.0,0.0,0.0,0.0,0.0,none,67,100,0.67,7183.49466200992,67,0.67,7183.49466200992
Walmart,frozen_horizon,store_004__dept_090,1,validation_q25,1.0,1.0,0.0,True,False,False,unconstrained_switch_count > K,False,False,False,True,True,True,True,True,True,0.0,0.0,0.0,True,True,96,0.10*validation_mean; floor=0.25,sorted model names,deterministic accumulated cost then model path,switch-budget feasibility filter only,1e-09,0.0,0.0,0.0,0.0,0.0,0.0,0.0,0.0,0.0,0.0,0.0,0.0,none,67,100,0.67,7183.49466200992,67,0.67,7183.49466200992
Walmart,frozen_horizon,store_004__dept_092,1,validation_q25,2.0,1.0,1.0,False,True,True,unconstrained_switch_count > K,True,False,True,False,False,False,False,False,False,25087.13651862438,-0.5,25087.13651862438,False,False,96,0.10*validation_mean; floor=0.25,sorted model names,deterministic accumulated cost then model path,switch-budget feasibility filter only,1e-09,0.0,24613.517608569004,474.11891005550206,0.0,-0.5,-0.0021924051658912536,0.0,0.0,0.0,0.0,0.0,9482.378201110056,branch-specific beam-pruning path: the budget feasibility filter changes the retained approximate state set despite a feasible unconstrained terminal path,67,100,0.67,7183.49466200992,67,0.67,7183.49466200992
Walmart,frozen_horizon,store_004__dept_095,1,validation_q25,3.0,1.0,2.0,False,True,True,unconstrained_switch_count > K,True,False,True,False,False,False,False,False,False,13995.981963019934,-1.0,13995.981963019934,False,False,96,0.10*validation_mean; floor=0.25,sorted model names,deterministic accumulated cost then model path,switch-budget feasibility filter only,1e-09,14149.518963073497,0.0,-152.53700005332576,0.0,-1.0,0.0,1088.4245356210304,0.0,0.0,0.0,0.0,-3050.740001066646,branch-specific beam-pruning path: the budget feasibility filter changes the retained approximate state set despite a feasible unconstrained terminal path,67,100,0.67,7183.49466200992,67,0.67,7183.49466200992
Walmart,frozen_horizon,store_006__dept_016,1,validation_q25,0.0,0.0,0.0,True,False,False,unconstrained_switch_count > K,False,False,False,True,True,True,True,True,True,0.0,0.0,0.0,True,True,96,0.10*validation_mean; floor=0.25,sorted model names,deterministic accumulated cost then model path,switch-budget feasibility filter only,1e-09,0.0,0.0,0.0,0.0,0.0,0.0,0.0,0.0,0.0,0.0,0.0,0.0,none,67,100,0.67,7183.49466200992,67,0.67,7183.49466200992
Walmart,frozen_horizon,store_006__dept_038,1,validation_q25,2.0,1.0,1.0,False,True,True,unconstrained_switch_count > K,True,False,True,False,False,False,False,False,False,-191.71434615383623,-0.5,-191.71434615383623,False,False,96,0.10*validation_mean; floor=0.25,sorted model names,deterministic accumulated cost then model path,switch-budget feasibility filter only,1e-09,0.0,0.0,-191.21434615382168,0.0,-0.5,0.0,0.0,0.0,0.0,0.0,0.0,-3824.2869230764045,branch-specific beam-pruning path: the budget feasibility filter changes the retained approximate state set despite a feasible unconstrained terminal path,67,100,0.67,7183.49466200992,67,0.67,7183.49466200992
Walmart,frozen_horizon,store_006__dept_072,1,validation_q25,3.0,1.0,2.0,False,True,True,unconstrained_switch_count > K,True,False,True,False,False,False,False,False,False,-10790.289986870892,-1.0,-10790.289986870892,False,False,96,0.10*validation_mean; floor=0.25,sorted model names,deterministic accumulated cost then model path,switch-budget feasibility filter only,1e-09,-6263.086013802909,-2652.5071844278864,-1873.6967886400635,0.0,-1.0,0.000560439119484335,-481.7758472156056,0.0,0.0,0.0,0.0,-37473.935772801284,branch-specific beam-pruning path: the budget feasibility filter changes the retained approximate state set despite a feasible unconstrained terminal path,67,100,0.67,7183.49466200992,67,0.67,7183.49466200992
Walmart,frozen_horizon,store_006__dept_092,1,validation_q25,3.0,1.0,2.0,False,True,True,unconstrained_switch_count > K,True,False,True,False,False,False,False,False,False,5867.387001742551,-1.0,5867.387001742551,False,False,96,0.10*validation_mean; floor=0.25,sorted model names,deterministic accumulated cost then model path,switch-budget feasibility filter only,1e-09,28692.776459160028,-19524.302354672982,-3300.08710274457,0.0,-1.0,0.003008086503776375,2207.136650704615,0.0,0.0,6310.362219187926,0.0769230769230769,-66001.74205489142,branch-specific beam-pruning path: the budget feasibility filter changes the retained approximate state set despite a feasible unconstrained terminal path,67,100,0.67,7183.49466200992,67,0.67,7183.49466200992
Walmart,frozen_horizon,store_006__dept_095,1,validation_q25,2.0,1.0,1.0,False,True,True,unconstrained_switch_count > K,True,False,True,False,False,False,False,False,False,-59719.50444740488,-0.5,-59719.50444740488,False,False,96,0.10*validation_mean; floor=0.25,sorted model names,deterministic accumulated cost then model path,switch-budget feasibility filter only,1e-09,-59464.89810598199,0.0,-254.1063414229775,0.0,-0.5,0.0,-4574.222931229378,0.0,0.0,0.0,0.0,-5082.126828459528,branch-specific beam-pruning path: the budget feasibility filter changes the retained approximate state set despite a feasible unconstrained terminal path,67,100,0.67,7183.49466200992,67,0.67,7183.49466200992
Walmart,frozen_horizon,store_009__dept_003,1,validation_q25,2.0,1.0,1.0,False,True,True,unconstrained_switch_count > K,True,False,True,False,False,True,False,False,False,-0.5,-0.5,-0.5,False,False,96,0.10*validation_mean; floor=0.25,sorted model names,deterministic accumulated cost then model path,switch-budget feasibility filter only,1e-09,0.0,0.0,0.0,0.0,-0.5,0.0,0.0,0.0,0.0,147.5100000000093,0.0,0.0,branch-specific beam-pruning path: the budget feasibility filter changes the retained approximate state set despite a feasible unconstrained terminal path,67,100,0.67,7183.49466200992,67,0.67,7183.49466200992
Walmart,frozen_horizon,store_009__dept_005,1,validation_q25,2.0,0.0,2.0,False,True,True,unconstrained_switch_count > K,True,False,True,False,False,False,False,False,False,21911.966173081426,-1.0,21911.966173081426,False,False,96,0.10*validation_mean; floor=0.25,sorted model names,deterministic accumulated cost then model path,switch-budget feasibility filter only,1e-09,0.0,21901.22596154292,11.740211538461153,0.0,-1.0,-0.019402679822136948,0.0,0.0,0.0,-61.47634615475181,0.0,234.80423076923034,branch-specific beam-pruning path: the budget feasibility filter changes the retained approximate state set despite a feasible unconstrained terminal path,67,100,0.67,7183.49466200992,67,0.67,7183.49466200992
Walmart,frozen_horizon,store_009__dept_033,1,validation_q25,2.0,1.0,1.0,False,True,True,unconstrained_switch_count > K,True,False,True,False,False,True,False,False,False,-0.5,-0.5,-0.5,False,False,96,0.10*validation_mean; floor=0.25,sorted model names,deterministic accumulated cost then model path,switch-budget feasibility filter only,1e-09,0.0,0.0,0.0,0.0,-0.5,0.0,0.0,0.0,0.0,197.42019230725236,0.0,0.0,branch-specific beam-pruning path: the budget feasibility filter changes the retained approximate state set despite a feasible unconstrained terminal path,67,100,0.67,7183.49466200992,67,0.67,7183.49466200992
Walmart,frozen_horizon,store_009__dept_038,1,validation_q25,2.0,1.0,1.0,False,True,True,unconstrained_switch_count > K,True,False,True,False,False,False,False,False,False,561.8622841954348,-0.5,561.8622841954348,False,False,96,0.10*validation_mean; floor=0.25,sorted model names,deterministic accumulated cost then model path,switch-budget feasibility filter only,1e-09,0.0,0.0,562.3622841954166,0.0,-0.5,0.0,0.0,0.0,0.0,0.0,0.0,11247.245683908288,branch-specific beam-pruning path: the budget feasibility filter changes the retained approximate state set despite a feasible unconstrained terminal path,67,100,0.67,7183.49466200992,67,0.67,7183.49466200992
Walmart,frozen_horizon,store_010__dept_002,1,validation_q25,1.0,1.0,0.0,True,False,False,unconstrained_switch_count > K,False,False,False,True,True,True,True,True,True,0.0,0.0,0.0,True,True,96,0.10*validation_mean; floor=0.25,sorted model names,deterministic accumulated cost then model path,switch-budget feasibility filter only,1e-09,0.0,0.0,0.0,0.0,0.0,0.0,0.0,0.0,0.0,0.0,0.0,0.0,none,67,100,0.67,7183.49466200992,67,0.67,7183.49466200992
Walmart,frozen_horizon,store_010__dept_008,1,validation_q25,3.0,1.0,2.0,False,True,True,unconstrained_switch_count > K,True,False,True,False,False,False,False,False,False,13405.392584610905,-1.0,13405.392584610905,False,False,96,0.10*validation_mean; floor=0.25,sorted model names,deterministic accumulated cost then model path,switch-budget feasibility filter only,1e-09,3883.9279982896987,8958.626324798824,563.838261522329,0.0,-1.0,-0.0016094699645221588,298.7636921761441,0.0,0.0,0.0,0.0,11276.765230446588,branch-specific beam-pruning path: the budget feasibility filter changes the retained approximate state set despite a feasible unconstrained terminal path,67,100,0.67,7183.49466200992,67,0.67,7183.49466200992
Walmart,frozen_horizon,store_010__dept_038,1,validation_q25,3.0,1.0,2.0,False,True,True,unconstrained_switch_count > K,True,False,True,False,False,False,False,False,False,-64959.4639119287,-1.0,-64959.4639119287,False,False,96,0.10*validation_mean; floor=0.25,sorted model names,deterministic accumulated cost then model path,switch-budget feasibility filter only,1e-09,2130.4502999379183,-67385.38984648196,296.47563461538266,0.0,-1.0,0.012474760872608348,163.88079230291987,-6470.650661601714,0.0,0.0,0.0,5929.512692307559,branch-specific beam-pruning path: the budget feasibility filter changes the retained approximate state set despite a feasible unconstrained terminal path,67,100,0.67,7183.49466200992,67,0.67,7183.49466200992
Walmart,frozen_horizon,store_010__dept_040,1,validation_q25,1.0,1.0,0.0,True,False,False,unconstrained_switch_count > K,False,False,False,True,True,True,True,True,True,0.0,0.0,0.0,True,True,96,0.10*validation_mean; floor=0.25,sorted model names,deterministic accumulated cost then model path,switch-budget feasibility filter only,1e-09,0.0,0.0,0.0,0.0,0.0,0.0,0.0,0.0,0.0,0.0,0.0,0.0,none,67,100,0.67,7183.49466200992,67,0.67,7183.49466200992
Walmart,frozen_horizon,store_010__dept_072,1,validation_q25,2.0,1.0,1.0,False,True,True,unconstrained_switch_count > K,True,False,True,False,False,False,False,False,False,139.28202305338345,-0.5,139.28202305338345,False,False,96,0.10*validation_mean; floor=0.25,sorted model names,deterministic accumulated cost then model path,switch-budget feasibility filter only,1e-09,0.0,0.0,139.78202305323975,0.0,-0.5,0.0,0.0,0.0,0.0,0.0,0.0,2795.6404610647587,branch-specific beam-pruning path: the budget feasibility filter changes the retained approximate state set despite a feasible unconstrained terminal path,67,100,0.67,7183.49466200992,67,0.67,7183.49466200992
Walmart,frozen_horizon,store_013__dept_038,1,validation_q25,1.0,1.0,0.0,True,False,False,unconstrained_switch_count > K,False,False,False,True,True,True,True,True,True,0.0,0.0,0.0,True,True,96,0.10*validation_mean; floor=0.25,sorted model names,deterministic accumulated cost then model path,switch-budget feasibility filter only,1e-09,0.0,0.0,0.0,0.0,0.0,0.0,0.0,0.0,0.0,0.0,0.0,0.0,none,67,100,0.67,7183.49466200992,67,0.67,7183.49466200992
Walmart,frozen_horizon,store_013__dept_090,1,validation_q25,2.0,1.0,1.0,False,True,True,unconstrained_switch_count > K,True,False,True,False,False,False,False,False,False,-312.1414999999106,-0.5,-312.1414999999106,False,False,96,0.10*validation_mean; floor=0.25,sorted model names,deterministic accumulated cost then model path,switch-budget feasibility filter only,1e-09,0.0,0.0,-311.6415000000452,0.0,-0.5,0.0,0.0,0.0,0.0,0.0,0.0,-6232.830000000889,branch-specific beam-pruning path: the budget feasibility filter changes the retained approximate state set despite a feasible unconstrained terminal path,67,100,0.67,7183.49466200992,67,0.67,7183.49466200992
Walmart,frozen_horizon,store_013__dept_091,1,validation_q25,3.0,1.0,2.0,False,True,True,unconstrained_switch_count > K,True,False,True,False,False,False,False,False,False,-28840.840771516378,-1.0,-28840.840771516378,False,False,96,0.10*validation_mean; floor=0.25,sorted model names,deterministic accumulated cost then model path,switch-budget feasibility filter only,1e-09,4526.542409811809,-33437.73163787693,71.3484565486724,0.0,-1.0,0.006202246179320414,348.1955699855316,2217.187666922764,0.0,0.0,0.0,1426.969130973448,branch-specific beam-pruning path: the budget feasibility filter changes the retained approximate state set despite a feasible unconstrained terminal path,67,100,0.67,7183.49466200992,67,0.67,7183.49466200992
Walmart,frozen_horizon,store_013__dept_092,1,validation_q25,1.0,1.0,0.0,True,False,False,unconstrained_switch_count > K,False,False,False,True,True,True,True,True,True,0.0,0.0,0.0,True,True,96,0.10*validation_mean; floor=0.25,sorted model names,deterministic accumulated cost then model path,switch-budget feasibility filter only,1e-09,0.0,0.0,0.0,0.0,0.0,0.0,0.0,0.0,0.0,0.0,0.0,0.0,none,67,100,0.67,7183.49466200992,67,0.67,7183.49466200992
Walmart,frozen_horizon,store_013__dept_095,1,validation_q25,2.0,1.0,1.0,False,True,True,unconstrained_switch_count > K,True,False,True,False,False,False,False,False,False,-935.0801698734285,-0.5,-935.0801698734285,False,False,96,0.10*validation_mean; floor=0.25,sorted model names,deterministic accumulated cost then model path,switch-budget feasibility filter only,1e-09,0.0,0.0,-934.5801698734758,0.0,-0.5,0.0,0.0,0.0,0.0,0.0,0.0,-18691.603397469502,branch-specific beam-pruning path: the budget feasibility filter changes the retained approximate state set despite a feasible unconstrained terminal path,67,100,0.67,7183.49466200992,67,0.67,7183.49466200992
Walmart,frozen_horizon,store_014__dept_002,1,validation_q25,3.0,1.0,2.0,False,True,True,unconstrained_switch_count > K,True,False,True,False,False,False,False,False,False,2936.563155322452,-1.0,2936.563155322452,False,False,96,0.10*validation_mean; floor=0.25,sorted model names,deterministic accumulated cost then model path,switch-budget feasibility filter only,1e-09,4103.851532381144,0.0,-1166.2883770586423,0.0,-1.0,0.0,315.6808871062385,0.0,0.0,0.0,0.0,-23325.767541172856,branch-specific beam-pruning path: the budget feasibility filter changes the retained approximate state set despite a feasible unconstrained terminal path,67,100,0.67,7183.49466200992,67,0.67,7183.49466200992
Walmart,frozen_horizon,store_014__dept_038,1,validation_q25,3.0,1.0,2.0,False,True,True,unconstrained_switch_count > K,True,False,True,False,False,False,False,False,False,24378.53584665066,-1.0,24378.53584665066,False,False,96,0.10*validation_mean; floor=0.25,sorted model names,deterministic accumulated cost then model path,switch-budget feasibility filter only,1e-09,-6485.388595838507,28074.46683552378,2790.457606965334,0.0,-1.0,-0.005196038086937582,-498.8760458337347,5614.893367104756,0.0,0.0,0.0,55809.15213930662,branch-specific beam-pruning path: the budget feasibility filter changes the retained approximate state set despite a feasible unconstrained terminal path,67,100,0.67,7183.49466200992,67,0.67,7183.49466200992
Walmart,frozen_horizon,store_014__dept_046,1,validation_q25,1.0,1.0,0.0,True,False,False,unconstrained_switch_count > K,False,False,False,True,True,True,True,True,True,0.0,0.0,0.0,True,True,96,0.10*validation_mean; floor=0.25,sorted model names,deterministic accumulated cost then model path,switch-budget feasibility filter only,1e-09,0.0,0.0,0.0,0.0,0.0,0.0,0.0,0.0,0.0,0.0,0.0,0.0,none,67,100,0.67,7183.49466200992,67,0.67,7183.49466200992
Walmart,frozen_horizon,store_014__dept_072,1,validation_q25,1.0,1.0,0.0,True,False,False,unconstrained_switch_count > K,False,False,False,True,True,True,True,True,True,0.0,0.0,0.0,True,True,96,0.10*validation_mean; floor=0.25,sorted model names,deterministic accumulated cost then model path,switch-budget feasibility filter only,1e-09,0.0,0.0,0.0,0.0,0.0,0.0,0.0,0.0,0.0,0.0,0.0,0.0,none,67,100,0.67,7183.49466200992,67,0.67,7183.49466200992
Walmart,frozen_horizon,store_014__dept_090,1,validation_q25,2.0,1.0,1.0,False,True,True,unconstrained_switch_count > K,True,False,True,False,False,False,False,False,False,-1926.3086870819097,-0.5,-1926.3086870819097,False,False,96,0.10*validation_mean; floor=0.25,sorted model names,deterministic accumulated cost then model path,switch-budget feasibility filter only,1e-09,9267.483403524733,-9605.131359726394,-1588.1607308803923,0.0,-0.5,0.001633834516723609,712.8833387326704,0.0,0.0,0.0,0.0,-31763.214617607853,branch-specific beam-pruning path: the budget feasibility filter changes the retained approximate state set despite a feasible unconstrained terminal path,67,100,0.67,7183.49466200992,67,0.67,7183.49466200992
Walmart,frozen_horizon,store_014__dept_091,1,validation_q25,2.0,1.0,1.0,False,True,True,unconstrained_switch_count > K,True,False,True,False,False,False,False,False,False,5579.398528659658,-0.5,5579.398528659658,False,False,96,0.10*validation_mean; floor=0.25,sorted model names,deterministic accumulated cost then model path,switch-budget feasibility filter only,1e-09,12057.984286859923,-6371.317027283374,-106.76873091697598,0.0,-0.5,0.0013172137276119544,927.5372528353801,0.0,0.0,5295.927499999907,0.0769230769230769,-2135.374618339556,branch-specific beam-pruning path: the budget feasibility filter changes the retained approximate state set despite a feasible unconstrained terminal path,67,100,0.67,7183.49466200992,67,0.67,7183.49466200992
Walmart,frozen_horizon,store_014__dept_092,1,validation_q25,1.0,1.0,0.0,True,False,False,unconstrained_switch_count > K,False,False,False,True,True,True,True,True,True,0.0,0.0,0.0,True,True,96,0.10*validation_mean; floor=0.25,sorted model names,deterministic accumulated cost then model path,switch-budget feasibility filter only,1e-09,0.0,0.0,0.0,0.0,0.0,0.0,0.0,0.0,0.0,0.0,0.0,0.0,none,67,100,0.67,7183.49466200992,67,0.67,7183.49466200992
Walmart,frozen_horizon,store_014__dept_095,1,validation_q25,2.0,1.0,1.0,False,True,True,unconstrained_switch_count > K,True,False,True,False,False,False,False,False,False,-27680.82320999226,-0.5,-27680.82320999226,False,False,96,0.10*validation_mean; floor=0.25,sorted model names,deterministic accumulated cost then model path,switch-budget feasibility filter only,1e-09,-28545.697634803597,0.0,865.3744248113235,0.0,-0.5,0.0,-2195.8228949848926,0.0,0.0,0.0,0.0,17307.48849622655,branch-specific beam-pruning path: the budget feasibility filter changes the retained approximate state set despite a feasible unconstrained terminal path,67,100,0.67,7183.49466200992,67,0.67,7183.49466200992
Walmart,frozen_horizon,store_015__dept_026,1,validation_q25,2.0,0.0,2.0,False,True,True,unconstrained_switch_count > K,True,False,True,False,False,True,False,False,False,-1.0,-1.0,-1.0,False,False,96,0.10*validation_mean; floor=0.25,sorted model names,deterministic accumulated cost then model path,switch-budget feasibility filter only,1e-09,0.0,0.0,0.0,0.0,-1.0,0.0,0.0,0.0,0.0,-5364.411847596413,0.0,0.0,branch-specific beam-pruning path: the budget feasibility filter changes the retained approximate state set despite a feasible unconstrained terminal path,67,100,0.67,7183.49466200992,67,0.67,7183.49466200992
Walmart,frozen_horizon,store_016__dept_096,1,validation_q25,2.0,0.0,2.0,False,True,True,unconstrained_switch_count > K,True,False,True,False,False,False,False,False,False,186.47580728397043,-1.0,186.47580728397043,False,False,96,0.10*validation_mean; floor=0.25,sorted model names,deterministic accumulated cost then model path,switch-budget feasibility filter only,1e-09,185.17550612339187,0.0,2.3003011605784316,0.0,-1.0,0.0,14.244269701799368,0.0,0.0,21.99926706442318,0.0,46.00602321156862,branch-specific beam-pruning path: the budget feasibility filter changes the retained approximate state set despite a feasible unconstrained terminal path,67,100,0.67,7183.49466200992,67,0.67,7183.49466200992
Walmart,frozen_horizon,store_019__dept_092,1,validation_q25,1.0,1.0,0.0,True,False,False,unconstrained_switch_count > K,False,False,False,True,True,True,True,True,True,0.0,0.0,0.0,True,True,96,0.10*validation_mean; floor=0.25,sorted model names,deterministic accumulated cost then model path,switch-budget feasibility filter only,1e-09,0.0,0.0,0.0,0.0,0.0,0.0,0.0,0.0,0.0,0.0,0.0,0.0,none,67,100,0.67,7183.49466200992,67,0.67,7183.49466200992
Walmart,frozen_horizon,store_019__dept_095,1,validation_q25,1.0,1.0,0.0,True,False,False,unconstrained_switch_count > K,False,False,False,True,True,True,True,True,True,0.0,0.0,0.0,True,True,96,0.10*validation_mean; floor=0.25,sorted model names,deterministic accumulated cost then model path,switch-budget feasibility filter only,1e-09,0.0,0.0,0.0,0.0,0.0,0.0,0.0,0.0,0.0,0.0,0.0,0.0,none,67,100,0.67,7183.49466200992,67,0.67,7183.49466200992
Walmart,frozen_horizon,store_020__dept_038,1,validation_q25,2.0,1.0,1.0,False,True,True,unconstrained_switch_count > K,True,False,True,False,False,False,False,False,False,31.681346153840423,-0.5,31.681346153840423,False,False,96,0.10*validation_mean; floor=0.25,sorted model names,deterministic accumulated cost then model path,switch-budget feasibility filter only,1e-09,0.0,0.0,32.18134615386407,0.0,-0.5,0.0,0.0,0.0,0.0,0.0,0.0,643.6269230772741,branch-specific beam-pruning path: the budget feasibility filter changes the retained approximate state set despite a feasible unconstrained terminal path,67,100,0.67,7183.49466200992,67,0.67,7183.49466200992
Walmart,frozen_horizon,store_020__dept_040,1,validation_q25,2.0,1.0,1.0,False,True,True,unconstrained_switch_count > K,True,False,True,False,False,False,False,False,False,43.7974807692226,-0.5,43.7974807692226,False,False,96,0.10*validation_mean; floor=0.25,sorted model names,deterministic accumulated cost then model path,switch-budget feasibility filter only,1e-09,0.0,0.0,44.297480769237154,0.0,-0.5,0.0,0.0,0.0,0.0,0.0,0.0,885.9496153847431,branch-specific beam-pruning path: the budget feasibility filter changes the retained approximate state set despite a feasible unconstrained terminal path,67,100,0.67,7183.49466200992,67,0.67,7183.49466200992
Walmart,frozen_horizon,store_020__dept_072,1,validation_q25,3.0,1.0,2.0,False,True,True,unconstrained_switch_count > K,True,False,True,False,False,False,False,False,False,361066.09460950503,-1.0,361066.09460950503,False,False,96,0.10*validation_mean; floor=0.25,sorted model names,deterministic accumulated cost then model path,switch-budget feasibility filter only,1e-09,0.0,359942.401276852,1124.6933326526932,0.0,-1.0,-0.04719236916105363,0.0,11246.933326526923,0.0,73519.04345956934,-0.07692307692307698,22493.866653053876,branch-specific beam-pruning path: the budget feasibility filter changes the retained approximate state set despite a feasible unconstrained terminal path,67,100,0.67,7183.49466200992,67,0.67,7183.49466200992
Walmart,frozen_horizon,store_020__dept_083,1,validation_q25,1.0,1.0,0.0,True,False,False,unconstrained_switch_count > K,False,False,False,True,True,True,True,True,True,0.0,0.0,0.0,True,True,96,0.10*validation_mean; floor=0.25,sorted model names,deterministic accumulated cost then model path,switch-budget feasibility filter only,1e-09,0.0,0.0,0.0,0.0,0.0,0.0,0.0,0.0,0.0,0.0,0.0,0.0,none,67,100,0.67,7183.49466200992,67,0.67,7183.49466200992
Walmart,frozen_horizon,store_020__dept_090,1,validation_q25,1.0,1.0,0.0,True,False,False,unconstrained_switch_count > K,False,False,False,True,True,True,True,True,True,0.0,0.0,0.0,True,True,96,0.10*validation_mean; floor=0.25,sorted model names,deterministic accumulated cost then model path,switch-budget feasibility filter only,1e-09,0.0,0.0,0.0,0.0,0.0,0.0,0.0,0.0,0.0,0.0,0.0,0.0,none,67,100,0.67,7183.49466200992,67,0.67,7183.49466200992
Walmart,frozen_horizon,store_020__dept_092,1,validation_q25,3.0,1.0,2.0,False,True,True,unconstrained_switch_count > K,True,False,True,False,False,False,False,False,False,-29587.332006545505,-1.0,-29587.332006545505,False,False,96,0.10*validation_mean; floor=0.25,sorted model names,deterministic accumulated cost then model path,switch-budget feasibility filter only,1e-09,10068.300384616596,-41390.5048076995,1735.8724165374097,0.0,-1.0,0.0036538186344236,774.4846449705074,0.0,0.0,0.0,0.0,34717.448330748244,branch-specific beam-pruning path: the budget feasibility filter changes the retained approximate state set despite a feasible unconstrained terminal path,67,100,0.67,7183.49466200992,67,0.67,7183.49466200992
Walmart,frozen_horizon,store_020__dept_095,1,validation_q25,2.0,1.0,1.0,False,True,True,unconstrained_switch_count > K,True,False,True,False,False,False,False,False,False,-38379.326914781006,-0.5,-38379.326914781006,False,False,96,0.10*validation_mean; floor=0.25,sorted model names,deterministic accumulated cost then model path,switch-budget feasibility filter only,1e-09,-54926.05838047969,14358.92825712508,2188.3032085736922,0.0,-0.5,-0.001441293011924416,-4225.081413883054,0.0,0.0,0.0,0.0,43766.064171473845,branch-specific beam-pruning path: the budget feasibility filter changes the retained approximate state set despite a feasible unconstrained terminal path,67,100,0.67,7183.49466200992,67,0.67,7183.49466200992
Walmart,frozen_horizon,store_022__dept_059,1,validation_q25,0.0,0.0,0.0,True,False,False,unconstrained_switch_count > K,False,False,False,True,True,True,True,True,True,0.0,0.0,0.0,True,True,96,0.10*validation_mean; floor=0.25,sorted model names,deterministic accumulated cost then model path,switch-budget feasibility filter only,1e-09,0.0,0.0,0.0,0.0,0.0,0.0,0.0,0.0,0.0,0.0,0.0,0.0,none,67,100,0.67,7183.49466200992,67,0.67,7183.49466200992
Walmart,frozen_horizon,store_023__dept_032,1,validation_q25,2.0,1.0,1.0,False,True,True,unconstrained_switch_count > K,True,False,True,False,False,False,False,False,False,14269.931855759467,-0.5,14269.931855759467,False,False,96,0.10*validation_mean; floor=0.25,sorted model names,deterministic accumulated cost then model path,switch-budget feasibility filter only,1e-09,14491.5415384519,0.0,-221.1096826924454,0.0,-0.5,0.0,1114.7339644963004,0.0,0.0,-497.95749999790496,-0.0769230769230769,-4422.193653848899,branch-specific beam-pruning path: the budget feasibility filter changes the retained approximate state set despite a feasible unconstrained terminal path,67,100,0.67,7183.49466200992,67,0.67,7183.49466200992
Walmart,frozen_horizon,store_023__dept_072,1,validation_q25,2.0,1.0,1.0,False,True,True,unconstrained_switch_count > K,True,False,True,False,False,True,False,False,False,-0.5,-0.5,-0.5,False,False,96,0.10*validation_mean; floor=0.25,sorted model names,deterministic accumulated cost then model path,switch-budget feasibility filter only,1e-09,0.0,0.0,0.0,0.0,-0.5,0.0,0.0,0.0,0.0,2254.41881923459,0.0,0.0,branch-specific beam-pruning path: the budget feasibility filter changes the retained approximate state set despite a feasible unconstrained terminal path,67,100,0.67,7183.49466200992,67,0.67,7183.49466200992
Walmart,frozen_horizon,store_024__dept_018,1,validation_q25,1.0,1.0,0.0,True,False,False,unconstrained_switch_count > K,False,False,False,True,True,True,True,True,True,0.0,0.0,0.0,True,True,96,0.10*validation_mean; floor=0.25,sorted model names,deterministic accumulated cost then model path,switch-budget feasibility filter only,1e-09,0.0,0.0,0.0,0.0,0.0,0.0,0.0,0.0,0.0,0.0,0.0,0.0,none,67,100,0.67,7183.49466200992,67,0.67,7183.49466200992
Walmart,frozen_horizon,store_024__dept_040,1,validation_q25,3.0,1.0,2.0,False,True,True,unconstrained_switch_count > K,True,False,True,False,False,False,False,False,False,3081.2799976739334,-1.0,3081.2799976739334,False,False,96,0.10*validation_mean; floor=0.25,sorted model names,deterministic accumulated cost then model path,switch-budget feasibility filter only,1e-09,1528.9760942730354,623.585185982738,929.7187174180963,0.0,-1.0,-0.00020103139226257394,117.6135457133114,539.7875791878396,0.0,0.0,0.0,18594.374348361933,branch-specific beam-pruning path: the budget feasibility filter changes the retained approximate state set despite a feasible unconstrained terminal path,67,100,0.67,7183.49466200992,67,0.67,7183.49466200992
Walmart,frozen_horizon,store_024__dept_092,1,validation_q25,3.0,1.0,2.0,False,True,True,unconstrained_switch_count > K,True,False,True,False,False,False,False,False,False,94647.07756732032,-1.0,94647.07756732032,False,False,96,0.10*validation_mean; floor=0.25,sorted model names,deterministic accumulated cost then model path,switch-budget feasibility filter only,1e-09,0.0,95354.71730770485,-706.6397403845785,0.0,-1.0,-0.011159205025930596,0.0,8429.781346154632,0.0,-5968.261153846193,-0.0769230769230769,-14132.794807691476,branch-specific beam-pruning path: the budget feasibility filter changes the retained approximate state set despite a feasible unconstrained terminal path,67,100,0.67,7183.49466200992,67,0.67,7183.49466200992
Walmart,frozen_horizon,store_024__dept_095,1,validation_q25,2.0,1.0,1.0,False,True,True,unconstrained_switch_count > K,True,False,True,False,False,False,False,False,False,116296.51686171594,-0.5,116296.51686171594,False,False,96,0.10*validation_mean; floor=0.25,sorted model names,deterministic accumulated cost then model path,switch-budget feasibility filter only,1e-09,117711.16988186387,0.0,-1414.1530201482583,0.0,-0.5,0.0,9054.705375527992,0.0,0.0,-22832.554800586804,0.0769230769230769,-28283.060402965202,branch-specific beam-pruning path: the budget feasibility filter changes the retained approximate state set despite a feasible unconstrained terminal path,67,100,0.67,7183.49466200992,67,0.67,7183.49466200992
Walmart,frozen_horizon,store_025__dept_018,1,validation_q25,1.0,1.0,0.0,True,False,False,unconstrained_switch_count > K,False,False,False,True,True,True,True,True,True,0.0,0.0,0.0,True,True,96,0.10*validation_mean; floor=0.25,sorted model names,deterministic accumulated cost then model path,switch-budget feasibility filter only,1e-09,0.0,0.0,0.0,0.0,0.0,0.0,0.0,0.0,0.0,0.0,0.0,0.0,none,67,100,0.67,7183.49466200992,67,0.67,7183.49466200992
Walmart,frozen_horizon,store_026__dept_024,1,validation_q25,2.0,1.0,1.0,False,True,True,unconstrained_switch_count > K,True,False,True,False,False,True,False,False,False,-0.5,-0.5,-0.5,False,False,96,0.10*validation_mean; floor=0.25,sorted model names,deterministic accumulated cost then model path,switch-budget feasibility filter only,1e-09,0.0,0.0,0.0,0.0,-0.5,0.0,0.0,0.0,0.0,274.5599999999977,0.0,0.0,branch-specific beam-pruning path: the budget feasibility filter changes the retained approximate state set despite a feasible unconstrained terminal path,67,100,0.67,7183.49466200992,67,0.67,7183.49466200992
Walmart,frozen_horizon,store_026__dept_036,1,validation_q25,2.0,1.0,1.0,False,True,True,unconstrained_switch_count > K,True,False,True,False,False,True,False,False,False,-0.5,-0.5,-0.5,False,False,96,0.10*validation_mean; floor=0.25,sorted model names,deterministic accumulated cost then model path,switch-budget feasibility filter only,1e-09,0.0,0.0,0.0,0.0,-0.5,0.0,0.0,0.0,0.0,5.073354017566089,0.0,0.0,branch-specific beam-pruning path: the budget feasibility filter changes the retained approximate state set despite a feasible unconstrained terminal path,67,100,0.67,7183.49466200992,67,0.67,7183.49466200992
Walmart,frozen_horizon,store_026__dept_038,1,validation_q25,2.0,1.0,1.0,False,True,True,unconstrained_switch_count > K,True,False,True,False,False,False,False,False,False,-467.3550881269621,-0.5,-467.3550881269621,False,False,96,0.10*validation_mean; floor=0.25,sorted model names,deterministic accumulated cost then model path,switch-budget feasibility filter only,1e-09,0.0,0.0,-466.8550881270203,0.0,-0.5,0.0,0.0,0.0,0.0,0.0,0.0,-9337.101762540377,branch-specific beam-pruning path: the budget feasibility filter changes the retained approximate state set despite a feasible unconstrained terminal path,67,100,0.67,7183.49466200992,67,0.67,7183.49466200992
Walmart,frozen_horizon,store_026__dept_092,1,validation_q25,2.0,1.0,1.0,False,True,True,unconstrained_switch_count > K,True,False,True,False,False,False,False,False,False,46.52422115392983,-0.5,46.52422115392983,False,False,96,0.10*validation_mean; floor=0.25,sorted model names,deterministic accumulated cost then model path,switch-budget feasibility filter only,1e-09,0.0,0.0,47.0242211538698,0.0,-0.5,0.0,0.0,0.0,0.0,0.0,0.0,940.4844230773742,branch-specific beam-pruning path: the budget feasibility filter changes the retained approximate state set despite a feasible unconstrained terminal path,67,100,0.67,7183.49466200992,67,0.67,7183.49466200992
Walmart,frozen_horizon,store_027__dept_071,1,validation_q25,0.0,0.0,0.0,True,False,False,unconstrained_switch_count > K,False,False,False,True,True,True,True,True,True,0.0,0.0,0.0,True,True,96,0.10*validation_mean; floor=0.25,sorted model names,deterministic accumulated cost then model path,switch-budget feasibility filter only,1e-09,0.0,0.0,0.0,0.0,0.0,0.0,0.0,0.0,0.0,0.0,0.0,0.0,none,67,100,0.67,7183.49466200992,67,0.67,7183.49466200992
Walmart,frozen_horizon,store_027__dept_090,1,validation_q25,1.0,1.0,0.0,True,False,False,unconstrained_switch_count > K,False,False,False,True,True,True,True,True,True,0.0,0.0,0.0,True,True,96,0.10*validation_mean; floor=0.25,sorted model names,deterministic accumulated cost then model path,switch-budget feasibility filter only,1e-09,0.0,0.0,0.0,0.0,0.0,0.0,0.0,0.0,0.0,0.0,0.0,0.0,none,67,100,0.67,7183.49466200992,67,0.67,7183.49466200992
Walmart,frozen_horizon,store_027__dept_092,1,validation_q25,2.0,1.0,1.0,False,True,True,unconstrained_switch_count > K,True,False,True,False,False,False,False,False,False,45.12076923111454,-0.5,45.12076923111454,False,False,96,0.10*validation_mean; floor=0.25,sorted model names,deterministic accumulated cost then model path,switch-budget feasibility filter only,1e-09,0.0,0.0,45.6207692307089,0.0,-0.5,0.0,0.0,0.0,0.0,0.0,0.0,912.4153846141999,branch-specific beam-pruning path: the budget feasibility filter changes the retained approximate state set despite a feasible unconstrained terminal path,67,100,0.67,7183.49466200992,67,0.67,7183.49466200992
Walmart,frozen_horizon,store_027__dept_095,1,validation_q25,3.0,1.0,2.0,False,True,True,unconstrained_switch_count > K,True,False,True,False,False,False,False,False,False,7885.083510617726,-1.0,7885.083510617726,False,False,96,0.10*validation_mean; floor=0.25,sorted model names,deterministic accumulated cost then model path,switch-budget feasibility filter only,1e-09,6546.823093185434,0.0,1339.260417432286,0.0,-1.0,0.0,503.60177639887115,0.0,0.0,-1240.6017243036185,0.0,26785.20834864577,branch-specific beam-pruning path: the budget feasibility filter changes the retained approximate state set despite a feasible unconstrained terminal path,67,100,0.67,7183.49466200992,67,0.67,7183.49466200992
Walmart,frozen_horizon,store_028__dept_092,1,validation_q25,2.0,1.0,1.0,False,True,True,unconstrained_switch_count > K,True,False,True,False,False,False,False,False,False,29052.308211550582,-0.5,29052.308211550582,False,False,96,0.10*validation_mean; floor=0.25,sorted model names,deterministic accumulated cost then model path,switch-budget feasibility filter only,1e-09,-3069.983653847419,31926.66634616704,196.1255192307599,0.0,-0.5,-0.004922861946296764,-236.15258875748987,0.0,0.0,6976.852500000008,0.0,3922.5103846152197,branch-specific beam-pruning path: the budget feasibility filter changes the retained approximate state set despite a feasible unconstrained terminal path,67,100,0.67,7183.49466200992,67,0.67,7183.49466200992
Walmart,frozen_horizon,store_028__dept_095,1,validation_q25,2.0,1.0,1.0,False,True,True,unconstrained_switch_count > K,True,False,True,False,False,False,False,False,False,-13664.211713113473,-0.5,-13664.211713113473,False,False,96,0.10*validation_mean; floor=0.25,sorted model names,deterministic accumulated cost then model path,switch-budget feasibility filter only,1e-09,-26821.695078785415,13423.012106056398,-265.0287403846087,0.0,-0.5,-0.002256386193933979,-2063.207313752715,0.0,0.0,0.0,0.0,-5300.574807692203,branch-specific beam-pruning path: the budget feasibility filter changes the retained approximate state set despite a feasible unconstrained terminal path,67,100,0.67,7183.49466200992,67,0.67,7183.49466200992
Walmart,frozen_horizon,store_029__dept_027,1,validation_q25,1.0,1.0,0.0,True,False,False,unconstrained_switch_count > K,False,False,False,True,True,True,True,True,True,0.0,0.0,0.0,True,True,96,0.10*validation_mean; floor=0.25,sorted model names,deterministic accumulated cost then model path,switch-budget feasibility filter only,1e-09,0.0,0.0,0.0,0.0,0.0,0.0,0.0,0.0,0.0,0.0,0.0,0.0,none,67,100,0.67,7183.49466200992,67,0.67,7183.49466200992
Walmart,frozen_horizon,store_030__dept_083,1,validation_q25,1.0,1.0,0.0,True,False,False,unconstrained_switch_count > K,False,False,False,True,True,True,True,True,True,0.0,0.0,0.0,True,True,96,0.10*validation_mean; floor=0.25,sorted model names,deterministic accumulated cost then model path,switch-budget feasibility filter only,1e-09,0.0,0.0,0.0,0.0,0.0,0.0,0.0,0.0,0.0,0.0,0.0,0.0,none,67,100,0.67,7183.49466200992,67,0.67,7183.49466200992
Walmart,frozen_horizon,store_031__dept_038,1,validation_q25,3.0,1.0,2.0,False,True,True,unconstrained_switch_count > K,True,False,True,False,False,False,False,False,False,105947.41281728563,-1.0,105947.41281728563,False,False,96,0.10*validation_mean; floor=0.25,sorted model names,deterministic accumulated cost then model path,switch-budget feasibility filter only,1e-09,0.0,105057.68942305484,890.7233942306975,0.0,-1.0,-0.021839856596974627,0.0,3172.842692306236,0.0,0.0,0.0,17814.467884614016,branch-specific beam-pruning path: the budget feasibility filter changes the retained approximate state set despite a feasible unconstrained terminal path,67,100,0.67,7183.49466200992,67,0.67,7183.49466200992
Walmart,frozen_horizon,store_031__dept_046,1,validation_q25,2.0,1.0,1.0,False,True,True,unconstrained_switch_count > K,True,False,True,False,False,False,False,False,False,3259.1765569077397,-0.5,3259.1765569077397,False,False,96,0.10*validation_mean; floor=0.25,sorted model names,deterministic accumulated cost then model path,switch-budget feasibility filter only,1e-09,2725.7188810759108,0.0,533.9576758318608,0.0,-0.5,0.0,209.67068315968208,0.0,0.0,0.0,0.0,10679.153516637205,branch-specific beam-pruning path: the budget feasibility filter changes the retained approximate state set despite a feasible unconstrained terminal path,67,100,0.67,7183.49466200992,67,0.67,7183.49466200992
Walmart,frozen_horizon,store_031__dept_079,1,validation_q25,1.0,1.0,0.0,True,False,False,unconstrained_switch_count > K,False,False,False,True,True,True,True,True,True,0.0,0.0,0.0,True,True,96,0.10*validation_mean; floor=0.25,sorted model names,deterministic accumulated cost then model path,switch-budget feasibility filter only,1e-09,0.0,0.0,0.0,0.0,0.0,0.0,0.0,0.0,0.0,0.0,0.0,0.0,none,67,100,0.67,7183.49466200992,67,0.67,7183.49466200992
Walmart,frozen_horizon,store_031__dept_090,1,validation_q25,2.0,1.0,1.0,False,True,True,unconstrained_switch_count > K,True,False,True,False,False,False,False,False,False,4.141770981601439,-0.5,4.141770981601439,False,False,96,0.10*validation_mean; floor=0.25,sorted model names,deterministic accumulated cost then model path,switch-budget feasibility filter only,1e-09,0.0,0.0,4.641770981601439,0.0,-0.5,0.0,0.0,0.0,0.0,0.0,0.0,92.83541963202879,branch-specific beam-pruning path: the budget feasibility filter changes the retained approximate state set despite a feasible unconstrained terminal path,67,100,0.67,7183.49466200992,67,0.67,7183.49466200992
Walmart,frozen_horizon,store_031__dept_092,1,validation_q25,1.0,1.0,0.0,True,False,False,unconstrained_switch_count > K,False,False,False,True,True,True,True,True,True,0.0,0.0,0.0,True,True,96,0.10*validation_mean; floor=0.25,sorted model names,deterministic accumulated cost then model path,switch-budget feasibility filter only,1e-09,0.0,0.0,0.0,0.0,0.0,0.0,0.0,0.0,0.0,0.0,0.0,0.0,none,67,100,0.67,7183.49466200992,67,0.67,7183.49466200992
Walmart,frozen_horizon,store_031__dept_095,1,validation_q25,2.0,1.0,1.0,False,True,True,unconstrained_switch_count > K,True,False,True,False,False,False,False,False,False,-28885.401250483817,-0.5,-28885.401250483817,False,False,96,0.10*validation_mean; floor=0.25,sorted model names,deterministic accumulated cost then model path,switch-budget feasibility filter only,1e-09,-29527.11883420497,0.0,642.2175837209998,0.0,-0.5,0.0,-2271.316833400386,0.0,0.0,0.0,0.0,12844.351674420002,branch-specific beam-pruning path: the budget feasibility filter changes the retained approximate state set despite a feasible unconstrained terminal path,67,100,0.67,7183.49466200992,67,0.67,7183.49466200992
Walmart,frozen_horizon,store_032__dept_092,1,validation_q25,2.0,1.0,1.0,False,True,True,unconstrained_switch_count > K,True,False,True,False,False,False,False,False,False,-254.83203846146353,-0.5,-254.83203846146353,False,False,96,0.10*validation_mean; floor=0.25,sorted model names,deterministic accumulated cost then model path,switch-budget feasibility filter only,1e-09,0.0,0.0,-254.33203846157994,0.0,-0.5,0.0,0.0,0.0,0.0,0.0,0.0,-5086.640769231599,branch-specific beam-pruning path: the budget feasibility filter changes the retained approximate state set despite a feasible unconstrained terminal path,67,100,0.67,7183.49466200992,67,0.67,7183.49466200992
Walmart,frozen_horizon,store_032__dept_095,1,validation_q25,3.0,0.0,3.0,False,True,True,unconstrained_switch_count > K,True,False,True,False,False,False,False,False,False,12787.9382951,-1.5,12787.9382951,False,False,96,0.10*validation_mean; floor=0.25,sorted model names,deterministic accumulated cost then model path,switch-budget feasibility filter only,1e-09,15012.545939776232,0.0,-2223.1076446760726,0.0,-1.5,0.0,1154.811226136626,0.0,0.0,0.0,0.0,-44462.152893521445,branch-specific beam-pruning path: the budget feasibility filter changes the retained approximate state set despite a feasible unconstrained terminal path,67,100,0.67,7183.49466200992,67,0.67,7183.49466200992
Walmart,frozen_horizon,store_033__dept_094,1,validation_q25,3.0,1.0,2.0,False,True,True,unconstrained_switch_count > K,True,False,True,False,False,False,False,False,False,-25780.23961563909,-1.0,-25780.23961563909,False,False,96,0.10*validation_mean; floor=0.25,sorted model names,deterministic accumulated cost then model path,switch-budget feasibility filter only,1e-09,10238.385833696535,-35536.40169542245,-481.2237539131884,0.0,-1.0,0.021689630785098446,787.5681410535808,-1316.1634615357762,0.0,0.0,0.0,-9624.475078263786,branch-specific beam-pruning path: the budget feasibility filter changes the retained approximate state set despite a feasible unconstrained terminal path,67,100,0.67,7183.49466200992,67,0.67,7183.49466200992
Walmart,frozen_horizon,store_035__dept_072,1,validation_q25,1.0,1.0,0.0,True,False,False,unconstrained_switch_count > K,False,False,False,True,True,True,True,True,True,0.0,0.0,0.0,True,True,96,0.10*validation_mean; floor=0.25,sorted model names,deterministic accumulated cost then model path,switch-budget feasibility filter only,1e-09,0.0,0.0,0.0,0.0,0.0,0.0,0.0,0.0,0.0,0.0,0.0,0.0,none,67,100,0.67,7183.49466200992,67,0.67,7183.49466200992
Walmart,frozen_horizon,store_036__dept_087,1,validation_q25,0.0,0.0,0.0,True,False,False,unconstrained_switch_count > K,False,False,False,True,True,True,True,True,True,0.0,0.0,0.0,True,True,96,0.10*validation_mean; floor=0.25,sorted model names,deterministic accumulated cost then model path,switch-budget feasibility filter only,1e-09,0.0,0.0,0.0,0.0,0.0,0.0,0.0,0.0,0.0,0.0,0.0,0.0,none,67,100,0.67,7183.49466200992,67,0.67,7183.49466200992
Walmart,frozen_horizon,store_038__dept_002,1,validation_q25,2.0,1.0,1.0,False,True,True,unconstrained_switch_count > K,True,False,True,False,False,False,False,False,False,-38.699475314198935,-0.5,-38.699475314198935,False,False,96,0.10*validation_mean; floor=0.25,sorted model names,deterministic accumulated cost then model path,switch-budget feasibility filter only,1e-09,0.0,0.0,-38.1994753141978,0.0,-0.5,0.0,0.0,0.0,0.0,0.0,0.0,-763.9895062839569,branch-specific beam-pruning path: the budget feasibility filter changes the retained approximate state set despite a feasible unconstrained terminal path,67,100,0.67,7183.49466200992,67,0.67,7183.49466200992
Walmart,frozen_horizon,store_039__dept_092,1,validation_q25,2.0,1.0,1.0,False,True,True,unconstrained_switch_count > K,True,False,True,False,False,False,False,False,False,-52.953599951113574,-0.5,-52.953599951113574,False,False,96,0.10*validation_mean; floor=0.25,sorted model names,deterministic accumulated cost then model path,switch-budget feasibility filter only,1e-09,0.0,0.0,-52.45359995108811,0.0,-0.5,0.0,0.0,0.0,0.0,0.0,0.0,-1049.0719990217476,branch-specific beam-pruning path: the budget feasibility filter changes the retained approximate state set despite a feasible unconstrained terminal path,67,100,0.67,7183.49466200992,67,0.67,7183.49466200992
Walmart,frozen_horizon,store_039__dept_095,1,validation_q25,1.0,1.0,0.0,True,False,False,unconstrained_switch_count > K,False,False,False,True,True,True,True,True,True,0.0,0.0,0.0,True,True,96,0.10*validation_mean; floor=0.25,sorted model names,deterministic accumulated cost then model path,switch-budget feasibility filter only,1e-09,0.0,0.0,0.0,0.0,0.0,0.0,0.0,0.0,0.0,0.0,0.0,0.0,none,67,100,0.67,7183.49466200992,67,0.67,7183.49466200992
Walmart,frozen_horizon,store_040__dept_042,1,validation_q25,2.0,1.0,1.0,False,True,True,unconstrained_switch_count > K,True,False,True,False,False,False,False,False,False,-10.520807692282688,-0.5,-10.520807692282688,False,False,96,0.10*validation_mean; floor=0.25,sorted model names,deterministic accumulated cost then model path,switch-budget feasibility filter only,1e-09,0.0,0.0,-10.02080769228155,0.0,-0.5,0.0,0.0,0.0,0.0,0.0,0.0,-200.41615384563192,branch-specific beam-pruning path: the budget feasibility filter changes the retained approximate state set despite a feasible unconstrained terminal path,67,100,0.67,7183.49466200992,67,0.67,7183.49466200992
Walmart,frozen_horizon,store_040__dept_092,1,validation_q25,2.0,1.0,1.0,False,True,True,unconstrained_switch_count > K,True,False,True,False,False,False,False,False,False,1599.2482211824972,-0.5,1599.2482211824972,False,False,96,0.10*validation_mean; floor=0.25,sorted model names,deterministic accumulated cost then model path,switch-budget feasibility filter only,1e-09,1769.662692304526,-149.09423073750804,-20.820240384602585,0.0,-0.5,2.229996945923851e-05,136.1278994080385,0.0,0.0,857.4776923077588,0.0769230769230769,-416.4048076921026,branch-specific beam-pruning path: the budget feasibility filter changes the retained approximate state set despite a feasible unconstrained terminal path,67,100,0.67,7183.49466200992,67,0.67,7183.49466200992
Walmart,frozen_horizon,store_041__dept_033,1,validation_q25,1.0,1.0,0.0,True,False,False,unconstrained_switch_count > K,False,False,False,True,True,True,True,True,True,0.0,0.0,0.0,True,True,96,0.10*validation_mean; floor=0.25,sorted model names,deterministic accumulated cost then model path,switch-budget feasibility filter only,1e-09,0.0,0.0,0.0,0.0,0.0,0.0,0.0,0.0,0.0,0.0,0.0,0.0,none,67,100,0.67,7183.49466200992,67,0.67,7183.49466200992
Walmart,frozen_horizon,store_041__dept_092,1,validation_q25,2.0,1.0,1.0,False,True,True,unconstrained_switch_count > K,True,False,True,False,False,False,False,False,False,-369.1882307692431,-0.5,-369.1882307692431,False,False,96,0.10*validation_mean; floor=0.25,sorted model names,deterministic accumulated cost then model path,switch-budget feasibility filter only,1e-09,0.0,0.0,-368.6882307692722,0.0,-0.5,0.0,0.0,0.0,0.0,0.0,0.0,-7373.764615385415,branch-specific beam-pruning path: the budget feasibility filter changes the retained approximate state set despite a feasible unconstrained terminal path,67,100,0.67,7183.49466200992,67,0.67,7183.49466200992
Walmart,frozen_horizon,store_041__dept_095,1,validation_q25,2.0,1.0,1.0,False,True,True,unconstrained_switch_count > K,True,False,True,False,False,False,False,False,False,-26354.41423076461,-0.5,-26354.41423076461,False,False,96,0.10*validation_mean; floor=0.25,sorted model names,deterministic accumulated cost then model path,switch-budget feasibility filter only,1e-09,-27256.947692302987,0.0,903.0334615383326,0.0,-0.5,0.0,-2096.6882840233156,0.0,0.0,0.0,0.0,18060.66923076671,branch-specific beam-pruning path: the budget feasibility filter changes the retained approximate state set despite a feasible unconstrained terminal path,67,100,0.67,7183.49466200992,67,0.67,7183.49466200992
Walmart,frozen_horizon,store_041__dept_096,1,validation_q25,2.0,1.0,1.0,False,True,True,unconstrained_switch_count > K,True,False,True,False,False,False,False,False,False,7.016315920474881,-0.5,7.016315920474881,False,False,96,0.10*validation_mean; floor=0.25,sorted model names,deterministic accumulated cost then model path,switch-budget feasibility filter only,1e-09,0.0,0.0,7.516315920477155,0.0,-0.5,0.0,0.0,0.0,0.0,0.0,0.0,150.3263184095431,branch-specific beam-pruning path: the budget feasibility filter changes the retained approximate state set despite a feasible unconstrained terminal path,67,100,0.67,7183.49466200992,67,0.67,7183.49466200992
Walmart,frozen_horizon,store_042__dept_092,1,validation_q25,1.0,1.0,0.0,True,False,False,unconstrained_switch_count > K,False,False,False,True,True,True,True,True,True,0.0,0.0,0.0,True,True,96,0.10*validation_mean; floor=0.25,sorted model names,deterministic accumulated cost then model path,switch-budget feasibility filter only,1e-09,0.0,0.0,0.0,0.0,0.0,0.0,0.0,0.0,0.0,0.0,0.0,0.0,none,67,100,0.67,7183.49466200992,67,0.67,7183.49466200992
Walmart,frozen_horizon,store_043__dept_092,1,validation_q25,2.0,1.0,1.0,False,True,True,unconstrained_switch_count > K,True,False,True,False,False,False,False,False,False,-297.1070934329764,-0.5,-297.1070934329764,False,False,96,0.10*validation_mean; floor=0.25,sorted model names,deterministic accumulated cost then model path,switch-budget feasibility filter only,1e-09,0.0,0.0,-296.60709343300095,0.0,-0.5,0.0,0.0,0.0,0.0,0.0,0.0,-5932.141868660023,branch-specific beam-pruning path: the budget feasibility filter changes the retained approximate state set despite a feasible unconstrained terminal path,67,100,0.67,7183.49466200992,67,0.67,7183.49466200992
Walmart,frozen_horizon,store_044__dept_009,1,validation_q25,1.0,1.0,0.0,True,False,False,unconstrained_switch_count > K,False,False,False,True,True,True,True,True,True,0.0,0.0,0.0,True,True,96,0.10*validation_mean; floor=0.25,sorted model names,deterministic accumulated cost then model path,switch-budget feasibility filter only,1e-09,0.0,0.0,0.0,0.0,0.0,0.0,0.0,0.0,0.0,0.0,0.0,0.0,none,67,100,0.67,7183.49466200992,67,0.67,7183.49466200992
Walmart,frozen_horizon,store_044__dept_017,1,validation_q25,1.0,1.0,0.0,True,False,False,unconstrained_switch_count > K,False,False,False,True,True,True,True,True,True,0.0,0.0,0.0,True,True,96,0.10*validation_mean; floor=0.25,sorted model names,deterministic accumulated cost then model path,switch-budget feasibility filter only,1e-09,0.0,0.0,0.0,0.0,0.0,0.0,0.0,0.0,0.0,0.0,0.0,0.0,none,67,100,0.67,7183.49466200992,67,0.67,7183.49466200992
Walmart,governance_fixed_K2,store_001__dept_038,2,fixed_K2,7.0,2.0,5.0,False,True,True,unconstrained_switch_count > K,True,False,True,False,False,False,False,False,False,46554.0453203565,-2.5,46554.0453203565,False,False,96,0.10*validation_mean; floor=0.25,sorted model names,deterministic accumulated cost then model path,switch-budget feasibility filter only,1e-09,4483.063367172377,39843.552859585616,2229.92909359839,0.0,-2.5,-0.008031269746040182,344.85102824403293,0.0,0.0,1711.374232485628,0.0769230769230769,44598.58187196776,branch-specific beam-pruning path: the budget feasibility filter changes the retained approximate state set despite a feasible unconstrained terminal path,99,100,0.99,33610.83020189041,99,0.99,33610.83020189041
Walmart,governance_fixed_K2,store_001__dept_090,2,fixed_K2,9.0,2.0,7.0,False,True,True,unconstrained_switch_count > K,True,False,True,False,False,False,False,False,False,127580.82126870996,-3.5,127580.82126870996,False,False,96,0.10*validation_mean; floor=0.25,sorted model names,deterministic accumulated cost then model path,switch-budget feasibility filter only,1e-09,-32933.180808890844,158653.24421584868,1864.2578617521094,0.0,-3.5,-0.027526940644697184,-2533.321600683921,0.0,0.0,-752.3961538464937,0.0,37285.15723504219,branch-specific beam-pruning path: the budget feasibility filter changes the retained approximate state set despite a feasible unconstrained terminal path,99,100,0.99,33610.83020189041,99,0.99,33610.83020189041
Walmart,governance_fixed_K2,store_001__dept_092,2,fixed_K2,9.0,2.0,7.0,False,True,True,unconstrained_switch_count > K,True,False,True,False,False,False,False,False,False,142315.8398239445,-3.5,142315.8398239445,False,False,96,0.10*validation_mean; floor=0.25,sorted model names,deterministic accumulated cost then model path,switch-budget feasibility filter only,1e-09,-93754.35836960562,240676.78604115514,-4603.087847604971,0.0,-3.5,-0.02577793628007674,-7211.873720738877,4292.565479664831,0.0,-19505.70349688717,-0.1538461538461538,-92061.75695209941,branch-specific beam-pruning path: the budget feasibility filter changes the retained approximate state set despite a feasible unconstrained terminal path,99,100,0.99,33610.83020189041,99,0.99,33610.83020189041
Walmart,governance_fixed_K2,store_001__dept_095,2,fixed_K2,7.0,2.0,5.0,False,True,True,unconstrained_switch_count > K,True,False,True,False,False,False,False,False,False,-7602.316549786832,-2.5,-7602.316549786832,False,False,96,0.10*validation_mean; floor=0.25,sorted model names,deterministic accumulated cost then model path,switch-budget feasibility filter only,1e-09,-1389.3903747329023,0.0,-6210.4261750539845,0.0,-2.5,0.0,-106.87618267176731,0.0,0.0,3052.5924999979907,-0.0769230769230769,-124208.52350107956,branch-specific beam-pruning path: the budget feasibility filter changes the retained approximate state set despite a feasible unconstrained terminal path,99,100,0.99,33610.83020189041,99,0.99,33610.83020189041
Walmart,governance_fixed_K2,store_001__dept_098,2,fixed_K2,8.0,2.0,6.0,False,True,True,unconstrained_switch_count > K,True,False,True,False,False,False,False,False,False,333.6842669065227,-3.0,333.6842669065227,False,False,96,0.10*validation_mean; floor=0.25,sorted model names,deterministic accumulated cost then model path,switch-budget feasibility filter only,1e-09,0.0,306.20975545217516,30.474511454282265,0.0,-3.0,-0.00040117315887555627,0.0,61.24195109043649,0.0,4263.1503117463435,0.0,609.4902290856407,branch-specific beam-pruning path: the budget feasibility filter changes the retained approximate state set despite a feasible unconstrained terminal path,99,100,0.99,33610.83020189041,99,0.99,33610.83020189041
Walmart,governance_fixed_K2,store_002__dept_038,2,fixed_K2,9.0,2.0,7.0,False,True,True,unconstrained_switch_count > K,True,False,True,False,False,False,False,False,False,-49525.96461143624,-3.5,-49525.96461143624,False,False,96,0.10*validation_mean; floor=0.25,sorted model names,deterministic accumulated cost then model path,switch-budget feasibility filter only,1e-09,-47479.58662585961,0.0,-2042.8779855767934,0.0,-3.5,0.0,-3652.2758942968794,0.0,0.0,-3683.5369309289817,-0.1538461538461538,-40857.55971153587,branch-specific beam-pruning path: the budget feasibility filter changes the retained approximate state set despite a feasible unconstrained terminal path,99,100,0.99,33610.83020189041,99,0.99,33610.83020189041
Walmart,governance_fixed_K2,store_002__dept_090,2,fixed_K2,8.0,2.0,6.0,False,True,True,unconstrained_switch_count > K,True,False,True,False,False,False,False,False,False,54263.86596134119,-3.0,54263.86596134119,False,False,96,0.10*validation_mean; floor=0.25,sorted model names,deterministic accumulated cost then model path,switch-budget feasibility filter only,1e-09,-5879.349890277721,60774.82970032847,-628.613848709816,0.0,-3.0,-0.009269483381962762,-452.2576838675013,2692.4811646820744,0.0,0.0,0.0,-12572.276974196313,branch-specific beam-pruning path: the budget feasibility filter changes the retained approximate state set despite a feasible unconstrained terminal path,99,100,0.99,33610.83020189041,99,0.99,33610.83020189041
Walmart,governance_fixed_K2,store_002__dept_091,2,fixed_K2,11.0,2.0,9.0,False,True,True,unconstrained_switch_count > K,True,False,True,False,False,False,False,False,False,-30089.54360924242,-4.5,-30089.54360924242,False,False,96,0.10*validation_mean; floor=0.25,sorted model names,deterministic accumulated cost then model path,switch-budget feasibility filter only,1e-09,-29644.123487038072,0.0,-440.9201222044803,0.0,-4.5,0.0,-2280.317191310649,0.0,0.0,6680.683362558142,0.0,-8818.402444089588,branch-specific beam-pruning path: the budget feasibility filter changes the retained approximate state set despite a feasible unconstrained terminal path,99,100,0.99,33610.83020189041,99,0.99,33610.83020189041
Walmart,governance_fixed_K2,store_002__dept_092,2,fixed_K2,9.0,2.0,7.0,False,True,True,unconstrained_switch_count > K,True,False,True,False,False,False,False,False,False,645952.4384504007,-3.5,645952.4384504007,False,False,96,0.10*validation_mean; floor=0.25,sorted model names,deterministic accumulated cost then model path,switch-budget feasibility filter only,1e-09,-11663.83203235548,663124.9100995212,-5505.139616764631,0.0,-3.5,-0.058606525035031276,-897.2178486427583,4956.5499999994645,0.0,-38096.96384750563,-0.1538461538461538,-110102.79233529267,branch-specific beam-pruning path: the budget feasibility filter changes the retained approximate state set despite a feasible unconstrained terminal path,99,100,0.99,33610.83020189041,99,0.99,33610.83020189041
Walmart,governance_fixed_K2,store_002__dept_095,2,fixed_K2,7.0,2.0,5.0,False,True,True,unconstrained_switch_count > K,True,False,True,False,False,False,False,False,False,-50535.346615382936,-2.5,-50535.346615382936,False,False,96,0.10*validation_mean; floor=0.25,sorted model names,deterministic accumulated cost then model path,switch-budget feasibility filter only,1e-09,-49957.4923076909,0.0,-575.3543076920541,0.0,-2.5,0.0,-3842.8840236685064,0.0,0.0,0.0,0.0,-11507.086153841083,branch-specific beam-pruning path: the budget feasibility filter changes the retained approximate state set despite a feasible unconstrained terminal path,99,100,0.99,33610.83020189041,99,0.99,33610.83020189041
Walmart,governance_fixed_K2,store_003__dept_014,2,fixed_K2,9.0,2.0,7.0,False,True,True,unconstrained_switch_count > K,True,False,True,False,False,False,False,False,False,-2892.9827736025836,-3.5,-2892.9827736025836,False,False,96,0.10*validation_mean; floor=0.25,sorted model names,deterministic accumulated cost then model path,switch-budget feasibility filter only,1e-09,-2666.8365810473333,0.0,-222.6461925552601,0.0,-3.5,0.0,-205.1412754651792,0.0,0.0,734.2340411737114,0.0,-4452.923851105204,branch-specific beam-pruning path: the budget feasibility filter changes the retained approximate state set despite a feasible unconstrained terminal path,99,100,0.99,33610.83020189041,99,0.99,33610.83020189041
Walmart,governance_fixed_K2,store_003__dept_038,2,fixed_K2,11.0,2.0,9.0,False,True,True,unconstrained_switch_count > K,True,False,True,False,False,False,False,False,False,138495.1746135042,-4.5,138495.1746135042,False,False,96,0.10*validation_mean; floor=0.25,sorted model names,deterministic accumulated cost then model path,switch-budget feasibility filter only,1e-09,10836.309672197327,127074.01021134766,589.3547299595102,0.0,-4.5,-0.02234286617826997,833.5622824767051,2309.911538461063,0.0,11309.457211175657,0.0769230769230769,11787.094599190168,branch-specific beam-pruning path: the budget feasibility filter changes the retained approximate state set despite a feasible unconstrained terminal path,99,100,0.99,33610.83020189041,99,0.99,33610.83020189041
Walmart,governance_fixed_K2,store_004__dept_002,2,fixed_K2,7.0,2.0,5.0,False,True,True,unconstrained_switch_count > K,True,False,True,False,False,False,False,False,False,10884.205116074067,-2.5,10884.205116074067,False,False,96,0.10*validation_mean; floor=0.25,sorted model names,deterministic accumulated cost then model path,switch-budget feasibility filter only,1e-09,11719.157837399049,0.0,-832.4527213254132,0.0,-2.5,0.0,901.4736797999212,0.0,0.0,0.0,0.0,-16649.054426508257,branch-specific beam-pruning path: the budget feasibility filter changes the retained approximate state set despite a feasible unconstrained terminal path,99,100,0.99,33610.83020189041,99,0.99,33610.83020189041
Walmart,governance_fixed_K2,store_004__dept_038,2,fixed_K2,8.0,2.0,6.0,False,True,True,unconstrained_switch_count > K,True,False,True,False,False,False,False,False,False,9986.897427749704,-3.0,9986.897427749704,False,False,96,0.10*validation_mean; floor=0.25,sorted model names,deterministic accumulated cost then model path,switch-budget feasibility filter only,1e-09,7022.201242438052,0.0,2967.6961853116554,0.0,-3.0,0.0,540.1693263413763,0.0,0.0,2206.533547041501,0.0769230769230769,59353.92370623315,branch-specific beam-pruning path: the budget feasibility filter changes the retained approximate state set despite a feasible unconstrained terminal path,99,100,0.99,33610.83020189041,99,0.99,33610.83020189041
Walmart,governance_fixed_K2,store_004__dept_072,2,fixed_K2,12.0,2.0,10.0,False,True,True,unconstrained_switch_count > K,True,False,True,False,False,False,False,False,False,329465.533174573,-5.0,329465.533174573,False,False,96,0.10*validation_mean; floor=0.25,sorted model names,deterministic accumulated cost then model path,switch-budget feasibility filter only,1e-09,0.0,330419.9366551114,-949.4034805388419,0.0,-5.0,-0.05206757602019796,0.0,15094.195209413912,0.0,97186.63111925204,0.0,-18988.069610776845,branch-specific beam-pruning path: the budget feasibility filter changes the retained approximate state set despite a feasible unconstrained terminal path,99,100,0.99,33610.83020189041,99,0.99,33610.83020189041
Walmart,governance_fixed_K2,store_004__dept_090,2,fixed_K2,10.0,2.0,8.0,False,True,True,unconstrained_switch_count > K,True,False,True,False,False,False,False,False,False,153248.21737485914,-4.0,153248.21737485914,False,False,96,0.10*validation_mean; floor=0.25,sorted model names,deterministic accumulated cost then model path,switch-budget feasibility filter only,1e-09,10297.211738442187,143101.63120759674,-146.62557117952383,0.0,-4.0,-0.023113072522849554,792.0932106494001,6696.002884614427,0.0,6224.923944622555,0.0,-2932.5114235904766,branch-specific beam-pruning path: the budget feasibility filter changes the retained approximate state set despite a feasible unconstrained terminal path,99,100,0.99,33610.83020189041,99,0.99,33610.83020189041
Walmart,governance_fixed_K2,store_004__dept_092,2,fixed_K2,6.0,2.0,4.0,False,True,True,unconstrained_switch_count > K,True,False,True,False,False,False,False,False,False,285585.6918147309,-2.0,285585.6918147309,False,False,96,0.10*validation_mean; floor=0.25,sorted model names,deterministic accumulated cost then model path,switch-budget feasibility filter only,1e-09,0.0,284929.9204709894,657.7713437408438,0.0,-2.0,-0.025379624297992787,0.0,-5.820766091346741e-11,0.0,-18990.47166450537,-0.0769230769230769,13155.426874816825,branch-specific beam-pruning path: the budget feasibility filter changes the retained approximate state set despite a feasible unconstrained terminal path,99,100,0.99,33610.83020189041,99,0.99,33610.83020189041
Walmart,governance_fixed_K2,store_004__dept_095,2,fixed_K2,8.0,2.0,6.0,False,True,True,unconstrained_switch_count > K,True,False,True,False,False,False,False,False,False,-77300.45444405498,-3.0,-77300.45444405498,False,False,96,0.10*validation_mean; floor=0.25,sorted model names,deterministic accumulated cost then model path,switch-budget feasibility filter only,1e-09,-83378.56124722771,0.0,6081.106803173137,0.0,-3.0,0.0,-6413.735480555944,0.0,0.0,-12740.815205750056,0.0,121622.1360634627,branch-specific beam-pruning path: the budget feasibility filter changes the retained approximate state set despite a feasible unconstrained terminal path,99,100,0.99,33610.83020189041,99,0.99,33610.83020189041
Walmart,governance_fixed_K2,store_006__dept_016,2,fixed_K2,1.0,1.0,0.0,True,False,False,unconstrained_switch_count > K,False,False,False,True,True,True,True,True,True,0.0,0.0,0.0,True,True,96,0.10*validation_mean; floor=0.25,sorted model names,deterministic accumulated cost then model path,switch-budget feasibility filter only,1e-09,0.0,0.0,0.0,0.0,0.0,0.0,0.0,0.0,0.0,0.0,0.0,0.0,none,99,100,0.99,33610.83020189041,99,0.99,33610.83020189041
Walmart,governance_fixed_K2,store_006__dept_038,2,fixed_K2,11.0,2.0,9.0,False,True,True,unconstrained_switch_count > K,True,False,True,False,False,False,False,False,False,4706.279449185706,-4.5,4706.279449185706,False,False,96,0.10*validation_mean; floor=0.25,sorted model names,deterministic accumulated cost then model path,switch-budget feasibility filter only,1e-09,-30184.82951552479,37868.09037901228,-2972.4814143020776,0.0,-4.5,-0.008341414041427186,-2321.9099627326796,0.0,0.0,5259.007030929268,-0.0769230769230769,-59449.62828604152,branch-specific beam-pruning path: the budget feasibility filter changes the retained approximate state set despite a feasible unconstrained terminal path,99,100,0.99,33610.83020189041,99,0.99,33610.83020189041
Walmart,governance_fixed_K2,store_006__dept_072,2,fixed_K2,6.0,2.0,4.0,False,True,True,unconstrained_switch_count > K,True,False,True,False,False,False,False,False,False,-49775.89966734056,-2.0,-49775.89966734056,False,False,96,0.10*validation_mean; floor=0.25,sorted model names,deterministic accumulated cost then model path,switch-budget feasibility filter only,1e-09,-47960.86957098718,0.0,-1813.0300963530826,0.0,-2.0,0.0,-3689.297659306714,0.0,0.0,770.7346153832914,0.1538461538461538,-36260.60192706165,branch-specific beam-pruning path: the budget feasibility filter changes the retained approximate state set despite a feasible unconstrained terminal path,99,100,0.99,33610.83020189041,99,0.99,33610.83020189041
Walmart,governance_fixed_K2,store_006__dept_092,2,fixed_K2,10.0,2.0,8.0,False,True,True,unconstrained_switch_count > K,True,False,True,False,False,False,False,False,False,-32140.306477582315,-4.0,-32140.306477582315,False,False,96,0.10*validation_mean; floor=0.25,sorted model names,deterministic accumulated cost then model path,switch-budget feasibility filter only,1e-09,-33601.41487435275,0.0,1465.1083967705981,0.0,-4.0,0.0,-2584.7242211040284,0.0,0.0,87.84707893108134,0.0,29302.16793541191,branch-specific beam-pruning path: the budget feasibility filter changes the retained approximate state set despite a feasible unconstrained terminal path,99,100,0.99,33610.83020189041,99,0.99,33610.83020189041
Walmart,governance_fixed_K2,store_006__dept_095,2,fixed_K2,4.0,2.0,2.0,False,True,True,unconstrained_switch_count > K,True,False,True,False,False,False,False,False,False,-4562.891038461588,-1.0,-4562.891038461588,False,False,96,0.10*validation_mean; floor=0.25,sorted model names,deterministic accumulated cost then model path,switch-budget feasibility filter only,1e-09,0.0,0.0,-4561.8910384614155,0.0,-1.0,0.0,0.0,0.0,0.0,0.0,0.0,-91237.82076922824,branch-specific beam-pruning path: the budget feasibility filter changes the retained approximate state set despite a feasible unconstrained terminal path,99,100,0.99,33610.83020189041,99,0.99,33610.83020189041
Walmart,governance_fixed_K2,store_009__dept_003,2,fixed_K2,4.0,2.0,2.0,False,True,True,unconstrained_switch_count > K,True,False,True,False,False,False,False,False,False,16795.830045417417,-1.0,16795.830045417417,False,False,96,0.10*validation_mean; floor=0.25,sorted model names,deterministic accumulated cost then model path,switch-budget feasibility filter only,1e-09,0.0,16796.830045418348,0.0,0.0,-1.0,0.0,0.0,373.2628898981784,0.0,12411.52838010923,-0.07692307692307676,0.0,branch-specific beam-pruning path: the budget feasibility filter changes the retained approximate state set despite a feasible unconstrained terminal path,99,100,0.99,33610.83020189041,99,0.99,33610.83020189041
Walmart,governance_fixed_K2,store_009__dept_005,2,fixed_K2,8.0,2.0,6.0,False,True,True,unconstrained_switch_count > K,True,False,True,False,False,False,False,False,False,32652.511677988106,-3.0,32652.511677988106,False,False,96,0.10*validation_mean; floor=0.25,sorted model names,deterministic accumulated cost then model path,switch-budget feasibility filter only,1e-09,0.0,32449.367607052263,206.14407093600425,0.0,-3.0,-0.02874746332538647,0.0,1273.1534615380478,0.0,8238.559926081918,0.15384615384615385,4122.8814187200915,branch-specific beam-pruning path: the budget feasibility filter changes the retained approximate state set despite a feasible unconstrained terminal path,99,100,0.99,33610.83020189041,99,0.99,33610.83020189041
Walmart,governance_fixed_K2,store_009__dept_033,2,fixed_K2,9.0,2.0,7.0,False,True,True,unconstrained_switch_count > K,True,False,True,False,False,False,False,False,False,4923.453724053747,-3.5,4923.453724053747,False,False,96,0.10*validation_mean; floor=0.25,sorted model names,deterministic accumulated cost then model path,switch-budget feasibility filter only,1e-09,-317.53704293951887,5226.885403743574,17.605363249702947,0.0,-3.5,-0.02393857175485936,-24.42592637996313,16.98871217606211,0.0,2574.012136264677,0.07692307692307687,352.1072649940586,branch-specific beam-pruning path: the budget feasibility filter changes the retained approximate state set despite a feasible unconstrained terminal path,99,100,0.99,33610.83020189041,99,0.99,33610.83020189041
Walmart,governance_fixed_K2,store_009__dept_038,2,fixed_K2,6.0,2.0,4.0,False,True,True,unconstrained_switch_count > K,True,False,True,False,False,False,False,False,False,41849.81310680555,-2.0,41849.81310680555,False,False,96,0.10*validation_mean; floor=0.25,sorted model names,deterministic accumulated cost then model path,switch-budget feasibility filter only,1e-09,-116274.23991337931,159615.9091852746,-1489.856165089921,0.0,-2.0,-0.03591968622764263,-8944.172301029175,0.0,0.0,-37451.43591693338,0.0,-29797.12330179836,branch-specific beam-pruning path: the budget feasibility filter changes the retained approximate state set despite a feasible unconstrained terminal path,99,100,0.99,33610.83020189041,99,0.99,33610.83020189041
Walmart,governance_fixed_K2,store_010__dept_002,2,fixed_K2,10.0,2.0,8.0,False,True,True,unconstrained_switch_count > K,True,False,True,False,False,False,False,False,False,-10555.03488398972,-4.0,-10555.03488398972,False,False,96,0.10*validation_mean; floor=0.25,sorted model names,deterministic accumulated cost then model path,switch-budget feasibility filter only,1e-09,-11092.486121726688,0.0,541.4512377375522,0.0,-4.0,0.0,-853.268163209752,0.0,0.0,0.0,0.0,10829.024754751008,branch-specific beam-pruning path: the budget feasibility filter changes the retained approximate state set despite a feasible unconstrained terminal path,99,100,0.99,33610.83020189041,99,0.99,33610.83020189041
Walmart,governance_fixed_K2,store_010__dept_008,2,fixed_K2,9.0,2.0,7.0,False,True,True,unconstrained_switch_count > K,True,False,True,False,False,False,False,False,False,22666.793009555433,-3.5,22666.793009555433,False,False,96,0.10*validation_mean; floor=0.25,sorted model names,deterministic accumulated cost then model path,switch-budget feasibility filter only,1e-09,-16417.081540614367,40824.64816297383,-1737.273612804026,0.0,-3.5,-0.007334388403789638,-1262.8524262011051,0.0,0.0,0.0,0.0,-34745.47225608055,branch-specific beam-pruning path: the budget feasibility filter changes the retained approximate state set despite a feasible unconstrained terminal path,99,100,0.99,33610.83020189041,99,0.99,33610.83020189041
Walmart,governance_fixed_K2,store_010__dept_038,2,fixed_K2,5.0,2.0,3.0,False,True,True,unconstrained_switch_count > K,True,False,True,False,False,False,False,False,False,10441.596153856488,-1.5,10441.596153856488,False,False,96,0.10*validation_mean; floor=0.25,sorted model names,deterministic accumulated cost then model path,switch-budget feasibility filter only,1e-09,0.0,10443.096153856372,1.6370904631912708e-11,0.0,-1.5,-0.0019332844639736724,0.0,2088.6192307712627,0.0,20007.82482700335,0.0,3.7834979593753815e-10,branch-specific beam-pruning path: the budget feasibility filter changes the retained approximate state set despite a feasible unconstrained terminal path,99,100,0.99,33610.83020189041,99,0.99,33610.83020189041
Walmart,governance_fixed_K2,store_010__dept_040,2,fixed_K2,8.0,2.0,6.0,False,True,True,unconstrained_switch_count > K,True,False,True,False,False,False,False,False,False,980.0448715225793,-3.0,980.0448715225793,False,False,96,0.10*validation_mean; floor=0.25,sorted model names,deterministic accumulated cost then model path,switch-budget feasibility filter only,1e-09,1230.0230769232148,0.0,-246.97820540067005,0.0,-3.0,0.0,94.61715976332198,0.0,0.0,9299.58076923096,0.0,-4939.564108013408,branch-specific beam-pruning path: the budget feasibility filter changes the retained approximate state set despite a feasible unconstrained terminal path,99,100,0.99,33610.83020189041,99,0.99,33610.83020189041
Walmart,governance_fixed_K2,store_010__dept_072,2,fixed_K2,12.0,2.0,10.0,False,True,True,unconstrained_switch_count > K,True,False,True,False,False,False,False,False,False,-117377.02403179067,-5.0,-117377.02403179067,False,False,96,0.10*validation_mean; floor=0.25,sorted model names,deterministic accumulated cost then model path,switch-budget feasibility filter only,1e-09,0.0,-118162.80939731223,790.785365521644,0.0,-5.0,0.016042062738018337,0.0,4458.823535186355,0.0,3319.9154261002586,0.0,15815.707310432917,branch-specific beam-pruning path: the budget feasibility filter changes the retained approximate state set despite a feasible unconstrained terminal path,99,100,0.99,33610.83020189041,99,0.99,33610.83020189041
Walmart,governance_fixed_K2,store_013__dept_038,2,fixed_K2,11.0,2.0,9.0,False,True,True,unconstrained_switch_count > K,True,False,True,False,False,False,False,False,False,70855.01289268234,-4.5,70855.01289268234,False,False,96,0.10*validation_mean; floor=0.25,sorted model names,deterministic accumulated cost then model path,switch-budget feasibility filter only,1e-09,-20305.706923859427,93498.64277025619,-2333.42295371426,0.0,-4.5,-0.016030756381886446,-1561.97745568151,5709.334845019228,0.0,0.0,0.0,-46668.45907428517,branch-specific beam-pruning path: the budget feasibility filter changes the retained approximate state set despite a feasible unconstrained terminal path,99,100,0.99,33610.83020189041,99,0.99,33610.83020189041
Walmart,governance_fixed_K2,store_013__dept_090,2,fixed_K2,7.0,2.0,5.0,False,True,True,unconstrained_switch_count > K,True,False,True,False,False,False,False,False,False,82272.10636507627,-2.5,82272.10636507627,False,False,96,0.10*validation_mean; floor=0.25,sorted model names,deterministic accumulated cost then model path,switch-budget feasibility filter only,1e-09,0.0,82811.0462124017,-536.4398473254823,0.0,-2.5,-0.010254853887874393,0.0,0.0,0.0,485.22564425400924,0.0,-10728.796946509625,branch-specific beam-pruning path: the budget feasibility filter changes the retained approximate state set despite a feasible unconstrained terminal path,99,100,0.99,33610.83020189041,99,0.99,33610.83020189041
Walmart,governance_fixed_K2,store_013__dept_091,2,fixed_K2,7.0,2.0,5.0,False,True,True,unconstrained_switch_count > K,True,False,True,False,False,False,False,False,False,14037.188376440783,-2.5,14037.188376440783,False,False,96,0.10*validation_mean; floor=0.25,sorted model names,deterministic accumulated cost then model path,switch-budget feasibility filter only,1e-09,-497.3493071817793,11940.905690774234,2596.1319928481134,0.0,-2.5,-0.0022148762212784723,-38.25763901397295,0.0,0.0,0.0,0.0,51922.639856962196,branch-specific beam-pruning path: the budget feasibility filter changes the retained approximate state set despite a feasible unconstrained terminal path,99,100,0.99,33610.83020189041,99,0.99,33610.83020189041
Walmart,governance_fixed_K2,store_013__dept_092,2,fixed_K2,11.0,2.0,9.0,False,True,True,unconstrained_switch_count > K,True,False,True,False,False,False,False,False,False,17336.154659783933,-4.5,17336.154659783933,False,False,96,0.10*validation_mean; floor=0.25,sorted model names,deterministic accumulated cost then model path,switch-budget feasibility filter only,1e-09,0.0,24691.715094467625,-7351.0604346827095,0.0,-4.5,-0.0021449053232509563,0.0,0.0,0.0,-6268.885961541004,-0.0769230769230769,-147021.20869365416,branch-specific beam-pruning path: the budget feasibility filter changes the retained approximate state set despite a feasible unconstrained terminal path,99,100,0.99,33610.83020189041,99,0.99,33610.83020189041
Walmart,governance_fixed_K2,store_013__dept_095,2,fixed_K2,6.0,2.0,4.0,False,True,True,unconstrained_switch_count > K,True,False,True,False,False,False,False,False,False,-245951.5883639166,-2.0,-245951.5883639166,False,False,96,0.10*validation_mean; floor=0.25,sorted model names,deterministic accumulated cost then model path,switch-budget feasibility filter only,1e-09,105399.6086016607,-344493.7143348686,-6855.482630708571,0.0,-2.0,0.03647632371908782,8107.662200127728,0.0,0.0,-145870.7000306384,-0.1538461538461538,-137109.65261417147,branch-specific beam-pruning path: the budget feasibility filter changes the retained approximate state set despite a feasible unconstrained terminal path,99,100,0.99,33610.83020189041,99,0.99,33610.83020189041
Walmart,governance_fixed_K2,store_014__dept_002,2,fixed_K2,9.0,2.0,7.0,False,True,True,unconstrained_switch_count > K,True,False,True,False,False,False,False,False,False,-26248.42622363486,-3.5,-26248.42622363486,False,False,96,0.10*validation_mean; floor=0.25,sorted model names,deterministic accumulated cost then model path,switch-budget feasibility filter only,1e-09,-25828.57786689524,0.0,-416.3483567398598,0.0,-3.5,0.0,-1986.813682068867,0.0,0.0,6560.25563066852,0.0,-8326.967134797189,branch-specific beam-pruning path: the budget feasibility filter changes the retained approximate state set despite a feasible unconstrained terminal path,99,100,0.99,33610.83020189041,99,0.99,33610.83020189041
Walmart,governance_fixed_K2,store_014__dept_038,2,fixed_K2,11.0,2.0,9.0,False,True,True,unconstrained_switch_count > K,True,False,True,False,False,False,False,False,False,-36601.25079002674,-4.5,-36601.25079002674,False,False,96,0.10*validation_mean; floor=0.25,sorted model names,deterministic accumulated cost then model path,switch-budget feasibility filter only,1e-09,-33628.73695697868,0.0,-2968.0138330476,0.0,-4.5,0.0,-2586.825919767638,0.0,0.0,-5057.236065980018,0.0,-59360.27666095208,branch-specific beam-pruning path: the budget feasibility filter changes the retained approximate state set despite a feasible unconstrained terminal path,99,100,0.99,33610.83020189041,99,0.99,33610.83020189041
Walmart,governance_fixed_K2,store_014__dept_046,2,fixed_K2,3.0,1.0,2.0,False,True,True,unconstrained_switch_count > K,True,False,True,False,False,False,False,False,False,-680.6124615382869,-1.0,-680.6124615382869,False,False,96,0.10*validation_mean; floor=0.25,sorted model names,deterministic accumulated cost then model path,switch-budget feasibility filter only,1e-09,0.0,0.0,-679.6124615382455,0.0,-1.0,0.0,0.0,0.0,0.0,0.0,0.0,-13592.249230764923,branch-specific beam-pruning path: the budget feasibility filter changes the retained approximate state set despite a feasible unconstrained terminal path,99,100,0.99,33610.83020189041,99,0.99,33610.83020189041
Walmart,governance_fixed_K2,store_014__dept_072,2,fixed_K2,6.0,2.0,4.0,False,True,True,unconstrained_switch_count > K,True,False,True,False,False,False,False,False,False,152676.56353492895,-2.0,152676.56353492895,False,False,96,0.10*validation_mean; floor=0.25,sorted model names,deterministic accumulated cost then model path,switch-budget feasibility filter only,1e-09,0.0,153300.38815670065,-621.8246217717342,0.0,-2.0,-0.032713329774645916,0.0,6691.359854102517,0.0,26586.432730796907,0.15384615384615385,-12436.492435434659,branch-specific beam-pruning path: the budget feasibility filter changes the retained approximate state set despite a feasible unconstrained terminal path,99,100,0.99,33610.83020189041,99,0.99,33610.83020189041
Walmart,governance_fixed_K2,store_014__dept_090,2,fixed_K2,9.0,2.0,7.0,False,True,True,unconstrained_switch_count > K,True,False,True,False,False,False,False,False,False,114652.12731991429,-3.5,114652.12731991429,False,False,96,0.10*validation_mean; floor=0.25,sorted model names,deterministic accumulated cost then model path,switch-budget feasibility filter only,1e-09,-5341.930652308511,124530.53924820945,-4532.981275986436,0.0,-3.5,-0.02118266640922728,-410.9177424852678,12728.607692306685,0.0,2438.817418500781,0.0,-90659.62551972875,branch-specific beam-pruning path: the budget feasibility filter changes the retained approximate state set despite a feasible unconstrained terminal path,99,100,0.99,33610.83020189041,99,0.99,33610.83020189041
Walmart,governance_fixed_K2,store_014__dept_091,2,fixed_K2,8.0,2.0,6.0,False,True,True,unconstrained_switch_count > K,True,False,True,False,False,False,False,False,False,-4321.552340532653,-3.0,-4321.552340532653,False,False,96,0.10*validation_mean; floor=0.25,sorted model names,deterministic accumulated cost then model path,switch-budget feasibility filter only,1e-09,-45356.92943627434,41960.67009883387,-922.2930030919651,0.0,-3.0,-0.008674999287793805,-3488.994572021111,0.0,0.0,0.0,0.0,-18445.86006183934,branch-specific beam-pruning path: the budget feasibility filter changes the retained approximate state set despite a feasible unconstrained terminal path,99,100,0.99,33610.83020189041,99,0.99,33610.83020189041
Walmart,governance_fixed_K2,store_014__dept_092,2,fixed_K2,10.0,2.0,8.0,False,True,True,unconstrained_switch_count > K,True,False,True,False,False,False,False,False,False,4658.23720771214,-4.0,4658.23720771214,False,False,96,0.10*validation_mean; floor=0.25,sorted model names,deterministic accumulated cost then model path,switch-budget feasibility filter only,1e-09,-23326.540428720647,32917.45278051795,-4928.675144085857,0.0,-4.0,-0.0032573232056305468,-1794.3492637477175,-5.820766091346741e-11,0.0,4888.839146626837,-0.07692307692307701,-98573.50288171705,branch-specific beam-pruning path: the budget feasibility filter changes the retained approximate state set despite a feasible unconstrained terminal path,99,100,0.99,33610.83020189041,99,0.99,33610.83020189041
Walmart,governance_fixed_K2,store_014__dept_095,2,fixed_K2,9.0,1.0,8.0,False,True,True,unconstrained_switch_count > K,True,False,True,False,False,False,False,False,False,-39804.83820093097,-4.0,-39804.83820093097,False,False,96,0.10*validation_mean; floor=0.25,sorted model names,deterministic accumulated cost then model path,switch-budget feasibility filter only,1e-09,-38221.13481042255,0.0,-1579.70339050873,0.0,-4.0,0.0,-2940.087293109391,0.0,0.0,13047.523076925077,0.0,-31594.06781017466,branch-specific beam-pruning path: the budget feasibility filter changes the retained approximate state set despite a feasible unconstrained terminal path,99,100,0.99,33610.83020189041,99,0.99,33610.83020189041
Walmart,governance_fixed_K2,store_015__dept_026,2,fixed_K2,6.0,2.0,4.0,False,True,True,unconstrained_switch_count > K,True,False,True,False,False,False,False,False,False,-98664.47854576609,-2.0,-98664.47854576609,False,False,96,0.10*validation_mean; floor=0.25,sorted model names,deterministic accumulated cost then model path,switch-budget feasibility filter only,1e-09,0.0,-98662.47854576621,-5.684341886080802e-14,0.0,-2.0,0.007810826639757296,0.0,-3921.8601222975412,0.0,-33520.58235218583,0.07692307692307687,0.0,branch-specific beam-pruning path: the budget feasibility filter changes the retained approximate state set despite a feasible unconstrained terminal path,99,100,0.99,33610.83020189041,99,0.99,33610.83020189041
Walmart,governance_fixed_K2,store_016__dept_096,2,fixed_K2,6.0,2.0,4.0,False,True,True,unconstrained_switch_count > K,True,False,True,False,False,False,False,False,False,-93.98283653826729,-2.0,-93.98283653826729,False,False,96,0.10*validation_mean; floor=0.25,sorted model names,deterministic accumulated cost then model path,switch-budget feasibility filter only,1e-09,-94.30230769188711,0.0,2.3194711536181707,0.0,-2.0,0.0,-7.254023668606692,0.0,0.0,162.2303846141234,0.1538461538461538,46.389423072363456,branch-specific beam-pruning path: the budget feasibility filter changes the retained approximate state set despite a feasible unconstrained terminal path,99,100,0.99,33610.83020189041,99,0.99,33610.83020189041
Walmart,governance_fixed_K2,store_019__dept_092,2,fixed_K2,9.0,2.0,7.0,False,True,True,unconstrained_switch_count > K,True,False,True,False,False,False,False,False,False,123499.6447860254,-3.5,123499.6447860254,False,False,96,0.10*validation_mean; floor=0.25,sorted model names,deterministic accumulated cost then model path,switch-budget feasibility filter only,1e-09,0.0,126314.50461473339,-2811.359828707744,0.0,-3.5,-0.016876277510891602,0.0,0.0,0.0,-715.9874888916966,-0.0769230769230769,-56227.19657415489,branch-specific beam-pruning path: the budget feasibility filter changes the retained approximate state set despite a feasible unconstrained terminal path,99,100,0.99,33610.83020189041,99,0.99,33610.83020189041
Walmart,governance_fixed_K2,store_019__dept_095,2,fixed_K2,8.0,2.0,6.0,False,True,True,unconstrained_switch_count > K,True,False,True,False,False,False,False,False,False,76024.29391001211,-3.0,76024.29391001211,False,False,96,0.10*validation_mean; floor=0.25,sorted model names,deterministic accumulated cost then model path,switch-budget feasibility filter only,1e-09,84446.3370694574,0.0,-8419.043159445373,0.0,-3.0,0.0,6495.872082265982,0.0,0.0,-28659.859609270774,-0.1538461538461538,-168380.8631889075,branch-specific beam-pruning path: the budget feasibility filter changes the retained approximate state set despite a feasible unconstrained terminal path,99,100,0.99,33610.83020189041,99,0.99,33610.83020189041
Walmart,governance_fixed_K2,store_020__dept_038,2,fixed_K2,7.0,2.0,5.0,False,True,True,unconstrained_switch_count > K,True,False,True,False,False,False,False,False,False,-3365.589438025141,-2.5,-3365.589438025141,False,False,96,0.10*validation_mean; floor=0.25,sorted model names,deterministic accumulated cost then model path,switch-budget feasibility filter only,1e-09,-11224.566619679332,10750.314034298208,-2888.8368526435042,0.0,-2.5,-0.0014279917423439814,-863.428201513816,0.0,0.0,21241.86648611506,-0.0769230769230769,-57776.73705287016,branch-specific beam-pruning path: the budget feasibility filter changes the retained approximate state set despite a feasible unconstrained terminal path,99,100,0.99,33610.83020189041,99,0.99,33610.83020189041
Walmart,governance_fixed_K2,store_020__dept_040,2,fixed_K2,8.0,2.0,6.0,False,True,True,unconstrained_switch_count > K,True,False,True,False,False,False,False,False,False,73884.81139881443,-3.0,73884.81139881443,False,False,96,0.10*validation_mean; floor=0.25,sorted model names,deterministic accumulated cost then model path,switch-budget feasibility filter only,1e-09,-8869.823830839596,83154.59668574913,-396.96145609528503,0.0,-3.0,-0.014514369655349246,-682.2941408338083,0.0,0.0,0.0,0.0,-7939.229121905679,branch-specific beam-pruning path: the budget feasibility filter changes the retained approximate state set despite a feasible unconstrained terminal path,99,100,0.99,33610.83020189041,99,0.99,33610.83020189041
Walmart,governance_fixed_K2,store_020__dept_072,2,fixed_K2,8.0,2.0,6.0,False,True,True,unconstrained_switch_count > K,True,False,True,False,False,True,False,False,False,-3.0,-3.0,-3.0,False,False,96,0.10*validation_mean; floor=0.25,sorted model names,deterministic accumulated cost then model path,switch-budget feasibility filter only,1e-09,0.0,0.0,0.0,0.0,-3.0,0.0,0.0,0.0,0.0,121868.68455197196,0.0,0.0,branch-specific beam-pruning path: the budget feasibility filter changes the retained approximate state set despite a feasible unconstrained terminal path,99,100,0.99,33610.83020189041,99,0.99,33610.83020189041
Walmart,governance_fixed_K2,store_020__dept_083,2,fixed_K2,7.0,2.0,5.0,False,True,True,unconstrained_switch_count > K,True,False,True,False,False,False,False,False,False,-129.0026730769314,-2.5,-129.0026730769314,False,False,96,0.10*validation_mean; floor=0.25,sorted model names,deterministic accumulated cost then model path,switch-budget feasibility filter only,1e-09,0.0,0.0,-126.5026730769224,0.0,-2.5,0.0,0.0,0.0,0.0,-1023.9249615378285,0.0,-2530.0534615384477,branch-specific beam-pruning path: the budget feasibility filter changes the retained approximate state set despite a feasible unconstrained terminal path,99,100,0.99,33610.83020189041,99,0.99,33610.83020189041
Walmart,governance_fixed_K2,store_020__dept_090,2,fixed_K2,8.0,2.0,6.0,False,True,True,unconstrained_switch_count > K,True,False,True,False,False,False,False,False,False,93936.03943610378,-3.0,93936.03943610378,False,False,96,0.10*validation_mean; floor=0.25,sorted model names,deterministic accumulated cost then model path,switch-budget feasibility filter only,1e-09,-2450.4571598412003,97799.08988380208,-1409.5932878568,0.0,-3.0,-0.015575356579058397,-188.49670460316702,5324.533657264954,0.0,17722.073274634167,-0.0769230769230769,-28191.865757136053,branch-specific beam-pruning path: the budget feasibility filter changes the retained approximate state set despite a feasible unconstrained terminal path,99,100,0.99,33610.83020189041,99,0.99,33610.83020189041
Walmart,governance_fixed_K2,store_020__dept_092,2,fixed_K2,11.0,2.0,9.0,False,True,True,unconstrained_switch_count > K,True,False,True,False,False,False,False,False,False,182925.66372261057,-4.5,182925.66372261057,False,False,96,0.10*validation_mean; floor=0.25,sorted model names,deterministic accumulated cost then model path,switch-budget feasibility filter only,1e-09,-23781.777170135174,217660.42970176306,-10948.48880901761,0.0,-4.5,-0.01921435212534439,-1829.3674746257602,-1909.876923078671,0.0,-49.53398800254399,-0.0769230769230769,-218969.77618035214,branch-specific beam-pruning path: the budget feasibility filter changes the retained approximate state set despite a feasible unconstrained terminal path,99,100,0.99,33610.83020189041,99,0.99,33610.83020189041
Walmart,governance_fixed_K2,store_020__dept_095,2,fixed_K2,5.0,2.0,3.0,False,True,True,unconstrained_switch_count > K,True,False,True,False,False,False,False,False,False,-1133.5111538465135,-1.5,-1133.5111538465135,False,False,96,0.10*validation_mean; floor=0.25,sorted model names,deterministic accumulated cost then model path,switch-budget feasibility filter only,1e-09,0.0,0.0,-1132.0111538463043,0.0,-1.5,0.0,0.0,0.0,0.0,0.0,0.0,-22640.22307692608,branch-specific beam-pruning path: the budget feasibility filter changes the retained approximate state set despite a feasible unconstrained terminal path,99,100,0.99,33610.83020189041,99,0.99,33610.83020189041
Walmart,governance_fixed_K2,store_022__dept_059,2,fixed_K2,10.0,2.0,8.0,False,True,True,unconstrained_switch_count > K,True,False,True,False,False,False,False,False,False,830.8408726020461,-4.0,830.8408726020461,False,False,96,0.10*validation_mean; floor=0.25,sorted model names,deterministic accumulated cost then model path,switch-budget feasibility filter only,1e-09,0.0,833.8389423137055,1.001930288341164,0.0,-4.0,-0.03724979845229692,0.0,98.67615384615311,0.0,56.60574889694749,0.0,20.03860576682314,branch-specific beam-pruning path: the budget feasibility filter changes the retained approximate state set despite a feasible unconstrained terminal path,99,100,0.99,33610.83020189041,99,0.99,33610.83020189041
Walmart,governance_fixed_K2,store_023__dept_032,2,fixed_K2,5.0,2.0,3.0,False,True,True,unconstrained_switch_count > K,True,False,True,False,False,False,False,False,False,439.02519230920007,-1.5,439.02519230920007,False,False,96,0.10*validation_mean; floor=0.25,sorted model names,deterministic accumulated cost then model path,switch-budget feasibility filter only,1e-09,367.05384615506046,0.0,73.47134615414575,0.0,-1.5,0.0,28.234911242698217,0.0,0.0,0.0,0.0,1469.426923082916,branch-specific beam-pruning path: the budget feasibility filter changes the retained approximate state set despite a feasible unconstrained terminal path,99,100,0.99,33610.83020189041,99,0.99,33610.83020189041
Walmart,governance_fixed_K2,store_023__dept_072,2,fixed_K2,7.0,2.0,5.0,False,True,True,unconstrained_switch_count > K,True,False,True,False,False,True,False,False,False,-2.5,-2.5,-2.5,False,False,96,0.10*validation_mean; floor=0.25,sorted model names,deterministic accumulated cost then model path,switch-budget feasibility filter only,1e-09,0.0,0.0,0.0,0.0,-2.5,0.0,0.0,0.0,0.0,102076.58199083316,0.0,0.0,branch-specific beam-pruning path: the budget feasibility filter changes the retained approximate state set despite a feasible unconstrained terminal path,99,100,0.99,33610.83020189041,99,0.99,33610.83020189041
Walmart,governance_fixed_K2,store_024__dept_018,2,fixed_K2,4.0,2.0,2.0,False,True,True,unconstrained_switch_count > K,True,False,True,False,False,True,False,False,False,-1.0,-1.0,-1.0,False,False,96,0.10*validation_mean; floor=0.25,sorted model names,deterministic accumulated cost then model path,switch-budget feasibility filter only,1e-09,0.0,0.0,0.0,0.0,-1.0,0.0,0.0,0.0,0.0,0.0,0.0,0.0,branch-specific beam-pruning path: the budget feasibility filter changes the retained approximate state set despite a feasible unconstrained terminal path,99,100,0.99,33610.83020189041,99,0.99,33610.83020189041
Walmart,governance_fixed_K2,store_024__dept_040,2,fixed_K2,6.0,2.0,4.0,False,True,True,unconstrained_switch_count > K,True,False,True,False,False,False,False,False,False,-22304.033507569926,-2.0,-22304.033507569926,False,False,96,0.10*validation_mean; floor=0.25,sorted model names,deterministic accumulated cost then model path,switch-budget feasibility filter only,1e-09,-20056.56873023731,0.0,-2245.4647773324405,0.0,-2.0,0.0,-1542.8129792490145,0.0,0.0,0.0,0.0,-44909.295546648806,branch-specific beam-pruning path: the budget feasibility filter changes the retained approximate state set despite a feasible unconstrained terminal path,99,100,0.99,33610.83020189041,99,0.99,33610.83020189041
Walmart,governance_fixed_K2,store_024__dept_092,2,fixed_K2,10.0,2.0,8.0,False,True,True,unconstrained_switch_count > K,True,False,True,False,False,False,False,False,False,294180.0923748517,-4.0,294180.0923748517,False,False,96,0.10*validation_mean; floor=0.25,sorted model names,deterministic accumulated cost then model path,switch-budget feasibility filter only,1e-09,-27921.958063609665,323974.9913414509,-1868.9409029898743,0.0,-4.0,-0.03791425798040926,-2147.842927969934,3988.497115385908,0.0,87706.60705304975,-0.0769230769230769,-37378.818059797515,branch-specific beam-pruning path: the budget feasibility filter changes the retained approximate state set despite a feasible unconstrained terminal path,99,100,0.99,33610.83020189041,99,0.99,33610.83020189041
Walmart,governance_fixed_K2,store_024__dept_095,2,fixed_K2,6.0,1.0,5.0,False,True,True,unconstrained_switch_count > K,True,False,True,False,False,False,False,False,False,-27429.211448906455,-2.5,-27429.211448906455,False,False,96,0.10*validation_mean; floor=0.25,sorted model names,deterministic accumulated cost then model path,switch-budget feasibility filter only,1e-09,-21795.72264528298,0.0,-5630.988803623215,0.0,-2.5,0.0,-1676.5940496371477,0.0,0.0,0.0,0.0,-112619.77607246424,branch-specific beam-pruning path: the budget feasibility filter changes the retained approximate state set despite a feasible unconstrained terminal path,99,100,0.99,33610.83020189041,99,0.99,33610.83020189041
Walmart,governance_fixed_K2,store_025__dept_018,2,fixed_K2,4.0,2.0,2.0,False,True,True,unconstrained_switch_count > K,True,False,True,False,False,True,False,False,False,-1.0,-1.0,-1.0,False,False,96,0.10*validation_mean; floor=0.25,sorted model names,deterministic accumulated cost then model path,switch-budget feasibility filter only,1e-09,0.0,0.0,0.0,0.0,-1.0,0.0,0.0,0.0,0.0,1636.2269230702368,0.0,0.0,branch-specific beam-pruning path: the budget feasibility filter changes the retained approximate state set despite a feasible unconstrained terminal path,99,100,0.99,33610.83020189041,99,0.99,33610.83020189041
Walmart,governance_fixed_K2,store_026__dept_024,2,fixed_K2,6.0,2.0,4.0,False,True,True,unconstrained_switch_count > K,True,False,True,False,False,False,False,False,False,53335.676607172994,-2.0,53335.676607172994,False,False,96,0.10*validation_mean; floor=0.25,sorted model names,deterministic accumulated cost then model path,switch-budget feasibility filter only,1e-09,0.0,53295.82577722031,41.85082995266407,0.0,-2.0,0.0,0.0,1313.4837295858306,0.0,15374.400428107634,0.0,837.016599053281,branch-specific beam-pruning path: the budget feasibility filter changes the retained approximate state set despite a feasible unconstrained terminal path,99,100,0.99,33610.83020189041,99,0.99,33610.83020189041
Walmart,governance_fixed_K2,store_026__dept_036,2,fixed_K2,4.0,2.0,2.0,False,True,True,unconstrained_switch_count > K,True,False,True,False,False,False,False,False,False,17.254905630252324,-1.0,17.254905630252324,False,False,96,0.10*validation_mean; floor=0.25,sorted model names,deterministic accumulated cost then model path,switch-budget feasibility filter only,1e-09,0.0,19.02791466346389,-0.7730090332031239,0.0,-1.0,0.0,0.0,3.8055829326924595,0.0,-725.3887855062112,-0.07692307692307687,-15.460180664062591,branch-specific beam-pruning path: the budget feasibility filter changes the retained approximate state set despite a feasible unconstrained terminal path,99,100,0.99,33610.83020189041,99,0.99,33610.83020189041
Walmart,governance_fixed_K2,store_026__dept_038,2,fixed_K2,4.0,2.0,2.0,False,True,True,unconstrained_switch_count > K,True,False,True,False,False,False,False,False,False,-91891.50559142139,-1.0,-91891.50559142139,False,False,96,0.10*validation_mean; floor=0.25,sorted model names,deterministic accumulated cost then model path,switch-budget feasibility filter only,1e-09,-87415.49932219088,2.473825588822365e-10,-4475.006269230753,0.0,-1.0,0.0,-6724.269178630086,-4.3655745685100555e-11,0.0,5689.070754330256,0.0,-89500.1253846151,branch-specific beam-pruning path: the budget feasibility filter changes the retained approximate state set despite a feasible unconstrained terminal path,99,100,0.99,33610.83020189041,99,0.99,33610.83020189041
Walmart,governance_fixed_K2,store_026__dept_092,2,fixed_K2,6.0,2.0,4.0,False,True,True,unconstrained_switch_count > K,True,False,True,False,False,False,False,False,False,2020.019456638489,-2.0,2020.019456638489,False,False,96,0.10*validation_mean; floor=0.25,sorted model names,deterministic accumulated cost then model path,switch-budget feasibility filter only,1e-09,2700.6980769224465,0.0,-678.6786202836065,0.0,-2.0,0.0,207.7460059171135,0.0,0.0,0.0,0.0,-13573.572405672137,branch-specific beam-pruning path: the budget feasibility filter changes the retained approximate state set despite a feasible unconstrained terminal path,99,100,0.99,33610.83020189041,99,0.99,33610.83020189041
Walmart,governance_fixed_K2,store_027__dept_071,2,fixed_K2,3.0,2.0,1.0,False,True,True,unconstrained_switch_count > K,True,False,True,False,False,False,False,False,False,3239.9074071384675,-0.5,3239.9074071384675,False,False,96,0.10*validation_mean; floor=0.25,sorted model names,deterministic accumulated cost then model path,switch-budget feasibility filter only,1e-09,3240.4074071384966,0.0,-1.3642420526593924e-12,0.0,-0.5,0.0,249.26210824142072,0.0,0.0,-1342.8889124512934,0.07692307692307687,-2.9103830456733704e-11,branch-specific beam-pruning path: the budget feasibility filter changes the retained approximate state set despite a feasible unconstrained terminal path,99,100,0.99,33610.83020189041,99,0.99,33610.83020189041
Walmart,governance_fixed_K2,store_027__dept_090,2,fixed_K2,7.0,1.0,6.0,False,True,True,unconstrained_switch_count > K,True,False,True,False,False,False,False,False,False,9018.249711542623,-3.0,9018.249711542623,False,False,96,0.10*validation_mean; floor=0.25,sorted model names,deterministic accumulated cost then model path,switch-budget feasibility filter only,1e-09,0.0,9400.298076927429,-379.04836538484597,0.0,-3.0,-0.001585568544742455,0.0,0.0,0.0,17200.28846153949,0.0,-7580.967307696963,branch-specific beam-pruning path: the budget feasibility filter changes the retained approximate state set despite a feasible unconstrained terminal path,99,100,0.99,33610.83020189041,99,0.99,33610.83020189041
Walmart,governance_fixed_K2,store_027__dept_092,2,fixed_K2,11.0,2.0,9.0,False,True,True,unconstrained_switch_count > K,True,False,True,False,False,False,False,False,False,-25042.784792661667,-4.5,-25042.784792661667,False,False,96,0.10*validation_mean; floor=0.25,sorted model names,deterministic accumulated cost then model path,switch-budget feasibility filter only,1e-09,0.0,-23594.405903083272,-1443.878889577998,0.0,-4.5,0.002534742398728418,0.0,1.2005330063402653e-10,0.0,5384.614423077073,0.0,-28877.577791559976,branch-specific beam-pruning path: the budget feasibility filter changes the retained approximate state set despite a feasible unconstrained terminal path,99,100,0.99,33610.83020189041,99,0.99,33610.83020189041
Walmart,governance_fixed_K2,store_027__dept_095,2,fixed_K2,6.0,2.0,4.0,False,True,True,unconstrained_switch_count > K,True,False,True,False,False,False,False,False,False,-7613.294192305766,-2.0,-7613.294192305766,False,False,96,0.10*validation_mean; floor=0.25,sorted model names,deterministic accumulated cost then model path,switch-budget feasibility filter only,1e-09,-3052.9807692293543,0.0,-4558.313423077039,0.0,-2.0,0.0,-234.84467455607955,0.0,0.0,0.0,0.0,-91166.26846154084,branch-specific beam-pruning path: the budget feasibility filter changes the retained approximate state set despite a feasible unconstrained terminal path,99,100,0.99,33610.83020189041,99,0.99,33610.83020189041
Walmart,governance_fixed_K2,store_028__dept_092,2,fixed_K2,7.0,2.0,5.0,False,True,True,unconstrained_switch_count > K,True,False,True,False,False,False,False,False,False,295863.4758042509,-2.5,295863.4758042509,False,False,96,0.10*validation_mean; floor=0.25,sorted model names,deterministic accumulated cost then model path,switch-budget feasibility filter only,1e-09,-106878.57423602534,405525.03044640506,-2780.4804061292834,0.0,-2.5,-0.06252903823437117,-8221.428787386554,0.0,0.0,17800.091688796732,0.07692307692307701,-55609.60812258566,branch-specific beam-pruning path: the budget feasibility filter changes the retained approximate state set despite a feasible unconstrained terminal path,99,100,0.99,33610.83020189041,99,0.99,33610.83020189041
Walmart,governance_fixed_K2,store_028__dept_095,2,fixed_K2,9.0,2.0,7.0,False,True,True,unconstrained_switch_count > K,True,False,True,False,False,False,False,False,False,-61739.34132901183,-3.5,-61739.34132901183,False,False,96,0.10*validation_mean; floor=0.25,sorted model names,deterministic accumulated cost then model path,switch-budget feasibility filter only,1e-09,-60532.18821455748,0.0,-1203.6531144545897,0.0,-3.5,0.0,-4656.32217035057,0.0,0.0,13718.86483600337,0.1538461538461538,-24073.062289091875,branch-specific beam-pruning path: the budget feasibility filter changes the retained approximate state set despite a feasible unconstrained terminal path,99,100,0.99,33610.83020189041,99,0.99,33610.83020189041
Walmart,governance_fixed_K2,store_029__dept_027,2,fixed_K2,6.0,2.0,4.0,False,True,True,unconstrained_switch_count > K,True,False,True,False,False,False,False,False,False,1946.3404896853244,-2.0,1946.3404896853244,False,False,96,0.10*validation_mean; floor=0.25,sorted model names,deterministic accumulated cost then model path,switch-budget feasibility filter only,1e-09,0.0,1968.3341050703457,-19.993615385020064,0.0,-2.0,-0.023714611589396473,0.0,0.0,0.0,414.725474858039,0.07692307692307687,-399.87230770040196,branch-specific beam-pruning path: the budget feasibility filter changes the retained approximate state set despite a feasible unconstrained terminal path,99,100,0.99,33610.83020189041,99,0.99,33610.83020189041
Walmart,governance_fixed_K2,store_030__dept_083,2,fixed_K2,5.0,2.0,3.0,False,True,True,unconstrained_switch_count > K,True,False,True,False,False,False,False,False,False,-3467.264108542244,-1.5,-3467.264108542244,False,False,96,0.10*validation_mean; floor=0.25,sorted model names,deterministic accumulated cost then model path,switch-budget feasibility filter only,1e-09,-3443.130706517277,0.0,-22.63340202495914,0.0,-1.5,0.0,-264.8562081936366,0.0,0.0,-0.5486538428817767,-0.0769230769230769,-452.6680404991839,branch-specific beam-pruning path: the budget feasibility filter changes the retained approximate state set despite a feasible unconstrained terminal path,99,100,0.99,33610.83020189041,99,0.99,33610.83020189041
Walmart,governance_fixed_K2,store_031__dept_038,2,fixed_K2,5.0,2.0,3.0,False,True,True,unconstrained_switch_count > K,True,False,True,False,False,False,False,False,False,6531.246129307663,-1.5,6531.246129307663,False,False,96,0.10*validation_mean; floor=0.25,sorted model names,deterministic accumulated cost then model path,switch-budget feasibility filter only,1e-09,5443.955107756425,0.0,1088.7910215512857,0.0,-1.5,0.0,418.76577751972945,0.0,0.0,0.0,0.0,21775.820431025728,branch-specific beam-pruning path: the budget feasibility filter changes the retained approximate state set despite a feasible unconstrained terminal path,99,100,0.99,33610.83020189041,99,0.99,33610.83020189041
Walmart,governance_fixed_K2,store_031__dept_046,2,fixed_K2,3.0,1.0,2.0,False,True,True,unconstrained_switch_count > K,True,False,True,False,False,False,False,False,False,-122.0642692304682,-1.0,-122.0642692304682,False,False,96,0.10*validation_mean; floor=0.25,sorted model names,deterministic accumulated cost then model path,switch-budget feasibility filter only,1e-09,0.0,0.0,-121.06426923047229,0.0,-1.0,0.0,0.0,0.0,0.0,0.0,0.0,-2421.2853846094513,branch-specific beam-pruning path: the budget feasibility filter changes the retained approximate state set despite a feasible unconstrained terminal path,99,100,0.99,33610.83020189041,99,0.99,33610.83020189041
Walmart,governance_fixed_K2,store_031__dept_079,2,fixed_K2,10.0,2.0,8.0,False,True,True,unconstrained_switch_count > K,True,False,True,False,False,False,False,False,False,-44073.93082853872,-4.0,-44073.93082853872,False,False,96,0.10*validation_mean; floor=0.25,sorted model names,deterministic accumulated cost then model path,switch-budget feasibility filter only,1e-09,-81188.823127851,37251.15427560144,-132.26197628911632,0.0,-4.0,-0.015873179685261363,-6245.294086757778,0.0,0.0,21292.243056568666,0.1538461538461539,-2645.2395257822645,branch-specific beam-pruning path: the budget feasibility filter changes the retained approximate state set despite a feasible unconstrained terminal path,99,100,0.99,33610.83020189041,99,0.99,33610.83020189041
Walmart,governance_fixed_K2,store_031__dept_090,2,fixed_K2,11.0,2.0,9.0,False,True,True,unconstrained_switch_count > K,True,False,True,False,False,False,False,False,False,57473.67137446825,-4.5,57473.67137446825,False,False,96,0.10*validation_mean; floor=0.25,sorted model names,deterministic accumulated cost then model path,switch-budget feasibility filter only,1e-09,-6574.389141948661,66180.12616237444,-2127.5656459576867,0.0,-4.5,-0.01142887593987918,-505.7222416883451,-2.9103830456733704e-11,0.0,-8103.128347047867,-0.0769230769230769,-42551.31291915373,branch-specific beam-pruning path: the budget feasibility filter changes the retained approximate state set despite a feasible unconstrained terminal path,99,100,0.99,33610.83020189041,99,0.99,33610.83020189041
Walmart,governance_fixed_K2,store_031__dept_092,2,fixed_K2,10.0,2.0,8.0,False,True,True,unconstrained_switch_count > K,True,False,True,False,False,False,False,False,False,295452.7542330907,-4.0,295452.7542330907,False,False,96,0.10*validation_mean; floor=0.25,sorted model names,deterministic accumulated cost then model path,switch-budget feasibility filter only,1e-09,-59253.36728201271,357736.99988486525,-3026.8783697622493,0.0,-4.0,-0.04164532471022353,-4557.951329385571,0.0,0.0,0.0,0.0,-60537.56739524496,branch-specific beam-pruning path: the budget feasibility filter changes the retained approximate state set despite a feasible unconstrained terminal path,99,100,0.99,33610.83020189041,99,0.99,33610.83020189041
Walmart,governance_fixed_K2,store_031__dept_095,2,fixed_K2,6.0,2.0,4.0,False,True,True,unconstrained_switch_count > K,True,False,True,False,False,False,False,False,False,-2508.184559821617,-2.0,-2508.184559821617,False,False,96,0.10*validation_mean; floor=0.25,sorted model names,deterministic accumulated cost then model path,switch-budget feasibility filter only,1e-09,-3286.2446171578486,0.0,780.0600573365864,0.0,-2.0,0.0,-252.7880474737176,0.0,0.0,0.0,0.0,15601.201146731735,branch-specific beam-pruning path: the budget feasibility filter changes the retained approximate state set despite a feasible unconstrained terminal path,99,100,0.99,33610.83020189041,99,0.99,33610.83020189041
Walmart,governance_fixed_K2,store_032__dept_092,2,fixed_K2,10.0,2.0,8.0,False,True,True,unconstrained_switch_count > K,True,False,True,False,False,False,False,False,False,73560.8146135495,-4.0,73560.8146135495,False,False,96,0.10*validation_mean; floor=0.25,sorted model names,deterministic accumulated cost then model path,switch-budget feasibility filter only,1e-09,-5741.775751468027,81978.86014302575,-2672.2697780079416,0.0,-4.0,-0.012266179916347597,-441.6750578052306,2491.7351555837085,0.0,7079.515384616854,0.0,-53445.39556015874,branch-specific beam-pruning path: the budget feasibility filter changes the retained approximate state set despite a feasible unconstrained terminal path,99,100,0.99,33610.83020189041,99,0.99,33610.83020189041
Walmart,governance_fixed_K2,store_032__dept_095,2,fixed_K2,9.0,1.0,8.0,False,True,True,unconstrained_switch_count > K,True,False,True,False,False,False,False,False,False,24930.304435261525,-4.0,24930.304435261525,False,False,96,0.10*validation_mean; floor=0.25,sorted model names,deterministic accumulated cost then model path,switch-budget feasibility filter only,1e-09,28449.22118873801,0.0,-3514.9167534761436,0.0,-4.0,0.0,2188.4016299029317,0.0,0.0,13896.432694636169,0.0,-70298.33506952284,branch-specific beam-pruning path: the budget feasibility filter changes the retained approximate state set despite a feasible unconstrained terminal path,99,100,0.99,33610.83020189041,99,0.99,33610.83020189041
Walmart,governance_fixed_K2,store_033__dept_094,2,fixed_K2,6.0,2.0,4.0,False,True,True,unconstrained_switch_count > K,True,False,True,False,False,False,False,False,False,-4945.890793987957,-2.0,-4945.890793987957,False,False,96,0.10*validation_mean; floor=0.25,sorted model names,deterministic accumulated cost then model path,switch-budget feasibility filter only,1e-09,-4620.12820075074,0.0,-323.7625932372416,0.0,-2.0,0.0,-355.3944769808222,0.0,0.0,1130.0047842791355,0.0,-6475.251864744845,branch-specific beam-pruning path: the budget feasibility filter changes the retained approximate state set despite a feasible unconstrained terminal path,99,100,0.99,33610.83020189041,99,0.99,33610.83020189041
Walmart,governance_fixed_K2,store_035__dept_072,2,fixed_K2,10.0,2.0,8.0,False,True,True,unconstrained_switch_count > K,True,False,True,False,False,False,False,False,False,-49614.435825401684,-4.0,-49614.435825401684,False,False,96,0.10*validation_mean; floor=0.25,sorted model names,deterministic accumulated cost then model path,switch-budget feasibility filter only,1e-09,-36722.310185712646,-10011.915811576764,-2876.2098281122862,0.0,-4.0,0.001948095431089536,-2824.7930912086667,-3066.191176366934,0.0,-19171.552113031095,-0.07692307692307687,-57524.19656224572,branch-specific beam-pruning path: the budget feasibility filter changes the retained approximate state set despite a feasible unconstrained terminal path,99,100,0.99,33610.83020189041,99,0.99,33610.83020189041
Walmart,governance_fixed_K2,store_036__dept_087,2,fixed_K2,7.0,2.0,5.0,False,True,True,unconstrained_switch_count > K,True,False,True,False,False,False,False,False,False,2295.009986258964,-2.5,2295.009986258964,False,False,96,0.10*validation_mean; floor=0.25,sorted model names,deterministic accumulated cost then model path,switch-budget feasibility filter only,1e-09,-269.30961534456037,2571.3054723058503,-4.485870702325528,0.0,-2.5,-0.12508745891452278,-22.442467945379974,241.16541972157498,0.0,977.6116898047683,0.08333333333333326,-89.7174140465105,branch-specific beam-pruning path: the budget feasibility filter changes the retained approximate state set despite a feasible unconstrained terminal path,99,100,0.99,33610.83020189041,99,0.99,33610.83020189041
Walmart,governance_fixed_K2,store_038__dept_002,2,fixed_K2,8.0,2.0,6.0,False,True,True,unconstrained_switch_count > K,True,False,True,False,False,False,False,False,False,219.44764669670258,-3.0,219.44764669670258,False,False,96,0.10*validation_mean; floor=0.25,sorted model names,deterministic accumulated cost then model path,switch-budget feasibility filter only,1e-09,349.9950765558315,-4.333259060221735,-123.2141707989449,0.0,-3.0,5.4462678992228675e-06,26.92269819660396,0.0,0.0,0.0,0.0,-2464.283415978898,branch-specific beam-pruning path: the budget feasibility filter changes the retained approximate state set despite a feasible unconstrained terminal path,99,100,0.99,33610.83020189041,99,0.99,33610.83020189041
Walmart,governance_fixed_K2,store_039__dept_092,2,fixed_K2,10.0,2.0,8.0,False,True,True,unconstrained_switch_count > K,True,False,True,False,False,False,False,False,False,75590.6128502842,-4.0,75590.6128502842,False,False,96,0.10*validation_mean; floor=0.25,sorted model names,deterministic accumulated cost then model path,switch-budget feasibility filter only,1e-09,0.0,76564.3745135772,-969.7616632927911,0.0,-4.0,-0.009337638676296778,0.0,0.0,0.0,-7072.933567833621,-0.0769230769230769,-19395.233265855873,branch-specific beam-pruning path: the budget feasibility filter changes the retained approximate state set despite a feasible unconstrained terminal path,99,100,0.99,33610.83020189041,99,0.99,33610.83020189041
Walmart,governance_fixed_K2,store_039__dept_095,2,fixed_K2,10.0,2.0,8.0,False,True,True,unconstrained_switch_count > K,True,False,True,False,False,False,False,False,False,5505.185202849563,-4.0,5505.185202849563,False,False,96,0.10*validation_mean; floor=0.25,sorted model names,deterministic accumulated cost then model path,switch-budget feasibility filter only,1e-09,-2.3283064365386963e-10,3587.895131468773,1921.2900713809377,0.0,-4.0,-0.0004733807389096789,-1.4551915228366852e-11,0.0,0.0,9388.893286618251,-0.0769230769230769,38425.801427618804,branch-specific beam-pruning path: the budget feasibility filter changes the retained approximate state set despite a feasible unconstrained terminal path,99,100,0.99,33610.83020189041,99,0.99,33610.83020189041
Walmart,governance_fixed_K2,store_040__dept_042,2,fixed_K2,10.0,2.0,8.0,False,True,True,unconstrained_switch_count > K,True,False,True,False,False,False,False,False,False,361.60778554149147,-4.0,361.60778554149147,False,False,96,0.10*validation_mean; floor=0.25,sorted model names,deterministic accumulated cost then model path,switch-budget feasibility filter only,1e-09,374.4213632261017,0.0,-8.813577684589063,0.0,-4.0,0.0,28.801643325085024,0.0,0.0,348.13307253166204,0.0769230769230769,-176.27155369178217,branch-specific beam-pruning path: the budget feasibility filter changes the retained approximate state set despite a feasible unconstrained terminal path,99,100,0.99,33610.83020189041,99,0.99,33610.83020189041
Walmart,governance_fixed_K2,store_040__dept_092,2,fixed_K2,8.0,2.0,6.0,False,True,True,unconstrained_switch_count > K,True,False,True,False,False,False,False,False,False,40615.349511269014,-3.0,40615.349511269014,False,False,96,0.10*validation_mean; floor=0.25,sorted model names,deterministic accumulated cost then model path,switch-budget feasibility filter only,1e-09,-79632.67709922954,122872.52042811322,-2621.493817614506,0.0,-3.0,-0.018377997856414585,-6125.59054609458,0.0,0.0,-17146.53240577475,0.0769230769230769,-52429.87635229013,branch-specific beam-pruning path: the budget feasibility filter changes the retained approximate state set despite a feasible unconstrained terminal path,99,100,0.99,33610.83020189041,99,0.99,33610.83020189041
Walmart,governance_fixed_K2,store_041__dept_033,2,fixed_K2,6.0,2.0,4.0,False,True,True,unconstrained_switch_count > K,True,False,True,False,False,True,False,False,False,-2.0,-2.0,-2.0,False,False,96,0.10*validation_mean; floor=0.25,sorted model names,deterministic accumulated cost then model path,switch-budget feasibility filter only,1e-09,0.0,0.0,0.0,0.0,-2.0,0.0,0.0,0.0,0.0,-3267.401580086851,0.0,0.0,branch-specific beam-pruning path: the budget feasibility filter changes the retained approximate state set despite a feasible unconstrained terminal path,99,100,0.99,33610.83020189041,99,0.99,33610.83020189041
Walmart,governance_fixed_K2,store_041__dept_092,2,fixed_K2,3.0,2.0,1.0,False,True,True,unconstrained_switch_count > K,True,False,True,False,False,True,False,False,False,-0.5,-0.5,-0.5,False,False,96,0.10*validation_mean; floor=0.25,sorted model names,deterministic accumulated cost then model path,switch-budget feasibility filter only,1e-09,0.0,0.0,0.0,0.0,-0.5,0.0,0.0,0.0,0.0,0.0,0.0,0.0,branch-specific beam-pruning path: the budget feasibility filter changes the retained approximate state set despite a feasible unconstrained terminal path,99,100,0.99,33610.83020189041,99,0.99,33610.83020189041
Walmart,governance_fixed_K2,store_041__dept_095,2,fixed_K2,6.0,2.0,4.0,False,True,True,unconstrained_switch_count > K,True,False,True,False,False,False,False,False,False,-32231.66623077588,-2.0,-32231.66623077588,False,False,96,0.10*validation_mean; floor=0.25,sorted model names,deterministic accumulated cost then model path,switch-budget feasibility filter only,1e-09,-31493.269230776932,0.0,-736.3969999987567,0.0,-2.0,0.0,-2422.5591715982446,0.0,0.0,0.0,0.0,-14727.939999975177,branch-specific beam-pruning path: the budget feasibility filter changes the retained approximate state set despite a feasible unconstrained terminal path,99,100,0.99,33610.83020189041,99,0.99,33610.83020189041
Walmart,governance_fixed_K2,store_041__dept_096,2,fixed_K2,5.0,2.0,3.0,False,True,True,unconstrained_switch_count > K,True,False,True,False,False,False,False,False,False,970.0509471688274,-1.5,970.0509471688274,False,False,96,0.10*validation_mean; floor=0.25,sorted model names,deterministic accumulated cost then model path,switch-budget feasibility filter only,1e-09,977.709360082561,0.0,-6.158412913716802,0.0,-1.5,0.0,75.20841231404302,0.0,0.0,-1861.8971012801267,-0.0769230769230769,-123.16825827433604,branch-specific beam-pruning path: the budget feasibility filter changes the retained approximate state set despite a feasible unconstrained terminal path,99,100,0.99,33610.83020189041,99,0.99,33610.83020189041
Walmart,governance_fixed_K2,store_042__dept_092,2,fixed_K2,10.0,2.0,8.0,False,True,True,unconstrained_switch_count > K,True,False,True,False,False,False,False,False,False,78883.71262890962,-4.0,78883.71262890962,False,False,96,0.10*validation_mean; floor=0.25,sorted model names,deterministic accumulated cost then model path,switch-budget feasibility filter only,1e-09,-35113.717288010404,117137.11357042457,-3135.6836535041784,0.0,-4.0,-0.021349006030272233,-2701.0551760008093,0.0,0.0,47410.90738082416,0.0,-62713.67307008366,branch-specific beam-pruning path: the budget feasibility filter changes the retained approximate state set despite a feasible unconstrained terminal path,99,100,0.99,33610.83020189041,99,0.99,33610.83020189041
Walmart,governance_fixed_K2,store_043__dept_092,2,fixed_K2,9.0,2.0,7.0,False,True,True,unconstrained_switch_count > K,True,False,True,False,False,False,False,False,False,180632.4746453577,-3.5,180632.4746453577,False,False,96,0.10*validation_mean; floor=0.25,sorted model names,deterministic accumulated cost then model path,switch-budget feasibility filter only,1e-09,-40792.3627651782,222550.88306989963,-1122.5456593635636,0.0,-3.5,-0.04210166020250938,-3137.874058859852,2174.4590897358576,0.0,11567.829880066973,-0.0769230769230769,-22450.913187271275,branch-specific beam-pruning path: the budget feasibility filter changes the retained approximate state set despite a feasible unconstrained terminal path,99,100,0.99,33610.83020189041,99,0.99,33610.83020189041
Walmart,governance_fixed_K2,store_044__dept_009,2,fixed_K2,3.0,2.0,1.0,False,True,True,unconstrained_switch_count > K,True,False,True,False,False,False,False,False,False,-527.6411853205318,-0.5,-527.6411853205318,False,False,96,0.10*validation_mean; floor=0.25,sorted model names,deterministic accumulated cost then model path,switch-budget feasibility filter only,1e-09,-529.304835498825,0.0,2.1636501782928796,0.0,-0.5,0.0,-40.71575657683263,0.0,0.0,-61.17458284018636,0.07692307692307687,43.27300356585744,branch-specific beam-pruning path: the budget feasibility filter changes the retained approximate state set despite a feasible unconstrained terminal path,99,100,0.99,33610.83020189041,99,0.99,33610.83020189041
Walmart,governance_fixed_K2,store_044__dept_017,2,fixed_K2,7.0,1.0,6.0,False,True,True,unconstrained_switch_count > K,True,False,True,False,False,False,False,False,False,-7.668692325303709,-3.0,-7.668692325303709,False,False,96,0.10*validation_mean; floor=0.25,sorted model names,deterministic accumulated cost then model path,switch-budget feasibility filter only,1e-09,0.0,2.269230751440773,-6.937923076745349,0.0,-3.0,-0.004400075401872483,0.0,-42.74230769408655,0.0,-190.93557693144066,0.0,-138.75846153490716,branch-specific beam-pruning path: the budget feasibility filter changes the retained approximate state set despite a feasible unconstrained terminal path,99,100,0.99,33610.83020189041,99,0.99,33610.83020189041
Walmart,governance_validation_q25,store_001__dept_038,6,validation_q25,7.0,6.0,1.0,False,True,True,unconstrained_switch_count > K,True,False,True,False,False,False,False,False,False,-163.35489356936887,-0.5,-163.35489356936887,False,False,96,0.10*validation_mean; floor=0.25,sorted model names,deterministic accumulated cost then model path,switch-budget feasibility filter only,1e-09,0.0,0.0,-162.85489356934704,0.0,-0.5,0.0,0.0,0.0,0.0,0.0,0.0,-3257.0978713869117,branch-specific beam-pruning path: the budget feasibility filter changes the retained approximate state set despite a feasible unconstrained terminal path,65,100,0.65,-783.7592065706966,65,0.65,-783.7592065706966
Walmart,governance_validation_q25,store_001__dept_090,6,validation_q25,9.0,5.0,4.0,False,True,True,unconstrained_switch_count > K,True,False,True,False,False,False,False,False,False,-3572.0409994618967,-2.0,-3572.0409994618967,False,False,96,0.10*validation_mean; floor=0.25,sorted model names,deterministic accumulated cost then model path,switch-budget feasibility filter only,1e-09,-4630.734983342234,0.0,1060.693983880392,0.0,-2.0,0.0,-356.2103833340225,0.0,0.0,0.0,0.0,21213.879677607852,branch-specific beam-pruning path: the budget feasibility filter changes the retained approximate state set despite a feasible unconstrained terminal path,65,100,0.65,-783.7592065706966,65,0.65,-783.7592065706966
Walmart,governance_validation_q25,store_001__dept_092,6,validation_q25,9.0,5.0,4.0,False,True,True,unconstrained_switch_count > K,True,False,True,False,False,False,False,False,False,10305.14267240162,-2.0,10305.14267240162,False,False,96,0.10*validation_mean; floor=0.25,sorted model names,deterministic accumulated cost then model path,switch-budget feasibility filter only,1e-09,8592.89019140345,0.0,1714.2524809983443,0.0,-2.0,0.0,660.9915531848819,0.0,0.0,0.0,0.0,34285.049619966885,branch-specific beam-pruning path: the budget feasibility filter changes the retained approximate state set despite a feasible unconstrained terminal path,65,100,0.65,-783.7592065706966,65,0.65,-783.7592065706966
Walmart,governance_validation_q25,store_001__dept_095,6,validation_q25,7.0,6.0,1.0,False,True,True,unconstrained_switch_count > K,True,False,True,False,False,False,False,False,False,-4892.799048786517,-0.5,-4892.799048786517,False,False,96,0.10*validation_mean; floor=0.25,sorted model names,deterministic accumulated cost then model path,switch-budget feasibility filter only,1e-09,-4989.6084932792,0.0,97.30944449301387,0.0,-0.5,0.0,-383.81603794454713,0.0,0.0,7966.655019164784,0.0,1946.1888898604084,branch-specific beam-pruning path: the budget feasibility filter changes the retained approximate state set despite a feasible unconstrained terminal path,65,100,0.65,-783.7592065706966,65,0.65,-783.7592065706966
Walmart,governance_validation_q25,store_001__dept_098,6,validation_q25,8.0,6.0,2.0,False,True,True,unconstrained_switch_count > K,True,False,True,False,False,True,False,False,False,-1.0,-1.0,-1.0,False,False,96,0.10*validation_mean; floor=0.25,sorted model names,deterministic accumulated cost then model path,switch-budget feasibility filter only,1e-09,0.0,0.0,0.0,0.0,-1.0,0.0,0.0,0.0,0.0,74.69202835868782,0.0,0.0,branch-specific beam-pruning path: the budget feasibility filter changes the retained approximate state set despite a feasible unconstrained terminal path,65,100,0.65,-783.7592065706966,65,0.65,-783.7592065706966
Walmart,governance_validation_q25,store_002__dept_038,6,validation_q25,9.0,6.0,3.0,False,True,True,unconstrained_switch_count > K,True,False,True,False,False,False,False,False,False,39423.826036660466,-1.5,39423.826036660466,False,False,96,0.10*validation_mean; floor=0.25,sorted model names,deterministic accumulated cost then model path,switch-budget feasibility filter only,1e-09,36600.37592814653,0.0,2824.950108513651,0.0,-1.5,0.0,2815.4135329343553,0.0,0.0,8981.776152544902,0.0769230769230769,56499.00217027299,branch-specific beam-pruning path: the budget feasibility filter changes the retained approximate state set despite a feasible unconstrained terminal path,65,100,0.65,-783.7592065706966,65,0.65,-783.7592065706966
Walmart,governance_validation_q25,store_002__dept_090,6,validation_q25,8.0,6.0,2.0,False,True,True,unconstrained_switch_count > K,True,False,True,False,False,False,False,False,False,14294.39968737238,-1.0,14294.39968737238,False,False,96,0.10*validation_mean; floor=0.25,sorted model names,deterministic accumulated cost then model path,switch-budget feasibility filter only,1e-09,0.0,13462.405823410314,832.9938639617458,0.0,-1.0,-0.0020533096954223895,0.0,2692.4811646820744,0.0,0.0,0.0,16659.877279234934,branch-specific beam-pruning path: the budget feasibility filter changes the retained approximate state set despite a feasible unconstrained terminal path,65,100,0.65,-783.7592065706966,65,0.65,-783.7592065706966
Walmart,governance_validation_q25,store_002__dept_091,6,validation_q25,11.0,6.0,5.0,False,True,True,unconstrained_switch_count > K,True,False,True,False,False,False,False,False,False,8338.6495289671,-2.5,8338.6495289671,False,False,96,0.10*validation_mean; floor=0.25,sorted model names,deterministic accumulated cost then model path,switch-budget feasibility filter only,1e-09,5038.304568041232,0.0,3302.8449609257977,0.0,-2.5,0.0,387.56188984931214,0.0,0.0,9916.778362557823,0.0769230769230769,66056.89921851596,branch-specific beam-pruning path: the budget feasibility filter changes the retained approximate state set despite a feasible unconstrained terminal path,65,100,0.65,-783.7592065706966,65,0.65,-783.7592065706966
Walmart,governance_validation_q25,store_002__dept_092,6,validation_q25,9.0,6.0,3.0,False,True,True,unconstrained_switch_count > K,True,False,True,False,False,False,False,False,False,-50220.44697945658,-1.5,-50220.44697945658,False,False,96,0.10*validation_mean; floor=0.25,sorted model names,deterministic accumulated cost then model path,switch-budget feasibility filter only,1e-09,0.0,-47307.773060966865,-2911.173918489985,0.0,-1.5,0.0041810285573995465,0.0,-12996.196549069835,0.0,-14964.418700749578,-0.0769230769230769,-58223.47836979979,branch-specific beam-pruning path: the budget feasibility filter changes the retained approximate state set despite a feasible unconstrained terminal path,65,100,0.65,-783.7592065706966,65,0.65,-783.7592065706966
Walmart,governance_validation_q25,store_002__dept_095,6,validation_q25,7.0,6.0,1.0,False,True,True,unconstrained_switch_count > K,True,False,True,False,False,False,False,False,False,426.60653846152127,-0.5,426.60653846152127,False,False,96,0.10*validation_mean; floor=0.25,sorted model names,deterministic accumulated cost then model path,switch-budget feasibility filter only,1e-09,0.0,0.0,427.10653846161586,0.0,-0.5,0.0,0.0,0.0,0.0,0.0,0.0,8542.130769232259,branch-specific beam-pruning path: the budget feasibility filter changes the retained approximate state set despite a feasible unconstrained terminal path,65,100,0.65,-783.7592065706966,65,0.65,-783.7592065706966
Walmart,governance_validation_q25,store_003__dept_014,6,validation_q25,9.0,6.0,3.0,False,True,True,unconstrained_switch_count > K,True,False,True,False,False,False,False,False,False,746.2095789015511,-1.5,746.2095789015511,False,False,96,0.10*validation_mean; floor=0.25,sorted model names,deterministic accumulated cost then model path,switch-budget feasibility filter only,1e-09,636.653008135545,0.0,111.05657076599095,0.0,-1.5,0.0,48.97330831811996,0.0,0.0,949.6159475260174,0.0,2221.13141531982,branch-specific beam-pruning path: the budget feasibility filter changes the retained approximate state set despite a feasible unconstrained terminal path,65,100,0.65,-783.7592065706966,65,0.65,-783.7592065706966
Walmart,governance_validation_q25,store_003__dept_038,6,validation_q25,11.0,6.0,5.0,False,True,True,unconstrained_switch_count > K,True,False,True,False,False,False,False,False,False,15386.349002667936,-2.5,15386.349002667936,False,False,96,0.10*validation_mean; floor=0.25,sorted model names,deterministic accumulated cost then model path,switch-budget feasibility filter only,1e-09,15518.475107759237,-2.9103830456733704e-10,-129.6261050907524,0.0,-2.5,0.0,1193.7288544430194,0.0,0.0,-8155.363942667202,-0.0769230769230769,-2592.5221018150914,branch-specific beam-pruning path: the budget feasibility filter changes the retained approximate state set despite a feasible unconstrained terminal path,65,100,0.65,-783.7592065706966,65,0.65,-783.7592065706966
Walmart,governance_validation_q25,store_004__dept_002,6,validation_q25,7.0,5.0,2.0,False,True,True,unconstrained_switch_count > K,True,False,True,False,False,False,False,False,False,1433.557646943722,-1.0,1433.557646943722,False,False,96,0.10*validation_mean; floor=0.25,sorted model names,deterministic accumulated cost then model path,switch-budget feasibility filter only,1e-09,1846.1498802457936,0.0,-411.59223330234454,0.0,-1.0,0.0,142.011529249663,0.0,0.0,0.0,0.0,-8231.844666046905,branch-specific beam-pruning path: the budget feasibility filter changes the retained approximate state set despite a feasible unconstrained terminal path,65,100,0.65,-783.7592065706966,65,0.65,-783.7592065706966
Walmart,governance_validation_q25,store_004__dept_038,6,validation_q25,8.0,6.0,2.0,False,True,True,unconstrained_switch_count > K,True,False,True,False,False,False,False,False,False,-5466.187208362855,-1.0,-5466.187208362855,False,False,96,0.10*validation_mean; floor=0.25,sorted model names,deterministic accumulated cost then model path,switch-budget feasibility filter only,1e-09,-6741.452609809232,0.0,1276.2654014464988,0.0,-1.0,0.0,-518.5732776776422,0.0,0.0,0.0,0.0,25525.308028929983,branch-specific beam-pruning path: the budget feasibility filter changes the retained approximate state set despite a feasible unconstrained terminal path,65,100,0.65,-783.7592065706966,65,0.65,-783.7592065706966
Walmart,governance_validation_q25,store_004__dept_072,6,validation_q25,12.0,6.0,6.0,False,True,True,unconstrained_switch_count > K,True,False,True,False,False,False,False,False,False,10940.566608861554,-3.0,10940.566608861554,False,False,96,0.10*validation_mean; floor=0.25,sorted model names,deterministic accumulated cost then model path,switch-budget feasibility filter only,1e-09,0.0,9840.701699150028,1102.8649097120742,0.0,-3.0,-0.0015506978452918263,0.0,0.0,0.0,11042.67692307975,0.0,22057.298194241477,branch-specific beam-pruning path: the budget feasibility filter changes the retained approximate state set despite a feasible unconstrained terminal path,65,100,0.65,-783.7592065706966,65,0.65,-783.7592065706966
Walmart,governance_validation_q25,store_004__dept_090,6,validation_q25,10.0,6.0,4.0,False,True,True,unconstrained_switch_count > K,True,False,True,False,False,False,False,False,False,5664.805305773858,-2.0,5664.805305773858,False,False,96,0.10*validation_mean; floor=0.25,sorted model names,deterministic accumulated cost then model path,switch-budget feasibility filter only,1e-09,0.0,7055.951103405096,-1389.1457976313395,0.0,-2.0,-0.0011396425616844175,0.0,0.0,0.0,-11.099807691396563,-0.0769230769230769,-27782.915952626732,branch-specific beam-pruning path: the budget feasibility filter changes the retained approximate state set despite a feasible unconstrained terminal path,65,100,0.65,-783.7592065706966,65,0.65,-783.7592065706966
Walmart,governance_validation_q25,store_004__dept_092,6,validation_q25,6.0,6.0,0.0,True,False,False,unconstrained_switch_count > K,False,False,False,False,False,False,True,False,False,5370.468258765992,0.0,5370.468258765992,False,False,96,0.10*validation_mean; floor=0.25,sorted model names,deterministic accumulated cost then model path,switch-budget feasibility filter only,1e-09,0.0,5215.531361323083,154.93689744295807,0.0,0.0,-0.0004645641505319764,0.0,-1.1641532182693481e-10,0.0,0.0,0.0,3098.7379488590523,branch-specific beam-pruning path: the budget feasibility filter changes the retained approximate state set despite a feasible unconstrained terminal path,65,100,0.65,-783.7592065706966,65,0.65,-783.7592065706966
Walmart,governance_validation_q25,store_004__dept_095,6,validation_q25,8.0,6.0,2.0,False,True,True,unconstrained_switch_count > K,True,False,True,False,False,False,False,False,False,-8560.803802528884,-1.0,-8560.803802528884,False,False,96,0.10*validation_mean; floor=0.25,sorted model names,deterministic accumulated cost then model path,switch-budget feasibility filter only,1e-09,-5892.580137776677,0.0,-2667.2236647522896,0.0,-1.0,0.0,-453.2753952135972,0.0,0.0,0.0,0.0,-53344.473295045784,branch-specific beam-pruning path: the budget feasibility filter changes the retained approximate state set despite a feasible unconstrained terminal path,65,100,0.65,-783.7592065706966,65,0.65,-783.7592065706966
Walmart,governance_validation_q25,store_006__dept_016,6,validation_q25,1.0,1.0,0.0,True,False,False,unconstrained_switch_count > K,False,False,False,True,True,True,True,True,True,0.0,0.0,0.0,True,True,96,0.10*validation_mean; floor=0.25,sorted model names,deterministic accumulated cost then model path,switch-budget feasibility filter only,1e-09,0.0,0.0,0.0,0.0,0.0,0.0,0.0,0.0,0.0,0.0,0.0,0.0,none,65,100,0.65,-783.7592065706966,65,0.65,-783.7592065706966
Walmart,governance_validation_q25,store_006__dept_038,6,validation_q25,11.0,6.0,5.0,False,True,True,unconstrained_switch_count > K,True,False,True,False,False,False,False,False,False,-21616.069714369252,-2.5,-21616.069714369252,False,False,96,0.10*validation_mean; floor=0.25,sorted model names,deterministic accumulated cost then model path,switch-budget feasibility filter only,1e-09,-20216.41882916598,0.0,-1397.1508852031802,0.0,-2.5,0.0,-1555.1091407050844,0.0,0.0,22251.208852023472,0.0,-27943.01770406356,branch-specific beam-pruning path: the budget feasibility filter changes the retained approximate state set despite a feasible unconstrained terminal path,65,100,0.65,-783.7592065706966,65,0.65,-783.7592065706966
Walmart,governance_validation_q25,store_006__dept_072,6,validation_q25,6.0,6.0,0.0,True,False,False,unconstrained_switch_count > K,False,False,False,False,False,False,True,False,False,-5365.648848622106,0.0,-5365.648848622106,False,False,96,0.10*validation_mean; floor=0.25,sorted model names,deterministic accumulated cost then model path,switch-budget feasibility filter only,1e-09,-5241.812932283967,0.0,-123.8359163379173,0.0,0.0,0.0,-403.2163794064836,0.0,0.0,0.0,0.0,-2476.7183267583023,branch-specific beam-pruning path: the budget feasibility filter changes the retained approximate state set despite a feasible unconstrained terminal path,65,100,0.65,-783.7592065706966,65,0.65,-783.7592065706966
Walmart,governance_validation_q25,store_006__dept_092,6,validation_q25,10.0,6.0,4.0,False,True,True,unconstrained_switch_count > K,True,False,True,False,False,False,False,False,False,-11736.507906825049,-2.0,-11736.507906825049,False,False,96,0.10*validation_mean; floor=0.25,sorted model names,deterministic accumulated cost then model path,switch-budget feasibility filter only,1e-09,-10727.415258785943,0.0,-1007.0926480384751,0.0,-2.0,0.0,-825.1857891373511,0.0,0.0,-1906.4058765020163,-0.0769230769230769,-20141.852960769524,branch-specific beam-pruning path: the budget feasibility filter changes the retained approximate state set despite a feasible unconstrained terminal path,65,100,0.65,-783.7592065706966,65,0.65,-783.7592065706966
Walmart,governance_validation_q25,store_006__dept_095,6,validation_q25,4.0,4.0,0.0,True,False,False,unconstrained_switch_count > K,False,False,False,True,True,True,True,True,True,0.0,0.0,0.0,True,True,96,0.10*validation_mean; floor=0.25,sorted model names,deterministic accumulated cost then model path,switch-budget feasibility filter only,1e-09,0.0,0.0,0.0,0.0,0.0,0.0,0.0,0.0,0.0,0.0,0.0,0.0,none,65,100,0.65,-783.7592065706966,65,0.65,-783.7592065706966
Walmart,governance_validation_q25,store_009__dept_003,6,validation_q25,4.0,4.0,0.0,True,False,False,unconstrained_switch_count > K,False,False,False,True,True,True,True,True,True,0.0,0.0,0.0,True,True,96,0.10*validation_mean; floor=0.25,sorted model names,deterministic accumulated cost then model path,switch-budget feasibility filter only,1e-09,0.0,0.0,0.0,0.0,0.0,0.0,0.0,0.0,0.0,0.0,0.0,0.0,none,65,100,0.65,-783.7592065706966,65,0.65,-783.7592065706966
Walmart,governance_validation_q25,store_009__dept_005,6,validation_q25,8.0,6.0,2.0,False,True,True,unconstrained_switch_count > K,True,False,True,False,False,False,False,False,False,10663.142324163346,-1.0,10663.142324163346,False,False,96,0.10*validation_mean; floor=0.25,sorted model names,deterministic accumulated cost then model path,switch-budget feasibility filter only,1e-09,0.0,10555.639130478434,108.50319368494206,0.0,-1.0,-0.009351425656550894,0.0,642.4471893009686,0.0,3381.5795264357366,0.07692307692307698,2170.063873698833,branch-specific beam-pruning path: the budget feasibility filter changes the retained approximate state set despite a feasible unconstrained terminal path,65,100,0.65,-783.7592065706966,65,0.65,-783.7592065706966
Walmart,governance_validation_q25,store_009__dept_033,6,validation_q25,9.0,5.0,4.0,False,True,True,unconstrained_switch_count > K,True,False,True,False,False,True,False,False,False,-2.0,-2.0,-2.0,False,False,96,0.10*validation_mean; floor=0.25,sorted model names,deterministic accumulated cost then model path,switch-budget feasibility filter only,1e-09,0.0,0.0,0.0,0.0,-2.0,0.0,0.0,0.0,0.0,-661.117879809799,0.0,0.0,branch-specific beam-pruning path: the budget feasibility filter changes the retained approximate state set despite a feasible unconstrained terminal path,65,100,0.65,-783.7592065706966,65,0.65,-783.7592065706966
Walmart,governance_validation_q25,store_009__dept_038,6,validation_q25,6.0,6.0,0.0,True,False,False,unconstrained_switch_count > K,False,False,False,True,True,True,True,True,True,0.0,0.0,0.0,True,True,96,0.10*validation_mean; floor=0.25,sorted model names,deterministic accumulated cost then model path,switch-budget feasibility filter only,1e-09,0.0,0.0,0.0,0.0,0.0,0.0,0.0,0.0,0.0,0.0,0.0,0.0,none,65,100,0.65,-783.7592065706966,65,0.65,-783.7592065706966
Walmart,governance_validation_q25,store_010__dept_002,6,validation_q25,10.0,6.0,4.0,False,True,True,unconstrained_switch_count > K,True,False,True,False,False,False,False,False,False,1872.831041247584,-2.0,1872.831041247584,False,False,96,0.10*validation_mean; floor=0.25,sorted model names,deterministic accumulated cost then model path,switch-budget feasibility filter only,1e-09,1295.5206846466754,0.0,579.3103566013287,0.0,-2.0,0.0,99.6554372804967,0.0,0.0,0.0,0.0,11586.207132026553,branch-specific beam-pruning path: the budget feasibility filter changes the retained approximate state set despite a feasible unconstrained terminal path,65,100,0.65,-783.7592065706966,65,0.65,-783.7592065706966
Walmart,governance_validation_q25,store_010__dept_008,6,validation_q25,9.0,6.0,3.0,False,True,True,unconstrained_switch_count > K,True,False,True,False,False,False,False,False,False,-1416.3563024207251,-1.5,-1416.3563024207251,False,False,96,0.10*validation_mean; floor=0.25,sorted model names,deterministic accumulated cost then model path,switch-budget feasibility filter only,1e-09,0.0,0.0,-1414.8563024207224,0.0,-1.5,0.0,0.0,0.0,0.0,0.0,0.0,-28297.126048414444,branch-specific beam-pruning path: the budget feasibility filter changes the retained approximate state set despite a feasible unconstrained terminal path,65,100,0.65,-783.7592065706966,65,0.65,-783.7592065706966
Walmart,governance_validation_q25,store_010__dept_038,6,validation_q25,5.0,5.0,0.0,True,False,False,unconstrained_switch_count > K,False,False,False,True,True,True,True,True,True,0.0,0.0,0.0,True,True,96,0.10*validation_mean; floor=0.25,sorted model names,deterministic accumulated cost then model path,switch-budget feasibility filter only,1e-09,0.0,0.0,0.0,0.0,0.0,0.0,0.0,0.0,0.0,0.0,0.0,0.0,none,65,100,0.65,-783.7592065706966,65,0.65,-783.7592065706966
Walmart,governance_validation_q25,store_010__dept_040,6,validation_q25,8.0,6.0,2.0,False,True,True,unconstrained_switch_count > K,True,False,True,False,False,False,False,False,False,-166.39916693908162,-1.0,-166.39916693908162,False,False,96,0.10*validation_mean; floor=0.25,sorted model names,deterministic accumulated cost then model path,switch-budget feasibility filter only,1e-09,0.0,0.0,-165.3991669391753,0.0,-1.0,0.0,0.0,0.0,0.0,0.0,0.0,-3307.983338783495,branch-specific beam-pruning path: the budget feasibility filter changes the retained approximate state set despite a feasible unconstrained terminal path,65,100,0.65,-783.7592065706966,65,0.65,-783.7592065706966
Walmart,governance_validation_q25,store_010__dept_072,6,validation_q25,12.0,6.0,6.0,False,True,True,unconstrained_switch_count > K,True,False,True,False,False,False,False,False,False,-60084.876905693905,-3.0,-60084.876905693905,False,False,96,0.10*validation_mean; floor=0.25,sorted model names,deterministic accumulated cost then model path,switch-budget feasibility filter only,1e-09,0.0,-62241.92142639123,2160.0445206974873,0.0,-3.0,0.00845011060205636,0.0,1818.0499999989988,0.0,12383.965384612908,0.0,43200.8904139497,branch-specific beam-pruning path: the budget feasibility filter changes the retained approximate state set despite a feasible unconstrained terminal path,65,100,0.65,-783.7592065706966,65,0.65,-783.7592065706966
Walmart,governance_validation_q25,store_013__dept_038,6,validation_q25,11.0,6.0,5.0,False,True,True,unconstrained_switch_count > K,True,False,True,False,False,False,False,False,False,43404.946454609395,-2.5,43404.946454609395,False,False,96,0.10*validation_mean; floor=0.25,sorted model names,deterministic accumulated cost then model path,switch-budget feasibility filter only,1e-09,5442.484014270245,39134.23520195822,-1169.272761618815,0.0,-2.5,-0.006709737939785576,418.65261648231535,0.0,0.0,0.0,0.0,-23385.45523237629,branch-specific beam-pruning path: the budget feasibility filter changes the retained approximate state set despite a feasible unconstrained terminal path,65,100,0.65,-783.7592065706966,65,0.65,-783.7592065706966
Walmart,governance_validation_q25,store_013__dept_090,6,validation_q25,7.0,6.0,1.0,False,True,True,unconstrained_switch_count > K,True,False,True,False,False,True,False,False,False,-0.5,-0.5,-0.5,False,False,96,0.10*validation_mean; floor=0.25,sorted model names,deterministic accumulated cost then model path,switch-budget feasibility filter only,1e-09,0.0,0.0,0.0,0.0,-0.5,0.0,0.0,0.0,0.0,1021.9987211774569,0.0,0.0,branch-specific beam-pruning path: the budget feasibility filter changes the retained approximate state set despite a feasible unconstrained terminal path,65,100,0.65,-783.7592065706966,65,0.65,-783.7592065706966
Walmart,governance_validation_q25,store_013__dept_091,6,validation_q25,7.0,6.0,1.0,False,True,True,unconstrained_switch_count > K,True,False,True,False,False,False,False,False,False,-860.1550934931729,-0.5,-860.1550934931729,False,False,96,0.10*validation_mean; floor=0.25,sorted model names,deterministic accumulated cost then model path,switch-budget feasibility filter only,1e-09,-663.4126525281463,0.0,-196.24244096513667,0.0,-0.5,0.0,-51.03174250216398,0.0,0.0,0.0,0.0,-3924.8488193027442,branch-specific beam-pruning path: the budget feasibility filter changes the retained approximate state set despite a feasible unconstrained terminal path,65,100,0.65,-783.7592065706966,65,0.65,-783.7592065706966
Walmart,governance_validation_q25,store_013__dept_092,6,validation_q25,11.0,6.0,5.0,False,True,True,unconstrained_switch_count > K,True,False,True,False,False,False,False,False,False,53865.23658222379,-2.5,53865.23658222379,False,False,96,0.10*validation_mean; floor=0.25,sorted model names,deterministic accumulated cost then model path,switch-budget feasibility filter only,1e-09,0.0,56278.5545169313,-2410.817934706898,0.0,-2.5,-0.004888772234185157,0.0,0.0,0.0,-6268.885961541004,-0.0769230769230769,-48216.35869413795,branch-specific beam-pruning path: the budget feasibility filter changes the retained approximate state set despite a feasible unconstrained terminal path,65,100,0.65,-783.7592065706966,65,0.65,-783.7592065706966
Walmart,governance_validation_q25,store_013__dept_095,6,validation_q25,6.0,6.0,0.0,True,False,False,unconstrained_switch_count > K,False,False,False,False,False,False,True,False,False,-22413.502444548532,0.0,-22413.502444548532,False,False,96,0.10*validation_mean; floor=0.25,sorted model names,deterministic accumulated cost then model path,switch-budget feasibility filter only,1e-09,-22169.44497876172,0.0,-244.05746578687103,0.0,0.0,0.0,-1705.341921443207,0.0,0.0,0.0,0.0,-4881.1493157373625,branch-specific beam-pruning path: the budget feasibility filter changes the retained approximate state set despite a feasible unconstrained terminal path,65,100,0.65,-783.7592065706966,65,0.65,-783.7592065706966
Walmart,governance_validation_q25,store_014__dept_002,6,validation_q25,9.0,6.0,3.0,False,True,True,unconstrained_switch_count > K,True,False,True,False,False,False,False,False,False,-27241.092511636438,-1.5,-27241.092511636438,False,False,96,0.10*validation_mean; floor=0.25,sorted model names,deterministic accumulated cost then model path,switch-budget feasibility filter only,1e-09,-26602.45083136263,0.0,-637.1416802739204,0.0,-1.5,0.0,-2046.3423716432735,0.0,0.0,-2471.8935870631813,-0.0769230769230769,-12742.833605478343,branch-specific beam-pruning path: the budget feasibility filter changes the retained approximate state set despite a feasible unconstrained terminal path,65,100,0.65,-783.7592065706966,65,0.65,-783.7592065706966
Walmart,governance_validation_q25,store_014__dept_038,6,validation_q25,11.0,6.0,5.0,False,True,True,unconstrained_switch_count > K,True,False,True,False,False,False,False,False,False,-10917.469662881223,-2.5,-10917.469662881223,False,False,96,0.10*validation_mean; floor=0.25,sorted model names,deterministic accumulated cost then model path,switch-budget feasibility filter only,1e-09,-9397.477762209484,0.0,-1517.4919006715318,0.0,-2.5,0.0,-722.8829047854088,0.0,0.0,-5057.236065980018,0.0,-30349.83801343068,branch-specific beam-pruning path: the budget feasibility filter changes the retained approximate state set despite a feasible unconstrained terminal path,65,100,0.65,-783.7592065706966,65,0.65,-783.7592065706966
Walmart,governance_validation_q25,store_014__dept_046,6,validation_q25,3.0,3.0,0.0,True,False,False,unconstrained_switch_count > K,False,False,False,True,True,True,True,True,True,0.0,0.0,0.0,True,True,96,0.10*validation_mean; floor=0.25,sorted model names,deterministic accumulated cost then model path,switch-budget feasibility filter only,1e-09,0.0,0.0,0.0,0.0,0.0,0.0,0.0,0.0,0.0,0.0,0.0,0.0,none,65,100,0.65,-783.7592065706966,65,0.65,-783.7592065706966
Walmart,governance_validation_q25,store_014__dept_072,6,validation_q25,6.0,6.0,0.0,True,False,False,unconstrained_switch_count > K,False,False,False,True,True,True,True,True,True,0.0,0.0,0.0,True,True,96,0.10*validation_mean; floor=0.25,sorted model names,deterministic accumulated cost then model path,switch-budget feasibility filter only,1e-09,0.0,0.0,0.0,0.0,0.0,0.0,0.0,0.0,0.0,0.0,0.0,0.0,none,65,100,0.65,-783.7592065706966,65,0.65,-783.7592065706966
Walmart,governance_validation_q25,store_014__dept_090,6,validation_q25,9.0,6.0,3.0,False,True,True,unconstrained_switch_count > K,True,False,True,False,False,False,False,False,False,55113.32963564573,-1.5,55113.32963564573,False,False,96,0.10*validation_mean; floor=0.25,sorted model names,deterministic accumulated cost then model path,switch-budget feasibility filter only,1e-09,5919.904627267038,50866.762915538275,-1671.8379071598974,0.0,-1.5,-0.008652445228792272,455.37727902055485,9201.625800044334,0.0,15728.44230769336,0.0,-33436.75814319798,branch-specific beam-pruning path: the budget feasibility filter changes the retained approximate state set despite a feasible unconstrained terminal path,65,100,0.65,-783.7592065706966,65,0.65,-783.7592065706966
Walmart,governance_validation_q25,store_014__dept_091,6,validation_q25,8.0,6.0,2.0,False,True,True,unconstrained_switch_count > K,True,False,True,False,False,False,False,False,False,-2987.627620459767,-1.0,-2987.627620459767,False,False,96,0.10*validation_mean; floor=0.25,sorted model names,deterministic accumulated cost then model path,switch-budget feasibility filter only,1e-09,-2280.5382243382046,0.0,-706.0893961213096,0.0,-1.0,0.0,-175.42601725680288,0.0,0.0,0.0,0.0,-14121.787922426243,branch-specific beam-pruning path: the budget feasibility filter changes the retained approximate state set despite a feasible unconstrained terminal path,65,100,0.65,-783.7592065706966,65,0.65,-783.7592065706966
Walmart,governance_validation_q25,store_014__dept_092,6,validation_q25,10.0,6.0,4.0,False,True,True,unconstrained_switch_count > K,True,False,True,False,False,False,False,False,False,-9927.182925021742,-2.0,-9927.182925021742,False,False,96,0.10*validation_mean; floor=0.25,sorted model names,deterministic accumulated cost then model path,switch-budget feasibility filter only,1e-09,6165.6462266617455,-8750.244126252685,-7340.585025430748,0.0,-2.0,0.0008658742047089607,474.2804789739894,-1750.048825250531,0.0,-23570.009602824546,-0.07692307692307701,-146811.70050861477,branch-specific beam-pruning path: the budget feasibility filter changes the retained approximate state set despite a feasible unconstrained terminal path,65,100,0.65,-783.7592065706966,65,0.65,-783.7592065706966
Walmart,governance_validation_q25,store_014__dept_095,6,validation_q25,9.0,6.0,3.0,False,True,True,unconstrained_switch_count > K,True,False,True,False,False,False,False,False,False,-58.013110037427396,-1.5,-58.013110037427396,False,False,96,0.10*validation_mean; floor=0.25,sorted model names,deterministic accumulated cost then model path,switch-budget feasibility filter only,1e-09,0.0,0.0,-56.513110037662045,0.0,-1.5,0.0,0.0,0.0,0.0,13047.523076925077,0.0,-1130.262200753321,branch-specific beam-pruning path: the budget feasibility filter changes the retained approximate state set despite a feasible unconstrained terminal path,65,100,0.65,-783.7592065706966,65,0.65,-783.7592065706966
Walmart,governance_validation_q25,store_015__dept_026,6,validation_q25,6.0,6.0,0.0,True,False,False,unconstrained_switch_count > K,False,False,False,True,True,True,True,True,True,0.0,0.0,0.0,True,True,96,0.10*validation_mean; floor=0.25,sorted model names,deterministic accumulated cost then model path,switch-budget feasibility filter only,1e-09,0.0,0.0,0.0,0.0,0.0,0.0,0.0,0.0,0.0,0.0,0.0,0.0,none,65,100,0.65,-783.7592065706966,65,0.65,-783.7592065706966
Walmart,governance_validation_q25,store_016__dept_096,6,validation_q25,6.0,6.0,0.0,True,False,False,unconstrained_switch_count > K,False,False,False,True,True,True,True,True,True,0.0,0.0,0.0,True,True,96,0.10*validation_mean; floor=0.25,sorted model names,deterministic accumulated cost then model path,switch-budget feasibility filter only,1e-09,0.0,0.0,0.0,0.0,0.0,0.0,0.0,0.0,0.0,0.0,0.0,0.0,none,65,100,0.65,-783.7592065706966,65,0.65,-783.7592065706966
Walmart,governance_validation_q25,store_019__dept_092,6,validation_q25,9.0,6.0,3.0,False,True,True,unconstrained_switch_count > K,True,False,True,False,False,False,False,False,False,-2056.3653292213567,-1.5,-2056.3653292213567,False,False,96,0.10*validation_mean; floor=0.25,sorted model names,deterministic accumulated cost then model path,switch-budget feasibility filter only,1e-09,0.0,-2233.094762941124,178.22943372006011,0.0,-1.5,0.0002983531229644454,0.0,0.0,0.0,0.0,0.0,3564.588674401166,branch-specific beam-pruning path: the budget feasibility filter changes the retained approximate state set despite a feasible unconstrained terminal path,65,100,0.65,-783.7592065706966,65,0.65,-783.7592065706966
Walmart,governance_validation_q25,store_019__dept_095,6,validation_q25,8.0,6.0,2.0,False,True,True,unconstrained_switch_count > K,True,False,True,False,False,False,False,False,False,-43249.39050194435,-1.0,-43249.39050194435,False,False,96,0.10*validation_mean; floor=0.25,sorted model names,deterministic accumulated cost then model path,switch-budget feasibility filter only,1e-09,-33762.0157953843,-9305.286462278309,-181.08824428140542,0.0,-1.0,0.0015029272038031838,-2597.078138106488,0.0,0.0,-812.0322924577922,-0.0769230769230769,-3621.7648856282467,branch-specific beam-pruning path: the budget feasibility filter changes the retained approximate state set despite a feasible unconstrained terminal path,65,100,0.65,-783.7592065706966,65,0.65,-783.7592065706966
Walmart,governance_validation_q25,store_020__dept_038,6,validation_q25,7.0,6.0,1.0,False,True,True,unconstrained_switch_count > K,True,False,True,False,False,False,False,False,False,-5060.028608685825,-0.5,-5060.028608685825,False,False,96,0.10*validation_mean; floor=0.25,sorted model names,deterministic accumulated cost then model path,switch-budget feasibility filter only,1e-09,-5238.807052233955,0.0,179.27844354819536,0.0,-0.5,0.0,-402.98515786415373,0.0,0.0,23995.151166555363,0.0,3585.568870963878,branch-specific beam-pruning path: the budget feasibility filter changes the retained approximate state set despite a feasible unconstrained terminal path,65,100,0.65,-783.7592065706966,65,0.65,-783.7592065706966
Walmart,governance_validation_q25,store_020__dept_040,6,validation_q25,8.0,6.0,2.0,False,True,True,unconstrained_switch_count > K,True,False,True,False,False,False,False,False,False,4480.77129884623,-1.0,4480.77129884623,False,False,96,0.10*validation_mean; floor=0.25,sorted model names,deterministic accumulated cost then model path,switch-budget feasibility filter only,1e-09,0.0,4463.171606671851,18.59969217422804,0.0,-1.0,-0.0007790323700241908,0.0,0.0,0.0,0.0,0.0,371.9938434845535,branch-specific beam-pruning path: the budget feasibility filter changes the retained approximate state set despite a feasible unconstrained terminal path,65,100,0.65,-783.7592065706966,65,0.65,-783.7592065706966
Walmart,governance_validation_q25,store_020__dept_072,6,validation_q25,8.0,6.0,2.0,False,True,True,unconstrained_switch_count > K,True,False,True,False,False,False,False,False,False,-321086.66652924335,-1.0,-321086.66652924335,False,False,96,0.10*validation_mean; floor=0.25,sorted model names,deterministic accumulated cost then model path,switch-budget feasibility filter only,1e-09,-2778.946284752805,-318181.7437205133,-124.97652397711909,0.0,-1.0,0.020740621349185695,-213.76509882713435,-8891.867522841218,0.0,-102016.27880547289,-0.07692307692307687,-2499.530479542387,branch-specific beam-pruning path: the budget feasibility filter changes the retained approximate state set despite a feasible unconstrained terminal path,65,100,0.65,-783.7592065706966,65,0.65,-783.7592065706966
Walmart,governance_validation_q25,store_020__dept_083,6,validation_q25,7.0,6.0,1.0,False,True,True,unconstrained_switch_count > K,True,False,True,False,False,True,False,False,False,-0.5,-0.5,-0.5,False,False,96,0.10*validation_mean; floor=0.25,sorted model names,deterministic accumulated cost then model path,switch-budget feasibility filter only,1e-09,0.0,0.0,0.0,0.0,-0.5,0.0,0.0,0.0,0.0,531.3253645519289,0.0,0.0,branch-specific beam-pruning path: the budget feasibility filter changes the retained approximate state set despite a feasible unconstrained terminal path,65,100,0.65,-783.7592065706966,65,0.65,-783.7592065706966
Walmart,governance_validation_q25,store_020__dept_090,6,validation_q25,8.0,6.0,2.0,False,True,True,unconstrained_switch_count > K,True,False,True,False,False,False,False,False,False,24877.414276606403,-1.0,24877.414276606403,False,False,96,0.10*validation_mean; floor=0.25,sorted model names,deterministic accumulated cost then model path,switch-budget feasibility filter only,1e-09,0.0,26622.6682863248,-1744.2540097180627,0.0,-1.0,-0.0042398917222864485,0.0,5324.533657264954,0.0,-2948.665576922388,-0.0769230769230769,-34885.080194361304,branch-specific beam-pruning path: the budget feasibility filter changes the retained approximate state set despite a feasible unconstrained terminal path,65,100,0.65,-783.7592065706966,65,0.65,-783.7592065706966
Walmart,governance_validation_q25,store_020__dept_092,6,validation_q25,11.0,5.0,6.0,False,True,True,unconstrained_switch_count > K,True,False,True,False,False,False,False,False,False,60497.618507345906,-3.0,60497.618507345906,False,False,96,0.10*validation_mean; floor=0.25,sorted model names,deterministic accumulated cost then model path,switch-budget feasibility filter only,1e-09,32899.59478922398,29704.532404229423,-2103.5086861074415,0.0,-3.0,-0.002622219142522031,2530.7380607095693,-3308.061788386083,0.0,27507.769226075907,0.0769230769230769,-42070.173722148815,branch-specific beam-pruning path: the budget feasibility filter changes the retained approximate state set despite a feasible unconstrained terminal path,65,100,0.65,-783.7592065706966,65,0.65,-783.7592065706966
Walmart,governance_validation_q25,store_020__dept_095,6,validation_q25,5.0,5.0,0.0,True,False,False,unconstrained_switch_count > K,False,False,False,True,True,True,True,True,True,0.0,0.0,0.0,True,True,96,0.10*validation_mean; floor=0.25,sorted model names,deterministic accumulated cost then model path,switch-budget feasibility filter only,1e-09,0.0,0.0,0.0,0.0,0.0,0.0,0.0,0.0,0.0,0.0,0.0,0.0,none,65,100,0.65,-783.7592065706966,65,0.65,-783.7592065706966
Walmart,governance_validation_q25,store_022__dept_059,6,validation_q25,10.0,6.0,4.0,False,True,True,unconstrained_switch_count > K,True,False,True,False,False,False,False,False,False,-56.253617687532824,-2.0,-56.253617687532824,False,False,96,0.10*validation_mean; floor=0.25,sorted model names,deterministic accumulated cost then model path,switch-budget feasibility filter only,1e-09,0.0,-57.237980757196965,2.98436306966358,0.0,-2.0,0.0036381652650506746,0.0,-79.53923076802738,0.0,-218.7106540716643,-0.07692307692307698,59.687261393271456,branch-specific beam-pruning path: the budget feasibility filter changes the retained approximate state set despite a feasible unconstrained terminal path,65,100,0.65,-783.7592065706966,65,0.65,-783.7592065706966
Walmart,governance_validation_q25,store_023__dept_032,6,validation_q25,5.0,5.0,0.0,True,False,False,unconstrained_switch_count > K,False,False,False,True,True,True,True,True,True,0.0,0.0,0.0,True,True,96,0.10*validation_mean; floor=0.25,sorted model names,deterministic accumulated cost then model path,switch-budget feasibility filter only,1e-09,0.0,0.0,0.0,0.0,0.0,0.0,0.0,0.0,0.0,0.0,0.0,0.0,none,65,100,0.65,-783.7592065706966,65,0.65,-783.7592065706966
Walmart,governance_validation_q25,store_023__dept_072,6,validation_q25,7.0,6.0,1.0,False,True,True,unconstrained_switch_count > K,True,False,True,False,False,True,False,False,False,-0.5,-0.5,-0.5,False,False,96,0.10*validation_mean; floor=0.25,sorted model names,deterministic accumulated cost then model path,switch-budget feasibility filter only,1e-09,0.0,0.0,0.0,0.0,-0.5,0.0,0.0,0.0,0.0,2624.673111891898,0.0,0.0,branch-specific beam-pruning path: the budget feasibility filter changes the retained approximate state set despite a feasible unconstrained terminal path,65,100,0.65,-783.7592065706966,65,0.65,-783.7592065706966
Walmart,governance_validation_q25,store_024__dept_018,6,validation_q25,4.0,4.0,0.0,True,False,False,unconstrained_switch_count > K,False,False,False,True,True,True,True,True,True,0.0,0.0,0.0,True,True,96,0.10*validation_mean; floor=0.25,sorted model names,deterministic accumulated cost then model path,switch-budget feasibility filter only,1e-09,0.0,0.0,0.0,0.0,0.0,0.0,0.0,0.0,0.0,0.0,0.0,0.0,none,65,100,0.65,-783.7592065706966,65,0.65,-783.7592065706966
Walmart,governance_validation_q25,store_024__dept_040,6,validation_q25,6.0,6.0,0.0,True,False,False,unconstrained_switch_count > K,False,False,False,False,False,False,True,False,False,-9085.683461537119,0.0,-9085.683461537119,False,False,96,0.10*validation_mean; floor=0.25,sorted model names,deterministic accumulated cost then model path,switch-budget feasibility filter only,1e-09,-7946.073076921632,0.0,-1139.6103846153828,0.0,0.0,0.0,-611.2363905324237,0.0,0.0,0.0,0.0,-22792.207692307667,branch-specific beam-pruning path: the budget feasibility filter changes the retained approximate state set despite a feasible unconstrained terminal path,65,100,0.65,-783.7592065706966,65,0.65,-783.7592065706966
Walmart,governance_validation_q25,store_024__dept_092,6,validation_q25,10.0,6.0,4.0,False,True,True,unconstrained_switch_count > K,True,False,True,False,False,False,False,False,False,2344.8622600277886,-2.0,2344.8622600277886,False,False,96,0.10*validation_mean; floor=0.25,sorted model names,deterministic accumulated cost then model path,switch-budget feasibility filter only,1e-09,2857.1074923309498,0.0,-510.2452323031066,0.0,-2.0,0.0,219.77749941007642,0.0,0.0,-5692.055446946961,-0.0769230769230769,-10204.904646062292,branch-specific beam-pruning path: the budget feasibility filter changes the retained approximate state set despite a feasible unconstrained terminal path,65,100,0.65,-783.7592065706966,65,0.65,-783.7592065706966
Walmart,governance_validation_q25,store_024__dept_095,6,validation_q25,6.0,6.0,0.0,True,False,False,unconstrained_switch_count > K,False,False,False,True,True,True,True,True,True,0.0,0.0,0.0,True,True,96,0.10*validation_mean; floor=0.25,sorted model names,deterministic accumulated cost then model path,switch-budget feasibility filter only,1e-09,0.0,0.0,0.0,0.0,0.0,0.0,0.0,0.0,0.0,0.0,0.0,0.0,none,65,100,0.65,-783.7592065706966,65,0.65,-783.7592065706966
Walmart,governance_validation_q25,store_025__dept_018,6,validation_q25,4.0,4.0,0.0,True,False,False,unconstrained_switch_count > K,False,False,False,True,True,True,True,True,True,0.0,0.0,0.0,True,True,96,0.10*validation_mean; floor=0.25,sorted model names,deterministic accumulated cost then model path,switch-budget feasibility filter only,1e-09,0.0,0.0,0.0,0.0,0.0,0.0,0.0,0.0,0.0,0.0,0.0,0.0,none,65,100,0.65,-783.7592065706966,65,0.65,-783.7592065706966
Walmart,governance_validation_q25,store_026__dept_024,6,validation_q25,6.0,6.0,0.0,True,False,False,unconstrained_switch_count > K,False,False,False,True,True,True,True,True,True,0.0,0.0,0.0,True,True,96,0.10*validation_mean; floor=0.25,sorted model names,deterministic accumulated cost then model path,switch-budget feasibility filter only,1e-09,0.0,0.0,0.0,0.0,0.0,0.0,0.0,0.0,0.0,0.0,0.0,0.0,none,65,100,0.65,-783.7592065706966,65,0.65,-783.7592065706966
Walmart,governance_validation_q25,store_026__dept_036,6,validation_q25,4.0,4.0,0.0,True,False,False,unconstrained_switch_count > K,False,False,False,True,True,True,True,True,True,0.0,0.0,0.0,True,True,96,0.10*validation_mean; floor=0.25,sorted model names,deterministic accumulated cost then model path,switch-budget feasibility filter only,1e-09,0.0,0.0,0.0,0.0,0.0,0.0,0.0,0.0,0.0,0.0,0.0,0.0,none,65,100,0.65,-783.7592065706966,65,0.65,-783.7592065706966
Walmart,governance_validation_q25,store_026__dept_038,6,validation_q25,4.0,4.0,0.0,True,False,False,unconstrained_switch_count > K,False,False,False,True,True,True,True,True,True,0.0,0.0,0.0,True,True,96,0.10*validation_mean; floor=0.25,sorted model names,deterministic accumulated cost then model path,switch-budget feasibility filter only,1e-09,0.0,0.0,0.0,0.0,0.0,0.0,0.0,0.0,0.0,0.0,0.0,0.0,none,65,100,0.65,-783.7592065706966,65,0.65,-783.7592065706966
Walmart,governance_validation_q25,store_026__dept_092,6,validation_q25,6.0,6.0,0.0,True,False,False,unconstrained_switch_count > K,False,False,False,True,True,True,True,True,True,0.0,0.0,0.0,True,True,96,0.10*validation_mean; floor=0.25,sorted model names,deterministic accumulated cost then model path,switch-budget feasibility filter only,1e-09,0.0,0.0,0.0,0.0,0.0,0.0,0.0,0.0,0.0,0.0,0.0,0.0,none,65,100,0.65,-783.7592065706966,65,0.65,-783.7592065706966
Walmart,governance_validation_q25,store_027__dept_071,6,validation_q25,3.0,3.0,0.0,True,False,False,unconstrained_switch_count > K,False,False,False,True,True,True,True,True,True,0.0,0.0,0.0,True,True,96,0.10*validation_mean; floor=0.25,sorted model names,deterministic accumulated cost then model path,switch-budget feasibility filter only,1e-09,0.0,0.0,0.0,0.0,0.0,0.0,0.0,0.0,0.0,0.0,0.0,0.0,none,65,100,0.65,-783.7592065706966,65,0.65,-783.7592065706966
Walmart,governance_validation_q25,store_027__dept_090,6,validation_q25,7.0,6.0,1.0,False,True,True,unconstrained_switch_count > K,True,False,True,False,False,False,False,False,False,326.15278846165165,-0.5,326.15278846165165,False,False,96,0.10*validation_mean; floor=0.25,sorted model names,deterministic accumulated cost then model path,switch-budget feasibility filter only,1e-09,0.0,0.0,326.65278846166984,0.0,-0.5,0.0,0.0,0.0,0.0,0.0,0.0,6533.055769233324,branch-specific beam-pruning path: the budget feasibility filter changes the retained approximate state set despite a feasible unconstrained terminal path,65,100,0.65,-783.7592065706966,65,0.65,-783.7592065706966
Walmart,governance_validation_q25,store_027__dept_092,6,validation_q25,11.0,6.0,5.0,False,True,True,unconstrained_switch_count > K,True,False,True,False,False,False,False,False,False,-24889.259548002854,-2.5,-24889.259548002854,False,False,96,0.10*validation_mean; floor=0.25,sorted model names,deterministic accumulated cost then model path,switch-budget feasibility filter only,1e-09,0.0,-23594.405903083272,-1292.35364491964,0.0,-2.5,0.002534742398728418,0.0,1.2005330063402653e-10,0.0,0.0,0.0,-25847.0728983928,branch-specific beam-pruning path: the budget feasibility filter changes the retained approximate state set despite a feasible unconstrained terminal path,65,100,0.65,-783.7592065706966,65,0.65,-783.7592065706966
Walmart,governance_validation_q25,store_027__dept_095,6,validation_q25,6.0,6.0,0.0,True,False,False,unconstrained_switch_count > K,False,False,False,True,True,True,True,True,True,0.0,0.0,0.0,True,True,96,0.10*validation_mean; floor=0.25,sorted model names,deterministic accumulated cost then model path,switch-budget feasibility filter only,1e-09,0.0,0.0,0.0,0.0,0.0,0.0,0.0,0.0,0.0,0.0,0.0,0.0,none,65,100,0.65,-783.7592065706966,65,0.65,-783.7592065706966
Walmart,governance_validation_q25,store_028__dept_092,6,validation_q25,7.0,6.0,1.0,False,True,True,unconstrained_switch_count > K,True,False,True,False,False,False,False,False,False,-11213.145276069641,-0.5,-11213.145276069641,False,False,96,0.10*validation_mean; floor=0.25,sorted model names,deterministic accumulated cost then model path,switch-budget feasibility filter only,1e-09,2803.1613190171774,-14015.806595087051,0.0,0.0,-0.5,0.002161136405082198,215.6277937705745,0.0,0.0,-2803.1613190174103,0.0,0.0,branch-specific beam-pruning path: the budget feasibility filter changes the retained approximate state set despite a feasible unconstrained terminal path,65,100,0.65,-783.7592065706966,65,0.65,-783.7592065706966
Walmart,governance_validation_q25,store_028__dept_095,6,validation_q25,9.0,6.0,3.0,False,True,True,unconstrained_switch_count > K,True,False,True,False,False,False,False,False,False,-6391.2893942173105,-1.5,-6391.2893942173105,False,False,96,0.10*validation_mean; floor=0.25,sorted model names,deterministic accumulated cost then model path,switch-budget feasibility filter only,1e-09,-6502.9923110399395,0.0,113.2029168222798,0.0,-1.5,0.0,-500.2301777722896,0.0,0.0,0.0,0.0,2264.058336445538,branch-specific beam-pruning path: the budget feasibility filter changes the retained approximate state set despite a feasible unconstrained terminal path,65,100,0.65,-783.7592065706966,65,0.65,-783.7592065706966
Walmart,governance_validation_q25,store_029__dept_027,6,validation_q25,6.0,6.0,0.0,True,False,False,unconstrained_switch_count > K,False,False,False,True,True,True,True,True,True,0.0,0.0,0.0,True,True,96,0.10*validation_mean; floor=0.25,sorted model names,deterministic accumulated cost then model path,switch-budget feasibility filter only,1e-09,0.0,0.0,0.0,0.0,0.0,0.0,0.0,0.0,0.0,0.0,0.0,0.0,none,65,100,0.65,-783.7592065706966,65,0.65,-783.7592065706966
Walmart,governance_validation_q25,store_030__dept_083,6,validation_q25,5.0,5.0,0.0,True,False,False,unconstrained_switch_count > K,False,False,False,False,False,False,True,False,False,-1905.9946562795594,0.0,-1905.9946562795594,False,False,96,0.10*validation_mean; floor=0.25,sorted model names,deterministic accumulated cost then model path,switch-budget feasibility filter only,1e-09,-1944.1173314319058,0.0,38.12267515235408,0.0,0.0,0.0,-149.5474870332232,0.0,0.0,127.38677526313427,0.0769230769230769,762.4535030470815,branch-specific beam-pruning path: the budget feasibility filter changes the retained approximate state set despite a feasible unconstrained terminal path,65,100,0.65,-783.7592065706966,65,0.65,-783.7592065706966
Walmart,governance_validation_q25,store_031__dept_038,6,validation_q25,5.0,5.0,0.0,True,False,False,unconstrained_switch_count > K,False,False,False,True,True,True,True,True,True,0.0,0.0,0.0,True,True,96,0.10*validation_mean; floor=0.25,sorted model names,deterministic accumulated cost then model path,switch-budget feasibility filter only,1e-09,0.0,0.0,0.0,0.0,0.0,0.0,0.0,0.0,0.0,0.0,0.0,0.0,none,65,100,0.65,-783.7592065706966,65,0.65,-783.7592065706966
Walmart,governance_validation_q25,store_031__dept_046,6,validation_q25,3.0,3.0,0.0,True,False,False,unconstrained_switch_count > K,False,False,False,True,True,True,True,True,True,0.0,0.0,0.0,True,True,96,0.10*validation_mean; floor=0.25,sorted model names,deterministic accumulated cost then model path,switch-budget feasibility filter only,1e-09,0.0,0.0,0.0,0.0,0.0,0.0,0.0,0.0,0.0,0.0,0.0,0.0,none,65,100,0.65,-783.7592065706966,65,0.65,-783.7592065706966
Walmart,governance_validation_q25,store_031__dept_079,6,validation_q25,10.0,6.0,4.0,False,True,True,unconstrained_switch_count > K,True,False,True,False,False,False,False,False,False,-14060.690219895157,-2.0,-14060.690219895157,False,False,96,0.10*validation_mean; floor=0.25,sorted model names,deterministic accumulated cost then model path,switch-budget feasibility filter only,1e-09,-13024.607596356305,0.0,-1034.0826235387585,0.0,-2.0,0.0,-1001.892892027412,0.0,0.0,6108.865368297149,0.0,-20681.652470775152,branch-specific beam-pruning path: the budget feasibility filter changes the retained approximate state set despite a feasible unconstrained terminal path,65,100,0.65,-783.7592065706966,65,0.65,-783.7592065706966
Walmart,governance_validation_q25,store_031__dept_090,6,validation_q25,11.0,6.0,5.0,False,True,True,unconstrained_switch_count > K,True,False,True,False,False,False,False,False,False,6967.278800879954,-2.5,6967.278800879954,False,False,96,0.10*validation_mean; floor=0.25,sorted model names,deterministic accumulated cost then model path,switch-budget feasibility filter only,1e-09,3223.744678821764,4566.975858493242,-820.941736434731,0.0,-2.5,-0.0007886869296543919,247.98035990934295,-2233.6358374054107,0.0,-1720.2397832446732,0.0,-16418.834728694637,branch-specific beam-pruning path: the budget feasibility filter changes the retained approximate state set despite a feasible unconstrained terminal path,65,100,0.65,-783.7592065706966,65,0.65,-783.7592065706966
Walmart,governance_validation_q25,store_031__dept_092,6,validation_q25,10.0,6.0,4.0,False,True,True,unconstrained_switch_count > K,True,False,True,False,False,False,False,False,False,139320.60795112513,-2.0,139320.60795112513,False,False,96,0.10*validation_mean; floor=0.25,sorted model names,deterministic accumulated cost then model path,switch-budget feasibility filter only,1e-09,-3711.785623832606,144281.37777760933,-1246.984202652031,0.0,-2.0,-0.016796263257982336,-285.52197106403764,-12284.50480769598,0.0,0.0,0.0,-24939.68405304069,branch-specific beam-pruning path: the budget feasibility filter changes the retained approximate state set despite a feasible unconstrained terminal path,65,100,0.65,-783.7592065706966,65,0.65,-783.7592065706966
Walmart,governance_validation_q25,store_031__dept_095,6,validation_q25,6.0,6.0,0.0,True,False,False,unconstrained_switch_count > K,False,False,False,True,True,True,True,True,True,0.0,0.0,0.0,True,True,96,0.10*validation_mean; floor=0.25,sorted model names,deterministic accumulated cost then model path,switch-budget feasibility filter only,1e-09,0.0,0.0,0.0,0.0,0.0,0.0,0.0,0.0,0.0,0.0,0.0,0.0,none,65,100,0.65,-783.7592065706966,65,0.65,-783.7592065706966
Walmart,governance_validation_q25,store_032__dept_092,6,validation_q25,10.0,6.0,4.0,False,True,True,unconstrained_switch_count > K,True,False,True,False,False,False,False,False,False,51331.636743315496,-2.0,51331.636743315496,False,False,96,0.10*validation_mean; floor=0.25,sorted model names,deterministic accumulated cost then model path,switch-budget feasibility filter only,1e-09,-5741.775751468027,58090.60466922412,-1015.1921744401443,0.0,-2.0,-0.008691872600801731,-441.6750578052306,2491.735155583694,0.0,13029.656597545822,0.0769230769230769,-20303.843488802784,branch-specific beam-pruning path: the budget feasibility filter changes the retained approximate state set despite a feasible unconstrained terminal path,65,100,0.65,-783.7592065706966,65,0.65,-783.7592065706966
Walmart,governance_validation_q25,store_032__dept_095,6,validation_q25,9.0,6.0,3.0,False,True,True,unconstrained_switch_count > K,True,False,True,False,False,False,False,False,False,-7178.902161437087,-1.5,-7178.902161437087,False,False,96,0.10*validation_mean; floor=0.25,sorted model names,deterministic accumulated cost then model path,switch-budget feasibility filter only,1e-09,-5432.456225831062,0.0,-1744.945935605916,0.0,-1.5,0.0,-417.88124814085313,0.0,0.0,0.0,0.0,-34898.91871211829,branch-specific beam-pruning path: the budget feasibility filter changes the retained approximate state set despite a feasible unconstrained terminal path,65,100,0.65,-783.7592065706966,65,0.65,-783.7592065706966
Walmart,governance_validation_q25,store_033__dept_094,6,validation_q25,6.0,6.0,0.0,True,False,False,unconstrained_switch_count > K,False,False,False,True,True,True,True,True,True,0.0,0.0,0.0,True,True,96,0.10*validation_mean; floor=0.25,sorted model names,deterministic accumulated cost then model path,switch-budget feasibility filter only,1e-09,0.0,0.0,0.0,0.0,0.0,0.0,0.0,0.0,0.0,0.0,0.0,0.0,none,65,100,0.65,-783.7592065706966,65,0.65,-783.7592065706966
Walmart,governance_validation_q25,store_035__dept_072,6,validation_q25,10.0,6.0,4.0,False,True,True,unconstrained_switch_count > K,True,False,True,False,False,False,False,False,False,3708.9822084121406,-2.0,3708.9822084121406,False,False,96,0.10*validation_mean; floor=0.25,sorted model names,deterministic accumulated cost then model path,switch-budget feasibility filter only,1e-09,0.0,4875.569877950475,-1164.587669538479,0.0,-2.0,-0.000948677114544938,0.0,-88.69403846148634,0.0,-162.12162102054572,-0.07692307692307687,-23291.75339076959,branch-specific beam-pruning path: the budget feasibility filter changes the retained approximate state set despite a feasible unconstrained terminal path,65,100,0.65,-783.7592065706966,65,0.65,-783.7592065706966
Walmart,governance_validation_q25,store_036__dept_087,6,validation_q25,7.0,5.0,2.0,False,True,True,unconstrained_switch_count > K,True,False,True,False,False,True,False,False,False,-1.0,-1.0,-1.0,False,False,96,0.10*validation_mean; floor=0.25,sorted model names,deterministic accumulated cost then model path,switch-budget feasibility filter only,1e-09,0.0,0.0,0.0,0.0,-1.0,0.0,0.0,0.0,0.0,12.304383102019074,0.0,0.0,branch-specific beam-pruning path: the budget feasibility filter changes the retained approximate state set despite a feasible unconstrained terminal path,65,100,0.65,-783.7592065706966,65,0.65,-783.7592065706966
Walmart,governance_validation_q25,store_038__dept_002,6,validation_q25,8.0,4.0,4.0,False,True,True,unconstrained_switch_count > K,True,False,True,False,False,False,False,False,False,-195.12652092892677,-2.0,-195.12652092892677,False,False,96,0.10*validation_mean; floor=0.25,sorted model names,deterministic accumulated cost then model path,switch-budget feasibility filter only,1e-09,0.0,0.0,-193.12652092890949,0.0,-2.0,0.0,0.0,0.0,0.0,0.0,0.0,-3862.530418578197,branch-specific beam-pruning path: the budget feasibility filter changes the retained approximate state set despite a feasible unconstrained terminal path,65,100,0.65,-783.7592065706966,65,0.65,-783.7592065706966
Walmart,governance_validation_q25,store_039__dept_092,6,validation_q25,10.0,6.0,4.0,False,True,True,unconstrained_switch_count > K,True,False,True,False,False,False,False,False,False,52703.506763727404,-2.0,52703.506763727404,False,False,96,0.10*validation_mean; floor=0.25,sorted model names,deterministic accumulated cost then model path,switch-budget feasibility filter only,1e-09,0.0,51132.02216555644,1573.4845981703384,0.0,-2.0,-0.0062359596196491784,0.0,0.0,0.0,0.0,0.0,31469.691963406716,branch-specific beam-pruning path: the budget feasibility filter changes the retained approximate state set despite a feasible unconstrained terminal path,65,100,0.65,-783.7592065706966,65,0.65,-783.7592065706966
Walmart,governance_validation_q25,store_039__dept_095,6,validation_q25,10.0,6.0,4.0,False,True,True,unconstrained_switch_count > K,True,False,True,False,False,False,False,False,False,-3478.358454853529,-2.0,-3478.358454853529,False,False,96,0.10*validation_mean; floor=0.25,sorted model names,deterministic accumulated cost then model path,switch-budget feasibility filter only,1e-09,0.0,-2753.903846158646,-722.4546086945502,0.0,-2.0,0.00036334535704440896,0.0,0.0,0.0,-544.0632290411813,0.0,-14449.092173891026,branch-specific beam-pruning path: the budget feasibility filter changes the retained approximate state set despite a feasible unconstrained terminal path,65,100,0.65,-783.7592065706966,65,0.65,-783.7592065706966
Walmart,governance_validation_q25,store_040__dept_042,6,validation_q25,10.0,5.0,5.0,False,True,True,unconstrained_switch_count > K,True,False,True,False,False,False,False,False,False,390.78469215956284,-2.5,390.78469215956284,False,False,96,0.10*validation_mean; floor=0.25,sorted model names,deterministic accumulated cost then model path,switch-budget feasibility filter only,1e-09,374.4213632261017,0.0,18.863328933464174,0.0,-2.5,0.0,28.801643325085024,0.0,0.0,348.13307253166204,0.0769230769230769,377.26657866928144,branch-specific beam-pruning path: the budget feasibility filter changes the retained approximate state set despite a feasible unconstrained terminal path,65,100,0.65,-783.7592065706966,65,0.65,-783.7592065706966
Walmart,governance_validation_q25,store_040__dept_092,6,validation_q25,8.0,6.0,2.0,False,True,True,unconstrained_switch_count > K,True,False,True,False,False,False,False,False,False,780.6503357850015,-1.0,780.6503357850015,False,False,96,0.10*validation_mean; floor=0.25,sorted model names,deterministic accumulated cost then model path,switch-budget feasibility filter only,1e-09,434.4088668844197,0.0,347.2414689008292,0.0,-1.0,0.0,33.41606668342138,0.0,0.0,0.0,0.0,6944.829378016584,branch-specific beam-pruning path: the budget feasibility filter changes the retained approximate state set despite a feasible unconstrained terminal path,65,100,0.65,-783.7592065706966,65,0.65,-783.7592065706966
Walmart,governance_validation_q25,store_041__dept_033,6,validation_q25,6.0,6.0,0.0,True,False,False,unconstrained_switch_count > K,False,False,False,True,True,True,True,True,True,0.0,0.0,0.0,True,True,96,0.10*validation_mean; floor=0.25,sorted model names,deterministic accumulated cost then model path,switch-budget feasibility filter only,1e-09,0.0,0.0,0.0,0.0,0.0,0.0,0.0,0.0,0.0,0.0,0.0,0.0,none,65,100,0.65,-783.7592065706966,65,0.65,-783.7592065706966
Walmart,governance_validation_q25,store_041__dept_092,6,validation_q25,3.0,3.0,0.0,True,False,False,unconstrained_switch_count > K,False,False,False,True,True,True,True,True,True,0.0,0.0,0.0,True,True,96,0.10*validation_mean; floor=0.25,sorted model names,deterministic accumulated cost then model path,switch-budget feasibility filter only,1e-09,0.0,0.0,0.0,0.0,0.0,0.0,0.0,0.0,0.0,0.0,0.0,0.0,none,65,100,0.65,-783.7592065706966,65,0.65,-783.7592065706966
Walmart,governance_validation_q25,store_041__dept_095,6,validation_q25,6.0,6.0,0.0,True,False,False,unconstrained_switch_count > K,False,False,False,True,True,True,True,True,True,0.0,0.0,0.0,True,True,96,0.10*validation_mean; floor=0.25,sorted model names,deterministic accumulated cost then model path,switch-budget feasibility filter only,1e-09,0.0,0.0,0.0,0.0,0.0,0.0,0.0,0.0,0.0,0.0,0.0,0.0,none,65,100,0.65,-783.7592065706966,65,0.65,-783.7592065706966
Walmart,governance_validation_q25,store_041__dept_096,6,validation_q25,5.0,5.0,0.0,True,False,False,unconstrained_switch_count > K,False,False,False,True,True,True,True,True,True,0.0,0.0,0.0,True,True,96,0.10*validation_mean; floor=0.25,sorted model names,deterministic accumulated cost then model path,switch-budget feasibility filter only,1e-09,0.0,0.0,0.0,0.0,0.0,0.0,0.0,0.0,0.0,0.0,0.0,0.0,none,65,100,0.65,-783.7592065706966,65,0.65,-783.7592065706966
Walmart,governance_validation_q25,store_042__dept_092,6,validation_q25,10.0,6.0,4.0,False,True,True,unconstrained_switch_count > K,True,False,True,False,False,False,False,False,False,-2038.3458753853338,-2.0,-2038.3458753853338,False,False,96,0.10*validation_mean; floor=0.25,sorted model names,deterministic accumulated cost then model path,switch-budget feasibility filter only,1e-09,0.0,0.0,-2036.3458753854156,0.0,-2.0,0.0,0.0,0.0,0.0,6032.034454943787,0.0,-40726.91750770839,branch-specific beam-pruning path: the budget feasibility filter changes the retained approximate state set despite a feasible unconstrained terminal path,65,100,0.65,-783.7592065706966,65,0.65,-783.7592065706966
Walmart,governance_validation_q25,store_043__dept_092,6,validation_q25,9.0,6.0,3.0,False,True,True,unconstrained_switch_count > K,True,False,True,False,False,False,False,False,False,-9916.891309164814,-1.5,-9916.891309164814,False,False,96,0.10*validation_mean; floor=0.25,sorted model names,deterministic accumulated cost then model path,switch-budget feasibility filter only,1e-09,8170.131862564362,-18878.582948656185,793.0597769270616,0.0,-1.5,0.0035714065630537695,628.4716817357184,0.0,0.0,-3649.963178537626,-0.0769230769230769,15861.195538541244,branch-specific beam-pruning path: the budget feasibility filter changes the retained approximate state set despite a feasible unconstrained terminal path,65,100,0.65,-783.7592065706966,65,0.65,-783.7592065706966
Walmart,governance_validation_q25,store_044__dept_009,6,validation_q25,3.0,3.0,0.0,True,False,False,unconstrained_switch_count > K,False,False,False,True,True,True,True,True,True,0.0,0.0,0.0,True,True,96,0.10*validation_mean; floor=0.25,sorted model names,deterministic accumulated cost then model path,switch-budget feasibility filter only,1e-09,0.0,0.0,0.0,0.0,0.0,0.0,0.0,0.0,0.0,0.0,0.0,0.0,none,65,100,0.65,-783.7592065706966,65,0.65,-783.7592065706966
Walmart,governance_validation_q25,store_044__dept_017,6,validation_q25,7.0,6.0,1.0,False,True,True,unconstrained_switch_count > K,True,False,True,False,False,False,False,False,False,209.3834999914634,-0.5,209.3834999914634,False,False,96,0.10*validation_mean; floor=0.25,sorted model names,deterministic accumulated cost then model path,switch-budget feasibility filter only,1e-09,0.0,215.98076922187465,-6.097269230413602,0.0,-0.5,-0.010023844450513186,0.0,0.0,0.0,20.926919091974924,0.0,-121.9453846082722,branch-specific beam-pruning path: the budget feasibility filter changes the retained approximate state set despite a feasible unconstrained terminal path,65,100,0.65,-783.7592065706966,65,0.65,-783.7592065706966
Walmart,high_switch_cost,store_001__dept_038,4,validation_q25,7.0,4.0,3.0,False,True,True,unconstrained_switch_count > K,True,False,True,False,False,False,False,False,False,26981.7800904233,-6.0,26981.7800904233,False,False,96,0.10*validation_mean; floor=0.25,sorted model names,deterministic accumulated cost then model path,switch-budget feasibility filter only,1e-09,-16652.325481159263,44728.191315334276,-1088.0857437516843,0.0,-6.0,-0.00901586690754963,-1280.9481139353302,0.0,0.0,-5429.652242368858,-0.0769230769230769,-21761.71487503368,branch-specific beam-pruning path: the budget feasibility filter changes the retained approximate state set despite a feasible unconstrained terminal path,68,100,0.68,24871.87081676325,68,0.68,24871.87081676325
Walmart,high_switch_cost,store_001__dept_090,4,validation_q25,9.0,2.0,7.0,False,True,True,unconstrained_switch_count > K,True,False,True,False,False,False,False,False,False,65873.73416310403,-14.0,65873.73416310403,False,False,96,0.10*validation_mean; floor=0.25,sorted model names,deterministic accumulated cost then model path,switch-budget feasibility filter only,1e-09,-13942.025789601612,80725.41843611682,-895.6584834110145,0.0,-14.0,-0.014006166799754416,-1072.4635222770485,0.0,0.0,0.0,0.0,-17913.169668220275,branch-specific beam-pruning path: the budget feasibility filter changes the retained approximate state set despite a feasible unconstrained terminal path,68,100,0.68,24871.87081676325,68,0.68,24871.87081676325
Walmart,high_switch_cost,store_001__dept_092,4,validation_q25,6.0,4.0,2.0,False,True,True,unconstrained_switch_count > K,True,False,True,False,False,False,False,False,False,27048.616529584746,-4.0,27048.616529584746,False,False,96,0.10*validation_mean; floor=0.25,sorted model names,deterministic accumulated cost then model path,switch-budget feasibility filter only,1e-09,-5439.698653847096,33155.423656562925,-663.1084731312585,0.0,-4.0,-0.003551145968068825,-418.4383579882342,0.0,0.0,0.0,0.0,-13262.16946262517,branch-specific beam-pruning path: the budget feasibility filter changes the retained approximate state set despite a feasible unconstrained terminal path,68,100,0.68,24871.87081676325,68,0.68,24871.87081676325
Walmart,high_switch_cost,store_001__dept_095,4,validation_q25,6.0,4.0,2.0,False,True,True,unconstrained_switch_count > K,True,False,True,False,False,False,False,False,False,-2742.1730769233545,-4.0,-2742.1730769233545,False,False,96,0.10*validation_mean; floor=0.25,sorted model names,deterministic accumulated cost then model path,switch-budget feasibility filter only,1e-09,-2466.8146153849084,0.0,-271.35846153851526,0.0,-4.0,0.0,-189.75497041422204,0.0,0.0,0.0,0.0,-5427.16923077032,branch-specific beam-pruning path: the budget feasibility filter changes the retained approximate state set despite a feasible unconstrained terminal path,68,100,0.68,24871.87081676325,68,0.68,24871.87081676325
Walmart,high_switch_cost,store_001__dept_098,4,validation_q25,12.0,4.0,8.0,False,True,True,unconstrained_switch_count > K,True,False,True,False,False,False,False,False,False,4473.567790152709,-16.0,4473.567790152709,False,False,96,0.10*validation_mean; floor=0.25,sorted model names,deterministic accumulated cost then model path,switch-budget feasibility filter only,1e-09,-1639.1624803629093,6291.4388381062745,-162.70856759065828,0.0,-16.0,-0.008242573424312227,-126.08942156637795,289.42500000080327,0.0,-1024.1847115992641,0.0,-3254.1713518131583,branch-specific beam-pruning path: the budget feasibility filter changes the retained approximate state set despite a feasible unconstrained terminal path,68,100,0.68,24871.87081676325,68,0.68,24871.87081676325
Walmart,high_switch_cost,store_002__dept_038,4,validation_q25,7.0,3.0,4.0,False,True,True,unconstrained_switch_count > K,True,False,True,False,False,False,False,False,False,44735.0529072535,-8.0,44735.0529072535,False,False,96,0.10*validation_mean; floor=0.25,sorted model names,deterministic accumulated cost then model path,switch-budget feasibility filter only,1e-09,19889.755441749992,20408.92937894554,4444.3680865579045,0.0,-8.0,-0.004549375716214832,1529.9811878269393,0.0,0.0,10176.86454151658,0.0769230769230769,88887.36173115802,branch-specific beam-pruning path: the budget feasibility filter changes the retained approximate state set despite a feasible unconstrained terminal path,68,100,0.68,24871.87081676325,68,0.68,24871.87081676325
Walmart,high_switch_cost,store_002__dept_090,4,validation_q25,6.0,2.0,4.0,False,True,True,unconstrained_switch_count > K,True,False,True,False,False,False,False,False,False,37052.542278017616,-8.0,37052.542278017616,False,False,96,0.10*validation_mean; floor=0.25,sorted model names,deterministic accumulated cost then model path,switch-budget feasibility filter only,1e-09,0.0,37595.155994052446,-534.6137160347926,0.0,-8.0,-0.005734078983808177,0.0,3795.888461539056,0.0,0.0,0.0,-10692.27432069584,branch-specific beam-pruning path: the budget feasibility filter changes the retained approximate state set despite a feasible unconstrained terminal path,68,100,0.68,24871.87081676325,68,0.68,24871.87081676325
Walmart,high_switch_cost,store_002__dept_091,4,validation_q25,3.0,3.0,0.0,True,False,False,unconstrained_switch_count > K,False,False,False,True,True,True,True,True,True,0.0,0.0,0.0,True,True,96,0.10*validation_mean; floor=0.25,sorted model names,deterministic accumulated cost then model path,switch-budget feasibility filter only,1e-09,0.0,0.0,0.0,0.0,0.0,0.0,0.0,0.0,0.0,0.0,0.0,0.0,none,68,100,0.68,24871.87081676325,68,0.68,24871.87081676325
Walmart,high_switch_cost,store_002__dept_092,4,validation_q25,9.0,1.0,8.0,False,True,True,unconstrained_switch_count > K,True,False,True,False,False,False,False,False,False,419451.00075321505,-16.0,419451.00075321505,False,False,96,0.10*validation_mean; floor=0.25,sorted model names,deterministic accumulated cost then model path,switch-budget feasibility filter only,1e-09,-19061.132607800537,438908.98505243997,-380.85169142402265,0.0,-16.0,-0.03879047526161483,-1466.2409698308038,15006.188653846679,0.0,-196.35461538430536,0.0,-7617.033828480402,branch-specific beam-pruning path: the budget feasibility filter changes the retained approximate state set despite a feasible unconstrained terminal path,68,100,0.68,24871.87081676325,68,0.68,24871.87081676325
Walmart,high_switch_cost,store_002__dept_095,4,validation_q25,5.0,2.0,3.0,False,True,True,unconstrained_switch_count > K,True,False,True,False,False,False,False,False,False,-4243.4093350691255,-6.0,-4243.4093350691255,False,False,96,0.10*validation_mean; floor=0.25,sorted model names,deterministic accumulated cost then model path,switch-budget feasibility filter only,1e-09,-3999.5085919137346,0.0,-237.90074315558923,0.0,-6.0,0.0,-307.65450707028504,0.0,0.0,0.0,0.0,-4758.014863111748,branch-specific beam-pruning path: the budget feasibility filter changes the retained approximate state set despite a feasible unconstrained terminal path,68,100,0.68,24871.87081676325,68,0.68,24871.87081676325
Walmart,high_switch_cost,store_003__dept_014,4,validation_q25,5.0,4.0,1.0,False,True,True,unconstrained_switch_count > K,True,False,True,False,False,False,False,False,False,-196.50996204113835,-2.0,-196.50996204113835,False,False,96,0.10*validation_mean; floor=0.25,sorted model names,deterministic accumulated cost then model path,switch-budget feasibility filter only,1e-09,-193.0923431143201,0.0,-1.4176189268175108,0.0,-2.0,0.0,-14.85325716263992,0.0,0.0,0.0,0.0,-28.352378536350443,branch-specific beam-pruning path: the budget feasibility filter changes the retained approximate state set despite a feasible unconstrained terminal path,68,100,0.68,24871.87081676325,68,0.68,24871.87081676325
Walmart,high_switch_cost,store_003__dept_038,4,validation_q25,6.0,4.0,2.0,False,True,True,unconstrained_switch_count > K,True,False,True,False,False,False,False,False,False,-2242.785134158097,-4.0,-2242.785134158097,False,False,96,0.10*validation_mean; floor=0.25,sorted model names,deterministic accumulated cost then model path,switch-budget feasibility filter only,1e-09,0.0,0.0,-2238.785134158111,0.0,-4.0,0.0,0.0,0.0,0.0,-2332.787492744232,-0.0769230769230769,-44775.702683162206,branch-specific beam-pruning path: the budget feasibility filter changes the retained approximate state set despite a feasible unconstrained terminal path,68,100,0.68,24871.87081676325,68,0.68,24871.87081676325
Walmart,high_switch_cost,store_004__dept_002,4,validation_q25,10.0,3.0,7.0,False,True,True,unconstrained_switch_count > K,True,False,True,False,False,False,False,False,False,-1848.979487261502,-14.0,-1848.979487261502,False,False,96,0.10*validation_mean; floor=0.25,sorted model names,deterministic accumulated cost then model path,switch-budget feasibility filter only,1e-09,-1717.4447180306888,0.0,-117.53476923085327,0.0,-14.0,0.0,-132.1111321562057,0.0,0.0,0.0,0.0,-2350.695384617022,branch-specific beam-pruning path: the budget feasibility filter changes the retained approximate state set despite a feasible unconstrained terminal path,68,100,0.68,24871.87081676325,68,0.68,24871.87081676325
Walmart,high_switch_cost,store_004__dept_038,4,validation_q25,7.0,4.0,3.0,False,True,True,unconstrained_switch_count > K,True,False,True,False,False,False,False,False,False,23215.097090049007,-6.0,23215.097090049007,False,False,96,0.10*validation_mean; floor=0.25,sorted model names,deterministic accumulated cost then model path,switch-budget feasibility filter only,1e-09,22348.183640816947,0.0,872.9134492320882,0.0,-6.0,0.0,1719.091049293609,0.0,0.0,3756.096236708094,0.0769230769230769,17458.268984641792,branch-specific beam-pruning path: the budget feasibility filter changes the retained approximate state set despite a feasible unconstrained terminal path,68,100,0.68,24871.87081676325,68,0.68,24871.87081676325
Walmart,high_switch_cost,store_004__dept_072,4,validation_q25,10.0,4.0,6.0,False,True,True,unconstrained_switch_count > K,True,False,True,False,False,False,False,False,False,1459.385317959357,-12.0,1459.385317959357,False,False,96,0.10*validation_mean; floor=0.25,sorted model names,deterministic accumulated cost then model path,switch-budget feasibility filter only,1e-09,1471.3853179594735,0.0,0.0,0.0,-12.0,0.0,113.18348599688761,0.0,0.0,1694.7357360785245,0.0,0.0,branch-specific beam-pruning path: the budget feasibility filter changes the retained approximate state set despite a feasible unconstrained terminal path,68,100,0.68,24871.87081676325,68,0.68,24871.87081676325
Walmart,high_switch_cost,store_004__dept_090,4,validation_q25,10.0,4.0,6.0,False,True,True,unconstrained_switch_count > K,True,False,True,False,False,False,False,False,False,83676.3772180262,-12.0,83676.3772180262,False,False,96,0.10*validation_mean; floor=0.25,sorted model names,deterministic accumulated cost then model path,switch-budget feasibility filter only,1e-09,-14217.67999691458,96873.72008429965,1032.3371306411946,0.0,-12.0,-0.015646567400887768,-1093.6676920703467,3269.662499999744,0.0,7253.940307069568,0.0,20646.742612823902,branch-specific beam-pruning path: the budget feasibility filter changes the retained approximate state set despite a feasible unconstrained terminal path,68,100,0.68,24871.87081676325,68,0.68,24871.87081676325
Walmart,high_switch_cost,store_004__dept_092,4,validation_q25,1.0,1.0,0.0,True,False,False,unconstrained_switch_count > K,False,False,False,True,True,True,True,True,True,0.0,0.0,0.0,True,True,96,0.10*validation_mean; floor=0.25,sorted model names,deterministic accumulated cost then model path,switch-budget feasibility filter only,1e-09,0.0,0.0,0.0,0.0,0.0,0.0,0.0,0.0,0.0,0.0,0.0,0.0,none,68,100,0.68,24871.87081676325,68,0.68,24871.87081676325
Walmart,high_switch_cost,store_004__dept_095,4,validation_q25,5.0,4.0,1.0,False,True,True,unconstrained_switch_count > K,True,False,True,False,False,False,False,False,False,-1873.772608404979,-2.0,-1873.772608404979,False,False,96,0.10*validation_mean; floor=0.25,sorted model names,deterministic accumulated cost then model path,switch-budget feasibility filter only,1e-09,-2339.715760506224,0.0,467.94315210127206,0.0,-2.0,0.0,-179.97813542356016,0.0,0.0,0.0,0.0,9358.863042025361,branch-specific beam-pruning path: the budget feasibility filter changes the retained approximate state set despite a feasible unconstrained terminal path,68,100,0.68,24871.87081676325,68,0.68,24871.87081676325
Walmart,high_switch_cost,store_006__dept_016,4,validation_q25,7.0,1.0,6.0,False,True,True,unconstrained_switch_count > K,True,False,True,False,False,False,False,False,False,162528.83429272438,-12.0,162528.83429272438,False,False,96,0.10*validation_mean; floor=0.25,sorted model names,deterministic accumulated cost then model path,switch-budget feasibility filter only,1e-09,162632.4474224568,0.0,-91.61312973235545,0.0,-12.0,0.0,12510.18826326591,0.0,0.0,-1410.2858503330317,0.0769230769230769,-1832.2625946470944,branch-specific beam-pruning path: the budget feasibility filter changes the retained approximate state set despite a feasible unconstrained terminal path,68,100,0.68,24871.87081676325,68,0.68,24871.87081676325
Walmart,high_switch_cost,store_006__dept_038,4,validation_q25,4.0,4.0,0.0,True,False,False,unconstrained_switch_count > K,False,False,False,True,True,True,True,True,True,0.0,0.0,0.0,True,True,96,0.10*validation_mean; floor=0.25,sorted model names,deterministic accumulated cost then model path,switch-budget feasibility filter only,1e-09,0.0,0.0,0.0,0.0,0.0,0.0,0.0,0.0,0.0,0.0,0.0,0.0,none,68,100,0.68,24871.87081676325,68,0.68,24871.87081676325
Walmart,high_switch_cost,store_006__dept_072,4,validation_q25,7.0,4.0,3.0,False,True,True,unconstrained_switch_count > K,True,False,True,False,False,False,False,False,False,2087.3649352733046,-6.0,2087.3649352733046,False,False,96,0.10*validation_mean; floor=0.25,sorted model names,deterministic accumulated cost then model path,switch-budget feasibility filter only,1e-09,1011.3961028498015,0.0,1081.9688324235467,0.0,-6.0,0.0,77.79970021920963,0.0,0.0,0.0,0.0,21639.376648470934,branch-specific beam-pruning path: the budget feasibility filter changes the retained approximate state set despite a feasible unconstrained terminal path,68,100,0.68,24871.87081676325,68,0.68,24871.87081676325
Walmart,high_switch_cost,store_006__dept_092,4,validation_q25,4.0,4.0,0.0,True,False,False,unconstrained_switch_count > K,False,False,False,True,True,True,True,True,True,0.0,0.0,0.0,True,True,96,0.10*validation_mean; floor=0.25,sorted model names,deterministic accumulated cost then model path,switch-budget feasibility filter only,1e-09,0.0,0.0,0.0,0.0,0.0,0.0,0.0,0.0,0.0,0.0,0.0,0.0,none,68,100,0.68,24871.87081676325,68,0.68,24871.87081676325
Walmart,high_switch_cost,store_006__dept_095,4,validation_q25,6.0,2.0,4.0,False,True,True,unconstrained_switch_count > K,True,False,True,False,False,False,False,False,False,35593.04515036533,-8.0,35593.04515036533,False,False,96,0.10*validation_mean; floor=0.25,sorted model names,deterministic accumulated cost then model path,switch-budget feasibility filter only,1e-09,34719.47518545587,0.0,881.5699649094477,0.0,-8.0,0.0,2670.72886041968,0.0,0.0,6475.304832532362,0.0,17631.399298188975,branch-specific beam-pruning path: the budget feasibility filter changes the retained approximate state set despite a feasible unconstrained terminal path,68,100,0.68,24871.87081676325,68,0.68,24871.87081676325
Walmart,high_switch_cost,store_009__dept_003,4,validation_q25,4.0,4.0,0.0,True,False,False,unconstrained_switch_count > K,False,False,False,True,True,True,True,True,True,0.0,0.0,0.0,True,True,96,0.10*validation_mean; floor=0.25,sorted model names,deterministic accumulated cost then model path,switch-budget feasibility filter only,1e-09,0.0,0.0,0.0,0.0,0.0,0.0,0.0,0.0,0.0,0.0,0.0,0.0,none,68,100,0.68,24871.87081676325,68,0.68,24871.87081676325
Walmart,high_switch_cost,store_009__dept_005,4,validation_q25,7.0,4.0,3.0,False,True,True,unconstrained_switch_count > K,True,False,True,False,False,False,False,False,False,50133.478923509945,-6.0,50133.478923509945,False,False,96,0.10*validation_mean; floor=0.25,sorted model names,deterministic accumulated cost then model path,switch-budget feasibility filter only,1e-09,0.0,50183.439719369286,-43.96079585942243,0.0,-6.0,-0.04445838853761752,0.0,1885.4809171884262,0.0,6737.96275156549,0.07692307692307698,-879.2159171884341,branch-specific beam-pruning path: the budget feasibility filter changes the retained approximate state set despite a feasible unconstrained terminal path,68,100,0.68,24871.87081676325,68,0.68,24871.87081676325
Walmart,high_switch_cost,store_009__dept_033,4,validation_q25,7.0,4.0,3.0,False,True,True,unconstrained_switch_count > K,True,False,True,False,False,False,False,False,False,688.985172994282,-6.0,688.985172994282,False,False,96,0.10*validation_mean; floor=0.25,sorted model names,deterministic accumulated cost then model path,switch-budget feasibility filter only,1e-09,-60.973629601581706,755.9588025958656,8.526512829121202e-14,0.0,-6.0,-0.0034622098327807826,-4.6902792001216085,0.0,0.0,-604.3086263539299,0.07692307692307687,2.2737367544323206e-12,branch-specific beam-pruning path: the budget feasibility filter changes the retained approximate state set despite a feasible unconstrained terminal path,68,100,0.68,24871.87081676325,68,0.68,24871.87081676325
Walmart,high_switch_cost,store_009__dept_038,4,validation_q25,7.0,4.0,3.0,False,True,True,unconstrained_switch_count > K,True,False,True,False,False,False,False,False,False,-15661.810405038821,-6.0,-15661.810405038821,False,False,96,0.10*validation_mean; floor=0.25,sorted model names,deterministic accumulated cost then model path,switch-budget feasibility filter only,1e-09,-29764.593762267614,17235.63318527362,-3126.8498280447757,0.0,-6.0,-0.003878676875693876,-2289.584135559053,0.0,0.0,-10122.56593501364,-0.1538461538461538,-62536.99656089555,branch-specific beam-pruning path: the budget feasibility filter changes the retained approximate state set despite a feasible unconstrained terminal path,68,100,0.68,24871.87081676325,68,0.68,24871.87081676325
Walmart,high_switch_cost,store_010__dept_002,4,validation_q25,2.0,2.0,0.0,True,False,False,unconstrained_switch_count > K,False,False,False,True,True,True,True,True,True,0.0,0.0,0.0,True,True,96,0.10*validation_mean; floor=0.25,sorted model names,deterministic accumulated cost then model path,switch-budget feasibility filter only,1e-09,0.0,0.0,0.0,0.0,0.0,0.0,0.0,0.0,0.0,0.0,0.0,0.0,none,68,100,0.68,24871.87081676325,68,0.68,24871.87081676325
Walmart,high_switch_cost,store_010__dept_008,4,validation_q25,4.0,4.0,0.0,True,False,False,unconstrained_switch_count > K,False,False,False,True,True,True,True,True,True,0.0,0.0,0.0,True,True,96,0.10*validation_mean; floor=0.25,sorted model names,deterministic accumulated cost then model path,switch-budget feasibility filter only,1e-09,0.0,0.0,0.0,0.0,0.0,0.0,0.0,0.0,0.0,0.0,0.0,0.0,none,68,100,0.68,24871.87081676325,68,0.68,24871.87081676325
Walmart,high_switch_cost,store_010__dept_038,4,validation_q25,9.0,4.0,5.0,False,True,True,unconstrained_switch_count > K,True,False,True,False,False,False,False,False,False,115192.58268108207,-10.0,115192.58268108207,False,False,96,0.10*validation_mean; floor=0.25,sorted model names,deterministic accumulated cost then model path,switch-budget feasibility filter only,1e-09,-9226.25433432468,123788.5732644558,640.2637509508895,0.0,-10.0,-0.02291643416701361,-709.711871871139,6470.650661601714,0.0,3873.1154372135334,0.0,12805.275019017834,branch-specific beam-pruning path: the budget feasibility filter changes the retained approximate state set despite a feasible unconstrained terminal path,68,100,0.68,24871.87081676325,68,0.68,24871.87081676325
Walmart,high_switch_cost,store_010__dept_040,4,validation_q25,5.0,4.0,1.0,False,True,True,unconstrained_switch_count > K,True,False,True,False,False,False,False,False,False,71.92861822922714,-2.0,71.92861822922714,False,False,96,0.10*validation_mean; floor=0.25,sorted model names,deterministic accumulated cost then model path,switch-budget feasibility filter only,1e-09,0.0,0.0,73.92861822922987,0.0,-2.0,0.0,0.0,0.0,0.0,0.0,0.0,1478.572364584601,branch-specific beam-pruning path: the budget feasibility filter changes the retained approximate state set despite a feasible unconstrained terminal path,68,100,0.68,24871.87081676325,68,0.68,24871.87081676325
Walmart,high_switch_cost,store_010__dept_072,4,validation_q25,11.0,4.0,7.0,False,True,True,unconstrained_switch_count > K,True,False,True,False,False,False,False,False,False,-45510.57252528833,-14.0,-45510.57252528833,False,False,96,0.10*validation_mean; floor=0.25,sorted model names,deterministic accumulated cost then model path,switch-budget feasibility filter only,1e-09,14661.144000507193,-61992.93689129222,1835.2203654966288,0.0,-14.0,0.008416307872134321,1127.7803077313183,1.4580336937797256e-11,0.0,-3058.5749999994005,0.0,36704.40730993252,branch-specific beam-pruning path: the budget feasibility filter changes the retained approximate state set despite a feasible unconstrained terminal path,68,100,0.68,24871.87081676325,68,0.68,24871.87081676325
Walmart,high_switch_cost,store_013__dept_038,4,validation_q25,5.0,4.0,1.0,False,True,True,unconstrained_switch_count > K,True,False,True,False,False,False,False,False,False,44.771326923102606,-2.0,44.771326923102606,False,False,96,0.10*validation_mean; floor=0.25,sorted model names,deterministic accumulated cost then model path,switch-budget feasibility filter only,1e-09,0.0,0.0,46.771326923070774,0.0,-2.0,0.0,0.0,0.0,0.0,0.0,0.0,935.4265384614118,branch-specific beam-pruning path: the budget feasibility filter changes the retained approximate state set despite a feasible unconstrained terminal path,68,100,0.68,24871.87081676325,68,0.68,24871.87081676325
Walmart,high_switch_cost,store_013__dept_090,4,validation_q25,4.0,4.0,0.0,True,False,False,unconstrained_switch_count > K,False,False,False,True,True,True,True,True,True,0.0,0.0,0.0,True,True,96,0.10*validation_mean; floor=0.25,sorted model names,deterministic accumulated cost then model path,switch-budget feasibility filter only,1e-09,0.0,0.0,0.0,0.0,0.0,0.0,0.0,0.0,0.0,0.0,0.0,0.0,none,68,100,0.68,24871.87081676325,68,0.68,24871.87081676325
Walmart,high_switch_cost,store_013__dept_091,4,validation_q25,6.0,4.0,2.0,False,True,True,unconstrained_switch_count > K,True,False,True,False,False,False,False,False,False,81.65572269342374,-4.0,81.65572269342374,False,False,96,0.10*validation_mean; floor=0.25,sorted model names,deterministic accumulated cost then model path,switch-budget feasibility filter only,1e-09,0.0,0.0,85.65572269339464,0.0,-4.0,0.0,0.0,0.0,0.0,0.0,0.0,1713.1144538678927,branch-specific beam-pruning path: the budget feasibility filter changes the retained approximate state set despite a feasible unconstrained terminal path,68,100,0.68,24871.87081676325,68,0.68,24871.87081676325
Walmart,high_switch_cost,store_013__dept_092,4,validation_q25,8.0,4.0,4.0,False,True,True,unconstrained_switch_count > K,True,False,True,False,False,False,False,False,False,34585.59070102405,-8.0,34585.59070102405,False,False,96,0.10*validation_mean; floor=0.25,sorted model names,deterministic accumulated cost then model path,switch-budget feasibility filter only,1e-09,0.0,35949.42790246417,-1355.8372014400975,0.0,-8.0,-0.003122833670355263,0.0,7058.349230768275,0.0,0.0,0.0,-27116.74402880197,branch-specific beam-pruning path: the budget feasibility filter changes the retained approximate state set despite a feasible unconstrained terminal path,68,100,0.68,24871.87081676325,68,0.68,24871.87081676325
Walmart,high_switch_cost,store_013__dept_095,4,validation_q25,9.0,1.0,8.0,False,True,True,unconstrained_switch_count > K,True,False,True,False,False,False,False,False,False,36517.86106010247,-16.0,36517.86106010247,False,False,96,0.10*validation_mean; floor=0.25,sorted model names,deterministic accumulated cost then model path,switch-budget feasibility filter only,1e-09,36011.650779694086,0.0,522.2102804085825,0.0,-16.0,0.0,2770.126983053371,0.0,0.0,19583.429479367333,0.0769230769230769,10444.20560817176,branch-specific beam-pruning path: the budget feasibility filter changes the retained approximate state set despite a feasible unconstrained terminal path,68,100,0.68,24871.87081676325,68,0.68,24871.87081676325
Walmart,high_switch_cost,store_014__dept_002,4,validation_q25,4.0,4.0,0.0,True,False,False,unconstrained_switch_count > K,False,False,False,True,True,True,True,True,True,0.0,0.0,0.0,True,True,96,0.10*validation_mean; floor=0.25,sorted model names,deterministic accumulated cost then model path,switch-budget feasibility filter only,1e-09,0.0,0.0,0.0,0.0,0.0,0.0,0.0,0.0,0.0,0.0,0.0,0.0,none,68,100,0.68,24871.87081676325,68,0.68,24871.87081676325
Walmart,high_switch_cost,store_014__dept_038,4,validation_q25,8.0,4.0,4.0,False,True,True,unconstrained_switch_count > K,True,False,True,False,False,False,False,False,False,-41386.005267799716,-8.0,-41386.005267799716,False,False,96,0.10*validation_mean; floor=0.25,sorted model names,deterministic accumulated cost then model path,switch-budget feasibility filter only,1e-09,-11117.054676134721,-29893.03693983573,-367.91365182921436,0.0,-8.0,0.0055326200630485545,-855.1580520103671,217.43369958795665,0.0,-3054.821975350642,0.0,-7358.273036584171,branch-specific beam-pruning path: the budget feasibility filter changes the retained approximate state set despite a feasible unconstrained terminal path,68,100,0.68,24871.87081676325,68,0.68,24871.87081676325
Walmart,high_switch_cost,store_014__dept_046,4,validation_q25,7.0,4.0,3.0,False,True,True,unconstrained_switch_count > K,True,False,True,False,False,False,False,False,False,-258.44575380528113,-6.0,-258.44575380528113,False,False,96,0.10*validation_mean; floor=0.25,sorted model names,deterministic accumulated cost then model path,switch-budget feasibility filter only,1e-09,-280.4952820057515,0.0,28.04952820058361,0.0,-6.0,0.0,-21.57656015429893,0.0,0.0,2744.0566329554986,0.0,560.9905640116776,branch-specific beam-pruning path: the budget feasibility filter changes the retained approximate state set despite a feasible unconstrained terminal path,68,100,0.68,24871.87081676325,68,0.68,24871.87081676325
Walmart,high_switch_cost,store_014__dept_072,4,validation_q25,4.0,4.0,0.0,True,False,False,unconstrained_switch_count > K,False,False,False,True,True,True,True,True,True,0.0,0.0,0.0,True,True,96,0.10*validation_mean; floor=0.25,sorted model names,deterministic accumulated cost then model path,switch-budget feasibility filter only,1e-09,0.0,0.0,0.0,0.0,0.0,0.0,0.0,0.0,0.0,0.0,0.0,0.0,none,68,100,0.68,24871.87081676325,68,0.68,24871.87081676325
Walmart,high_switch_cost,store_014__dept_090,4,validation_q25,6.0,3.0,3.0,False,True,True,unconstrained_switch_count > K,True,False,True,False,False,False,False,False,False,84581.01999321813,-6.0,84581.01999321813,False,False,96,0.10*validation_mean; floor=0.25,sorted model names,deterministic accumulated cost then model path,switch-budget feasibility filter only,1e-09,-36702.85449257167,119345.89010244152,1943.9843833481955,0.0,-6.0,-0.020300756686787436,-2823.2964994285867,0.0,0.0,-2619.6179510988295,0.0,38879.68766696387,branch-specific beam-pruning path: the budget feasibility filter changes the retained approximate state set despite a feasible unconstrained terminal path,68,100,0.68,24871.87081676325,68,0.68,24871.87081676325
Walmart,high_switch_cost,store_014__dept_091,4,validation_q25,7.0,4.0,3.0,False,True,True,unconstrained_switch_count > K,True,False,True,False,False,False,False,False,False,-486.8306638812646,-6.0,-486.8306638812646,False,False,96,0.10*validation_mean; floor=0.25,sorted model names,deterministic accumulated cost then model path,switch-budget feasibility filter only,1e-09,-519.8396638812264,0.0,39.00899999999638,0.0,-6.0,0.0,-39.987666452401754,0.0,0.0,3382.4392841187055,0.0,780.1799999999348,branch-specific beam-pruning path: the budget feasibility filter changes the retained approximate state set despite a feasible unconstrained terminal path,68,100,0.68,24871.87081676325,68,0.68,24871.87081676325
Walmart,high_switch_cost,store_014__dept_092,4,validation_q25,11.0,4.0,7.0,False,True,True,unconstrained_switch_count > K,True,False,True,False,False,False,False,False,False,19493.666408621822,-14.0,19493.666408621822,False,False,96,0.10*validation_mean; floor=0.25,sorted model names,deterministic accumulated cost then model path,switch-budget feasibility filter only,1e-09,-8935.363339929725,27555.101564343204,887.9281842083219,0.0,-14.0,-0.002726695542255575,-687.3356415330563,0.0,0.0,10032.426217186061,0.0769230769230769,17758.56368416641,branch-specific beam-pruning path: the budget feasibility filter changes the retained approximate state set despite a feasible unconstrained terminal path,68,100,0.68,24871.87081676325,68,0.68,24871.87081676325
Walmart,high_switch_cost,store_014__dept_095,4,validation_q25,3.0,4.0,-1.0,True,False,False,unconstrained_switch_count > K,False,False,False,False,False,True,False,False,False,2.0,2.0,2.0,False,False,96,0.10*validation_mean; floor=0.25,sorted model names,deterministic accumulated cost then model path,switch-budget feasibility filter only,1e-09,0.0,0.0,0.0,0.0,2.0,0.0,0.0,0.0,0.0,3192.920855107717,0.0,0.0,branch-specific beam-pruning path: the budget feasibility filter changes the retained approximate state set despite a feasible unconstrained terminal path,68,100,0.68,24871.87081676325,68,0.68,24871.87081676325
Walmart,high_switch_cost,store_015__dept_026,4,validation_q25,8.0,4.0,4.0,False,True,True,unconstrained_switch_count > K,True,False,True,False,False,True,False,False,False,-8.0,-8.0,-8.0,False,False,96,0.10*validation_mean; floor=0.25,sorted model names,deterministic accumulated cost then model path,switch-budget feasibility filter only,1e-09,0.0,0.0,0.0,0.0,-8.0,0.0,0.0,0.0,0.0,877.6982255360927,0.0,0.0,branch-specific beam-pruning path: the budget feasibility filter changes the retained approximate state set despite a feasible unconstrained terminal path,68,100,0.68,24871.87081676325,68,0.68,24871.87081676325
Walmart,high_switch_cost,store_016__dept_096,4,validation_q25,2.0,2.0,0.0,True,False,False,unconstrained_switch_count > K,False,False,False,True,True,True,True,True,True,0.0,0.0,0.0,True,True,96,0.10*validation_mean; floor=0.25,sorted model names,deterministic accumulated cost then model path,switch-budget feasibility filter only,1e-09,0.0,0.0,0.0,0.0,0.0,0.0,0.0,0.0,0.0,0.0,0.0,0.0,none,68,100,0.68,24871.87081676325,68,0.68,24871.87081676325
Walmart,high_switch_cost,store_019__dept_092,4,validation_q25,6.0,2.0,4.0,False,True,True,unconstrained_switch_count > K,True,False,True,False,False,False,False,False,False,24575.547220835695,-8.0,24575.547220835695,False,False,96,0.10*validation_mean; floor=0.25,sorted model names,deterministic accumulated cost then model path,switch-budget feasibility filter only,1e-09,0.0,26081.52124968206,-1497.9740288462308,0.0,-8.0,-0.003484627453183897,0.0,0.0,0.0,-5012.590690160458,-0.0769230769230769,-29959.4805769246,branch-specific beam-pruning path: the budget feasibility filter changes the retained approximate state set despite a feasible unconstrained terminal path,68,100,0.68,24871.87081676325,68,0.68,24871.87081676325
Walmart,high_switch_cost,store_019__dept_095,4,validation_q25,3.0,3.0,0.0,True,False,False,unconstrained_switch_count > K,False,False,False,True,True,True,True,True,True,0.0,0.0,0.0,True,True,96,0.10*validation_mean; floor=0.25,sorted model names,deterministic accumulated cost then model path,switch-budget feasibility filter only,1e-09,0.0,0.0,0.0,0.0,0.0,0.0,0.0,0.0,0.0,0.0,0.0,0.0,none,68,100,0.68,24871.87081676325,68,0.68,24871.87081676325
Walmart,high_switch_cost,store_020__dept_038,4,validation_q25,6.0,4.0,2.0,False,True,True,unconstrained_switch_count > K,True,False,True,False,False,False,False,False,False,-10830.598722612602,-4.0,-10830.598722612602,False,False,96,0.10*validation_mean; floor=0.25,sorted model names,deterministic accumulated cost then model path,switch-budget feasibility filter only,1e-09,-13549.027689284063,1612.7134615409886,1109.7155051304908,0.0,-4.0,-0.0002142208588976624,-1042.2328991757022,0.0,0.0,15384.207192010188,0.0,22194.31010260989,branch-specific beam-pruning path: the budget feasibility filter changes the retained approximate state set despite a feasible unconstrained terminal path,68,100,0.68,24871.87081676325,68,0.68,24871.87081676325
Walmart,high_switch_cost,store_020__dept_040,4,validation_q25,7.0,4.0,3.0,False,True,True,unconstrained_switch_count > K,True,False,True,False,False,False,False,False,False,106108.29980899702,-6.0,106108.29980899702,False,False,96,0.10*validation_mean; floor=0.25,sorted model names,deterministic accumulated cost then model path,switch-budget feasibility filter only,1e-09,-12728.630357757269,118726.68113647588,116.24903027841174,0.0,-6.0,-0.020723363549942198,-979.1254121351813,0.0,0.0,0.0,0.0,2324.9806055682275,branch-specific beam-pruning path: the budget feasibility filter changes the retained approximate state set despite a feasible unconstrained terminal path,68,100,0.68,24871.87081676325,68,0.68,24871.87081676325
Walmart,high_switch_cost,store_020__dept_072,4,validation_q25,6.0,4.0,2.0,False,True,True,unconstrained_switch_count > K,True,False,True,False,False,True,False,False,False,-4.0,-4.0,-4.0,False,False,96,0.10*validation_mean; floor=0.25,sorted model names,deterministic accumulated cost then model path,switch-budget feasibility filter only,1e-09,0.0,0.0,0.0,0.0,-4.0,0.0,0.0,0.0,0.0,-737.3021620803047,0.0,0.0,branch-specific beam-pruning path: the budget feasibility filter changes the retained approximate state set despite a feasible unconstrained terminal path,68,100,0.68,24871.87081676325,68,0.68,24871.87081676325
Walmart,high_switch_cost,store_020__dept_083,4,validation_q25,4.0,4.0,0.0,True,False,False,unconstrained_switch_count > K,False,False,False,True,True,True,True,True,True,0.0,0.0,0.0,True,True,96,0.10*validation_mean; floor=0.25,sorted model names,deterministic accumulated cost then model path,switch-budget feasibility filter only,1e-09,0.0,0.0,0.0,0.0,0.0,0.0,0.0,0.0,0.0,0.0,0.0,0.0,none,68,100,0.68,24871.87081676325,68,0.68,24871.87081676325
Walmart,high_switch_cost,store_020__dept_090,4,validation_q25,9.0,3.0,6.0,False,True,True,unconstrained_switch_count > K,True,False,True,False,False,False,False,False,False,-17849.22321055259,-12.0,-17849.22321055259,False,False,96,0.10*validation_mean; floor=0.25,sorted model names,deterministic accumulated cost then model path,switch-budget feasibility filter only,1e-09,3983.132416677545,-22150.420519756095,330.0648925257092,0.0,-12.0,0.003527647326587613,306.3948012828914,-1.4551915228366852e-11,0.0,3445.6789952030085,0.0,6601.29785051418,branch-specific beam-pruning path: the budget feasibility filter changes the retained approximate state set despite a feasible unconstrained terminal path,68,100,0.68,24871.87081676325,68,0.68,24871.87081676325
Walmart,high_switch_cost,store_020__dept_092,4,validation_q25,6.0,4.0,2.0,False,True,True,unconstrained_switch_count > K,True,False,True,False,False,False,False,False,False,8486.949875516584,-4.0,8486.949875516584,False,False,96,0.10*validation_mean; floor=0.25,sorted model names,deterministic accumulated cost then model path,switch-budget feasibility filter only,1e-09,-24778.322877235012,34497.30140887786,-1228.0286561263038,0.0,-4.0,-0.003045309143019592,-1906.024836710385,0.0,0.0,0.0,0.0,-24560.573122526053,branch-specific beam-pruning path: the budget feasibility filter changes the retained approximate state set despite a feasible unconstrained terminal path,68,100,0.68,24871.87081676325,68,0.68,24871.87081676325
Walmart,high_switch_cost,store_020__dept_095,4,validation_q25,10.0,3.0,7.0,False,True,True,unconstrained_switch_count > K,True,False,True,False,False,False,False,False,False,61273.10433825222,-14.0,61273.10433825222,False,False,96,0.10*validation_mean; floor=0.25,sorted model names,deterministic accumulated cost then model path,switch-budget feasibility filter only,1e-09,-38202.50830163807,100555.53940431884,-1065.9267644285173,0.0,-14.0,-0.010093371431242448,-2938.6544847413898,0.0,0.0,49951.74326176505,0.0769230769230769,-21318.535288570332,branch-specific beam-pruning path: the budget feasibility filter changes the retained approximate state set despite a feasible unconstrained terminal path,68,100,0.68,24871.87081676325,68,0.68,24871.87081676325
Walmart,high_switch_cost,store_022__dept_059,4,validation_q25,5.0,1.0,4.0,False,True,True,unconstrained_switch_count > K,True,False,True,False,False,False,False,False,False,2373.6640049404173,-8.0,2373.6640049404173,False,False,96,0.10*validation_mean; floor=0.25,sorted model names,deterministic accumulated cost then model path,switch-budget feasibility filter only,1e-09,-15.11722445811779,2406.8121488168767,-10.030919418342553,0.0,-8.0,-0.15298199278677627,-1.1628634198551993,95.6393650110422,0.0,-45.872978974658736,-0.3076923076923077,-200.61838836685138,branch-specific beam-pruning path: the budget feasibility filter changes the retained approximate state set despite a feasible unconstrained terminal path,68,100,0.68,24871.87081676325,68,0.68,24871.87081676325
Walmart,high_switch_cost,store_023__dept_032,4,validation_q25,10.0,3.0,7.0,False,True,True,unconstrained_switch_count > K,True,False,True,False,False,False,False,False,False,-3564.113266026674,-14.0,-3564.113266026674,False,False,96,0.10*validation_mean; floor=0.25,sorted model names,deterministic accumulated cost then model path,switch-budget feasibility filter only,1e-09,899.7080140245234,-4378.689244530233,-71.13203552097661,0.0,-14.0,0.006854707681355654,69.20830877111712,0.0,0.0,-999.6960937098227,-0.0769230769230769,-1422.6407104195205,branch-specific beam-pruning path: the budget feasibility filter changes the retained approximate state set despite a feasible unconstrained terminal path,68,100,0.68,24871.87081676325,68,0.68,24871.87081676325
Walmart,high_switch_cost,store_023__dept_072,4,validation_q25,2.0,2.0,0.0,True,False,False,unconstrained_switch_count > K,False,False,False,True,True,True,True,True,True,0.0,0.0,0.0,True,True,96,0.10*validation_mean; floor=0.25,sorted model names,deterministic accumulated cost then model path,switch-budget feasibility filter only,1e-09,0.0,0.0,0.0,0.0,0.0,0.0,0.0,0.0,0.0,0.0,0.0,0.0,none,68,100,0.68,24871.87081676325,68,0.68,24871.87081676325
Walmart,high_switch_cost,store_024__dept_018,4,validation_q25,3.0,3.0,0.0,True,False,False,unconstrained_switch_count > K,False,False,False,True,True,True,True,True,True,0.0,0.0,0.0,True,True,96,0.10*validation_mean; floor=0.25,sorted model names,deterministic accumulated cost then model path,switch-budget feasibility filter only,1e-09,0.0,0.0,0.0,0.0,0.0,0.0,0.0,0.0,0.0,0.0,0.0,0.0,none,68,100,0.68,24871.87081676325,68,0.68,24871.87081676325
Walmart,high_switch_cost,store_024__dept_040,4,validation_q25,3.0,3.0,0.0,True,False,False,unconstrained_switch_count > K,False,False,False,True,True,True,True,True,True,0.0,0.0,0.0,True,True,96,0.10*validation_mean; floor=0.25,sorted model names,deterministic accumulated cost then model path,switch-budget feasibility filter only,1e-09,0.0,0.0,0.0,0.0,0.0,0.0,0.0,0.0,0.0,0.0,0.0,0.0,none,68,100,0.68,24871.87081676325,68,0.68,24871.87081676325
Walmart,high_switch_cost,store_024__dept_092,4,validation_q25,3.0,3.0,0.0,True,False,False,unconstrained_switch_count > K,False,False,False,True,True,True,True,True,True,0.0,0.0,0.0,True,True,96,0.10*validation_mean; floor=0.25,sorted model names,deterministic accumulated cost then model path,switch-budget feasibility filter only,1e-09,0.0,0.0,0.0,0.0,0.0,0.0,0.0,0.0,0.0,0.0,0.0,0.0,none,68,100,0.68,24871.87081676325,68,0.68,24871.87081676325
Walmart,high_switch_cost,store_024__dept_095,4,validation_q25,3.0,3.0,0.0,True,False,False,unconstrained_switch_count > K,False,False,False,True,True,True,True,True,True,0.0,0.0,0.0,True,True,96,0.10*validation_mean; floor=0.25,sorted model names,deterministic accumulated cost then model path,switch-budget feasibility filter only,1e-09,0.0,0.0,0.0,0.0,0.0,0.0,0.0,0.0,0.0,0.0,0.0,0.0,none,68,100,0.68,24871.87081676325,68,0.68,24871.87081676325
Walmart,high_switch_cost,store_025__dept_018,4,validation_q25,4.0,4.0,0.0,True,False,False,unconstrained_switch_count > K,False,False,False,True,True,True,True,True,True,0.0,0.0,0.0,True,True,96,0.10*validation_mean; floor=0.25,sorted model names,deterministic accumulated cost then model path,switch-budget feasibility filter only,1e-09,0.0,0.0,0.0,0.0,0.0,0.0,0.0,0.0,0.0,0.0,0.0,0.0,none,68,100,0.68,24871.87081676325,68,0.68,24871.87081676325
Walmart,high_switch_cost,store_026__dept_024,4,validation_q25,5.0,4.0,1.0,False,True,True,unconstrained_switch_count > K,True,False,True,False,False,True,False,False,False,-2.0,-2.0,-2.0,False,False,96,0.10*validation_mean; floor=0.25,sorted model names,deterministic accumulated cost then model path,switch-budget feasibility filter only,1e-09,0.0,0.0,0.0,0.0,-2.0,0.0,0.0,0.0,0.0,0.0,0.0,0.0,branch-specific beam-pruning path: the budget feasibility filter changes the retained approximate state set despite a feasible unconstrained terminal path,68,100,0.68,24871.87081676325,68,0.68,24871.87081676325
Walmart,high_switch_cost,store_026__dept_036,4,validation_q25,4.0,4.0,0.0,True,False,False,unconstrained_switch_count > K,False,False,False,True,True,True,True,True,True,0.0,0.0,0.0,True,True,96,0.10*validation_mean; floor=0.25,sorted model names,deterministic accumulated cost then model path,switch-budget feasibility filter only,1e-09,0.0,0.0,0.0,0.0,0.0,0.0,0.0,0.0,0.0,0.0,0.0,0.0,none,68,100,0.68,24871.87081676325,68,0.68,24871.87081676325
Walmart,high_switch_cost,store_026__dept_038,4,validation_q25,5.0,4.0,1.0,False,True,True,unconstrained_switch_count > K,True,False,True,False,False,False,False,False,False,7856.625157961971,-2.0,7856.625157961971,False,False,96,0.10*validation_mean; floor=0.25,sorted model names,deterministic accumulated cost then model path,switch-budget feasibility filter only,1e-09,5045.143846154446,0.0,2813.4813118075435,0.0,-2.0,0.0,388.0879881657238,0.0,0.0,0.0,0.0,56269.6262361508,branch-specific beam-pruning path: the budget feasibility filter changes the retained approximate state set despite a feasible unconstrained terminal path,68,100,0.68,24871.87081676325,68,0.68,24871.87081676325
Walmart,high_switch_cost,store_026__dept_092,4,validation_q25,8.0,3.0,5.0,False,True,True,unconstrained_switch_count > K,True,False,True,False,False,False,False,False,False,95562.45850701485,-10.0,95562.45850701485,False,False,96,0.10*validation_mean; floor=0.25,sorted model names,deterministic accumulated cost then model path,switch-budget feasibility filter only,1e-09,-4040.1437600743375,99764.81988699097,-152.21761990180312,0.0,-10.0,-0.016259599787884382,-310.7802892364816,0.0,0.0,14670.189230764576,0.0,-3044.352398036106,branch-specific beam-pruning path: the budget feasibility filter changes the retained approximate state set despite a feasible unconstrained terminal path,68,100,0.68,24871.87081676325,68,0.68,24871.87081676325
Walmart,high_switch_cost,store_027__dept_071,4,validation_q25,7.0,3.0,4.0,False,True,True,unconstrained_switch_count > K,True,False,True,False,False,False,False,False,False,-1203.9673951088334,-8.0,-1203.9673951088334,False,False,96,0.10*validation_mean; floor=0.25,sorted model names,deterministic accumulated cost then model path,switch-budget feasibility filter only,1e-09,-1277.70275429514,0.0,81.73535918632888,0.0,-8.0,0.0,-98.28482725347203,0.0,0.0,-496.0557692289258,0.0,1634.7071837265903,branch-specific beam-pruning path: the budget feasibility filter changes the retained approximate state set despite a feasible unconstrained terminal path,68,100,0.68,24871.87081676325,68,0.68,24871.87081676325
Walmart,high_switch_cost,store_027__dept_090,4,validation_q25,8.0,4.0,4.0,False,True,True,unconstrained_switch_count > K,True,False,True,False,False,False,False,False,False,12001.340749010327,-8.0,12001.340749010327,False,False,96,0.10*validation_mean; floor=0.25,sorted model names,deterministic accumulated cost then model path,switch-budget feasibility filter only,1e-09,0.0,11234.849999988277,774.4907490219339,0.0,-8.0,-0.0018950063731068,0.0,3268.719230768096,0.0,1195.1076923071523,0.0,15489.814980438678,branch-specific beam-pruning path: the budget feasibility filter changes the retained approximate state set despite a feasible unconstrained terminal path,68,100,0.68,24871.87081676325,68,0.68,24871.87081676325
Walmart,high_switch_cost,store_027__dept_092,4,validation_q25,9.0,4.0,5.0,False,True,True,unconstrained_switch_count > K,True,False,True,False,False,False,False,False,False,62645.92686274252,-10.0,62645.92686274252,False,False,96,0.10*validation_mean; floor=0.25,sorted model names,deterministic accumulated cost then model path,switch-budget feasibility filter only,1e-09,0.0,61937.986049338826,717.9408134035057,0.0,-10.0,-0.006653985693727438,0.0,6432.78889306169,0.0,-29570.4108594437,-0.0769230769230769,14358.816268070193,branch-specific beam-pruning path: the budget feasibility filter changes the retained approximate state set despite a feasible unconstrained terminal path,68,100,0.68,24871.87081676325,68,0.68,24871.87081676325
Walmart,high_switch_cost,store_027__dept_095,4,validation_q25,4.0,4.0,0.0,True,False,False,unconstrained_switch_count > K,False,False,False,True,True,True,True,True,True,0.0,0.0,0.0,True,True,96,0.10*validation_mean; floor=0.25,sorted model names,deterministic accumulated cost then model path,switch-budget feasibility filter only,1e-09,0.0,0.0,0.0,0.0,0.0,0.0,0.0,0.0,0.0,0.0,0.0,0.0,none,68,100,0.68,24871.87081676325,68,0.68,24871.87081676325
Walmart,high_switch_cost,store_028__dept_092,4,validation_q25,4.0,4.0,0.0,True,False,False,unconstrained_switch_count > K,False,False,False,True,True,True,True,True,True,0.0,0.0,0.0,True,True,96,0.10*validation_mean; floor=0.25,sorted model names,deterministic accumulated cost then model path,switch-budget feasibility filter only,1e-09,0.0,0.0,0.0,0.0,0.0,0.0,0.0,0.0,0.0,0.0,0.0,0.0,none,68,100,0.68,24871.87081676325,68,0.68,24871.87081676325
Walmart,high_switch_cost,store_028__dept_095,4,validation_q25,6.0,4.0,2.0,False,True,True,unconstrained_switch_count > K,True,False,True,False,False,True,False,False,False,-4.0,-4.0,-4.0,False,False,96,0.10*validation_mean; floor=0.25,sorted model names,deterministic accumulated cost then model path,switch-budget feasibility filter only,1e-09,0.0,0.0,0.0,0.0,-4.0,0.0,0.0,0.0,0.0,3954.7692818194046,0.0,0.0,branch-specific beam-pruning path: the budget feasibility filter changes the retained approximate state set despite a feasible unconstrained terminal path,68,100,0.68,24871.87081676325,68,0.68,24871.87081676325
Walmart,high_switch_cost,store_029__dept_027,4,validation_q25,8.0,4.0,4.0,False,True,True,unconstrained_switch_count > K,True,False,True,False,False,False,False,False,False,179.92675011304163,-8.0,179.92675011304163,False,False,96,0.10*validation_mean; floor=0.25,sorted model names,deterministic accumulated cost then model path,switch-budget feasibility filter only,1e-09,0.0,183.5573762137501,4.36937389929615,0.0,-8.0,-0.0027731509320872982,0.0,-20.588846152727456,0.0,25.418094839565583,0.07692307692307687,87.38747798592271,branch-specific beam-pruning path: the budget feasibility filter changes the retained approximate state set despite a feasible unconstrained terminal path,68,100,0.68,24871.87081676325,68,0.68,24871.87081676325
Walmart,high_switch_cost,store_030__dept_083,4,validation_q25,2.0,2.0,0.0,True,False,False,unconstrained_switch_count > K,False,False,False,True,True,True,True,True,True,0.0,0.0,0.0,True,True,96,0.10*validation_mean; floor=0.25,sorted model names,deterministic accumulated cost then model path,switch-budget feasibility filter only,1e-09,0.0,0.0,0.0,0.0,0.0,0.0,0.0,0.0,0.0,0.0,0.0,0.0,none,68,100,0.68,24871.87081676325,68,0.68,24871.87081676325
Walmart,high_switch_cost,store_031__dept_038,4,validation_q25,7.0,4.0,3.0,False,True,True,unconstrained_switch_count > K,True,False,True,False,False,False,False,False,False,26362.555449546664,-6.0,26362.555449546664,False,False,96,0.10*validation_mean; floor=0.25,sorted model names,deterministic accumulated cost then model path,switch-budget feasibility filter only,1e-09,26142.814815393067,0.0,225.74063415359524,0.0,-6.0,0.0,2010.9857550302331,0.0,0.0,0.0,0.0,4514.812683071883,branch-specific beam-pruning path: the budget feasibility filter changes the retained approximate state set despite a feasible unconstrained terminal path,68,100,0.68,24871.87081676325,68,0.68,24871.87081676325
Walmart,high_switch_cost,store_031__dept_046,4,validation_q25,10.0,4.0,6.0,False,True,True,unconstrained_switch_count > K,True,False,True,False,False,False,False,False,False,-21531.732325048943,-12.0,-21531.732325048943,False,False,96,0.10*validation_mean; floor=0.25,sorted model names,deterministic accumulated cost then model path,switch-budget feasibility filter only,1e-09,-21424.66463009338,0.0,-95.06769495567596,0.0,-12.0,0.0,-1648.0511253917975,0.0,0.0,0.0,0.0,-1901.353899113521,branch-specific beam-pruning path: the budget feasibility filter changes the retained approximate state set despite a feasible unconstrained terminal path,68,100,0.68,24871.87081676325,68,0.68,24871.87081676325
Walmart,high_switch_cost,store_031__dept_079,4,validation_q25,9.0,4.0,5.0,False,True,True,unconstrained_switch_count > K,True,False,True,False,False,False,False,False,False,8398.849084446003,-10.0,8398.849084446003,False,False,96,0.10*validation_mean; floor=0.25,sorted model names,deterministic accumulated cost then model path,switch-budget feasibility filter only,1e-09,-4705.977835807396,13271.986285637831,-157.15936538445385,0.0,-10.0,-0.00565535826175001,-361.9982950621088,0.0,0.0,3027.299478927911,0.0,-3143.1873076890915,branch-specific beam-pruning path: the budget feasibility filter changes the retained approximate state set despite a feasible unconstrained terminal path,68,100,0.68,24871.87081676325,68,0.68,24871.87081676325
Walmart,high_switch_cost,store_031__dept_090,4,validation_q25,8.0,4.0,4.0,False,True,True,unconstrained_switch_count > K,True,False,True,False,False,False,False,False,False,-1176.4879879045766,-8.0,-1176.4879879045766,False,False,96,0.10*validation_mean; floor=0.25,sorted model names,deterministic accumulated cost then model path,switch-budget feasibility filter only,1e-09,-111.72074806853198,-930.3879164444661,-126.37932339157396,0.0,-8.0,0.0001606719220648145,-8.593903697576025,360.1540833468898,0.0,0.0,0.0,-2527.586467831512,branch-specific beam-pruning path: the budget feasibility filter changes the retained approximate state set despite a feasible unconstrained terminal path,68,100,0.68,24871.87081676325,68,0.68,24871.87081676325
Walmart,high_switch_cost,store_031__dept_092,4,validation_q25,9.0,1.0,8.0,False,True,True,unconstrained_switch_count > K,True,False,True,False,False,False,False,False,False,174358.2591346223,-16.0,174358.2591346223,False,False,96,0.10*validation_mean; floor=0.25,sorted model names,deterministic accumulated cost then model path,switch-budget feasibility filter only,1e-09,-25122.615351704822,199286.91651128925,209.95797503788162,0.0,-16.0,-0.023199636468363538,-1932.5088732080549,10351.76769230666,0.0,-7741.343208609353,-0.1538461538461538,4199.15950075764,branch-specific beam-pruning path: the budget feasibility filter changes the retained approximate state set despite a feasible unconstrained terminal path,68,100,0.68,24871.87081676325,68,0.68,24871.87081676325
Walmart,high_switch_cost,store_031__dept_095,4,validation_q25,7.0,3.0,4.0,False,True,True,unconstrained_switch_count > K,True,False,True,False,False,False,False,False,False,9587.312143293791,-8.0,9587.312143293791,False,False,96,0.10*validation_mean; floor=0.25,sorted model names,deterministic accumulated cost then model path,switch-budget feasibility filter only,1e-09,34230.8936146957,-25795.5515946346,1159.9701232326624,0.0,-8.0,0.003697798406955166,2633.1456626689105,0.0,0.0,-5923.086923077823,0.0,23199.40246465322,branch-specific beam-pruning path: the budget feasibility filter changes the retained approximate state set despite a feasible unconstrained terminal path,68,100,0.68,24871.87081676325,68,0.68,24871.87081676325
Walmart,high_switch_cost,store_032__dept_092,4,validation_q25,10.0,4.0,6.0,False,True,True,unconstrained_switch_count > K,True,False,True,False,False,False,False,False,False,1831.5970497152302,-12.0,1831.5970497152302,False,False,96,0.10*validation_mean; floor=0.25,sorted model names,deterministic accumulated cost then model path,switch-budget feasibility filter only,1e-09,0.0,1753.813159050187,89.7838906647994,0.0,-12.0,-0.0002624162828200882,0.0,0.0,0.0,0.0,0.0,1795.6778132959735,branch-specific beam-pruning path: the budget feasibility filter changes the retained approximate state set despite a feasible unconstrained terminal path,68,100,0.68,24871.87081676325,68,0.68,24871.87081676325
Walmart,high_switch_cost,store_032__dept_095,4,validation_q25,5.0,4.0,1.0,False,True,True,unconstrained_switch_count > K,True,False,True,False,False,False,False,False,False,14569.600801126333,-2.0,14569.600801126333,False,False,96,0.10*validation_mean; floor=0.25,sorted model names,deterministic accumulated cost then model path,switch-budget feasibility filter only,1e-09,0.0,14868.980409312644,-297.3796081862529,0.0,-2.0,-0.00265290752407199,0.0,0.0,0.0,-2981.5140328314155,-0.0769230769230769,-5947.592163725043,branch-specific beam-pruning path: the budget feasibility filter changes the retained approximate state set despite a feasible unconstrained terminal path,68,100,0.68,24871.87081676325,68,0.68,24871.87081676325
Walmart,high_switch_cost,store_033__dept_094,4,validation_q25,3.0,3.0,0.0,True,False,False,unconstrained_switch_count > K,False,False,False,True,True,True,True,True,True,0.0,0.0,0.0,True,True,96,0.10*validation_mean; floor=0.25,sorted model names,deterministic accumulated cost then model path,switch-budget feasibility filter only,1e-09,0.0,0.0,0.0,0.0,0.0,0.0,0.0,0.0,0.0,0.0,0.0,0.0,none,68,100,0.68,24871.87081676325,68,0.68,24871.87081676325
Walmart,high_switch_cost,store_035__dept_072,4,validation_q25,10.0,4.0,6.0,False,True,True,unconstrained_switch_count > K,True,False,True,False,False,False,False,False,False,-24503.52377514541,-12.0,-24503.52377514541,False,False,96,0.10*validation_mean; floor=0.25,sorted model names,deterministic accumulated cost then model path,switch-budget feasibility filter only,1e-09,0.0,-24404.29654514778,-87.22722999740472,0.0,-12.0,0.004748531599075734,0.0,-1839.7147058201735,0.0,-2972.7182324818423,0.0,-1744.5445999481017,branch-specific beam-pruning path: the budget feasibility filter changes the retained approximate state set despite a feasible unconstrained terminal path,68,100,0.68,24871.87081676325,68,0.68,24871.87081676325
Walmart,high_switch_cost,store_036__dept_087,4,validation_q25,4.0,4.0,0.0,True,False,False,unconstrained_switch_count > K,False,False,False,True,True,True,True,True,True,0.0,0.0,0.0,True,True,96,0.10*validation_mean; floor=0.25,sorted model names,deterministic accumulated cost then model path,switch-budget feasibility filter only,1e-09,0.0,0.0,0.0,0.0,0.0,0.0,0.0,0.0,0.0,0.0,0.0,0.0,none,68,100,0.68,24871.87081676325,68,0.68,24871.87081676325
Walmart,high_switch_cost,store_038__dept_002,4,validation_q25,3.0,3.0,0.0,True,False,False,unconstrained_switch_count > K,False,False,False,True,True,True,True,True,True,0.0,0.0,0.0,True,True,96,0.10*validation_mean; floor=0.25,sorted model names,deterministic accumulated cost then model path,switch-budget feasibility filter only,1e-09,0.0,0.0,0.0,0.0,0.0,0.0,0.0,0.0,0.0,0.0,0.0,0.0,none,68,100,0.68,24871.87081676325,68,0.68,24871.87081676325
Walmart,high_switch_cost,store_039__dept_092,4,validation_q25,6.0,4.0,2.0,False,True,True,unconstrained_switch_count > K,True,False,True,False,False,False,False,False,False,859.1230996993836,-4.0,859.1230996993836,False,False,96,0.10*validation_mean; floor=0.25,sorted model names,deterministic accumulated cost then model path,switch-budget feasibility filter only,1e-09,0.0,1729.888927983935,-866.7658282845769,0.0,-4.0,-0.00021097380945467314,0.0,1859.530961541459,0.0,9479.310859296995,0.0,-17335.316565691493,branch-specific beam-pruning path: the budget feasibility filter changes the retained approximate state set despite a feasible unconstrained terminal path,68,100,0.68,24871.87081676325,68,0.68,24871.87081676325
Walmart,high_switch_cost,store_039__dept_095,4,validation_q25,8.0,4.0,4.0,False,True,True,unconstrained_switch_count > K,True,False,True,False,False,False,False,False,False,-8530.165660209022,-8.0,-8530.165660209022,False,False,96,0.10*validation_mean; floor=0.25,sorted model names,deterministic accumulated cost then model path,switch-budget feasibility filter only,1e-09,-8953.686183893878,0.0,431.5205236849197,0.0,-8.0,0.0,-688.7450910687621,0.0,0.0,810.6303037764737,0.0,8630.4104736984,branch-specific beam-pruning path: the budget feasibility filter changes the retained approximate state set despite a feasible unconstrained terminal path,68,100,0.68,24871.87081676325,68,0.68,24871.87081676325
Walmart,high_switch_cost,store_040__dept_042,4,validation_q25,3.0,3.0,0.0,True,False,False,unconstrained_switch_count > K,False,False,False,True,True,True,True,True,True,0.0,0.0,0.0,True,True,96,0.10*validation_mean; floor=0.25,sorted model names,deterministic accumulated cost then model path,switch-budget feasibility filter only,1e-09,0.0,0.0,0.0,0.0,0.0,0.0,0.0,0.0,0.0,0.0,0.0,0.0,none,68,100,0.68,24871.87081676325,68,0.68,24871.87081676325
Walmart,high_switch_cost,store_040__dept_092,4,validation_q25,4.0,4.0,0.0,True,False,False,unconstrained_switch_count > K,False,False,False,True,True,True,True,True,True,0.0,0.0,0.0,True,True,96,0.10*validation_mean; floor=0.25,sorted model names,deterministic accumulated cost then model path,switch-budget feasibility filter only,1e-09,0.0,0.0,0.0,0.0,0.0,0.0,0.0,0.0,0.0,0.0,0.0,0.0,none,68,100,0.68,24871.87081676325,68,0.68,24871.87081676325
Walmart,high_switch_cost,store_041__dept_033,4,validation_q25,8.0,4.0,4.0,False,True,True,unconstrained_switch_count > K,True,False,True,False,False,True,False,False,False,-8.0,-8.0,-8.0,False,False,96,0.10*validation_mean; floor=0.25,sorted model names,deterministic accumulated cost then model path,switch-budget feasibility filter only,1e-09,0.0,0.0,0.0,0.0,-8.0,0.0,0.0,0.0,0.0,-25170.461507161905,0.0,0.0,branch-specific beam-pruning path: the budget feasibility filter changes the retained approximate state set despite a feasible unconstrained terminal path,68,100,0.68,24871.87081676325,68,0.68,24871.87081676325
Walmart,high_switch_cost,store_041__dept_092,4,validation_q25,6.0,4.0,2.0,False,True,True,unconstrained_switch_count > K,True,False,True,False,False,False,False,False,False,1026.196076918859,-4.0,1026.196076918859,False,False,96,0.10*validation_mean; floor=0.25,sorted model names,deterministic accumulated cost then model path,switch-budget feasibility filter only,1e-09,0.0,1009.996153842425,20.199923076839696,0.0,-4.0,-0.0001178014459614074,0.0,0.0,0.0,0.0,0.0,403.9984615367721,branch-specific beam-pruning path: the budget feasibility filter changes the retained approximate state set despite a feasible unconstrained terminal path,68,100,0.68,24871.87081676325,68,0.68,24871.87081676325
Walmart,high_switch_cost,store_041__dept_095,4,validation_q25,6.0,2.0,4.0,False,True,True,unconstrained_switch_count > K,True,False,True,False,False,False,False,False,False,1523.779494434013,-8.0,1523.779494434013,False,False,96,0.10*validation_mean; floor=0.25,sorted model names,deterministic accumulated cost then model path,switch-budget feasibility filter only,1e-09,6096.527347562485,-4826.7813323911105,262.0334792626263,0.0,-8.0,0.0007378033769004366,468.9636421201867,0.0,0.0,6383.537041866279,0.0,5240.66958525253,branch-specific beam-pruning path: the budget feasibility filter changes the retained approximate state set despite a feasible unconstrained terminal path,68,100,0.68,24871.87081676325,68,0.68,24871.87081676325
Walmart,high_switch_cost,store_041__dept_096,4,validation_q25,7.0,4.0,3.0,False,True,True,unconstrained_switch_count > K,True,False,True,False,False,False,False,False,False,2710.427378697852,-6.0,2710.427378697852,False,False,96,0.10*validation_mean; floor=0.25,sorted model names,deterministic accumulated cost then model path,switch-budget feasibility filter only,1e-09,2717.4380769273193,0.0,-1.010698229468403,0.0,-6.0,0.0,209.0336982251779,0.0,0.0,-1408.6808144309553,-0.0769230769230769,-20.213964589369425,branch-specific beam-pruning path: the budget feasibility filter changes the retained approximate state set despite a feasible unconstrained terminal path,68,100,0.68,24871.87081676325,68,0.68,24871.87081676325
Walmart,high_switch_cost,store_042__dept_092,4,validation_q25,4.0,4.0,0.0,True,False,False,unconstrained_switch_count > K,False,False,False,True,True,True,True,True,True,0.0,0.0,0.0,True,True,96,0.10*validation_mean; floor=0.25,sorted model names,deterministic accumulated cost then model path,switch-budget feasibility filter only,1e-09,0.0,0.0,0.0,0.0,0.0,0.0,0.0,0.0,0.0,0.0,0.0,0.0,none,68,100,0.68,24871.87081676325,68,0.68,24871.87081676325
Walmart,high_switch_cost,store_043__dept_092,4,validation_q25,9.0,4.0,5.0,False,True,True,unconstrained_switch_count > K,True,False,True,False,False,False,False,False,False,-905.1600102506927,-10.0,-905.1600102506927,False,False,96,0.10*validation_mean; floor=0.25,sorted model names,deterministic accumulated cost then model path,switch-budget feasibility filter only,1e-09,11759.649635721464,-13522.511463221075,867.7018172489206,0.0,-10.0,0.0025581573744205555,904.5884335170267,0.0,0.0,0.0,0.0,17354.036344978434,branch-specific beam-pruning path: the budget feasibility filter changes the retained approximate state set despite a feasible unconstrained terminal path,68,100,0.68,24871.87081676325,68,0.68,24871.87081676325
Walmart,high_switch_cost,store_044__dept_009,4,validation_q25,1.0,1.0,0.0,True,False,False,unconstrained_switch_count > K,False,False,False,True,True,True,True,True,True,0.0,0.0,0.0,True,True,96,0.10*validation_mean; floor=0.25,sorted model names,deterministic accumulated cost then model path,switch-budget feasibility filter only,1e-09,0.0,0.0,0.0,0.0,0.0,0.0,0.0,0.0,0.0,0.0,0.0,0.0,none,68,100,0.68,24871.87081676325,68,0.68,24871.87081676325
Walmart,high_switch_cost,store_044__dept_017,4,validation_q25,3.0,3.0,0.0,True,False,False,unconstrained_switch_count > K,False,False,False,True,True,True,True,True,True,0.0,0.0,0.0,True,True,96,0.10*validation_mean; floor=0.25,sorted model names,deterministic accumulated cost then model path,switch-budget feasibility filter only,1e-09,0.0,0.0,0.0,0.0,0.0,0.0,0.0,0.0,0.0,0.0,0.0,0.0,none,68,100,0.68,24871.87081676325,68,0.68,24871.87081676325
Walmart,long_lead,store_001__dept_038,7,validation_q25,11.0,7.0,4.0,False,True,True,unconstrained_switch_count > K,True,False,True,False,False,False,False,False,False,-27237.67636445863,-1.0,-27237.67636445863,False,False,96,0.10*validation_mean; floor=0.25,sorted model names,deterministic accumulated cost then model path,switch-budget feasibility filter only,1e-09,-26068.77226008009,0.0,-1167.904104378371,0.0,-1.0,0.0,-2005.2901738523215,0.0,0.0,-13173.550209860929,-0.0769230769230769,-23358.082087567454,branch-specific beam-pruning path: the budget feasibility filter changes the retained approximate state set despite a feasible unconstrained terminal path,58,100,0.58,4814.107039537545,58,0.58,4814.107039537545
Walmart,long_lead,store_001__dept_090,7,validation_q25,8.0,6.0,2.0,False,True,True,unconstrained_switch_count > K,True,False,True,False,False,False,False,False,False,-23398.176689670887,-0.5,-23398.176689670887,False,False,96,0.10*validation_mean; floor=0.25,sorted model names,deterministic accumulated cost then model path,switch-budget feasibility filter only,1e-09,6968.349923674017,-27755.56098304871,-2610.4656302966505,0.0,-0.5,0.004815695282607502,536.026917205716,-5551.112196609742,0.0,0.0,0.0,-52209.312605933024,branch-specific beam-pruning path: the budget feasibility filter changes the retained approximate state set despite a feasible unconstrained terminal path,58,100,0.58,4814.107039537545,58,0.58,4814.107039537545
Walmart,long_lead,store_001__dept_092,7,validation_q25,8.0,7.0,1.0,False,True,True,unconstrained_switch_count > K,True,False,True,False,False,False,False,False,False,224525.64273702865,-0.25,224525.64273702865,False,False,96,0.10*validation_mean; floor=0.25,sorted model names,deterministic accumulated cost then model path,switch-budget feasibility filter only,1e-09,26659.85476196697,192365.40297511528,5500.634999946327,0.0,-0.25,-0.020603495592366183,2050.758058612817,38491.78559502124,0.0,20607.27655158547,0.0,110012.69999892655,branch-specific beam-pruning path: the budget feasibility filter changes the retained approximate state set despite a feasible unconstrained terminal path,58,100,0.58,4814.107039537545,58,0.58,4814.107039537545
Walmart,long_lead,store_001__dept_095,7,validation_q25,8.0,7.0,1.0,False,True,True,unconstrained_switch_count > K,True,False,True,False,False,False,False,False,False,27922.53767738957,-0.25,27922.53767738957,False,False,96,0.10*validation_mean; floor=0.25,sorted model names,deterministic accumulated cost then model path,switch-budget feasibility filter only,1e-09,25323.618461539038,0.0,2599.1692158488695,0.0,-0.25,0.0,1947.9706508876407,0.0,0.0,0.0,0.0,51983.384316977405,branch-specific beam-pruning path: the budget feasibility filter changes the retained approximate state set despite a feasible unconstrained terminal path,58,100,0.58,4814.107039537545,58,0.58,4814.107039537545
Walmart,long_lead,store_001__dept_098,7,validation_q25,11.0,7.0,4.0,False,True,True,unconstrained_switch_count > K,True,False,True,False,False,False,False,False,False,3989.1663590460666,-1.0,3989.1663590460666,False,False,96,0.10*validation_mean; floor=0.25,sorted model names,deterministic accumulated cost then model path,switch-budget feasibility filter only,1e-09,-501.13684811163694,4501.859222735082,-10.556015577543576,0.0,-1.0,-0.005897999828681555,-38.548988316277246,7.275957614183426e-12,0.0,2212.6960991511223,0.0,-211.1203115508688,branch-specific beam-pruning path: the budget feasibility filter changes the retained approximate state set despite a feasible unconstrained terminal path,58,100,0.58,4814.107039537545,58,0.58,4814.107039537545
Walmart,long_lead,store_002__dept_038,7,validation_q25,5.0,5.0,0.0,True,False,False,unconstrained_switch_count > K,False,False,False,True,True,True,True,True,True,0.0,0.0,0.0,True,True,96,0.10*validation_mean; floor=0.25,sorted model names,deterministic accumulated cost then model path,switch-budget feasibility filter only,1e-09,0.0,0.0,0.0,0.0,0.0,0.0,0.0,0.0,0.0,0.0,0.0,0.0,none,58,100,0.58,4814.107039537545,58,0.58,4814.107039537545
Walmart,long_lead,store_002__dept_090,7,validation_q25,9.0,7.0,2.0,False,True,True,unconstrained_switch_count > K,True,False,True,False,False,False,False,False,False,663.0730094155297,-0.5,663.0730094155297,False,False,96,0.10*validation_mean; floor=0.25,sorted model names,deterministic accumulated cost then model path,switch-budget feasibility filter only,1e-09,0.0,0.0,663.5730094152641,0.0,-0.5,0.0,0.0,0.0,0.0,0.0,0.0,13271.460188305238,branch-specific beam-pruning path: the budget feasibility filter changes the retained approximate state set despite a feasible unconstrained terminal path,58,100,0.58,4814.107039537545,58,0.58,4814.107039537545
Walmart,long_lead,store_002__dept_091,7,validation_q25,10.0,7.0,3.0,False,True,True,unconstrained_switch_count > K,True,False,True,False,False,False,False,False,False,-3381.7032383033074,-0.75,-3381.7032383033074,False,False,96,0.10*validation_mean; floor=0.25,sorted model names,deterministic accumulated cost then model path,switch-budget feasibility filter only,1e-09,0.0,0.0,-3380.953238303853,0.0,-0.75,0.0,0.0,0.0,0.0,-3148.3454493389,-0.0769230769230769,-67619.064766077,branch-specific beam-pruning path: the budget feasibility filter changes the retained approximate state set despite a feasible unconstrained terminal path,58,100,0.58,4814.107039537545,58,0.58,4814.107039537545
Walmart,long_lead,store_002__dept_092,7,validation_q25,9.0,6.0,3.0,False,True,True,unconstrained_switch_count > K,True,False,True,False,False,False,False,False,False,-11806.172917135991,-0.75,-11806.172917135991,False,False,96,0.10*validation_mean; floor=0.25,sorted model names,deterministic accumulated cost then model path,switch-budget feasibility filter only,1e-09,0.0,-11580.800000000745,-224.62291713442755,0.0,-0.75,0.0010235031662796379,0.0,-2316.160000000149,0.0,400.5407692299341,0.07692307692307701,-4492.458342688566,branch-specific beam-pruning path: the budget feasibility filter changes the retained approximate state set despite a feasible unconstrained terminal path,58,100,0.58,4814.107039537545,58,0.58,4814.107039537545
Walmart,long_lead,store_002__dept_095,7,validation_q25,8.0,7.0,1.0,False,True,True,unconstrained_switch_count > K,True,False,True,False,False,False,False,False,False,1018.6459999997169,-0.25,1018.6459999997169,False,False,96,0.10*validation_mean; floor=0.25,sorted model names,deterministic accumulated cost then model path,switch-budget feasibility filter only,1e-09,0.0,0.0,1018.8959999999952,0.0,-0.25,0.0,0.0,0.0,0.0,0.0,0.0,20377.919999999925,branch-specific beam-pruning path: the budget feasibility filter changes the retained approximate state set despite a feasible unconstrained terminal path,58,100,0.58,4814.107039537545,58,0.58,4814.107039537545
Walmart,long_lead,store_003__dept_014,7,validation_q25,10.0,7.0,3.0,False,True,True,unconstrained_switch_count > K,True,False,True,False,False,False,False,False,False,-3322.3646713167836,-0.75,-3322.3646713167836,False,False,96,0.10*validation_mean; floor=0.25,sorted model names,deterministic accumulated cost then model path,switch-budget feasibility filter only,1e-09,-3214.3736842860526,0.0,-107.24098703072548,0.0,-0.75,0.0,-247.25951417584838,0.0,0.0,813.2696264598999,0.07692307692307701,-2144.819740614512,branch-specific beam-pruning path: the budget feasibility filter changes the retained approximate state set despite a feasible unconstrained terminal path,58,100,0.58,4814.107039537545,58,0.58,4814.107039537545
Walmart,long_lead,store_003__dept_038,7,validation_q25,9.0,7.0,2.0,False,True,True,unconstrained_switch_count > K,True,False,True,False,False,False,False,False,False,237.61778092896566,-0.5,237.61778092896566,False,False,96,0.10*validation_mean; floor=0.25,sorted model names,deterministic accumulated cost then model path,switch-budget feasibility filter only,1e-09,0.0,0.0,238.1177809288729,0.0,-0.5,0.0,0.0,0.0,0.0,2175.660000001313,0.0,4762.3556185774505,branch-specific beam-pruning path: the budget feasibility filter changes the retained approximate state set despite a feasible unconstrained terminal path,58,100,0.58,4814.107039537545,58,0.58,4814.107039537545
Walmart,long_lead,store_004__dept_002,7,validation_q25,10.0,7.0,3.0,False,True,True,unconstrained_switch_count > K,True,False,True,False,False,False,False,False,False,889.7081427862868,-0.75,889.7081427862868,False,False,96,0.10*validation_mean; floor=0.25,sorted model names,deterministic accumulated cost then model path,switch-budget feasibility filter only,1e-09,0.0,0.0,890.4581427862759,0.0,-0.75,0.0,0.0,0.0,0.0,0.0,0.0,17809.162855725503,branch-specific beam-pruning path: the budget feasibility filter changes the retained approximate state set despite a feasible unconstrained terminal path,58,100,0.58,4814.107039537545,58,0.58,4814.107039537545
Walmart,long_lead,store_004__dept_038,7,validation_q25,7.0,7.0,0.0,True,False,False,unconstrained_switch_count > K,False,False,False,True,True,True,True,True,True,0.0,0.0,0.0,True,True,96,0.10*validation_mean; floor=0.25,sorted model names,deterministic accumulated cost then model path,switch-budget feasibility filter only,1e-09,0.0,0.0,0.0,0.0,0.0,0.0,0.0,0.0,0.0,0.0,0.0,0.0,none,58,100,0.58,4814.107039537545,58,0.58,4814.107039537545
Walmart,long_lead,store_004__dept_072,7,validation_q25,9.0,7.0,2.0,False,True,True,unconstrained_switch_count > K,True,False,True,False,False,False,False,False,False,52932.00536538288,-0.5,52932.00536538288,False,False,96,0.10*validation_mean; floor=0.25,sorted model names,deterministic accumulated cost then model path,switch-budget feasibility filter only,1e-09,0.0,54012.76057692128,-1080.2552115384024,0.0,-0.5,-0.008511331204372974,0.0,10802.552115384176,0.0,-120481.5895599266,-0.07692307692307687,-21605.104230768047,branch-specific beam-pruning path: the budget feasibility filter changes the retained approximate state set despite a feasible unconstrained terminal path,58,100,0.58,4814.107039537545,58,0.58,4814.107039537545
Walmart,long_lead,store_004__dept_090,7,validation_q25,9.0,7.0,2.0,False,True,True,unconstrained_switch_count > K,True,False,True,False,False,False,False,False,False,-1968.9275141493417,-0.5,-1968.9275141493417,False,False,96,0.10*validation_mean; floor=0.25,sorted model names,deterministic accumulated cost then model path,switch-budget feasibility filter only,1e-09,0.0,0.0,-1968.4275141498856,0.0,-0.5,0.0,0.0,0.0,0.0,2007.6120751990093,0.0769230769230769,-39368.55028299775,branch-specific beam-pruning path: the budget feasibility filter changes the retained approximate state set despite a feasible unconstrained terminal path,58,100,0.58,4814.107039537545,58,0.58,4814.107039537545
Walmart,long_lead,store_004__dept_092,7,validation_q25,9.0,6.0,3.0,False,True,True,unconstrained_switch_count > K,True,False,True,False,False,False,False,False,False,3265.277257204056,-0.75,3265.277257204056,False,False,96,0.10*validation_mean; floor=0.25,sorted model names,deterministic accumulated cost then model path,switch-budget feasibility filter only,1e-09,0.0,0.0,3266.0272572034955,0.0,-0.75,0.0,0.0,0.0,0.0,-11849.518076922162,-0.0769230769230769,65320.54514406994,branch-specific beam-pruning path: the budget feasibility filter changes the retained approximate state set despite a feasible unconstrained terminal path,58,100,0.58,4814.107039537545,58,0.58,4814.107039537545
Walmart,long_lead,store_004__dept_095,7,validation_q25,8.0,7.0,1.0,False,True,True,unconstrained_switch_count > K,True,False,True,False,False,False,False,False,False,1808.6610131347552,-0.25,1808.6610131347552,False,False,96,0.10*validation_mean; floor=0.25,sorted model names,deterministic accumulated cost then model path,switch-budget feasibility filter only,1e-09,0.0,0.0,1808.9110131350244,0.0,-0.25,0.0,0.0,0.0,0.0,5185.848970337887,0.0769230769230769,36178.22026270069,branch-specific beam-pruning path: the budget feasibility filter changes the retained approximate state set despite a feasible unconstrained terminal path,58,100,0.58,4814.107039537545,58,0.58,4814.107039537545
Walmart,long_lead,store_006__dept_016,7,validation_q25,1.0,1.0,0.0,True,False,False,unconstrained_switch_count > K,False,False,False,True,True,True,True,True,True,0.0,0.0,0.0,True,True,96,0.10*validation_mean; floor=0.25,sorted model names,deterministic accumulated cost then model path,switch-budget feasibility filter only,1e-09,0.0,0.0,0.0,0.0,0.0,0.0,0.0,0.0,0.0,0.0,0.0,0.0,none,58,100,0.58,4814.107039537545,58,0.58,4814.107039537545
Walmart,long_lead,store_006__dept_038,7,validation_q25,8.0,7.0,1.0,False,True,True,unconstrained_switch_count > K,True,False,True,False,False,False,False,False,False,-269.91799999959767,-0.25,-269.91799999959767,False,False,96,0.10*validation_mean; floor=0.25,sorted model names,deterministic accumulated cost then model path,switch-budget feasibility filter only,1e-09,0.0,0.0,-269.6679999998523,0.0,-0.25,0.0,0.0,0.0,0.0,2696.679999998538,0.0,-5393.359999997076,branch-specific beam-pruning path: the budget feasibility filter changes the retained approximate state set despite a feasible unconstrained terminal path,58,100,0.58,4814.107039537545,58,0.58,4814.107039537545
Walmart,long_lead,store_006__dept_072,7,validation_q25,7.0,7.0,0.0,True,False,False,unconstrained_switch_count > K,False,False,False,True,True,True,True,True,True,0.0,0.0,0.0,True,True,96,0.10*validation_mean; floor=0.25,sorted model names,deterministic accumulated cost then model path,switch-budget feasibility filter only,1e-09,0.0,0.0,0.0,0.0,0.0,0.0,0.0,0.0,0.0,0.0,0.0,0.0,none,58,100,0.58,4814.107039537545,58,0.58,4814.107039537545
Walmart,long_lead,store_006__dept_092,7,validation_q25,8.0,7.0,1.0,False,True,True,unconstrained_switch_count > K,True,False,True,False,False,True,False,False,False,-0.25,-0.25,-0.25,False,False,96,0.10*validation_mean; floor=0.25,sorted model names,deterministic accumulated cost then model path,switch-budget feasibility filter only,1e-09,0.0,0.0,0.0,0.0,-0.25,0.0,0.0,0.0,0.0,0.0,0.0,0.0,branch-specific beam-pruning path: the budget feasibility filter changes the retained approximate state set despite a feasible unconstrained terminal path,58,100,0.58,4814.107039537545,58,0.58,4814.107039537545
Walmart,long_lead,store_006__dept_095,7,validation_q25,7.0,7.0,0.0,True,False,False,unconstrained_switch_count > K,False,False,False,True,True,True,True,True,True,0.0,0.0,0.0,True,True,96,0.10*validation_mean; floor=0.25,sorted model names,deterministic accumulated cost then model path,switch-budget feasibility filter only,1e-09,0.0,0.0,0.0,0.0,0.0,0.0,0.0,0.0,0.0,0.0,0.0,0.0,none,58,100,0.58,4814.107039537545,58,0.58,4814.107039537545
Walmart,long_lead,store_009__dept_003,7,validation_q25,4.0,4.0,0.0,True,False,False,unconstrained_switch_count > K,False,False,False,True,True,True,True,True,True,0.0,0.0,0.0,True,True,96,0.10*validation_mean; floor=0.25,sorted model names,deterministic accumulated cost then model path,switch-budget feasibility filter only,1e-09,0.0,0.0,0.0,0.0,0.0,0.0,0.0,0.0,0.0,0.0,0.0,0.0,none,58,100,0.58,4814.107039537545,58,0.58,4814.107039537545
Walmart,long_lead,store_009__dept_005,7,validation_q25,4.0,5.0,-1.0,True,False,False,unconstrained_switch_count > K,False,False,False,False,False,False,False,False,False,-111.9269400750054,0.25,-111.9269400750054,False,False,96,0.10*validation_mean; floor=0.25,sorted model names,deterministic accumulated cost then model path,switch-budget feasibility filter only,1e-09,0.0,0.0,-112.17694007493992,0.0,0.25,0.0,0.0,0.0,0.0,-12909.175018921247,-0.07692307692307687,-2243.5388014987984,branch-specific beam-pruning path: the budget feasibility filter changes the retained approximate state set despite a feasible unconstrained terminal path,58,100,0.58,4814.107039537545,58,0.58,4814.107039537545
Walmart,long_lead,store_009__dept_033,7,validation_q25,7.0,7.0,0.0,True,False,False,unconstrained_switch_count > K,False,False,False,True,True,True,True,True,True,0.0,0.0,0.0,True,True,96,0.10*validation_mean; floor=0.25,sorted model names,deterministic accumulated cost then model path,switch-budget feasibility filter only,1e-09,0.0,0.0,0.0,0.0,0.0,0.0,0.0,0.0,0.0,0.0,0.0,0.0,none,58,100,0.58,4814.107039537545,58,0.58,4814.107039537545
Walmart,long_lead,store_009__dept_038,7,validation_q25,9.0,6.0,3.0,False,True,True,unconstrained_switch_count > K,True,False,True,False,False,False,False,False,False,-8697.211647320073,-0.75,-8697.211647320073,False,False,96,0.10*validation_mean; floor=0.25,sorted model names,deterministic accumulated cost then model path,switch-budget feasibility filter only,1e-09,3455.9923359262757,-12441.572409335056,289.118426088824,0.0,-0.75,0.0027998297876627998,265.845564302057,0.0,0.0,-34077.653827068076,0.0,5782.368521776516,branch-specific beam-pruning path: the budget feasibility filter changes the retained approximate state set despite a feasible unconstrained terminal path,58,100,0.58,4814.107039537545,58,0.58,4814.107039537545
Walmart,long_lead,store_010__dept_002,7,validation_q25,6.0,6.0,0.0,True,False,False,unconstrained_switch_count > K,False,False,False,True,True,True,True,True,True,0.0,0.0,0.0,True,True,96,0.10*validation_mean; floor=0.25,sorted model names,deterministic accumulated cost then model path,switch-budget feasibility filter only,1e-09,0.0,0.0,0.0,0.0,0.0,0.0,0.0,0.0,0.0,0.0,0.0,0.0,none,58,100,0.58,4814.107039537545,58,0.58,4814.107039537545
Walmart,long_lead,store_010__dept_008,7,validation_q25,9.0,7.0,2.0,False,True,True,unconstrained_switch_count > K,True,False,True,False,False,False,False,False,False,6724.661627509631,-0.5,6724.661627509631,False,False,96,0.10*validation_mean; floor=0.25,sorted model names,deterministic accumulated cost then model path,switch-budget feasibility filter only,1e-09,6657.988842956722,0.0,67.1727845526475,0.0,-0.5,0.0,512.1529879197478,0.0,0.0,0.0,0.0,1343.45569105295,branch-specific beam-pruning path: the budget feasibility filter changes the retained approximate state set despite a feasible unconstrained terminal path,58,100,0.58,4814.107039537545,58,0.58,4814.107039537545
Walmart,long_lead,store_010__dept_038,7,validation_q25,9.0,7.0,2.0,False,True,True,unconstrained_switch_count > K,True,False,True,False,False,False,False,False,False,1209.6483569289558,-0.5,1209.6483569289558,False,False,96,0.10*validation_mean; floor=0.25,sorted model names,deterministic accumulated cost then model path,switch-budget feasibility filter only,1e-09,0.0,0.0,1210.1483569297652,0.0,-0.5,0.0,0.0,0.0,0.0,4604.130880507699,0.07692307692307701,24202.967138595297,branch-specific beam-pruning path: the budget feasibility filter changes the retained approximate state set despite a feasible unconstrained terminal path,58,100,0.58,4814.107039537545,58,0.58,4814.107039537545
Walmart,long_lead,store_010__dept_040,7,validation_q25,11.0,7.0,4.0,False,True,True,unconstrained_switch_count > K,True,False,True,False,False,False,False,False,False,-1527.2409999989904,-1.0,-1527.2409999989904,False,False,96,0.10*validation_mean; floor=0.25,sorted model names,deterministic accumulated cost then model path,switch-budget feasibility filter only,1e-09,0.0,0.0,-1526.2409999992851,0.0,-1.0,0.0,0.0,0.0,0.0,1496.6900000030946,0.07692307692307701,-30524.81999998563,branch-specific beam-pruning path: the budget feasibility filter changes the retained approximate state set despite a feasible unconstrained terminal path,58,100,0.58,4814.107039537545,58,0.58,4814.107039537545
Walmart,long_lead,store_010__dept_072,7,validation_q25,6.0,6.0,0.0,True,False,False,unconstrained_switch_count > K,False,False,False,True,True,True,True,True,True,0.0,0.0,0.0,True,True,96,0.10*validation_mean; floor=0.25,sorted model names,deterministic accumulated cost then model path,switch-budget feasibility filter only,1e-09,0.0,0.0,0.0,0.0,0.0,0.0,0.0,0.0,0.0,0.0,0.0,0.0,none,58,100,0.58,4814.107039537545,58,0.58,4814.107039537545
Walmart,long_lead,store_013__dept_038,7,validation_q25,10.0,7.0,3.0,False,True,True,unconstrained_switch_count > K,True,False,True,False,False,False,False,False,False,-1600.0864086542279,-0.75,-1600.0864086542279,False,False,96,0.10*validation_mean; floor=0.25,sorted model names,deterministic accumulated cost then model path,switch-budget feasibility filter only,1e-09,0.0,0.0,-1599.3364086538586,0.0,-0.75,0.0,0.0,0.0,0.0,-5537.763653841888,-0.1538461538461538,-31986.728173077223,branch-specific beam-pruning path: the budget feasibility filter changes the retained approximate state set despite a feasible unconstrained terminal path,58,100,0.58,4814.107039537545,58,0.58,4814.107039537545
Walmart,long_lead,store_013__dept_090,7,validation_q25,7.0,7.0,0.0,True,False,False,unconstrained_switch_count > K,False,False,False,True,True,True,True,True,True,0.0,0.0,0.0,True,True,96,0.10*validation_mean; floor=0.25,sorted model names,deterministic accumulated cost then model path,switch-budget feasibility filter only,1e-09,0.0,0.0,0.0,0.0,0.0,0.0,0.0,0.0,0.0,0.0,0.0,0.0,none,58,100,0.58,4814.107039537545,58,0.58,4814.107039537545
Walmart,long_lead,store_013__dept_091,7,validation_q25,9.0,7.0,2.0,False,True,True,unconstrained_switch_count > K,True,False,True,False,False,False,False,False,False,-12221.908745777793,-0.5,-12221.908745777793,False,False,96,0.10*validation_mean; floor=0.25,sorted model names,deterministic accumulated cost then model path,switch-budget feasibility filter only,1e-09,-10143.027901520953,0.0,-2078.3808442564386,0.0,-0.5,0.0,-780.232915501605,0.0,0.0,0.0,0.0,-41567.61688512878,branch-specific beam-pruning path: the budget feasibility filter changes the retained approximate state set despite a feasible unconstrained terminal path,58,100,0.58,4814.107039537545,58,0.58,4814.107039537545
Walmart,long_lead,store_013__dept_092,7,validation_q25,11.0,7.0,4.0,False,True,True,unconstrained_switch_count > K,True,False,True,False,False,False,False,False,False,1479.1523472685367,-1.0,1479.1523472685367,False,False,96,0.10*validation_mean; floor=0.25,sorted model names,deterministic accumulated cost then model path,switch-budget feasibility filter only,1e-09,0.0,0.0,1480.1523472688277,0.0,-1.0,0.0,0.0,0.0,0.0,-17868.931923081196,-0.07692307692307701,29603.046945376496,branch-specific beam-pruning path: the budget feasibility filter changes the retained approximate state set despite a feasible unconstrained terminal path,58,100,0.58,4814.107039537545,58,0.58,4814.107039537545
Walmart,long_lead,store_013__dept_095,7,validation_q25,7.0,7.0,0.0,True,False,False,unconstrained_switch_count > K,False,False,False,True,True,True,True,True,True,0.0,0.0,0.0,True,True,96,0.10*validation_mean; floor=0.25,sorted model names,deterministic accumulated cost then model path,switch-budget feasibility filter only,1e-09,0.0,0.0,0.0,0.0,0.0,0.0,0.0,0.0,0.0,0.0,0.0,0.0,none,58,100,0.58,4814.107039537545,58,0.58,4814.107039537545
Walmart,long_lead,store_014__dept_002,7,validation_q25,10.0,6.0,4.0,False,True,True,unconstrained_switch_count > K,True,False,True,False,False,False,False,False,False,9611.741767210886,-1.0,9611.741767210886,False,False,96,0.10*validation_mean; floor=0.25,sorted model names,deterministic accumulated cost then model path,switch-budget feasibility filter only,1e-09,9446.886187935248,0.0,165.85557927515947,0.0,-1.0,0.0,726.6835529181408,0.0,0.0,10902.212739650975,0.15384615384615388,3317.111585503182,branch-specific beam-pruning path: the budget feasibility filter changes the retained approximate state set despite a feasible unconstrained terminal path,58,100,0.58,4814.107039537545,58,0.58,4814.107039537545
Walmart,long_lead,store_014__dept_038,7,validation_q25,9.0,7.0,2.0,False,True,True,unconstrained_switch_count > K,True,False,True,False,False,False,False,False,False,131.0805841423571,-0.5,131.0805841423571,False,False,96,0.10*validation_mean; floor=0.25,sorted model names,deterministic accumulated cost then model path,switch-budget feasibility filter only,1e-09,0.0,0.0,131.5805841425772,0.0,-0.5,0.0,0.0,0.0,0.0,0.0,0.0,2631.611682851508,branch-specific beam-pruning path: the budget feasibility filter changes the retained approximate state set despite a feasible unconstrained terminal path,58,100,0.58,4814.107039537545,58,0.58,4814.107039537545
Walmart,long_lead,store_014__dept_046,7,validation_q25,3.0,3.0,0.0,True,False,False,unconstrained_switch_count > K,False,False,False,True,True,True,True,True,True,0.0,0.0,0.0,True,True,96,0.10*validation_mean; floor=0.25,sorted model names,deterministic accumulated cost then model path,switch-budget feasibility filter only,1e-09,0.0,0.0,0.0,0.0,0.0,0.0,0.0,0.0,0.0,0.0,0.0,0.0,none,58,100,0.58,4814.107039537545,58,0.58,4814.107039537545
Walmart,long_lead,store_014__dept_072,7,validation_q25,4.0,4.0,0.0,True,False,False,unconstrained_switch_count > K,False,False,False,True,True,True,True,True,True,0.0,0.0,0.0,True,True,96,0.10*validation_mean; floor=0.25,sorted model names,deterministic accumulated cost then model path,switch-budget feasibility filter only,1e-09,0.0,0.0,0.0,0.0,0.0,0.0,0.0,0.0,0.0,0.0,0.0,0.0,none,58,100,0.58,4814.107039537545,58,0.58,4814.107039537545
Walmart,long_lead,store_014__dept_090,7,validation_q25,7.0,7.0,0.0,True,False,False,unconstrained_switch_count > K,False,False,False,True,True,True,True,True,True,0.0,0.0,0.0,True,True,96,0.10*validation_mean; floor=0.25,sorted model names,deterministic accumulated cost then model path,switch-budget feasibility filter only,1e-09,0.0,0.0,0.0,0.0,0.0,0.0,0.0,0.0,0.0,0.0,0.0,0.0,none,58,100,0.58,4814.107039537545,58,0.58,4814.107039537545
Walmart,long_lead,store_014__dept_091,7,validation_q25,4.0,4.0,0.0,True,False,False,unconstrained_switch_count > K,False,False,False,True,True,True,True,True,True,0.0,0.0,0.0,True,True,96,0.10*validation_mean; floor=0.25,sorted model names,deterministic accumulated cost then model path,switch-budget feasibility filter only,1e-09,0.0,0.0,0.0,0.0,0.0,0.0,0.0,0.0,0.0,0.0,0.0,0.0,none,58,100,0.58,4814.107039537545,58,0.58,4814.107039537545
Walmart,long_lead,store_014__dept_092,7,validation_q25,9.0,7.0,2.0,False,True,True,unconstrained_switch_count > K,True,False,True,False,False,False,False,False,False,511.47775011789054,-0.5,511.47775011789054,False,False,96,0.10*validation_mean; floor=0.25,sorted model names,deterministic accumulated cost then model path,switch-budget feasibility filter only,1e-09,0.0,0.0,511.9777501177741,0.0,-0.5,0.0,0.0,0.0,0.0,0.0,0.0,10239.555002355482,branch-specific beam-pruning path: the budget feasibility filter changes the retained approximate state set despite a feasible unconstrained terminal path,58,100,0.58,4814.107039537545,58,0.58,4814.107039537545
Walmart,long_lead,store_014__dept_095,7,validation_q25,6.0,6.0,0.0,True,False,False,unconstrained_switch_count > K,False,False,False,True,True,True,True,True,True,0.0,0.0,0.0,True,True,96,0.10*validation_mean; floor=0.25,sorted model names,deterministic accumulated cost then model path,switch-budget feasibility filter only,1e-09,0.0,0.0,0.0,0.0,0.0,0.0,0.0,0.0,0.0,0.0,0.0,0.0,none,58,100,0.58,4814.107039537545,58,0.58,4814.107039537545
Walmart,long_lead,store_015__dept_026,7,validation_q25,6.0,6.0,0.0,True,False,False,unconstrained_switch_count > K,False,False,False,True,True,True,True,True,True,0.0,0.0,0.0,True,True,96,0.10*validation_mean; floor=0.25,sorted model names,deterministic accumulated cost then model path,switch-budget feasibility filter only,1e-09,0.0,0.0,0.0,0.0,0.0,0.0,0.0,0.0,0.0,0.0,0.0,0.0,none,58,100,0.58,4814.107039537545,58,0.58,4814.107039537545
Walmart,long_lead,store_016__dept_096,7,validation_q25,7.0,7.0,0.0,True,False,False,unconstrained_switch_count > K,False,False,False,True,True,True,True,True,True,0.0,0.0,0.0,True,True,96,0.10*validation_mean; floor=0.25,sorted model names,deterministic accumulated cost then model path,switch-budget feasibility filter only,1e-09,0.0,0.0,0.0,0.0,0.0,0.0,0.0,0.0,0.0,0.0,0.0,0.0,none,58,100,0.58,4814.107039537545,58,0.58,4814.107039537545
Walmart,long_lead,store_019__dept_092,7,validation_q25,8.0,7.0,1.0,False,True,True,unconstrained_switch_count > K,True,False,True,False,False,False,False,False,False,651.3384105688892,-0.25,651.3384105688892,False,False,96,0.10*validation_mean; floor=0.25,sorted model names,deterministic accumulated cost then model path,switch-budget feasibility filter only,1e-09,0.0,0.0,651.5884105687637,0.0,-0.25,0.0,0.0,0.0,0.0,0.0,0.0,13031.76821137534,branch-specific beam-pruning path: the budget feasibility filter changes the retained approximate state set despite a feasible unconstrained terminal path,58,100,0.58,4814.107039537545,58,0.58,4814.107039537545
Walmart,long_lead,store_019__dept_095,7,validation_q25,8.0,7.0,1.0,False,True,True,unconstrained_switch_count > K,True,False,True,False,False,True,False,False,False,-0.25,-0.25,-0.25,False,False,96,0.10*validation_mean; floor=0.25,sorted model names,deterministic accumulated cost then model path,switch-budget feasibility filter only,1e-09,0.0,0.0,0.0,0.0,-0.25,0.0,0.0,0.0,0.0,522.2865673870401,0.0,0.0,branch-specific beam-pruning path: the budget feasibility filter changes the retained approximate state set despite a feasible unconstrained terminal path,58,100,0.58,4814.107039537545,58,0.58,4814.107039537545
Walmart,long_lead,store_020__dept_038,7,validation_q25,8.0,7.0,1.0,False,True,True,unconstrained_switch_count > K,True,False,True,False,False,False,False,False,False,718.5387696800753,-0.25,718.5387696800753,False,False,96,0.10*validation_mean; floor=0.25,sorted model names,deterministic accumulated cost then model path,switch-budget feasibility filter only,1e-09,0.0,0.0,718.7887696808612,0.0,-0.25,0.0,0.0,0.0,0.0,0.0,0.0,14375.775393617223,branch-specific beam-pruning path: the budget feasibility filter changes the retained approximate state set despite a feasible unconstrained terminal path,58,100,0.58,4814.107039537545,58,0.58,4814.107039537545
Walmart,long_lead,store_020__dept_040,7,validation_q25,7.0,7.0,0.0,True,False,False,unconstrained_switch_count > K,False,False,False,True,True,True,True,True,True,0.0,0.0,0.0,True,True,96,0.10*validation_mean; floor=0.25,sorted model names,deterministic accumulated cost then model path,switch-budget feasibility filter only,1e-09,0.0,0.0,0.0,0.0,0.0,0.0,0.0,0.0,0.0,0.0,0.0,0.0,none,58,100,0.58,4814.107039537545,58,0.58,4814.107039537545
Walmart,long_lead,store_020__dept_072,7,validation_q25,5.0,5.0,0.0,True,False,False,unconstrained_switch_count > K,False,False,False,True,True,True,True,True,True,0.0,0.0,0.0,True,True,96,0.10*validation_mean; floor=0.25,sorted model names,deterministic accumulated cost then model path,switch-budget feasibility filter only,1e-09,0.0,0.0,0.0,0.0,0.0,0.0,0.0,0.0,0.0,0.0,0.0,0.0,none,58,100,0.58,4814.107039537545,58,0.58,4814.107039537545
Walmart,long_lead,store_020__dept_083,7,validation_q25,8.0,6.0,2.0,False,True,True,unconstrained_switch_count > K,True,False,True,False,False,True,False,False,False,-0.5,-0.5,-0.5,False,False,96,0.10*validation_mean; floor=0.25,sorted model names,deterministic accumulated cost then model path,switch-budget feasibility filter only,1e-09,0.0,0.0,0.0,0.0,-0.5,0.0,0.0,0.0,0.0,-394.369230765682,0.0,0.0,branch-specific beam-pruning path: the budget feasibility filter changes the retained approximate state set despite a feasible unconstrained terminal path,58,100,0.58,4814.107039537545,58,0.58,4814.107039537545
Walmart,long_lead,store_020__dept_090,7,validation_q25,10.0,7.0,3.0,False,True,True,unconstrained_switch_count > K,True,False,True,False,False,False,False,False,False,-891.9999996176921,-0.75,-891.9999996176921,False,False,96,0.10*validation_mean; floor=0.25,sorted model names,deterministic accumulated cost then model path,switch-budget feasibility filter only,1e-09,0.0,0.0,-891.2499996174483,0.0,-0.75,0.0,0.0,0.0,0.0,0.0,0.0,-17824.99999234898,branch-specific beam-pruning path: the budget feasibility filter changes the retained approximate state set despite a feasible unconstrained terminal path,58,100,0.58,4814.107039537545,58,0.58,4814.107039537545
Walmart,long_lead,store_020__dept_092,7,validation_q25,12.0,7.0,5.0,False,True,True,unconstrained_switch_count > K,True,False,True,False,False,False,False,False,False,25394.169159672223,-1.25,25394.169159672223,False,False,96,0.10*validation_mean; floor=0.25,sorted model names,deterministic accumulated cost then model path,switch-budget feasibility filter only,1e-09,22968.523851204664,0.0,2426.895308465975,0.0,-1.25,0.0,1766.8095270158374,0.0,0.0,0.0,0.0,48537.906169319525,branch-specific beam-pruning path: the budget feasibility filter changes the retained approximate state set despite a feasible unconstrained terminal path,58,100,0.58,4814.107039537545,58,0.58,4814.107039537545
Walmart,long_lead,store_020__dept_095,7,validation_q25,7.0,7.0,0.0,True,False,False,unconstrained_switch_count > K,False,False,False,True,True,True,True,True,True,0.0,0.0,0.0,True,True,96,0.10*validation_mean; floor=0.25,sorted model names,deterministic accumulated cost then model path,switch-budget feasibility filter only,1e-09,0.0,0.0,0.0,0.0,0.0,0.0,0.0,0.0,0.0,0.0,0.0,0.0,none,58,100,0.58,4814.107039537545,58,0.58,4814.107039537545
Walmart,long_lead,store_022__dept_059,7,validation_q25,6.0,6.0,0.0,True,False,False,unconstrained_switch_count > K,False,False,False,False,False,True,True,True,False,0.0,0.0,0.0,False,True,96,0.10*validation_mean; floor=0.25,sorted model names,deterministic accumulated cost then model path,switch-budget feasibility filter only,1e-09,0.0,0.0,0.0,0.0,0.0,0.0,0.0,0.0,0.0,-208.9511291806425,0.0,0.0,exact-cost alternative path; candidate ordering is identical and deterministic tie-breaking acts on branch-specific retained beams,58,100,0.58,4814.107039537545,58,0.58,4814.107039537545
Walmart,long_lead,store_023__dept_032,7,validation_q25,7.0,7.0,0.0,True,False,False,unconstrained_switch_count > K,False,False,False,True,True,True,True,True,True,0.0,0.0,0.0,True,True,96,0.10*validation_mean; floor=0.25,sorted model names,deterministic accumulated cost then model path,switch-budget feasibility filter only,1e-09,0.0,0.0,0.0,0.0,0.0,0.0,0.0,0.0,0.0,0.0,0.0,0.0,none,58,100,0.58,4814.107039537545,58,0.58,4814.107039537545
Walmart,long_lead,store_023__dept_072,7,validation_q25,8.0,7.0,1.0,False,True,True,unconstrained_switch_count > K,True,False,True,False,False,True,False,False,False,-0.25,-0.25,-0.25,False,False,96,0.10*validation_mean; floor=0.25,sorted model names,deterministic accumulated cost then model path,switch-budget feasibility filter only,1e-09,0.0,0.0,0.0,0.0,-0.25,0.0,0.0,0.0,0.0,14989.446153843892,0.0,0.0,branch-specific beam-pruning path: the budget feasibility filter changes the retained approximate state set despite a feasible unconstrained terminal path,58,100,0.58,4814.107039537545,58,0.58,4814.107039537545
Walmart,long_lead,store_024__dept_018,7,validation_q25,3.0,3.0,0.0,True,False,False,unconstrained_switch_count > K,False,False,False,True,True,True,True,True,True,0.0,0.0,0.0,True,True,96,0.10*validation_mean; floor=0.25,sorted model names,deterministic accumulated cost then model path,switch-budget feasibility filter only,1e-09,0.0,0.0,0.0,0.0,0.0,0.0,0.0,0.0,0.0,0.0,0.0,0.0,none,58,100,0.58,4814.107039537545,58,0.58,4814.107039537545
Walmart,long_lead,store_024__dept_040,7,validation_q25,9.0,7.0,2.0,False,True,True,unconstrained_switch_count > K,True,False,True,False,False,False,False,False,False,-935.579692307394,-0.5,-935.579692307394,False,False,96,0.10*validation_mean; floor=0.25,sorted model names,deterministic accumulated cost then model path,switch-budget feasibility filter only,1e-09,0.0,0.0,-935.079692307324,0.0,-0.5,0.0,0.0,0.0,0.0,0.0,0.0,-18701.593846146483,branch-specific beam-pruning path: the budget feasibility filter changes the retained approximate state set despite a feasible unconstrained terminal path,58,100,0.58,4814.107039537545,58,0.58,4814.107039537545
Walmart,long_lead,store_024__dept_092,7,validation_q25,11.0,7.0,4.0,False,True,True,unconstrained_switch_count > K,True,False,True,False,False,False,False,False,False,-433.9038708470762,-1.0,-433.9038708470762,False,False,96,0.10*validation_mean; floor=0.25,sorted model names,deterministic accumulated cost then model path,switch-budget feasibility filter only,1e-09,0.0,0.0,-432.9038708468288,0.0,-1.0,0.0,0.0,0.0,0.0,-14234.487401206832,-0.07692307692307687,-8658.077416936634,branch-specific beam-pruning path: the budget feasibility filter changes the retained approximate state set despite a feasible unconstrained terminal path,58,100,0.58,4814.107039537545,58,0.58,4814.107039537545
Walmart,long_lead,store_024__dept_095,7,validation_q25,5.0,7.0,-2.0,True,False,False,unconstrained_switch_count > K,False,False,False,False,False,False,False,False,False,5598.9498701915145,0.5,5598.9498701915145,False,False,96,0.10*validation_mean; floor=0.25,sorted model names,deterministic accumulated cost then model path,switch-budget feasibility filter only,1e-09,0.0,0.0,5598.449870192289,0.0,0.5,0.0,0.0,0.0,0.0,11842.65413461253,0.1538461538461538,111968.9974038458,branch-specific beam-pruning path: the budget feasibility filter changes the retained approximate state set despite a feasible unconstrained terminal path,58,100,0.58,4814.107039537545,58,0.58,4814.107039537545
Walmart,long_lead,store_025__dept_018,7,validation_q25,4.0,4.0,0.0,True,False,False,unconstrained_switch_count > K,False,False,False,True,True,True,True,True,True,0.0,0.0,0.0,True,True,96,0.10*validation_mean; floor=0.25,sorted model names,deterministic accumulated cost then model path,switch-budget feasibility filter only,1e-09,0.0,0.0,0.0,0.0,0.0,0.0,0.0,0.0,0.0,0.0,0.0,0.0,none,58,100,0.58,4814.107039537545,58,0.58,4814.107039537545
Walmart,long_lead,store_026__dept_024,7,validation_q25,6.0,6.0,0.0,True,False,False,unconstrained_switch_count > K,False,False,False,True,True,True,True,True,True,0.0,0.0,0.0,True,True,96,0.10*validation_mean; floor=0.25,sorted model names,deterministic accumulated cost then model path,switch-budget feasibility filter only,1e-09,0.0,0.0,0.0,0.0,0.0,0.0,0.0,0.0,0.0,0.0,0.0,0.0,none,58,100,0.58,4814.107039537545,58,0.58,4814.107039537545
Walmart,long_lead,store_026__dept_036,7,validation_q25,4.0,4.0,0.0,True,False,False,unconstrained_switch_count > K,False,False,False,True,True,True,True,True,True,0.0,0.0,0.0,True,True,96,0.10*validation_mean; floor=0.25,sorted model names,deterministic accumulated cost then model path,switch-budget feasibility filter only,1e-09,0.0,0.0,0.0,0.0,0.0,0.0,0.0,0.0,0.0,0.0,0.0,0.0,none,58,100,0.58,4814.107039537545,58,0.58,4814.107039537545
Walmart,long_lead,store_026__dept_038,7,validation_q25,10.0,7.0,3.0,False,True,True,unconstrained_switch_count > K,True,False,True,False,False,True,False,False,False,-0.75,-0.75,-0.75,False,False,96,0.10*validation_mean; floor=0.25,sorted model names,deterministic accumulated cost then model path,switch-budget feasibility filter only,1e-09,0.0,0.0,0.0,0.0,-0.75,0.0,0.0,0.0,0.0,6039.50742677052,0.0,0.0,branch-specific beam-pruning path: the budget feasibility filter changes the retained approximate state set despite a feasible unconstrained terminal path,58,100,0.58,4814.107039537545,58,0.58,4814.107039537545
Walmart,long_lead,store_026__dept_092,7,validation_q25,9.0,6.0,3.0,False,True,True,unconstrained_switch_count > K,True,False,True,False,False,False,False,False,False,-451.7706142333336,-0.75,-451.7706142333336,False,False,96,0.10*validation_mean; floor=0.25,sorted model names,deterministic accumulated cost then model path,switch-budget feasibility filter only,1e-09,114.0187667584978,0.0,-565.0393809919369,0.0,-0.75,0.0,8.770674366067396,0.0,0.0,3449.9970871471414,0.07692307692307701,-11300.787619838724,branch-specific beam-pruning path: the budget feasibility filter changes the retained approximate state set despite a feasible unconstrained terminal path,58,100,0.58,4814.107039537545,58,0.58,4814.107039537545
Walmart,long_lead,store_027__dept_071,7,validation_q25,6.0,6.0,0.0,True,False,False,unconstrained_switch_count > K,False,False,False,True,True,True,True,True,True,0.0,0.0,0.0,True,True,96,0.10*validation_mean; floor=0.25,sorted model names,deterministic accumulated cost then model path,switch-budget feasibility filter only,1e-09,0.0,0.0,0.0,0.0,0.0,0.0,0.0,0.0,0.0,0.0,0.0,0.0,none,58,100,0.58,4814.107039537545,58,0.58,4814.107039537545
Walmart,long_lead,store_027__dept_090,7,validation_q25,10.0,7.0,3.0,False,True,True,unconstrained_switch_count > K,True,False,True,False,False,False,False,False,False,15001.270588093903,-0.75,15001.270588093903,False,False,96,0.10*validation_mean; floor=0.25,sorted model names,deterministic accumulated cost then model path,switch-budget feasibility filter only,1e-09,0.0,11505.639667625073,3496.380920468474,0.0,-0.75,-0.001940681050200177,0.0,2301.1279335250147,0.0,-1353.201920320178,0.0769230769230769,69927.61840936949,branch-specific beam-pruning path: the budget feasibility filter changes the retained approximate state set despite a feasible unconstrained terminal path,58,100,0.58,4814.107039537545,58,0.58,4814.107039537545
Walmart,long_lead,store_027__dept_092,7,validation_q25,10.0,7.0,3.0,False,True,True,unconstrained_switch_count > K,True,False,True,False,False,False,False,False,False,2696.81799999997,-0.75,2696.81799999997,False,False,96,0.10*validation_mean; floor=0.25,sorted model names,deterministic accumulated cost then model path,switch-budget feasibility filter only,1e-09,0.0,0.0,2697.568000000014,0.0,-0.75,0.0,0.0,0.0,0.0,35276.58440310205,0.0,53951.360000000335,branch-specific beam-pruning path: the budget feasibility filter changes the retained approximate state set despite a feasible unconstrained terminal path,58,100,0.58,4814.107039537545,58,0.58,4814.107039537545
Walmart,long_lead,store_027__dept_095,7,validation_q25,8.0,7.0,1.0,False,True,True,unconstrained_switch_count > K,True,False,True,False,False,True,False,False,False,-0.25,-0.25,-0.25,False,False,96,0.10*validation_mean; floor=0.25,sorted model names,deterministic accumulated cost then model path,switch-budget feasibility filter only,1e-09,0.0,0.0,0.0,0.0,-0.25,0.0,0.0,0.0,0.0,2733.6153293786338,0.0,0.0,branch-specific beam-pruning path: the budget feasibility filter changes the retained approximate state set despite a feasible unconstrained terminal path,58,100,0.58,4814.107039537545,58,0.58,4814.107039537545
Walmart,long_lead,store_028__dept_092,7,validation_q25,7.0,7.0,0.0,True,False,False,unconstrained_switch_count > K,False,False,False,False,False,False,True,False,False,-9061.536048413254,0.0,-9061.536048413254,False,False,96,0.10*validation_mean; floor=0.25,sorted model names,deterministic accumulated cost then model path,switch-budget feasibility filter only,1e-09,-9812.086480017751,0.0,750.5504316046445,0.0,0.0,0.0,-754.7758830783423,0.0,0.0,-9278.239130753005,0.0,15011.008632092795,branch-specific beam-pruning path: the budget feasibility filter changes the retained approximate state set despite a feasible unconstrained terminal path,58,100,0.58,4814.107039537545,58,0.58,4814.107039537545
Walmart,long_lead,store_028__dept_095,7,validation_q25,7.0,7.0,0.0,True,False,False,unconstrained_switch_count > K,False,False,False,True,True,True,True,True,True,0.0,0.0,0.0,True,True,96,0.10*validation_mean; floor=0.25,sorted model names,deterministic accumulated cost then model path,switch-budget feasibility filter only,1e-09,0.0,0.0,0.0,0.0,0.0,0.0,0.0,0.0,0.0,0.0,0.0,0.0,none,58,100,0.58,4814.107039537545,58,0.58,4814.107039537545
Walmart,long_lead,store_029__dept_027,7,validation_q25,10.0,7.0,3.0,False,True,True,unconstrained_switch_count > K,True,False,True,False,False,True,False,False,False,-0.75,-0.75,-0.75,False,False,96,0.10*validation_mean; floor=0.25,sorted model names,deterministic accumulated cost then model path,switch-budget feasibility filter only,1e-09,0.0,0.0,0.0,0.0,-0.75,0.0,0.0,0.0,0.0,741.5230769295531,0.0,0.0,branch-specific beam-pruning path: the budget feasibility filter changes the retained approximate state set despite a feasible unconstrained terminal path,58,100,0.58,4814.107039537545,58,0.58,4814.107039537545
Walmart,long_lead,store_030__dept_083,7,validation_q25,8.0,7.0,1.0,False,True,True,unconstrained_switch_count > K,True,False,True,False,False,True,False,False,False,-0.25,-0.25,-0.25,False,False,96,0.10*validation_mean; floor=0.25,sorted model names,deterministic accumulated cost then model path,switch-budget feasibility filter only,1e-09,0.0,0.0,0.0,0.0,-0.25,0.0,0.0,0.0,0.0,-325.62164801485596,0.0,0.0,branch-specific beam-pruning path: the budget feasibility filter changes the retained approximate state set despite a feasible unconstrained terminal path,58,100,0.58,4814.107039537545,58,0.58,4814.107039537545
Walmart,long_lead,store_031__dept_038,7,validation_q25,9.0,7.0,2.0,False,True,True,unconstrained_switch_count > K,True,False,True,False,False,False,False,False,False,9625.40450372547,-0.5,9625.40450372547,False,False,96,0.10*validation_mean; floor=0.25,sorted model names,deterministic accumulated cost then model path,switch-budget feasibility filter only,1e-09,8710.328172409907,0.0,915.5763313152147,0.0,-0.5,0.0,670.0252440315962,0.0,0.0,0.0,0.0,18311.526626304258,branch-specific beam-pruning path: the budget feasibility filter changes the retained approximate state set despite a feasible unconstrained terminal path,58,100,0.58,4814.107039537545,58,0.58,4814.107039537545
Walmart,long_lead,store_031__dept_046,7,validation_q25,3.0,3.0,0.0,True,False,False,unconstrained_switch_count > K,False,False,False,True,True,True,True,True,True,0.0,0.0,0.0,True,True,96,0.10*validation_mean; floor=0.25,sorted model names,deterministic accumulated cost then model path,switch-budget feasibility filter only,1e-09,0.0,0.0,0.0,0.0,0.0,0.0,0.0,0.0,0.0,0.0,0.0,0.0,none,58,100,0.58,4814.107039537545,58,0.58,4814.107039537545
Walmart,long_lead,store_031__dept_079,7,validation_q25,10.0,7.0,3.0,False,True,True,unconstrained_switch_count > K,True,False,True,False,False,False,False,False,False,-5658.749896830879,-0.75,-5658.749896830879,False,False,96,0.10*validation_mean; floor=0.25,sorted model names,deterministic accumulated cost then model path,switch-budget feasibility filter only,1e-09,-5582.143588838633,0.0,-75.8563079921114,0.0,-0.75,0.0,-429.39566067988926,0.0,0.0,-68.44401851831935,0.0,-1517.1261598422425,branch-specific beam-pruning path: the budget feasibility filter changes the retained approximate state set despite a feasible unconstrained terminal path,58,100,0.58,4814.107039537545,58,0.58,4814.107039537545
Walmart,long_lead,store_031__dept_090,7,validation_q25,10.0,7.0,3.0,False,True,True,unconstrained_switch_count > K,True,False,True,False,False,False,False,False,False,-3184.5129896639846,-0.75,-3184.5129896639846,False,False,96,0.10*validation_mean; floor=0.25,sorted model names,deterministic accumulated cost then model path,switch-budget feasibility filter only,1e-09,-2752.3836531918496,0.0,-431.3793364731064,0.0,-0.75,0.0,-211.7218194762536,0.0,0.0,-274.4328846153512,-0.0769230769230769,-8627.586729462171,branch-specific beam-pruning path: the budget feasibility filter changes the retained approximate state set despite a feasible unconstrained terminal path,58,100,0.58,4814.107039537545,58,0.58,4814.107039537545
Walmart,long_lead,store_031__dept_092,7,validation_q25,10.0,7.0,3.0,False,True,True,unconstrained_switch_count > K,True,False,True,False,False,False,False,False,False,334.35439031152055,-0.75,334.35439031152055,False,False,96,0.10*validation_mean; floor=0.25,sorted model names,deterministic accumulated cost then model path,switch-budget feasibility filter only,1e-09,0.0,0.0,335.1043903119462,0.0,-0.75,0.0,0.0,0.0,0.0,5481.853387660345,0.0769230769230769,6702.087806239026,branch-specific beam-pruning path: the budget feasibility filter changes the retained approximate state set despite a feasible unconstrained terminal path,58,100,0.58,4814.107039537545,58,0.58,4814.107039537545
Walmart,long_lead,store_031__dept_095,7,validation_q25,7.0,7.0,0.0,True,False,False,unconstrained_switch_count > K,False,False,False,True,True,True,True,True,True,0.0,0.0,0.0,True,True,96,0.10*validation_mean; floor=0.25,sorted model names,deterministic accumulated cost then model path,switch-budget feasibility filter only,1e-09,0.0,0.0,0.0,0.0,0.0,0.0,0.0,0.0,0.0,0.0,0.0,0.0,none,58,100,0.58,4814.107039537545,58,0.58,4814.107039537545
Walmart,long_lead,store_032__dept_092,7,validation_q25,10.0,7.0,3.0,False,True,True,unconstrained_switch_count > K,True,False,True,False,False,False,False,False,False,-870.1564195533283,-0.75,-870.1564195533283,False,False,96,0.10*validation_mean; floor=0.25,sorted model names,deterministic accumulated cost then model path,switch-budget feasibility filter only,1e-09,0.0,-869.4064195535611,-1.8189894035458565e-12,0.0,-0.75,0.00013008592146879217,0.0,-173.88128391071223,0.0,-10184.003484927583,0.0,0.0,branch-specific beam-pruning path: the budget feasibility filter changes the retained approximate state set despite a feasible unconstrained terminal path,58,100,0.58,4814.107039537545,58,0.58,4814.107039537545
Walmart,long_lead,store_032__dept_095,7,validation_q25,9.0,7.0,2.0,False,True,True,unconstrained_switch_count > K,True,False,True,False,False,False,False,False,False,-319.8250035014935,-0.5,-319.8250035014935,False,False,96,0.10*validation_mean; floor=0.25,sorted model names,deterministic accumulated cost then model path,switch-budget feasibility filter only,1e-09,0.0,0.0,-319.3250035021556,0.0,-0.5,0.0,0.0,0.0,0.0,0.0,0.0,-6386.500070043141,branch-specific beam-pruning path: the budget feasibility filter changes the retained approximate state set despite a feasible unconstrained terminal path,58,100,0.58,4814.107039537545,58,0.58,4814.107039537545
Walmart,long_lead,store_033__dept_094,7,validation_q25,7.0,7.0,0.0,True,False,False,unconstrained_switch_count > K,False,False,False,True,True,True,True,True,True,0.0,0.0,0.0,True,True,96,0.10*validation_mean; floor=0.25,sorted model names,deterministic accumulated cost then model path,switch-budget feasibility filter only,1e-09,0.0,0.0,0.0,0.0,0.0,0.0,0.0,0.0,0.0,0.0,0.0,0.0,none,58,100,0.58,4814.107039537545,58,0.58,4814.107039537545
Walmart,long_lead,store_035__dept_072,7,validation_q25,6.0,6.0,0.0,True,False,False,unconstrained_switch_count > K,False,False,False,True,True,True,True,True,True,0.0,0.0,0.0,True,True,96,0.10*validation_mean; floor=0.25,sorted model names,deterministic accumulated cost then model path,switch-budget feasibility filter only,1e-09,0.0,0.0,0.0,0.0,0.0,0.0,0.0,0.0,0.0,0.0,0.0,0.0,none,58,100,0.58,4814.107039537545,58,0.58,4814.107039537545
Walmart,long_lead,store_036__dept_087,7,validation_q25,8.0,7.0,1.0,False,True,True,unconstrained_switch_count > K,True,False,True,False,False,True,False,False,False,-0.25,-0.25,-0.25,False,False,96,0.10*validation_mean; floor=0.25,sorted model names,deterministic accumulated cost then model path,switch-budget feasibility filter only,1e-09,0.0,0.0,0.0,0.0,-0.25,0.0,0.0,0.0,0.0,-20.472987036770064,0.0,0.0,branch-specific beam-pruning path: the budget feasibility filter changes the retained approximate state set despite a feasible unconstrained terminal path,58,100,0.58,4814.107039537545,58,0.58,4814.107039537545
Walmart,long_lead,store_038__dept_002,7,validation_q25,5.0,5.0,0.0,True,False,False,unconstrained_switch_count > K,False,False,False,True,True,True,True,True,True,0.0,0.0,0.0,True,True,96,0.10*validation_mean; floor=0.25,sorted model names,deterministic accumulated cost then model path,switch-budget feasibility filter only,1e-09,0.0,0.0,0.0,0.0,0.0,0.0,0.0,0.0,0.0,0.0,0.0,0.0,none,58,100,0.58,4814.107039537545,58,0.58,4814.107039537545
Walmart,long_lead,store_039__dept_092,7,validation_q25,8.0,7.0,1.0,False,True,True,unconstrained_switch_count > K,True,False,True,False,False,False,False,False,False,47.66353846108541,-0.25,47.66353846108541,False,False,96,0.10*validation_mean; floor=0.25,sorted model names,deterministic accumulated cost then model path,switch-budget feasibility filter only,1e-09,0.0,0.0,47.913538461130884,0.0,-0.25,0.0,0.0,0.0,0.0,-1916.541538445279,0.0,958.2707692225813,branch-specific beam-pruning path: the budget feasibility filter changes the retained approximate state set despite a feasible unconstrained terminal path,58,100,0.58,4814.107039537545,58,0.58,4814.107039537545
Walmart,long_lead,store_039__dept_095,7,validation_q25,12.0,7.0,5.0,False,True,True,unconstrained_switch_count > K,True,False,True,False,False,False,False,False,False,-3857.2065937789157,-1.25,-3857.2065937789157,False,False,96,0.10*validation_mean; floor=0.25,sorted model names,deterministic accumulated cost then model path,switch-budget feasibility filter only,1e-09,0.0,0.0,-3855.9565937789976,0.0,-1.25,0.0,0.0,0.0,0.0,-57882.81044486698,-0.07692307692307693,-77119.13187557989,branch-specific beam-pruning path: the budget feasibility filter changes the retained approximate state set despite a feasible unconstrained terminal path,58,100,0.58,4814.107039537545,58,0.58,4814.107039537545
Walmart,long_lead,store_040__dept_042,7,validation_q25,9.0,7.0,2.0,False,True,True,unconstrained_switch_count > K,True,False,True,False,False,False,False,False,False,59.238025036116596,-0.5,59.238025036116596,False,False,96,0.10*validation_mean; floor=0.25,sorted model names,deterministic accumulated cost then model path,switch-budget feasibility filter only,1e-09,0.0,0.0,59.738025036124554,0.0,-0.5,0.0,0.0,0.0,0.0,232.31935401637043,0.0,1194.760500722492,branch-specific beam-pruning path: the budget feasibility filter changes the retained approximate state set despite a feasible unconstrained terminal path,58,100,0.58,4814.107039537545,58,0.58,4814.107039537545
Walmart,long_lead,store_040__dept_092,7,validation_q25,7.0,7.0,0.0,True,False,False,unconstrained_switch_count > K,False,False,False,True,True,True,True,True,True,0.0,0.0,0.0,True,True,96,0.10*validation_mean; floor=0.25,sorted model names,deterministic accumulated cost then model path,switch-budget feasibility filter only,1e-09,0.0,0.0,0.0,0.0,0.0,0.0,0.0,0.0,0.0,0.0,0.0,0.0,none,58,100,0.58,4814.107039537545,58,0.58,4814.107039537545
Walmart,long_lead,store_041__dept_033,7,validation_q25,5.0,5.0,0.0,True,False,False,unconstrained_switch_count > K,False,False,False,True,True,True,True,True,True,0.0,0.0,0.0,True,True,96,0.10*validation_mean; floor=0.25,sorted model names,deterministic accumulated cost then model path,switch-budget feasibility filter only,1e-09,0.0,0.0,0.0,0.0,0.0,0.0,0.0,0.0,0.0,0.0,0.0,0.0,none,58,100,0.58,4814.107039537545,58,0.58,4814.107039537545
Walmart,long_lead,store_041__dept_092,7,validation_q25,8.0,7.0,1.0,False,True,True,unconstrained_switch_count > K,True,False,True,False,False,True,False,False,False,-0.25,-0.25,-0.25,False,False,96,0.10*validation_mean; floor=0.25,sorted model names,deterministic accumulated cost then model path,switch-budget feasibility filter only,1e-09,0.0,0.0,0.0,0.0,-0.25,0.0,0.0,0.0,0.0,2265.4575943682576,0.0,0.0,branch-specific beam-pruning path: the budget feasibility filter changes the retained approximate state set despite a feasible unconstrained terminal path,58,100,0.58,4814.107039537545,58,0.58,4814.107039537545
Walmart,long_lead,store_041__dept_095,7,validation_q25,4.0,4.0,0.0,True,False,False,unconstrained_switch_count > K,False,False,False,True,True,True,True,True,True,0.0,0.0,0.0,True,True,96,0.10*validation_mean; floor=0.25,sorted model names,deterministic accumulated cost then model path,switch-budget feasibility filter only,1e-09,0.0,0.0,0.0,0.0,0.0,0.0,0.0,0.0,0.0,0.0,0.0,0.0,none,58,100,0.58,4814.107039537545,58,0.58,4814.107039537545
Walmart,long_lead,store_041__dept_096,7,validation_q25,4.0,4.0,0.0,True,False,False,unconstrained_switch_count > K,False,False,False,True,True,True,True,True,True,0.0,0.0,0.0,True,True,96,0.10*validation_mean; floor=0.25,sorted model names,deterministic accumulated cost then model path,switch-budget feasibility filter only,1e-09,0.0,0.0,0.0,0.0,0.0,0.0,0.0,0.0,0.0,0.0,0.0,0.0,none,58,100,0.58,4814.107039537545,58,0.58,4814.107039537545
Walmart,long_lead,store_042__dept_092,7,validation_q25,9.0,7.0,2.0,False,True,True,unconstrained_switch_count > K,True,False,True,False,False,False,False,False,False,541.1336354464293,-0.5,541.1336354464293,False,False,96,0.10*validation_mean; floor=0.25,sorted model names,deterministic accumulated cost then model path,switch-budget feasibility filter only,1e-09,0.0,0.0,541.6336354464966,0.0,-0.5,0.0,0.0,0.0,0.0,14011.822692307614,0.07692307692307701,10832.672708929866,branch-specific beam-pruning path: the budget feasibility filter changes the retained approximate state set despite a feasible unconstrained terminal path,58,100,0.58,4814.107039537545,58,0.58,4814.107039537545
Walmart,long_lead,store_043__dept_092,7,validation_q25,10.0,7.0,3.0,False,True,True,unconstrained_switch_count > K,True,False,True,False,False,False,False,False,False,-723.619456961751,-0.75,-723.619456961751,False,False,96,0.10*validation_mean; floor=0.25,sorted model names,deterministic accumulated cost then model path,switch-budget feasibility filter only,1e-09,0.0,0.0,-722.86945696156,0.0,-0.75,0.0,0.0,0.0,0.0,-8211.80233453949,-0.0769230769230769,-14457.389139231294,branch-specific beam-pruning path: the budget feasibility filter changes the retained approximate state set despite a feasible unconstrained terminal path,58,100,0.58,4814.107039537545,58,0.58,4814.107039537545
Walmart,long_lead,store_044__dept_009,7,validation_q25,2.0,2.0,0.0,True,False,False,unconstrained_switch_count > K,False,False,False,True,True,True,True,True,True,0.0,0.0,0.0,True,True,96,0.10*validation_mean; floor=0.25,sorted model names,deterministic accumulated cost then model path,switch-budget feasibility filter only,1e-09,0.0,0.0,0.0,0.0,0.0,0.0,0.0,0.0,0.0,0.0,0.0,0.0,none,58,100,0.58,4814.107039537545,58,0.58,4814.107039537545
Walmart,long_lead,store_044__dept_017,7,validation_q25,8.0,5.0,3.0,False,True,True,unconstrained_switch_count > K,True,False,True,False,False,False,False,False,False,-9.356769231337239,-0.75,-9.356769231337239,False,False,96,0.10*validation_mean; floor=0.25,sorted model names,deterministic accumulated cost then model path,switch-budget feasibility filter only,1e-09,0.0,0.0,-8.606769231338468,0.0,-0.75,0.0,0.0,0.0,0.0,-216.72915484543455,0.0,-172.13538462676928,branch-specific beam-pruning path: the budget feasibility filter changes the retained approximate state set despite a feasible unconstrained terminal path,58,100,0.58,4814.107039537545,58,0.58,4814.107039537545
Walmart,persistent_backlog,store_001__dept_038,6,validation_q25,11.0,6.0,5.0,False,True,True,unconstrained_switch_count > K,True,False,True,False,False,True,False,False,False,-2.5,-2.5,-2.5,False,False,96,0.10*validation_mean; floor=0.25,sorted model names,deterministic accumulated cost then model path,switch-budget feasibility filter only,1e-09,0.0,0.0,0.0,0.0,-2.5,0.0,0.0,0.0,0.0,64603.049999999814,0.0,0.0,branch-specific beam-pruning path: the budget feasibility filter changes the retained approximate state set despite a feasible unconstrained terminal path,73,100,0.73,16634.39393066826,73,0.73,16634.39393066826
Walmart,persistent_backlog,store_001__dept_090,6,validation_q25,8.0,6.0,2.0,False,True,True,unconstrained_switch_count > K,True,False,True,False,False,True,False,False,False,-1.0,-1.0,-1.0,False,False,96,0.10*validation_mean; floor=0.25,sorted model names,deterministic accumulated cost then model path,switch-budget feasibility filter only,1e-09,0.0,0.0,0.0,0.0,-1.0,0.0,0.0,0.0,0.0,26368.530769231496,0.0,0.0,branch-specific beam-pruning path: the budget feasibility filter changes the retained approximate state set despite a feasible unconstrained terminal path,73,100,0.73,16634.39393066826,73,0.73,16634.39393066826
Walmart,persistent_backlog,store_001__dept_092,6,validation_q25,8.0,6.0,2.0,False,True,True,unconstrained_switch_count > K,True,False,True,False,False,False,False,False,False,-346597.53869431093,-1.0,-346597.53869431093,False,False,96,0.10*validation_mean; floor=0.25,sorted model names,deterministic accumulated cost then model path,switch-budget feasibility filter only,1e-09,0.0,-346169.86923073884,-426.6694635719414,0.0,-1.0,0.02118678979720723,0.0,-9890.567692306824,0.0,-48128.63131793286,0.07692307692307687,-8533.389271438835,branch-specific beam-pruning path: the budget feasibility filter changes the retained approximate state set despite a feasible unconstrained terminal path,73,100,0.73,16634.39393066826,73,0.73,16634.39393066826
Walmart,persistent_backlog,store_001__dept_095,6,validation_q25,8.0,6.0,2.0,False,True,True,unconstrained_switch_count > K,True,False,True,False,False,True,False,False,False,-1.0,-1.0,-1.0,False,False,96,0.10*validation_mean; floor=0.25,sorted model names,deterministic accumulated cost then model path,switch-budget feasibility filter only,1e-09,0.0,0.0,0.0,0.0,-1.0,0.0,0.0,0.0,0.0,89838.13749999856,0.0,0.0,branch-specific beam-pruning path: the budget feasibility filter changes the retained approximate state set despite a feasible unconstrained terminal path,73,100,0.73,16634.39393066826,73,0.73,16634.39393066826
Walmart,persistent_backlog,store_001__dept_098,6,validation_q25,10.0,6.0,4.0,False,True,True,unconstrained_switch_count > K,True,False,True,False,False,False,False,False,False,-74032.38939059223,-2.0,-74032.38939059223,False,False,96,0.10*validation_mean; floor=0.25,sorted model names,deterministic accumulated cost then model path,switch-budget feasibility filter only,1e-09,1551.8025042035442,-75601.26014380017,19.06824900429274,0.0,-2.0,0.06280210226588456,119.36942340026872,-2456.4811747790263,0.0,-23138.969987151897,0.0,381.3649800858566,branch-specific beam-pruning path: the budget feasibility filter changes the retained approximate state set despite a feasible unconstrained terminal path,73,100,0.73,16634.39393066826,73,0.73,16634.39393066826
Walmart,persistent_backlog,store_002__dept_038,6,validation_q25,7.0,6.0,1.0,False,True,True,unconstrained_switch_count > K,True,False,True,False,False,True,False,False,False,-0.5,-0.5,-0.5,False,False,96,0.10*validation_mean; floor=0.25,sorted model names,deterministic accumulated cost then model path,switch-budget feasibility filter only,1e-09,0.0,0.0,0.0,0.0,-0.5,0.0,0.0,0.0,0.0,5362.512500001059,0.0,0.0,branch-specific beam-pruning path: the budget feasibility filter changes the retained approximate state set despite a feasible unconstrained terminal path,73,100,0.73,16634.39393066826,73,0.73,16634.39393066826
Walmart,persistent_backlog,store_002__dept_090,6,validation_q25,9.0,6.0,3.0,False,True,True,unconstrained_switch_count > K,True,False,True,False,False,True,False,False,False,-1.5,-1.5,-1.5,False,False,96,0.10*validation_mean; floor=0.25,sorted model names,deterministic accumulated cost then model path,switch-budget feasibility filter only,1e-09,0.0,0.0,0.0,0.0,-1.5,0.0,0.0,0.0,0.0,25382.66923076939,0.0,0.0,branch-specific beam-pruning path: the budget feasibility filter changes the retained approximate state set despite a feasible unconstrained terminal path,73,100,0.73,16634.39393066826,73,0.73,16634.39393066826
Walmart,persistent_backlog,store_002__dept_091,6,validation_q25,8.0,6.0,2.0,False,True,True,unconstrained_switch_count > K,True,False,True,False,False,True,False,False,False,-1.0,-1.0,-1.0,False,False,96,0.10*validation_mean; floor=0.25,sorted model names,deterministic accumulated cost then model path,switch-budget feasibility filter only,1e-09,0.0,0.0,0.0,0.0,-1.0,0.0,0.0,0.0,0.0,12312.517307690461,0.0,0.0,branch-specific beam-pruning path: the budget feasibility filter changes the retained approximate state set despite a feasible unconstrained terminal path,73,100,0.73,16634.39393066826,73,0.73,16634.39393066826
Walmart,persistent_backlog,store_002__dept_092,6,validation_q25,10.0,6.0,4.0,False,True,True,unconstrained_switch_count > K,True,False,True,False,False,True,False,False,False,-2.0,-2.0,-2.0,False,False,96,0.10*validation_mean; floor=0.25,sorted model names,deterministic accumulated cost then model path,switch-budget feasibility filter only,1e-09,0.0,0.0,0.0,0.0,-2.0,0.0,0.0,0.0,0.0,137893.5159417484,0.0,0.0,branch-specific beam-pruning path: the budget feasibility filter changes the retained approximate state set despite a feasible unconstrained terminal path,73,100,0.73,16634.39393066826,73,0.73,16634.39393066826
Walmart,persistent_backlog,store_002__dept_095,6,validation_q25,10.0,6.0,4.0,False,True,True,unconstrained_switch_count > K,True,False,True,False,False,True,False,False,False,-2.0,-2.0,-2.0,False,False,96,0.10*validation_mean; floor=0.25,sorted model names,deterministic accumulated cost then model path,switch-budget feasibility filter only,1e-09,0.0,0.0,0.0,0.0,-2.0,0.0,0.0,0.0,0.0,39057.77549326047,0.0,0.0,branch-specific beam-pruning path: the budget feasibility filter changes the retained approximate state set despite a feasible unconstrained terminal path,73,100,0.73,16634.39393066826,73,0.73,16634.39393066826
Walmart,persistent_backlog,store_003__dept_014,6,validation_q25,9.0,6.0,3.0,False,True,True,unconstrained_switch_count > K,True,False,True,False,False,True,False,False,False,-1.5,-1.5,-1.5,False,False,96,0.10*validation_mean; floor=0.25,sorted model names,deterministic accumulated cost then model path,switch-budget feasibility filter only,1e-09,0.0,0.0,0.0,0.0,-1.5,0.0,0.0,0.0,0.0,133.7128766181704,0.0,0.0,branch-specific beam-pruning path: the budget feasibility filter changes the retained approximate state set despite a feasible unconstrained terminal path,73,100,0.73,16634.39393066826,73,0.73,16634.39393066826
Walmart,persistent_backlog,store_003__dept_038,6,validation_q25,9.0,6.0,3.0,False,True,True,unconstrained_switch_count > K,True,False,True,False,False,True,False,False,False,-1.5,-1.5,-1.5,False,False,96,0.10*validation_mean; floor=0.25,sorted model names,deterministic accumulated cost then model path,switch-budget feasibility filter only,1e-09,0.0,0.0,0.0,0.0,-1.5,0.0,0.0,0.0,0.0,26894.09999999916,0.0,0.0,branch-specific beam-pruning path: the budget feasibility filter changes the retained approximate state set despite a feasible unconstrained terminal path,73,100,0.73,16634.39393066826,73,0.73,16634.39393066826
Walmart,persistent_backlog,store_004__dept_002,6,validation_q25,6.0,6.0,0.0,True,False,False,unconstrained_switch_count > K,False,False,False,True,True,True,True,True,True,0.0,0.0,0.0,True,True,96,0.10*validation_mean; floor=0.25,sorted model names,deterministic accumulated cost then model path,switch-budget feasibility filter only,1e-09,0.0,0.0,0.0,0.0,0.0,0.0,0.0,0.0,0.0,0.0,0.0,0.0,none,73,100,0.73,16634.39393066826,73,0.73,16634.39393066826
Walmart,persistent_backlog,store_004__dept_038,6,validation_q25,9.0,6.0,3.0,False,True,True,unconstrained_switch_count > K,True,False,True,False,False,True,False,False,False,-1.5,-1.5,-1.5,False,False,96,0.10*validation_mean; floor=0.25,sorted model names,deterministic accumulated cost then model path,switch-budget feasibility filter only,1e-09,0.0,0.0,0.0,0.0,-1.5,0.0,0.0,0.0,0.0,18815.062499999418,0.0,0.0,branch-specific beam-pruning path: the budget feasibility filter changes the retained approximate state set despite a feasible unconstrained terminal path,73,100,0.73,16634.39393066826,73,0.73,16634.39393066826
Walmart,persistent_backlog,store_004__dept_072,6,validation_q25,8.0,6.0,2.0,False,True,True,unconstrained_switch_count > K,True,False,True,False,False,True,False,False,False,-1.0,-1.0,-1.0,False,False,96,0.10*validation_mean; floor=0.25,sorted model names,deterministic accumulated cost then model path,switch-budget feasibility filter only,1e-09,0.0,0.0,0.0,0.0,-1.0,0.0,0.0,0.0,0.0,24469.74230768811,0.0,0.0,branch-specific beam-pruning path: the budget feasibility filter changes the retained approximate state set despite a feasible unconstrained terminal path,73,100,0.73,16634.39393066826,73,0.73,16634.39393066826
Walmart,persistent_backlog,store_004__dept_090,6,validation_q25,9.0,6.0,3.0,False,True,True,unconstrained_switch_count > K,True,False,True,False,False,True,False,False,False,-1.5,-1.5,-1.5,False,False,96,0.10*validation_mean; floor=0.25,sorted model names,deterministic accumulated cost then model path,switch-budget feasibility filter only,1e-09,0.0,0.0,0.0,0.0,-1.5,0.0,0.0,0.0,0.0,49859.038461539894,0.0,0.0,branch-specific beam-pruning path: the budget feasibility filter changes the retained approximate state set despite a feasible unconstrained terminal path,73,100,0.73,16634.39393066826,73,0.73,16634.39393066826
Walmart,persistent_backlog,store_004__dept_092,6,validation_q25,8.0,6.0,2.0,False,True,True,unconstrained_switch_count > K,True,False,True,False,False,True,False,False,False,-1.0,-1.0,-1.0,False,False,96,0.10*validation_mean; floor=0.25,sorted model names,deterministic accumulated cost then model path,switch-budget feasibility filter only,1e-09,0.0,0.0,0.0,0.0,-1.0,0.0,0.0,0.0,0.0,76327.12307692505,0.0,0.0,branch-specific beam-pruning path: the budget feasibility filter changes the retained approximate state set despite a feasible unconstrained terminal path,73,100,0.73,16634.39393066826,73,0.73,16634.39393066826
Walmart,persistent_backlog,store_004__dept_095,6,validation_q25,8.0,6.0,2.0,False,True,True,unconstrained_switch_count > K,True,False,True,False,False,True,False,False,False,-1.0,-1.0,-1.0,False,False,96,0.10*validation_mean; floor=0.25,sorted model names,deterministic accumulated cost then model path,switch-budget feasibility filter only,1e-09,0.0,0.0,0.0,0.0,-1.0,0.0,0.0,0.0,0.0,11240.39999999851,0.0,0.0,branch-specific beam-pruning path: the budget feasibility filter changes the retained approximate state set despite a feasible unconstrained terminal path,73,100,0.73,16634.39393066826,73,0.73,16634.39393066826
Walmart,persistent_backlog,store_006__dept_016,6,validation_q25,1.0,1.0,0.0,True,False,False,unconstrained_switch_count > K,False,False,False,True,True,True,True,True,True,0.0,0.0,0.0,True,True,96,0.10*validation_mean; floor=0.25,sorted model names,deterministic accumulated cost then model path,switch-budget feasibility filter only,1e-09,0.0,0.0,0.0,0.0,0.0,0.0,0.0,0.0,0.0,0.0,0.0,0.0,none,73,100,0.73,16634.39393066826,73,0.73,16634.39393066826
Walmart,persistent_backlog,store_006__dept_038,6,validation_q25,11.0,6.0,5.0,False,True,True,unconstrained_switch_count > K,True,False,True,False,False,True,False,False,False,-2.5,-2.5,-2.5,False,False,96,0.10*validation_mean; floor=0.25,sorted model names,deterministic accumulated cost then model path,switch-budget feasibility filter only,1e-09,0.0,0.0,0.0,0.0,-2.5,0.0,0.0,0.0,0.0,28472.665413730894,0.0,0.0,branch-specific beam-pruning path: the budget feasibility filter changes the retained approximate state set despite a feasible unconstrained terminal path,73,100,0.73,16634.39393066826,73,0.73,16634.39393066826
Walmart,persistent_backlog,store_006__dept_072,6,validation_q25,10.0,6.0,4.0,False,True,True,unconstrained_switch_count > K,True,False,True,False,False,True,False,False,False,-2.0,-2.0,-2.0,False,False,96,0.10*validation_mean; floor=0.25,sorted model names,deterministic accumulated cost then model path,switch-budget feasibility filter only,1e-09,0.0,0.0,0.0,0.0,-2.0,0.0,0.0,0.0,0.0,11760.789970759768,0.0,0.0,branch-specific beam-pruning path: the budget feasibility filter changes the retained approximate state set despite a feasible unconstrained terminal path,73,100,0.73,16634.39393066826,73,0.73,16634.39393066826
Walmart,persistent_backlog,store_006__dept_092,6,validation_q25,7.0,5.0,2.0,False,True,True,unconstrained_switch_count > K,True,False,True,False,False,True,False,False,False,-1.0,-1.0,-1.0,False,False,96,0.10*validation_mean; floor=0.25,sorted model names,deterministic accumulated cost then model path,switch-budget feasibility filter only,1e-09,0.0,0.0,0.0,0.0,-1.0,0.0,0.0,0.0,0.0,4564.887499998789,0.0,0.0,branch-specific beam-pruning path: the budget feasibility filter changes the retained approximate state set despite a feasible unconstrained terminal path,73,100,0.73,16634.39393066826,73,0.73,16634.39393066826
Walmart,persistent_backlog,store_006__dept_095,6,validation_q25,6.0,6.0,0.0,True,False,False,unconstrained_switch_count > K,False,False,False,True,True,True,True,True,True,0.0,0.0,0.0,True,True,96,0.10*validation_mean; floor=0.25,sorted model names,deterministic accumulated cost then model path,switch-budget feasibility filter only,1e-09,0.0,0.0,0.0,0.0,0.0,0.0,0.0,0.0,0.0,0.0,0.0,0.0,none,73,100,0.73,16634.39393066826,73,0.73,16634.39393066826
Walmart,persistent_backlog,store_009__dept_003,6,validation_q25,3.0,3.0,0.0,True,False,False,unconstrained_switch_count > K,False,False,False,True,True,True,True,True,True,0.0,0.0,0.0,True,True,96,0.10*validation_mean; floor=0.25,sorted model names,deterministic accumulated cost then model path,switch-budget feasibility filter only,1e-09,0.0,0.0,0.0,0.0,0.0,0.0,0.0,0.0,0.0,0.0,0.0,0.0,none,73,100,0.73,16634.39393066826,73,0.73,16634.39393066826
Walmart,persistent_backlog,store_009__dept_005,6,validation_q25,8.0,6.0,2.0,False,True,True,unconstrained_switch_count > K,True,False,True,False,False,True,False,False,False,-1.0,-1.0,-1.0,False,False,96,0.10*validation_mean; floor=0.25,sorted model names,deterministic accumulated cost then model path,switch-budget feasibility filter only,1e-09,0.0,0.0,0.0,0.0,-1.0,0.0,0.0,0.0,0.0,5031.633475945739,0.0,0.0,branch-specific beam-pruning path: the budget feasibility filter changes the retained approximate state set despite a feasible unconstrained terminal path,73,100,0.73,16634.39393066826,73,0.73,16634.39393066826
Walmart,persistent_backlog,store_009__dept_033,6,validation_q25,5.0,5.0,0.0,True,False,False,unconstrained_switch_count > K,False,False,False,True,True,True,True,True,True,0.0,0.0,0.0,True,True,96,0.10*validation_mean; floor=0.25,sorted model names,deterministic accumulated cost then model path,switch-budget feasibility filter only,1e-09,0.0,0.0,0.0,0.0,0.0,0.0,0.0,0.0,0.0,0.0,0.0,0.0,none,73,100,0.73,16634.39393066826,73,0.73,16634.39393066826
Walmart,persistent_backlog,store_009__dept_038,6,validation_q25,6.0,6.0,0.0,True,False,False,unconstrained_switch_count > K,False,False,False,True,True,True,True,True,True,0.0,0.0,0.0,True,True,96,0.10*validation_mean; floor=0.25,sorted model names,deterministic accumulated cost then model path,switch-budget feasibility filter only,1e-09,0.0,0.0,0.0,0.0,0.0,0.0,0.0,0.0,0.0,0.0,0.0,0.0,none,73,100,0.73,16634.39393066826,73,0.73,16634.39393066826
Walmart,persistent_backlog,store_010__dept_002,6,validation_q25,11.0,6.0,5.0,False,True,True,unconstrained_switch_count > K,True,False,True,False,False,False,False,False,False,39550.480721911415,-2.5,39550.480721911415,False,False,96,0.10*validation_mean; floor=0.25,sorted model names,deterministic accumulated cost then model path,switch-budget feasibility filter only,1e-09,-1359.2089595156722,40776.26878547482,135.92089595158473,0.0,-2.5,-0.004411700675819197,-104.55453534738626,1359.2089595158322,0.0,19689.028362364974,-0.0769230769230771,2718.4179190316936,branch-specific beam-pruning path: the budget feasibility filter changes the retained approximate state set despite a feasible unconstrained terminal path,73,100,0.73,16634.39393066826,73,0.73,16634.39393066826
Walmart,persistent_backlog,store_010__dept_008,6,validation_q25,6.0,6.0,0.0,True,False,False,unconstrained_switch_count > K,False,False,False,True,True,True,True,True,True,0.0,0.0,0.0,True,True,96,0.10*validation_mean; floor=0.25,sorted model names,deterministic accumulated cost then model path,switch-budget feasibility filter only,1e-09,0.0,0.0,0.0,0.0,0.0,0.0,0.0,0.0,0.0,0.0,0.0,0.0,none,73,100,0.73,16634.39393066826,73,0.73,16634.39393066826
Walmart,persistent_backlog,store_010__dept_038,6,validation_q25,7.0,6.0,1.0,False,True,True,unconstrained_switch_count > K,True,False,True,False,False,True,False,False,False,-0.5,-0.5,-0.5,False,False,96,0.10*validation_mean; floor=0.25,sorted model names,deterministic accumulated cost then model path,switch-budget feasibility filter only,1e-09,0.0,0.0,0.0,0.0,-0.5,0.0,0.0,0.0,0.0,399.95000000169966,0.0,0.0,branch-specific beam-pruning path: the budget feasibility filter changes the retained approximate state set despite a feasible unconstrained terminal path,73,100,0.73,16634.39393066826,73,0.73,16634.39393066826
Walmart,persistent_backlog,store_010__dept_040,6,validation_q25,6.0,6.0,0.0,True,False,False,unconstrained_switch_count > K,False,False,False,True,True,True,True,True,True,0.0,0.0,0.0,True,True,96,0.10*validation_mean; floor=0.25,sorted model names,deterministic accumulated cost then model path,switch-budget feasibility filter only,1e-09,0.0,0.0,0.0,0.0,0.0,0.0,0.0,0.0,0.0,0.0,0.0,0.0,none,73,100,0.73,16634.39393066826,73,0.73,16634.39393066826
Walmart,persistent_backlog,store_010__dept_072,6,validation_q25,11.0,6.0,5.0,False,True,True,unconstrained_switch_count > K,True,False,True,False,False,True,False,False,False,-2.5,-2.5,-2.5,False,False,96,0.10*validation_mean; floor=0.25,sorted model names,deterministic accumulated cost then model path,switch-budget feasibility filter only,1e-09,0.0,0.0,0.0,0.0,-2.5,0.0,0.0,0.0,0.0,33198.83076922945,0.0,0.0,branch-specific beam-pruning path: the budget feasibility filter changes the retained approximate state set despite a feasible unconstrained terminal path,73,100,0.73,16634.39393066826,73,0.73,16634.39393066826
Walmart,persistent_backlog,store_013__dept_038,6,validation_q25,11.0,6.0,5.0,False,True,True,unconstrained_switch_count > K,True,False,True,False,False,True,False,False,False,-2.5,-2.5,-2.5,False,False,96,0.10*validation_mean; floor=0.25,sorted model names,deterministic accumulated cost then model path,switch-budget feasibility filter only,1e-09,0.0,0.0,0.0,0.0,-2.5,0.0,0.0,0.0,0.0,20788.257692310726,0.0,0.0,branch-specific beam-pruning path: the budget feasibility filter changes the retained approximate state set despite a feasible unconstrained terminal path,73,100,0.73,16634.39393066826,73,0.73,16634.39393066826
Walmart,persistent_backlog,store_013__dept_090,6,validation_q25,9.0,6.0,3.0,False,True,True,unconstrained_switch_count > K,True,False,True,False,False,True,False,False,False,-1.5,-1.5,-1.5,False,False,96,0.10*validation_mean; floor=0.25,sorted model names,deterministic accumulated cost then model path,switch-budget feasibility filter only,1e-09,0.0,0.0,0.0,0.0,-1.5,0.0,0.0,0.0,0.0,1928.8115384629928,0.0,0.0,branch-specific beam-pruning path: the budget feasibility filter changes the retained approximate state set despite a feasible unconstrained terminal path,73,100,0.73,16634.39393066826,73,0.73,16634.39393066826
Walmart,persistent_backlog,store_013__dept_091,6,validation_q25,8.0,6.0,2.0,False,True,True,unconstrained_switch_count > K,True,False,True,False,False,True,False,False,False,-1.0,-1.0,-1.0,False,False,96,0.10*validation_mean; floor=0.25,sorted model names,deterministic accumulated cost then model path,switch-budget feasibility filter only,1e-09,0.0,0.0,0.0,0.0,-1.0,0.0,0.0,0.0,0.0,13508.622979670996,0.0,0.0,branch-specific beam-pruning path: the budget feasibility filter changes the retained approximate state set despite a feasible unconstrained terminal path,73,100,0.73,16634.39393066826,73,0.73,16634.39393066826
Walmart,persistent_backlog,store_013__dept_092,6,validation_q25,9.0,6.0,3.0,False,True,True,unconstrained_switch_count > K,True,False,True,False,False,True,False,False,False,-1.5,-1.5,-1.5,False,False,96,0.10*validation_mean; floor=0.25,sorted model names,deterministic accumulated cost then model path,switch-budget feasibility filter only,1e-09,0.0,0.0,0.0,0.0,-1.5,0.0,0.0,0.0,0.0,77700.20769231254,0.0,0.0,branch-specific beam-pruning path: the budget feasibility filter changes the retained approximate state set despite a feasible unconstrained terminal path,73,100,0.73,16634.39393066826,73,0.73,16634.39393066826
Walmart,persistent_backlog,store_013__dept_095,6,validation_q25,7.0,5.0,2.0,False,True,True,unconstrained_switch_count > K,True,False,True,False,False,True,False,False,False,-1.0,-1.0,-1.0,False,False,96,0.10*validation_mean; floor=0.25,sorted model names,deterministic accumulated cost then model path,switch-budget feasibility filter only,1e-09,0.0,0.0,0.0,0.0,-1.0,0.0,0.0,0.0,0.0,4189.499999997439,0.0,0.0,branch-specific beam-pruning path: the budget feasibility filter changes the retained approximate state set despite a feasible unconstrained terminal path,73,100,0.73,16634.39393066826,73,0.73,16634.39393066826
Walmart,persistent_backlog,store_014__dept_002,6,validation_q25,10.0,6.0,4.0,False,True,True,unconstrained_switch_count > K,True,False,True,False,False,True,False,False,False,-2.0,-2.0,-2.0,False,False,96,0.10*validation_mean; floor=0.25,sorted model names,deterministic accumulated cost then model path,switch-budget feasibility filter only,1e-09,0.0,0.0,0.0,0.0,-2.0,0.0,0.0,0.0,0.0,6156.216261393682,0.0,0.0,branch-specific beam-pruning path: the budget feasibility filter changes the retained approximate state set despite a feasible unconstrained terminal path,73,100,0.73,16634.39393066826,73,0.73,16634.39393066826
Walmart,persistent_backlog,store_014__dept_038,6,validation_q25,7.0,6.0,1.0,False,True,True,unconstrained_switch_count > K,True,False,True,False,False,True,False,False,False,-0.5,-0.5,-0.5,False,False,96,0.10*validation_mean; floor=0.25,sorted model names,deterministic accumulated cost then model path,switch-budget feasibility filter only,1e-09,0.0,0.0,0.0,0.0,-0.5,0.0,0.0,0.0,0.0,13135.436538457987,0.0,0.0,branch-specific beam-pruning path: the budget feasibility filter changes the retained approximate state set despite a feasible unconstrained terminal path,73,100,0.73,16634.39393066826,73,0.73,16634.39393066826
Walmart,persistent_backlog,store_014__dept_046,6,validation_q25,3.0,3.0,0.0,True,False,False,unconstrained_switch_count > K,False,False,False,True,True,True,True,True,True,0.0,0.0,0.0,True,True,96,0.10*validation_mean; floor=0.25,sorted model names,deterministic accumulated cost then model path,switch-budget feasibility filter only,1e-09,0.0,0.0,0.0,0.0,0.0,0.0,0.0,0.0,0.0,0.0,0.0,0.0,none,73,100,0.73,16634.39393066826,73,0.73,16634.39393066826
Walmart,persistent_backlog,store_014__dept_072,6,validation_q25,8.0,6.0,2.0,False,True,True,unconstrained_switch_count > K,True,False,True,False,False,True,False,False,False,-1.0,-1.0,-1.0,False,False,96,0.10*validation_mean; floor=0.25,sorted model names,deterministic accumulated cost then model path,switch-budget feasibility filter only,1e-09,0.0,0.0,0.0,0.0,-1.0,0.0,0.0,0.0,0.0,14274.753846153384,0.0,0.0,branch-specific beam-pruning path: the budget feasibility filter changes the retained approximate state set despite a feasible unconstrained terminal path,73,100,0.73,16634.39393066826,73,0.73,16634.39393066826
Walmart,persistent_backlog,store_014__dept_090,6,validation_q25,7.0,6.0,1.0,False,True,True,unconstrained_switch_count > K,True,False,True,False,False,True,False,False,False,-0.5,-0.5,-0.5,False,False,96,0.10*validation_mean; floor=0.25,sorted model names,deterministic accumulated cost then model path,switch-budget feasibility filter only,1e-09,0.0,0.0,0.0,0.0,-0.5,0.0,0.0,0.0,0.0,20127.742307693115,0.0,0.0,branch-specific beam-pruning path: the budget feasibility filter changes the retained approximate state set despite a feasible unconstrained terminal path,73,100,0.73,16634.39393066826,73,0.73,16634.39393066826
Walmart,persistent_backlog,store_014__dept_091,6,validation_q25,5.0,5.0,0.0,True,False,False,unconstrained_switch_count > K,False,False,False,True,True,True,True,True,True,0.0,0.0,0.0,True,True,96,0.10*validation_mean; floor=0.25,sorted model names,deterministic accumulated cost then model path,switch-budget feasibility filter only,1e-09,0.0,0.0,0.0,0.0,0.0,0.0,0.0,0.0,0.0,0.0,0.0,0.0,none,73,100,0.73,16634.39393066826,73,0.73,16634.39393066826
Walmart,persistent_backlog,store_014__dept_092,6,validation_q25,4.0,4.0,0.0,True,False,False,unconstrained_switch_count > K,False,False,False,True,True,True,True,True,True,0.0,0.0,0.0,True,True,96,0.10*validation_mean; floor=0.25,sorted model names,deterministic accumulated cost then model path,switch-budget feasibility filter only,1e-09,0.0,0.0,0.0,0.0,0.0,0.0,0.0,0.0,0.0,0.0,0.0,0.0,none,73,100,0.73,16634.39393066826,73,0.73,16634.39393066826
Walmart,persistent_backlog,store_014__dept_095,6,validation_q25,11.0,6.0,5.0,False,True,True,unconstrained_switch_count > K,True,False,True,False,False,False,False,False,False,2564.7381574916653,-2.5,2564.7381574916653,False,False,96,0.10*validation_mean; floor=0.25,sorted model names,deterministic accumulated cost then model path,switch-budget feasibility filter only,1e-09,3015.2766273545567,-592.8735655751079,144.8350957119701,0.0,-2.5,7.894340408665101e-05,231.94435595037066,-39.5249043716758,0.0,13928.223518108309,0.0,2896.701914239442,branch-specific beam-pruning path: the budget feasibility filter changes the retained approximate state set despite a feasible unconstrained terminal path,73,100,0.73,16634.39393066826,73,0.73,16634.39393066826
Walmart,persistent_backlog,store_015__dept_026,6,validation_q25,4.0,4.0,0.0,True,False,False,unconstrained_switch_count > K,False,False,False,True,True,True,True,True,True,0.0,0.0,0.0,True,True,96,0.10*validation_mean; floor=0.25,sorted model names,deterministic accumulated cost then model path,switch-budget feasibility filter only,1e-09,0.0,0.0,0.0,0.0,0.0,0.0,0.0,0.0,0.0,0.0,0.0,0.0,none,73,100,0.73,16634.39393066826,73,0.73,16634.39393066826
Walmart,persistent_backlog,store_016__dept_096,6,validation_q25,8.0,6.0,2.0,False,True,True,unconstrained_switch_count > K,True,False,True,False,False,True,False,False,False,-1.0,-1.0,-1.0,False,False,96,0.10*validation_mean; floor=0.25,sorted model names,deterministic accumulated cost then model path,switch-budget feasibility filter only,1e-09,0.0,0.0,0.0,0.0,-1.0,0.0,0.0,0.0,0.0,20.16524893744395,0.0,0.0,branch-specific beam-pruning path: the budget feasibility filter changes the retained approximate state set despite a feasible unconstrained terminal path,73,100,0.73,16634.39393066826,73,0.73,16634.39393066826
Walmart,persistent_backlog,store_019__dept_092,6,validation_q25,9.0,6.0,3.0,False,True,True,unconstrained_switch_count > K,True,False,True,False,False,True,False,False,False,-1.5,-1.5,-1.5,False,False,96,0.10*validation_mean; floor=0.25,sorted model names,deterministic accumulated cost then model path,switch-budget feasibility filter only,1e-09,0.0,0.0,0.0,0.0,-1.5,0.0,0.0,0.0,0.0,9464.17766274698,0.0,0.0,branch-specific beam-pruning path: the budget feasibility filter changes the retained approximate state set despite a feasible unconstrained terminal path,73,100,0.73,16634.39393066826,73,0.73,16634.39393066826
Walmart,persistent_backlog,store_019__dept_095,6,validation_q25,8.0,6.0,2.0,False,True,True,unconstrained_switch_count > K,True,False,True,False,False,True,False,False,False,-1.0,-1.0,-1.0,False,False,96,0.10*validation_mean; floor=0.25,sorted model names,deterministic accumulated cost then model path,switch-budget feasibility filter only,1e-09,0.0,0.0,0.0,0.0,-1.0,0.0,0.0,0.0,0.0,3509.9874999974854,0.0,0.0,branch-specific beam-pruning path: the budget feasibility filter changes the retained approximate state set despite a feasible unconstrained terminal path,73,100,0.73,16634.39393066826,73,0.73,16634.39393066826
Walmart,persistent_backlog,store_020__dept_038,6,validation_q25,8.0,6.0,2.0,False,True,True,unconstrained_switch_count > K,True,False,True,False,False,False,False,False,False,-8149.000000002328,-1.0,-8149.000000002328,False,False,96,0.10*validation_mean; floor=0.25,sorted model names,deterministic accumulated cost then model path,switch-budget feasibility filter only,1e-09,0.0,-8148.000000002794,-4.547473508864641e-13,0.0,-1.0,0.0007215464701466612,0.0,-271.60000000009313,0.0,32458.89999999921,0.0,0.0,branch-specific beam-pruning path: the budget feasibility filter changes the retained approximate state set despite a feasible unconstrained terminal path,73,100,0.73,16634.39393066826,73,0.73,16634.39393066826
Walmart,persistent_backlog,store_020__dept_040,6,validation_q25,11.0,6.0,5.0,False,True,True,unconstrained_switch_count > K,True,False,True,False,False,False,False,False,False,-80552.99026704952,-2.5,-80552.99026704952,False,False,96,0.10*validation_mean; floor=0.25,sorted model names,deterministic accumulated cost then model path,switch-budget feasibility filter only,1e-09,2937.043925720034,-83193.82980019785,-293.70439257199723,0.0,-2.5,0.00622337900158032,225.92645582460682,-2376.9665657199803,0.0,-35269.320684459526,-0.07692307692307687,-5874.087851439952,branch-specific beam-pruning path: the budget feasibility filter changes the retained approximate state set despite a feasible unconstrained terminal path,73,100,0.73,16634.39393066826,73,0.73,16634.39393066826
Walmart,persistent_backlog,store_020__dept_072,6,validation_q25,7.0,6.0,1.0,False,True,True,unconstrained_switch_count > K,True,False,True,False,False,True,False,False,False,-0.5,-0.5,-0.5,False,False,96,0.10*validation_mean; floor=0.25,sorted model names,deterministic accumulated cost then model path,switch-budget feasibility filter only,1e-09,0.0,0.0,0.0,0.0,-0.5,0.0,0.0,0.0,0.0,2778.946284752339,0.0,0.0,branch-specific beam-pruning path: the budget feasibility filter changes the retained approximate state set despite a feasible unconstrained terminal path,73,100,0.73,16634.39393066826,73,0.73,16634.39393066826
Walmart,persistent_backlog,store_020__dept_083,6,validation_q25,9.0,6.0,3.0,False,True,True,unconstrained_switch_count > K,True,False,True,False,False,True,False,False,False,-1.5,-1.5,-1.5,False,False,96,0.10*validation_mean; floor=0.25,sorted model names,deterministic accumulated cost then model path,switch-budget feasibility filter only,1e-09,0.0,0.0,0.0,0.0,-1.5,0.0,0.0,0.0,0.0,474.8751525129119,0.0,0.0,branch-specific beam-pruning path: the budget feasibility filter changes the retained approximate state set despite a feasible unconstrained terminal path,73,100,0.73,16634.39393066826,73,0.73,16634.39393066826
Walmart,persistent_backlog,store_020__dept_090,6,validation_q25,8.0,6.0,2.0,False,True,True,unconstrained_switch_count > K,True,False,True,False,False,False,False,False,False,91421.94500008598,-1.0,91421.94500008598,False,False,96,0.10*validation_mean; floor=0.25,sorted model names,deterministic accumulated cost then model path,switch-budget feasibility filter only,1e-09,0.0,91162.48076931713,260.46423076947667,0.0,-1.0,-0.008296239310907172,0.0,2604.6423076947685,0.0,26046.423076947918,0.0,5209.28461538953,branch-specific beam-pruning path: the budget feasibility filter changes the retained approximate state set despite a feasible unconstrained terminal path,73,100,0.73,16634.39393066826,73,0.73,16634.39393066826
Walmart,persistent_backlog,store_020__dept_092,6,validation_q25,9.0,6.0,3.0,False,True,True,unconstrained_switch_count > K,True,False,True,False,False,False,False,False,False,590923.6754158493,-1.5,590923.6754158493,False,False,96,0.10*validation_mean; floor=0.25,sorted model names,deterministic accumulated cost then model path,switch-budget feasibility filter only,1e-09,-17353.776313345646,607382.1709670927,896.7807621037823,0.0,-1.5,-0.030638694341085793,-1334.905870257353,17353.776313345472,0.0,134340.64329961129,-0.0769230769230771,17935.61524207564,branch-specific beam-pruning path: the budget feasibility filter changes the retained approximate state set despite a feasible unconstrained terminal path,73,100,0.73,16634.39393066826,73,0.73,16634.39393066826
Walmart,persistent_backlog,store_020__dept_095,6,validation_q25,9.0,6.0,3.0,False,True,True,unconstrained_switch_count > K,True,False,True,False,False,False,False,False,False,231610.02646603016,-1.5,231610.02646603016,False,False,96,0.10*validation_mean; floor=0.25,sorted model names,deterministic accumulated cost then model path,switch-budget feasibility filter only,1e-09,-13646.874487428926,244897.84106725082,360.55988620818107,0.0,-1.5,-0.024581886659294283,-1049.7595759560645,10098.05547375197,0.0,131107.39434918645,0.07692307692307687,7211.19772416362,branch-specific beam-pruning path: the budget feasibility filter changes the retained approximate state set despite a feasible unconstrained terminal path,73,100,0.73,16634.39393066826,73,0.73,16634.39393066826
Walmart,persistent_backlog,store_022__dept_059,6,validation_q25,7.0,6.0,1.0,False,True,True,unconstrained_switch_count > K,True,False,True,False,False,False,False,False,False,-270.7612488892519,-0.5,-270.7612488892519,False,False,96,0.10*validation_mean; floor=0.25,sorted model names,deterministic accumulated cost then model path,switch-budget feasibility filter only,1e-09,0.0,-268.7598077351031,-1.5014411541488784,0.0,-0.5,0.0,0.0,-34.289461543523544,0.0,-208.77207041242355,0.0,-30.028823082977794,branch-specific beam-pruning path: the budget feasibility filter changes the retained approximate state set despite a feasible unconstrained terminal path,73,100,0.73,16634.39393066826,73,0.73,16634.39393066826
Walmart,persistent_backlog,store_023__dept_032,6,validation_q25,8.0,6.0,2.0,False,True,True,unconstrained_switch_count > K,True,False,True,False,False,True,False,False,False,-1.0,-1.0,-1.0,False,False,96,0.10*validation_mean; floor=0.25,sorted model names,deterministic accumulated cost then model path,switch-budget feasibility filter only,1e-09,0.0,0.0,0.0,0.0,-1.0,0.0,0.0,0.0,0.0,3251.0749999965046,0.0,0.0,branch-specific beam-pruning path: the budget feasibility filter changes the retained approximate state set despite a feasible unconstrained terminal path,73,100,0.73,16634.39393066826,73,0.73,16634.39393066826
Walmart,persistent_backlog,store_023__dept_072,6,validation_q25,9.0,6.0,3.0,False,True,True,unconstrained_switch_count > K,True,False,True,False,False,True,False,False,False,-1.5,-1.5,-1.5,False,False,96,0.10*validation_mean; floor=0.25,sorted model names,deterministic accumulated cost then model path,switch-budget feasibility filter only,1e-09,0.0,0.0,0.0,0.0,-1.5,0.0,0.0,0.0,0.0,24924.879692248534,0.0,0.0,branch-specific beam-pruning path: the budget feasibility filter changes the retained approximate state set despite a feasible unconstrained terminal path,73,100,0.73,16634.39393066826,73,0.73,16634.39393066826
Walmart,persistent_backlog,store_024__dept_018,6,validation_q25,3.0,3.0,0.0,True,False,False,unconstrained_switch_count > K,False,False,False,True,True,True,True,True,True,0.0,0.0,0.0,True,True,96,0.10*validation_mean; floor=0.25,sorted model names,deterministic accumulated cost then model path,switch-budget feasibility filter only,1e-09,0.0,0.0,0.0,0.0,0.0,0.0,0.0,0.0,0.0,0.0,0.0,0.0,none,73,100,0.73,16634.39393066826,73,0.73,16634.39393066826
Walmart,persistent_backlog,store_024__dept_040,6,validation_q25,10.0,6.0,4.0,False,True,True,unconstrained_switch_count > K,True,False,True,False,False,True,False,False,False,-2.0,-2.0,-2.0,False,False,96,0.10*validation_mean; floor=0.25,sorted model names,deterministic accumulated cost then model path,switch-budget feasibility filter only,1e-09,0.0,0.0,0.0,0.0,-2.0,0.0,0.0,0.0,0.0,2459.855587062193,0.0,0.0,branch-specific beam-pruning path: the budget feasibility filter changes the retained approximate state set despite a feasible unconstrained terminal path,73,100,0.73,16634.39393066826,73,0.73,16634.39393066826
Walmart,persistent_backlog,store_024__dept_092,6,validation_q25,7.0,6.0,1.0,False,True,True,unconstrained_switch_count > K,True,False,True,False,False,False,False,False,False,316154.31200194545,-0.5,316154.31200194545,False,False,96,0.10*validation_mean; floor=0.25,sorted model names,deterministic accumulated cost then model path,switch-budget feasibility filter only,1e-09,-9271.402111494215,324499.0739022894,927.1402111493985,0.0,-0.5,-0.021700337426650895,-713.1847778072115,9271.40211149404,0.0,113834.52964264154,0.0,18542.804222987965,branch-specific beam-pruning path: the budget feasibility filter changes the retained approximate state set despite a feasible unconstrained terminal path,73,100,0.73,16634.39393066826,73,0.73,16634.39393066826
Walmart,persistent_backlog,store_024__dept_095,6,validation_q25,10.0,6.0,4.0,False,True,True,unconstrained_switch_count > K,True,False,True,False,False,True,False,False,False,-2.0,-2.0,-2.0,False,False,96,0.10*validation_mean; floor=0.25,sorted model names,deterministic accumulated cost then model path,switch-budget feasibility filter only,1e-09,0.0,0.0,0.0,0.0,-2.0,0.0,0.0,0.0,0.0,25931.61249999737,0.0,0.0,branch-specific beam-pruning path: the budget feasibility filter changes the retained approximate state set despite a feasible unconstrained terminal path,73,100,0.73,16634.39393066826,73,0.73,16634.39393066826
Walmart,persistent_backlog,store_025__dept_018,6,validation_q25,4.0,4.0,0.0,True,False,False,unconstrained_switch_count > K,False,False,False,True,True,True,True,True,True,0.0,0.0,0.0,True,True,96,0.10*validation_mean; floor=0.25,sorted model names,deterministic accumulated cost then model path,switch-budget feasibility filter only,1e-09,0.0,0.0,0.0,0.0,0.0,0.0,0.0,0.0,0.0,0.0,0.0,0.0,none,73,100,0.73,16634.39393066826,73,0.73,16634.39393066826
Walmart,persistent_backlog,store_026__dept_024,6,validation_q25,5.0,5.0,0.0,True,False,False,unconstrained_switch_count > K,False,False,False,True,True,True,True,True,True,0.0,0.0,0.0,True,True,96,0.10*validation_mean; floor=0.25,sorted model names,deterministic accumulated cost then model path,switch-budget feasibility filter only,1e-09,0.0,0.0,0.0,0.0,0.0,0.0,0.0,0.0,0.0,0.0,0.0,0.0,none,73,100,0.73,16634.39393066826,73,0.73,16634.39393066826
Walmart,persistent_backlog,store_026__dept_036,6,validation_q25,5.0,5.0,0.0,True,False,False,unconstrained_switch_count > K,False,False,False,True,True,True,True,True,True,0.0,0.0,0.0,True,True,96,0.10*validation_mean; floor=0.25,sorted model names,deterministic accumulated cost then model path,switch-budget feasibility filter only,1e-09,0.0,0.0,0.0,0.0,0.0,0.0,0.0,0.0,0.0,0.0,0.0,0.0,none,73,100,0.73,16634.39393066826,73,0.73,16634.39393066826
Walmart,persistent_backlog,store_026__dept_038,6,validation_q25,9.0,6.0,3.0,False,True,True,unconstrained_switch_count > K,True,False,True,False,False,False,False,False,False,-4195.174930064939,-1.5,-4195.174930064939,False,False,96,0.10*validation_mean; floor=0.25,sorted model names,deterministic accumulated cost then model path,switch-budget feasibility filter only,1e-09,174.01140788639896,-4350.285197163001,-17.401140788651446,0.0,-1.5,0.0005347752671268635,13.385492914370843,-174.01140788652992,0.0,-1566.102670978522,0.0,-348.02281577303074,branch-specific beam-pruning path: the budget feasibility filter changes the retained approximate state set despite a feasible unconstrained terminal path,73,100,0.73,16634.39393066826,73,0.73,16634.39393066826
Walmart,persistent_backlog,store_026__dept_092,6,validation_q25,6.0,6.0,0.0,True,False,False,unconstrained_switch_count > K,False,False,False,True,True,True,True,True,True,0.0,0.0,0.0,True,True,96,0.10*validation_mean; floor=0.25,sorted model names,deterministic accumulated cost then model path,switch-budget feasibility filter only,1e-09,0.0,0.0,0.0,0.0,0.0,0.0,0.0,0.0,0.0,0.0,0.0,0.0,none,73,100,0.73,16634.39393066826,73,0.73,16634.39393066826
Walmart,persistent_backlog,store_027__dept_071,6,validation_q25,7.0,6.0,1.0,False,True,True,unconstrained_switch_count > K,True,False,True,False,False,True,False,False,False,-0.5,-0.5,-0.5,False,False,96,0.10*validation_mean; floor=0.25,sorted model names,deterministic accumulated cost then model path,switch-budget feasibility filter only,1e-09,0.0,0.0,0.0,0.0,-0.5,0.0,0.0,0.0,0.0,990.6625000029162,0.0,0.0,branch-specific beam-pruning path: the budget feasibility filter changes the retained approximate state set despite a feasible unconstrained terminal path,73,100,0.73,16634.39393066826,73,0.73,16634.39393066826
Walmart,persistent_backlog,store_027__dept_090,6,validation_q25,10.0,6.0,4.0,False,True,True,unconstrained_switch_count > K,True,False,True,False,False,True,False,False,False,-2.0,-2.0,-2.0,False,False,96,0.10*validation_mean; floor=0.25,sorted model names,deterministic accumulated cost then model path,switch-budget feasibility filter only,1e-09,0.0,0.0,0.0,0.0,-2.0,0.0,0.0,0.0,0.0,25148.234615388094,0.0,0.0,branch-specific beam-pruning path: the budget feasibility filter changes the retained approximate state set despite a feasible unconstrained terminal path,73,100,0.73,16634.39393066826,73,0.73,16634.39393066826
Walmart,persistent_backlog,store_027__dept_092,6,validation_q25,8.0,6.0,2.0,False,True,True,unconstrained_switch_count > K,True,False,True,False,False,True,False,False,False,-1.0,-1.0,-1.0,False,False,96,0.10*validation_mean; floor=0.25,sorted model names,deterministic accumulated cost then model path,switch-budget feasibility filter only,1e-09,0.0,0.0,0.0,0.0,-1.0,0.0,0.0,0.0,0.0,10314.009615383577,0.0,0.0,branch-specific beam-pruning path: the budget feasibility filter changes the retained approximate state set despite a feasible unconstrained terminal path,73,100,0.73,16634.39393066826,73,0.73,16634.39393066826
Walmart,persistent_backlog,store_027__dept_095,6,validation_q25,5.0,5.0,0.0,True,False,False,unconstrained_switch_count > K,False,False,False,True,True,True,True,True,True,0.0,0.0,0.0,True,True,96,0.10*validation_mean; floor=0.25,sorted model names,deterministic accumulated cost then model path,switch-budget feasibility filter only,1e-09,0.0,0.0,0.0,0.0,0.0,0.0,0.0,0.0,0.0,0.0,0.0,0.0,none,73,100,0.73,16634.39393066826,73,0.73,16634.39393066826
Walmart,persistent_backlog,store_028__dept_092,6,validation_q25,8.0,6.0,2.0,False,True,True,unconstrained_switch_count > K,True,False,True,False,False,False,False,False,False,-37298.579949997365,-1.0,-37298.579949997365,False,False,96,0.10*validation_mean; floor=0.25,sorted model names,deterministic accumulated cost then model path,switch-budget feasibility filter only,1e-09,0.0,-37173.66772424942,-123.91222574749736,0.0,-1.0,0.0028659558793233675,0.0,-1239.1222574749845,0.0,-25127.60829299502,0.0769230769230771,-2478.244514949969,branch-specific beam-pruning path: the budget feasibility filter changes the retained approximate state set despite a feasible unconstrained terminal path,73,100,0.73,16634.39393066826,73,0.73,16634.39393066826
Walmart,persistent_backlog,store_028__dept_095,6,validation_q25,8.0,5.0,3.0,False,True,True,unconstrained_switch_count > K,True,False,True,False,False,False,False,False,False,104789.03613314265,-1.5,104789.03613314265,False,False,96,0.10*validation_mean; floor=0.25,sorted model names,deterministic accumulated cost then model path,switch-budget feasibility filter only,1e-09,-27508.71138241561,132316.9647770326,-17.717261474726,0.0,-1.5,-0.02292725928258965,-2116.0547217242856,-407.49701391869166,0.0,1339.519676714437,0.0,-354.34522949450184,branch-specific beam-pruning path: the budget feasibility filter changes the retained approximate state set despite a feasible unconstrained terminal path,73,100,0.73,16634.39393066826,73,0.73,16634.39393066826
Walmart,persistent_backlog,store_029__dept_027,6,validation_q25,7.0,6.0,1.0,False,True,True,unconstrained_switch_count > K,True,False,True,False,False,True,False,False,False,-0.5,-0.5,-0.5,False,False,96,0.10*validation_mean; floor=0.25,sorted model names,deterministic accumulated cost then model path,switch-budget feasibility filter only,1e-09,0.0,0.0,0.0,0.0,-0.5,0.0,0.0,0.0,0.0,174.64230768794005,0.0,0.0,branch-specific beam-pruning path: the budget feasibility filter changes the retained approximate state set despite a feasible unconstrained terminal path,73,100,0.73,16634.39393066826,73,0.73,16634.39393066826
Walmart,persistent_backlog,store_030__dept_083,6,validation_q25,9.0,6.0,3.0,False,True,True,unconstrained_switch_count > K,True,False,True,False,False,False,False,False,False,-60.50975325391846,-1.5,-60.50975325391846,False,False,96,0.10*validation_mean; floor=0.25,sorted model names,deterministic accumulated cost then model path,switch-budget feasibility filter only,1e-09,-66.06860374997996,0.0,7.0588504960664835,0.0,-1.5,0.0,-5.082200288459944,0.0,0.0,-48.03149317961288,0.0,141.17700992132995,branch-specific beam-pruning path: the budget feasibility filter changes the retained approximate state set despite a feasible unconstrained terminal path,73,100,0.73,16634.39393066826,73,0.73,16634.39393066826
Walmart,persistent_backlog,store_031__dept_038,6,validation_q25,10.0,6.0,4.0,False,True,True,unconstrained_switch_count > K,True,False,True,False,False,True,False,False,False,-2.0,-2.0,-2.0,False,False,96,0.10*validation_mean; floor=0.25,sorted model names,deterministic accumulated cost then model path,switch-budget feasibility filter only,1e-09,0.0,0.0,0.0,0.0,-2.0,0.0,0.0,0.0,0.0,2980.887809850392,0.0,0.0,branch-specific beam-pruning path: the budget feasibility filter changes the retained approximate state set despite a feasible unconstrained terminal path,73,100,0.73,16634.39393066826,73,0.73,16634.39393066826
Walmart,persistent_backlog,store_031__dept_046,6,validation_q25,9.0,6.0,3.0,False,True,True,unconstrained_switch_count > K,True,False,True,False,False,False,False,False,False,495.7673259145813,-1.5,495.7673259145813,False,False,96,0.10*validation_mean; floor=0.25,sorted model names,deterministic accumulated cost then model path,switch-budget feasibility filter only,1e-09,539.9621569985757,0.0,-42.694831084012094,0.0,-1.5,0.0,41.53555053835589,0.0,0.0,4933.799999999988,0.0,-853.8966216802364,branch-specific beam-pruning path: the budget feasibility filter changes the retained approximate state set despite a feasible unconstrained terminal path,73,100,0.73,16634.39393066826,73,0.73,16634.39393066826
Walmart,persistent_backlog,store_031__dept_079,6,validation_q25,5.0,5.0,0.0,True,False,False,unconstrained_switch_count > K,False,False,False,True,True,True,True,True,True,0.0,0.0,0.0,True,True,96,0.10*validation_mean; floor=0.25,sorted model names,deterministic accumulated cost then model path,switch-budget feasibility filter only,1e-09,0.0,0.0,0.0,0.0,0.0,0.0,0.0,0.0,0.0,0.0,0.0,0.0,none,73,100,0.73,16634.39393066826,73,0.73,16634.39393066826
Walmart,persistent_backlog,store_031__dept_090,6,validation_q25,10.0,6.0,4.0,False,True,True,unconstrained_switch_count > K,True,False,True,False,False,True,False,False,False,-2.0,-2.0,-2.0,False,False,96,0.10*validation_mean; floor=0.25,sorted model names,deterministic accumulated cost then model path,switch-budget feasibility filter only,1e-09,0.0,0.0,0.0,0.0,-2.0,0.0,0.0,0.0,0.0,1006.7815639602486,0.0,0.0,branch-specific beam-pruning path: the budget feasibility filter changes the retained approximate state set despite a feasible unconstrained terminal path,73,100,0.73,16634.39393066826,73,0.73,16634.39393066826
Walmart,persistent_backlog,store_031__dept_092,6,validation_q25,8.0,6.0,2.0,False,True,True,unconstrained_switch_count > K,True,False,True,False,False,True,False,False,False,-1.0,-1.0,-1.0,False,False,96,0.10*validation_mean; floor=0.25,sorted model names,deterministic accumulated cost then model path,switch-budget feasibility filter only,1e-09,0.0,0.0,0.0,0.0,-1.0,0.0,0.0,0.0,0.0,50001.7028846133,0.0,0.0,branch-specific beam-pruning path: the budget feasibility filter changes the retained approximate state set despite a feasible unconstrained terminal path,73,100,0.73,16634.39393066826,73,0.73,16634.39393066826
Walmart,persistent_backlog,store_031__dept_095,6,validation_q25,8.0,6.0,2.0,False,True,True,unconstrained_switch_count > K,True,False,True,False,False,True,False,False,False,-1.0,-1.0,-1.0,False,False,96,0.10*validation_mean; floor=0.25,sorted model names,deterministic accumulated cost then model path,switch-budget feasibility filter only,1e-09,0.0,0.0,0.0,0.0,-1.0,0.0,0.0,0.0,0.0,27801.449999994133,0.0,0.0,branch-specific beam-pruning path: the budget feasibility filter changes the retained approximate state set despite a feasible unconstrained terminal path,73,100,0.73,16634.39393066826,73,0.73,16634.39393066826
Walmart,persistent_backlog,store_032__dept_092,6,validation_q25,7.0,6.0,1.0,False,True,True,unconstrained_switch_count > K,True,False,True,False,False,True,False,False,False,-0.5,-0.5,-0.5,False,False,96,0.10*validation_mean; floor=0.25,sorted model names,deterministic accumulated cost then model path,switch-budget feasibility filter only,1e-09,0.0,0.0,0.0,0.0,-0.5,0.0,0.0,0.0,0.0,15127.296153848758,0.0,0.0,branch-specific beam-pruning path: the budget feasibility filter changes the retained approximate state set despite a feasible unconstrained terminal path,73,100,0.73,16634.39393066826,73,0.73,16634.39393066826
Walmart,persistent_backlog,store_032__dept_095,6,validation_q25,2.0,2.0,0.0,True,False,False,unconstrained_switch_count > K,False,False,False,True,True,True,True,True,True,0.0,0.0,0.0,True,True,96,0.10*validation_mean; floor=0.25,sorted model names,deterministic accumulated cost then model path,switch-budget feasibility filter only,1e-09,0.0,0.0,0.0,0.0,0.0,0.0,0.0,0.0,0.0,0.0,0.0,0.0,none,73,100,0.73,16634.39393066826,73,0.73,16634.39393066826
Walmart,persistent_backlog,store_033__dept_094,6,validation_q25,9.0,6.0,3.0,False,True,True,unconstrained_switch_count > K,True,False,True,False,False,False,False,False,False,181892.16630576912,-1.5,181892.16630576912,False,False,96,0.10*validation_mean; floor=0.25,sorted model names,deterministic accumulated cost then model path,switch-budget feasibility filter only,1e-09,0.0,181308.79921153828,584.867094230769,0.0,-1.5,-0.07207941593225597,0.0,7603.272224999993,0.0,66466.02989630925,-0.07692307692307687,11697.341884615384,branch-specific beam-pruning path: the budget feasibility filter changes the retained approximate state set despite a feasible unconstrained terminal path,73,100,0.73,16634.39393066826,73,0.73,16634.39393066826
Walmart,persistent_backlog,store_035__dept_072,6,validation_q25,9.0,6.0,3.0,False,True,True,unconstrained_switch_count > K,True,False,True,False,False,True,False,False,False,-1.5,-1.5,-1.5,False,False,96,0.10*validation_mean; floor=0.25,sorted model names,deterministic accumulated cost then model path,switch-budget feasibility filter only,1e-09,0.0,0.0,0.0,0.0,-1.5,0.0,0.0,0.0,0.0,1801.9961538447533,0.0,0.0,branch-specific beam-pruning path: the budget feasibility filter changes the retained approximate state set despite a feasible unconstrained terminal path,73,100,0.73,16634.39393066826,73,0.73,16634.39393066826
Walmart,persistent_backlog,store_036__dept_087,6,validation_q25,4.0,4.0,0.0,True,False,False,unconstrained_switch_count > K,False,False,False,True,True,True,True,True,True,0.0,0.0,0.0,True,True,96,0.10*validation_mean; floor=0.25,sorted model names,deterministic accumulated cost then model path,switch-budget feasibility filter only,1e-09,0.0,0.0,0.0,0.0,0.0,0.0,0.0,0.0,0.0,0.0,0.0,0.0,none,73,100,0.73,16634.39393066826,73,0.73,16634.39393066826
Walmart,persistent_backlog,store_038__dept_002,6,validation_q25,8.0,6.0,2.0,False,True,True,unconstrained_switch_count > K,True,False,True,False,False,True,False,False,False,-1.0,-1.0,-1.0,False,False,96,0.10*validation_mean; floor=0.25,sorted model names,deterministic accumulated cost then model path,switch-budget feasibility filter only,1e-09,0.0,0.0,0.0,0.0,-1.0,0.0,0.0,0.0,0.0,1425.212499993766,0.0,0.0,branch-specific beam-pruning path: the budget feasibility filter changes the retained approximate state set despite a feasible unconstrained terminal path,73,100,0.73,16634.39393066826,73,0.73,16634.39393066826
Walmart,persistent_backlog,store_039__dept_092,6,validation_q25,10.0,6.0,4.0,False,True,True,unconstrained_switch_count > K,True,False,True,False,False,True,False,False,False,-2.0,-2.0,-2.0,False,False,96,0.10*validation_mean; floor=0.25,sorted model names,deterministic accumulated cost then model path,switch-budget feasibility filter only,1e-09,0.0,0.0,0.0,0.0,-2.0,0.0,0.0,0.0,0.0,52047.05384615529,0.0,0.0,branch-specific beam-pruning path: the budget feasibility filter changes the retained approximate state set despite a feasible unconstrained terminal path,73,100,0.73,16634.39393066826,73,0.73,16634.39393066826
Walmart,persistent_backlog,store_039__dept_095,6,validation_q25,9.0,6.0,3.0,False,True,True,unconstrained_switch_count > K,True,False,True,False,False,True,False,False,False,-1.5,-1.5,-1.5,False,False,96,0.10*validation_mean; floor=0.25,sorted model names,deterministic accumulated cost then model path,switch-budget feasibility filter only,1e-09,0.0,0.0,0.0,0.0,-1.5,0.0,0.0,0.0,0.0,24420.699999993434,0.0,0.0,branch-specific beam-pruning path: the budget feasibility filter changes the retained approximate state set despite a feasible unconstrained terminal path,73,100,0.73,16634.39393066826,73,0.73,16634.39393066826
Walmart,persistent_backlog,store_040__dept_042,6,validation_q25,6.0,6.0,0.0,True,False,False,unconstrained_switch_count > K,False,False,False,True,True,True,True,True,True,0.0,0.0,0.0,True,True,96,0.10*validation_mean; floor=0.25,sorted model names,deterministic accumulated cost then model path,switch-budget feasibility filter only,1e-09,0.0,0.0,0.0,0.0,0.0,0.0,0.0,0.0,0.0,0.0,0.0,0.0,none,73,100,0.73,16634.39393066826,73,0.73,16634.39393066826
Walmart,persistent_backlog,store_040__dept_092,6,validation_q25,6.0,6.0,0.0,True,False,False,unconstrained_switch_count > K,False,False,False,True,True,True,True,True,True,0.0,0.0,0.0,True,True,96,0.10*validation_mean; floor=0.25,sorted model names,deterministic accumulated cost then model path,switch-budget feasibility filter only,1e-09,0.0,0.0,0.0,0.0,0.0,0.0,0.0,0.0,0.0,0.0,0.0,0.0,none,73,100,0.73,16634.39393066826,73,0.73,16634.39393066826
Walmart,persistent_backlog,store_041__dept_033,6,validation_q25,7.0,6.0,1.0,False,True,True,unconstrained_switch_count > K,True,False,True,False,False,True,False,False,False,-0.5,-0.5,-0.5,False,False,96,0.10*validation_mean; floor=0.25,sorted model names,deterministic accumulated cost then model path,switch-budget feasibility filter only,1e-09,0.0,0.0,0.0,0.0,-0.5,0.0,0.0,0.0,0.0,264.7874999935739,0.0,0.0,branch-specific beam-pruning path: the budget feasibility filter changes the retained approximate state set despite a feasible unconstrained terminal path,73,100,0.73,16634.39393066826,73,0.73,16634.39393066826
Walmart,persistent_backlog,store_041__dept_092,6,validation_q25,6.0,6.0,0.0,True,False,False,unconstrained_switch_count > K,False,False,False,True,True,True,True,True,True,0.0,0.0,0.0,True,True,96,0.10*validation_mean; floor=0.25,sorted model names,deterministic accumulated cost then model path,switch-budget feasibility filter only,1e-09,0.0,0.0,0.0,0.0,0.0,0.0,0.0,0.0,0.0,0.0,0.0,0.0,none,73,100,0.73,16634.39393066826,73,0.73,16634.39393066826
Walmart,persistent_backlog,store_041__dept_095,6,validation_q25,6.0,6.0,0.0,True,False,False,unconstrained_switch_count > K,False,False,False,True,True,True,True,True,True,0.0,0.0,0.0,True,True,96,0.10*validation_mean; floor=0.25,sorted model names,deterministic accumulated cost then model path,switch-budget feasibility filter only,1e-09,0.0,0.0,0.0,0.0,0.0,0.0,0.0,0.0,0.0,0.0,0.0,0.0,none,73,100,0.73,16634.39393066826,73,0.73,16634.39393066826
Walmart,persistent_backlog,store_041__dept_096,6,validation_q25,6.0,6.0,0.0,True,False,False,unconstrained_switch_count > K,False,False,False,True,True,True,True,True,True,0.0,0.0,0.0,True,True,96,0.10*validation_mean; floor=0.25,sorted model names,deterministic accumulated cost then model path,switch-budget feasibility filter only,1e-09,0.0,0.0,0.0,0.0,0.0,0.0,0.0,0.0,0.0,0.0,0.0,0.0,none,73,100,0.73,16634.39393066826,73,0.73,16634.39393066826
Walmart,persistent_backlog,store_042__dept_092,6,validation_q25,8.0,6.0,2.0,False,True,True,unconstrained_switch_count > K,True,False,True,False,False,True,False,False,False,-1.0,-1.0,-1.0,False,False,96,0.10*validation_mean; floor=0.25,sorted model names,deterministic accumulated cost then model path,switch-budget feasibility filter only,1e-09,0.0,0.0,0.0,0.0,-1.0,0.0,0.0,0.0,0.0,21969.477884603315,0.0,0.0,branch-specific beam-pruning path: the budget feasibility filter changes the retained approximate state set despite a feasible unconstrained terminal path,73,100,0.73,16634.39393066826,73,0.73,16634.39393066826
Walmart,persistent_backlog,store_043__dept_092,6,validation_q25,10.0,6.0,4.0,False,True,True,unconstrained_switch_count > K,True,False,True,False,False,False,False,False,False,206138.5536448029,-2.0,206138.5536448029,False,False,96,0.10*validation_mean; floor=0.25,sorted model names,deterministic accumulated cost then model path,switch-budget feasibility filter only,1e-09,0.0,205563.60865377728,576.9449910260214,0.0,-2.0,-0.022221741144986096,0.0,5873.245961536479,0.0,101665.21745194693,-0.07692307692307687,11538.899820520426,branch-specific beam-pruning path: the budget feasibility filter changes the retained approximate state set despite a feasible unconstrained terminal path,73,100,0.73,16634.39393066826,73,0.73,16634.39393066826
Walmart,persistent_backlog,store_044__dept_009,6,validation_q25,6.0,6.0,0.0,True,False,False,unconstrained_switch_count > K,False,False,False,True,True,True,True,True,True,0.0,0.0,0.0,True,True,96,0.10*validation_mean; floor=0.25,sorted model names,deterministic accumulated cost then model path,switch-budget feasibility filter only,1e-09,0.0,0.0,0.0,0.0,0.0,0.0,0.0,0.0,0.0,0.0,0.0,0.0,none,73,100,0.73,16634.39393066826,73,0.73,16634.39393066826
Walmart,persistent_backlog,store_044__dept_017,6,validation_q25,8.0,5.0,3.0,False,True,True,unconstrained_switch_count > K,True,False,True,False,False,True,False,False,False,-1.5,-1.5,-1.5,False,False,96,0.10*validation_mean; floor=0.25,sorted model names,deterministic accumulated cost then model path,switch-budget feasibility filter only,1e-09,0.0,0.0,0.0,0.0,-1.5,0.0,0.0,0.0,0.0,101.52307692841532,0.0,0.0,branch-specific beam-pruning path: the budget feasibility filter changes the retained approximate state set despite a feasible unconstrained terminal path,73,100,0.73,16634.39393066826,73,0.73,16634.39393066826
Walmart,strict_switch_budget,store_001__dept_038,2,fixed_K2,7.0,2.0,5.0,False,True,True,unconstrained_switch_count > K,True,False,True,False,False,False,False,False,False,25404.957937286003,-2.5,25404.957937286003,False,False,96,0.10*validation_mean; floor=0.25,sorted model names,deterministic accumulated cost then model path,switch-budget feasibility filter only,1e-09,-17978.841451476736,44728.191315334276,-1341.8919265715303,0.0,-2.5,-0.00901586690754963,-1382.9878039597497,0.0,0.0,-5429.652242368858,-0.0769230769230769,-26837.838531430578,branch-specific beam-pruning path: the budget feasibility filter changes the retained approximate state set despite a feasible unconstrained terminal path,95,100,0.95,41574.88860624909,95,0.95,41574.88860624909
Walmart,strict_switch_budget,store_001__dept_090,2,fixed_K2,9.0,2.0,7.0,False,True,True,unconstrained_switch_count > K,True,False,True,False,False,False,False,False,False,65884.23416310403,-3.5,65884.23416310403,False,False,96,0.10*validation_mean; floor=0.25,sorted model names,deterministic accumulated cost then model path,switch-budget feasibility filter only,1e-09,-13942.025789601612,80725.41843611682,-895.6584834110145,0.0,-3.5,-0.014006166799754416,-1072.4635222770485,0.0,0.0,0.0,0.0,-17913.169668220275,branch-specific beam-pruning path: the budget feasibility filter changes the retained approximate state set despite a feasible unconstrained terminal path,95,100,0.95,41574.88860624909,95,0.95,41574.88860624909
Walmart,strict_switch_budget,store_001__dept_092,2,fixed_K2,6.0,2.0,4.0,False,True,True,unconstrained_switch_count > K,True,False,True,False,False,False,False,False,False,62220.229066954926,-2.0,62220.229066954926,False,False,96,0.10*validation_mean; floor=0.25,sorted model names,deterministic accumulated cost then model path,switch-budget feasibility filter only,1e-09,-7647.674184833537,71036.09635097411,-1166.1930991856898,0.0,-2.0,-0.007608394625178594,-588.2826296025742,2025.9524027406003,0.0,0.0,0.0,-23323.86198371381,branch-specific beam-pruning path: the budget feasibility filter changes the retained approximate state set despite a feasible unconstrained terminal path,95,100,0.95,41574.88860624909,95,0.95,41574.88860624909
Walmart,strict_switch_budget,store_001__dept_095,2,fixed_K2,6.0,1.0,5.0,False,True,True,unconstrained_switch_count > K,True,False,True,False,False,False,False,False,False,7985.676206672564,-2.5,7985.676206672564,False,False,96,0.10*validation_mean; floor=0.25,sorted model names,deterministic accumulated cost then model path,switch-budget feasibility filter only,1e-09,-28701.08719035657,34972.361969505655,1716.901427523435,0.0,-2.5,-0.004244140163875976,-2207.775937719707,0.0,0.0,22363.085359418325,0.0769230769230769,34338.028550468676,branch-specific beam-pruning path: the budget feasibility filter changes the retained approximate state set despite a feasible unconstrained terminal path,95,100,0.95,41574.88860624909,95,0.95,41574.88860624909
Walmart,strict_switch_budget,store_001__dept_098,2,fixed_K2,12.0,1.0,11.0,False,True,True,unconstrained_switch_count > K,True,False,True,False,False,False,False,False,False,8722.709818999952,-5.5,8722.709818999952,False,False,96,0.10*validation_mean; floor=0.25,sorted model names,deterministic accumulated cost then model path,switch-budget feasibility filter only,1e-09,-1639.1624803629093,10777.258068876632,-409.88576951378036,0.0,-5.5,-0.014119558853124992,-126.08942156637795,1186.5888461548748,0.0,-2282.411259950466,-0.0769230769230769,-8197.715390275596,branch-specific beam-pruning path: the budget feasibility filter changes the retained approximate state set despite a feasible unconstrained terminal path,95,100,0.95,41574.88860624909,95,0.95,41574.88860624909
Walmart,strict_switch_budget,store_002__dept_038,2,fixed_K2,7.0,2.0,5.0,False,True,True,unconstrained_switch_count > K,True,False,True,False,False,False,False,False,False,44740.5529072535,-2.5,44740.5529072535,False,False,96,0.10*validation_mean; floor=0.25,sorted model names,deterministic accumulated cost then model path,switch-budget feasibility filter only,1e-09,19889.755441749992,20408.92937894554,4444.3680865579045,0.0,-2.5,-0.004549375716214832,1529.9811878269393,0.0,0.0,19184.997964215785,0.0769230769230769,88887.36173115802,branch-specific beam-pruning path: the budget feasibility filter changes the retained approximate state set despite a feasible unconstrained terminal path,95,100,0.95,41574.88860624909,95,0.95,41574.88860624909
Walmart,strict_switch_budget,store_002__dept_090,2,fixed_K2,6.0,2.0,4.0,False,True,True,unconstrained_switch_count > K,True,False,True,False,False,False,False,False,False,37058.542278017616,-2.0,37058.542278017616,False,False,96,0.10*validation_mean; floor=0.25,sorted model names,deterministic accumulated cost then model path,switch-budget feasibility filter only,1e-09,0.0,37595.155994052446,-534.6137160347926,0.0,-2.0,-0.005734078983808177,0.0,3795.888461539056,0.0,0.0,0.0,-10692.27432069584,branch-specific beam-pruning path: the budget feasibility filter changes the retained approximate state set despite a feasible unconstrained terminal path,95,100,0.95,41574.88860624909,95,0.95,41574.88860624909
Walmart,strict_switch_budget,store_002__dept_091,2,fixed_K2,3.0,2.0,1.0,False,True,True,unconstrained_switch_count > K,True,False,True,False,False,False,False,False,False,175.0483461538097,-0.5,175.0483461538097,False,False,96,0.10*validation_mean; floor=0.25,sorted model names,deterministic accumulated cost then model path,switch-budget feasibility filter only,1e-09,0.0,0.0,175.5483461538579,0.0,-0.5,0.0,0.0,0.0,0.0,0.0,0.0,3510.966923077154,branch-specific beam-pruning path: the budget feasibility filter changes the retained approximate state set despite a feasible unconstrained terminal path,95,100,0.95,41574.88860624909,95,0.95,41574.88860624909
Walmart,strict_switch_budget,store_002__dept_092,2,fixed_K2,9.0,1.0,8.0,False,True,True,unconstrained_switch_count > K,True,False,True,False,False,False,False,False,False,419463.00075321505,-4.0,419463.00075321505,False,False,96,0.10*validation_mean; floor=0.25,sorted model names,deterministic accumulated cost then model path,switch-budget feasibility filter only,1e-09,-19061.132607800537,438908.98505243997,-380.85169142402265,0.0,-4.0,-0.03879047526161483,-1466.2409698308038,15006.188653846679,0.0,-196.35461538430536,0.0,-7617.033828480402,branch-specific beam-pruning path: the budget feasibility filter changes the retained approximate state set despite a feasible unconstrained terminal path,95,100,0.95,41574.88860624909,95,0.95,41574.88860624909
Walmart,strict_switch_budget,store_002__dept_095,2,fixed_K2,5.0,2.0,3.0,False,True,True,unconstrained_switch_count > K,True,False,True,False,False,False,False,False,False,-4238.9093350691255,-1.5,-4238.9093350691255,False,False,96,0.10*validation_mean; floor=0.25,sorted model names,deterministic accumulated cost then model path,switch-budget feasibility filter only,1e-09,-3999.5085919137346,0.0,-237.90074315558923,0.0,-1.5,0.0,-307.65450707028504,0.0,0.0,0.0,0.0,-4758.014863111748,branch-specific beam-pruning path: the budget feasibility filter changes the retained approximate state set despite a feasible unconstrained terminal path,95,100,0.95,41574.88860624909,95,0.95,41574.88860624909
Walmart,strict_switch_budget,store_003__dept_014,2,fixed_K2,9.0,2.0,7.0,False,True,True,unconstrained_switch_count > K,True,False,True,False,False,False,False,False,False,1539.7666977283698,-3.5,1539.7666977283698,False,False,96,0.10*validation_mean; floor=0.25,sorted model names,deterministic accumulated cost then model path,switch-budget feasibility filter only,1e-09,750.1633719484853,597.969613981023,195.13371179886536,0.0,-3.5,-0.0019392516831677753,57.70487476526796,0.0,0.0,0.0,0.0,3902.674235977309,branch-specific beam-pruning path: the budget feasibility filter changes the retained approximate state set despite a feasible unconstrained terminal path,95,100,0.95,41574.88860624909,95,0.95,41574.88860624909
Walmart,strict_switch_budget,store_003__dept_038,2,fixed_K2,6.0,2.0,4.0,False,True,True,unconstrained_switch_count > K,True,False,True,False,False,False,False,False,False,60774.96278751164,-2.0,60774.96278751164,False,False,96,0.10*validation_mean; floor=0.25,sorted model names,deterministic accumulated cost then model path,switch-budget feasibility filter only,1e-09,-3757.164748340787,65914.03765515714,-1379.9101193048045,0.0,-2.0,-0.01158937630243373,-289.0126729492913,1703.6416050680564,0.0,-2332.787492744232,-0.0769230769230769,-27598.20238609609,branch-specific beam-pruning path: the budget feasibility filter changes the retained approximate state set despite a feasible unconstrained terminal path,95,100,0.95,41574.88860624909,95,0.95,41574.88860624909
Walmart,strict_switch_budget,store_004__dept_002,2,fixed_K2,10.0,2.0,8.0,False,True,True,unconstrained_switch_count > K,True,False,True,False,False,False,False,False,False,19122.87210824294,-4.0,19122.87210824294,False,False,96,0.10*validation_mean; floor=0.25,sorted model names,deterministic accumulated cost then model path,switch-budget feasibility filter only,1e-09,-4809.944787568005,24160.75305845763,-223.93616264653247,0.0,-4.0,-0.0037671413615973925,-369.9957528898449,0.0,0.0,-489.6247474142292,0.0,-4478.72325293062,branch-specific beam-pruning path: the budget feasibility filter changes the retained approximate state set despite a feasible unconstrained terminal path,95,100,0.95,41574.88860624909,95,0.95,41574.88860624909
Walmart,strict_switch_budget,store_004__dept_038,2,fixed_K2,7.0,2.0,5.0,False,True,True,unconstrained_switch_count > K,True,False,True,False,False,False,False,False,False,29968.08364831825,-2.5,29968.08364831825,False,False,96,0.10*validation_mean; floor=0.25,sorted model names,deterministic accumulated cost then model path,switch-budget feasibility filter only,1e-09,27972.755772708042,0.0,1997.8278756102955,0.0,-2.5,0.0,2151.750444054458,0.0,0.0,3756.096236708094,0.0769230769230769,39956.55751220594,branch-specific beam-pruning path: the budget feasibility filter changes the retained approximate state set despite a feasible unconstrained terminal path,95,100,0.95,41574.88860624909,95,0.95,41574.88860624909
Walmart,strict_switch_budget,store_004__dept_072,2,fixed_K2,10.0,2.0,8.0,False,True,True,unconstrained_switch_count > K,True,False,True,False,False,False,False,False,False,223724.14183128648,-4.0,223724.14183128648,False,False,96,0.10*validation_mean; floor=0.25,sorted model names,deterministic accumulated cost then model path,switch-budget feasibility filter only,1e-09,-17886.014416538586,242603.37419999298,-989.2179521679582,0.0,-4.0,-0.03822944147011198,-1375.847262810661,9056.517125648345,0.0,41763.26251693147,-0.07692307692307693,-19784.359043359116,branch-specific beam-pruning path: the budget feasibility filter changes the retained approximate state set despite a feasible unconstrained terminal path,95,100,0.95,41574.88860624909,95,0.95,41574.88860624909
Walmart,strict_switch_budget,store_004__dept_090,2,fixed_K2,10.0,2.0,8.0,False,True,True,unconstrained_switch_count > K,True,False,True,False,False,False,False,False,False,203388.68681073282,-4.0,203388.68681073282,False,False,96,0.10*validation_mean; floor=0.25,sorted model names,deterministic accumulated cost then model path,switch-budget feasibility filter only,1e-09,-21039.640394516755,224035.56167368538,396.7655315643724,0.0,-4.0,-0.03618512340470359,-1618.4338765012944,8212.015384614584,0.0,-1221.6849153594521,0.0,7935.310631287459,branch-specific beam-pruning path: the budget feasibility filter changes the retained approximate state set despite a feasible unconstrained terminal path,95,100,0.95,41574.88860624909,95,0.95,41574.88860624909
Walmart,strict_switch_budget,store_004__dept_092,2,fixed_K2,1.0,1.0,0.0,True,False,False,unconstrained_switch_count > K,False,False,False,True,True,True,True,True,True,0.0,0.0,0.0,True,True,96,0.10*validation_mean; floor=0.25,sorted model names,deterministic accumulated cost then model path,switch-budget feasibility filter only,1e-09,0.0,0.0,0.0,0.0,0.0,0.0,0.0,0.0,0.0,0.0,0.0,0.0,none,95,100,0.95,41574.88860624909,95,0.95,41574.88860624909
Walmart,strict_switch_budget,store_004__dept_095,2,fixed_K2,5.0,2.0,3.0,False,True,True,unconstrained_switch_count > K,True,False,True,False,False,False,False,False,False,-33696.28633023822,-1.5,-33696.28633023822,False,False,96,0.10*validation_mean; floor=0.25,sorted model names,deterministic accumulated cost then model path,switch-budget feasibility filter only,1e-09,-38001.00649618264,0.0,4306.22016594468,0.0,-1.5,0.0,-2923.15434586021,0.0,0.0,0.0,0.0,86124.40331889351,branch-specific beam-pruning path: the budget feasibility filter changes the retained approximate state set despite a feasible unconstrained terminal path,95,100,0.95,41574.88860624909,95,0.95,41574.88860624909
Walmart,strict_switch_budget,store_006__dept_016,2,fixed_K2,7.0,1.0,6.0,False,True,True,unconstrained_switch_count > K,True,False,True,False,False,False,False,False,False,162537.83429272438,-3.0,162537.83429272438,False,False,96,0.10*validation_mean; floor=0.25,sorted model names,deterministic accumulated cost then model path,switch-budget feasibility filter only,1e-09,162632.4474224568,0.0,-91.61312973235545,0.0,-3.0,0.0,12510.18826326591,0.0,0.0,-1410.2858503330317,0.0769230769230769,-1832.2625946470944,branch-specific beam-pruning path: the budget feasibility filter changes the retained approximate state set despite a feasible unconstrained terminal path,95,100,0.95,41574.88860624909,95,0.95,41574.88860624909
Walmart,strict_switch_budget,store_006__dept_038,2,fixed_K2,4.0,2.0,2.0,False,True,True,unconstrained_switch_count > K,True,False,True,False,False,False,False,False,False,1310.660120823828,-1.0,1310.660120823828,False,False,96,0.10*validation_mean; floor=0.25,sorted model names,deterministic accumulated cost then model path,switch-budget feasibility filter only,1e-09,-19573.075403466006,20230.765370611698,653.9701536781449,0.0,-1.0,-0.004456342758302201,-1505.6211848820021,0.0,0.0,15610.83653678115,0.0769230769230769,13079.403073562891,branch-specific beam-pruning path: the budget feasibility filter changes the retained approximate state set despite a feasible unconstrained terminal path,95,100,0.95,41574.88860624909,95,0.95,41574.88860624909
Walmart,strict_switch_budget,store_006__dept_072,2,fixed_K2,7.0,2.0,5.0,False,True,True,unconstrained_switch_count > K,True,False,True,False,False,False,False,False,False,28528.06741570437,-2.5,28528.06741570437,False,False,96,0.10*validation_mean; floor=0.25,sorted model names,deterministic accumulated cost then model path,switch-budget feasibility filter only,1e-09,25232.824705280887,681.033874428831,2616.7088359946174,0.0,-2.5,-0.000143893304856757,1940.9865157908462,0.0,0.0,976.2476115609534,0.0769230769230769,52334.17671989233,branch-specific beam-pruning path: the budget feasibility filter changes the retained approximate state set despite a feasible unconstrained terminal path,95,100,0.95,41574.88860624909,95,0.95,41574.88860624909
Walmart,strict_switch_budget,store_006__dept_092,2,fixed_K2,4.0,2.0,2.0,False,True,True,unconstrained_switch_count > K,True,False,True,False,False,False,False,False,False,-2437.158627073746,-1.0,-2437.158627073746,False,False,96,0.10*validation_mean; floor=0.25,sorted model names,deterministic accumulated cost then model path,switch-budget feasibility filter only,1e-09,-1879.197132137313,0.0,-556.9614949365514,0.0,-1.0,0.0,-144.5536255490224,0.0,0.0,0.0,0.0,-11139.22989873105,branch-specific beam-pruning path: the budget feasibility filter changes the retained approximate state set despite a feasible unconstrained terminal path,95,100,0.95,41574.88860624909,95,0.95,41574.88860624909
Walmart,strict_switch_budget,store_006__dept_095,2,fixed_K2,6.0,2.0,4.0,False,True,True,unconstrained_switch_count > K,True,False,True,False,False,False,False,False,False,35599.04515036533,-2.0,35599.04515036533,False,False,96,0.10*validation_mean; floor=0.25,sorted model names,deterministic accumulated cost then model path,switch-budget feasibility filter only,1e-09,34719.47518545587,0.0,881.5699649094477,0.0,-2.0,0.0,2670.72886041968,0.0,0.0,6475.304832532362,0.0,17631.399298188975,branch-specific beam-pruning path: the budget feasibility filter changes the retained approximate state set despite a feasible unconstrained terminal path,95,100,0.95,41574.88860624909,95,0.95,41574.88860624909
Walmart,strict_switch_budget,store_009__dept_003,2,fixed_K2,4.0,2.0,2.0,False,True,True,unconstrained_switch_count > K,True,False,True,False,False,False,False,False,False,192302.4005743838,-1.0,192302.4005743838,False,False,96,0.10*validation_mean; floor=0.25,sorted model names,deterministic accumulated cost then model path,switch-budget feasibility filter only,1e-09,0.0,192154.38663394842,149.01394043533128,0.0,-1.0,0.0,0.0,3554.423084847236,0.0,33257.80627712933,0.0,2980.2788087066256,branch-specific beam-pruning path: the budget feasibility filter changes the retained approximate state set despite a feasible unconstrained terminal path,95,100,0.95,41574.88860624909,95,0.95,41574.88860624909
Walmart,strict_switch_budget,store_009__dept_005,2,fixed_K2,7.0,1.0,6.0,False,True,True,unconstrained_switch_count > K,True,False,True,False,False,False,False,False,False,50136.478923509945,-3.0,50136.478923509945,False,False,96,0.10*validation_mean; floor=0.25,sorted model names,deterministic accumulated cost then model path,switch-budget feasibility filter only,1e-09,0.0,50183.439719369286,-43.96079585942243,0.0,-3.0,-0.04445838853761752,0.0,1885.4809171884262,0.0,9756.942837132945,0.07692307692307698,-879.2159171884341,branch-specific beam-pruning path: the budget feasibility filter changes the retained approximate state set despite a feasible unconstrained terminal path,95,100,0.95,41574.88860624909,95,0.95,41574.88860624909
Walmart,strict_switch_budget,store_009__dept_033,2,fixed_K2,7.0,2.0,5.0,False,True,True,unconstrained_switch_count > K,True,False,True,False,False,False,False,False,False,8201.747746578854,-2.5,8201.747746578854,False,False,96,0.10*validation_mean; floor=0.25,sorted model names,deterministic accumulated cost then model path,switch-budget feasibility filter only,1e-09,-1335.9271675697173,9496.348260688224,43.82665346035242,0.0,-2.5,-0.0434922514438143,-102.7636282745936,0.0,0.0,1065.1650532509047,0.15384615384615385,876.5330692070484,branch-specific beam-pruning path: the budget feasibility filter changes the retained approximate state set despite a feasible unconstrained terminal path,95,100,0.95,41574.88860624909,95,0.95,41574.88860624909
Walmart,strict_switch_budget,store_009__dept_038,2,fixed_K2,7.0,2.0,5.0,False,True,True,unconstrained_switch_count > K,True,False,True,False,False,False,False,False,False,-1176.6765142623917,-2.5,-1176.6765142623917,False,False,96,0.10*validation_mean; floor=0.25,sorted model names,deterministic accumulated cost then model path,switch-budget feasibility filter only,1e-09,-40225.786063112726,41595.79472373385,-2544.1851748834615,0.0,-2.5,-0.009360645204430473,-3094.291235624063,0.0,0.0,-5424.537858090405,-0.0769230769230769,-50883.70349766928,branch-specific beam-pruning path: the budget feasibility filter changes the retained approximate state set despite a feasible unconstrained terminal path,95,100,0.95,41574.88860624909,95,0.95,41574.88860624909
Walmart,strict_switch_budget,store_010__dept_002,2,fixed_K2,2.0,2.0,0.0,True,False,False,unconstrained_switch_count > K,False,False,False,True,True,True,True,True,True,0.0,0.0,0.0,True,True,96,0.10*validation_mean; floor=0.25,sorted model names,deterministic accumulated cost then model path,switch-budget feasibility filter only,1e-09,0.0,0.0,0.0,0.0,0.0,0.0,0.0,0.0,0.0,0.0,0.0,0.0,none,95,100,0.95,41574.88860624909,95,0.95,41574.88860624909
Walmart,strict_switch_budget,store_010__dept_008,2,fixed_K2,4.0,2.0,2.0,False,True,True,unconstrained_switch_count > K,True,False,True,False,False,False,False,False,False,171.87843403517036,-1.0,171.87843403517036,False,False,96,0.10*validation_mean; floor=0.25,sorted model names,deterministic accumulated cost then model path,switch-budget feasibility filter only,1e-09,0.0,0.0,172.8784340351267,0.0,-1.0,0.0,0.0,0.0,0.0,0.0,0.0,3457.568680702534,branch-specific beam-pruning path: the budget feasibility filter changes the retained approximate state set despite a feasible unconstrained terminal path,95,100,0.95,41574.88860624909,95,0.95,41574.88860624909
Walmart,strict_switch_budget,store_010__dept_038,2,fixed_K2,9.0,2.0,7.0,False,True,True,unconstrained_switch_count > K,True,False,True,False,False,False,False,False,False,94637.23517298792,-3.5,94637.23517298792,False,False,96,0.10*validation_mean; floor=0.25,sorted model names,deterministic accumulated cost then model path,switch-budget feasibility filter only,1e-09,-7095.8040343867615,100312.14399488523,1424.3952124893494,0.0,-3.5,-0.018570346061746457,-545.8310795682191,0.0,0.0,3873.1154372135334,0.0,28487.904249786952,branch-specific beam-pruning path: the budget feasibility filter changes the retained approximate state set despite a feasible unconstrained terminal path,95,100,0.95,41574.88860624909,95,0.95,41574.88860624909
Walmart,strict_switch_budget,store_010__dept_040,2,fixed_K2,5.0,2.0,3.0,False,True,True,unconstrained_switch_count > K,True,False,True,False,False,False,False,False,False,-1110.6935114709195,-1.5,-1110.6935114709195,False,False,96,0.10*validation_mean; floor=0.25,sorted model names,deterministic accumulated cost then model path,switch-budget feasibility filter only,1e-09,-992.3950016349554,0.0,-116.79850983604865,0.0,-1.5,0.0,-76.33807704884384,0.0,0.0,0.0,0.0,-2335.9701967209694,branch-specific beam-pruning path: the budget feasibility filter changes the retained approximate state set despite a feasible unconstrained terminal path,95,100,0.95,41574.88860624909,95,0.95,41574.88860624909
Walmart,strict_switch_budget,store_010__dept_072,2,fixed_K2,11.0,2.0,9.0,False,True,True,unconstrained_switch_count > K,True,False,True,False,False,False,False,False,False,251984.93530046614,-4.5,251984.93530046614,False,False,96,0.10*validation_mean; floor=0.25,sorted model names,deterministic accumulated cost then model path,switch-budget feasibility filter only,1e-09,-4720.2436858926085,257121.39565944136,-411.7166730827248,0.0,-4.5,-0.034907409374352216,-363.09566814559,6001.819230769252,0.0,10799.429038462127,0.0769230769230769,-8234.333461654547,branch-specific beam-pruning path: the budget feasibility filter changes the retained approximate state set despite a feasible unconstrained terminal path,95,100,0.95,41574.88860624909,95,0.95,41574.88860624909
Walmart,strict_switch_budget,store_013__dept_038,2,fixed_K2,5.0,2.0,3.0,False,True,True,unconstrained_switch_count > K,True,False,True,False,False,False,False,False,False,-4160.400286417396,-1.5,-4160.400286417396,False,False,96,0.10*validation_mean; floor=0.25,sorted model names,deterministic accumulated cost then model path,switch-budget feasibility filter only,1e-09,27681.181189331226,-34688.78072902873,2848.6992532801605,0.0,-1.5,0.005947545082746641,2129.321629948554,0.0,0.0,0.0,0.0,56973.98506560328,branch-specific beam-pruning path: the budget feasibility filter changes the retained approximate state set despite a feasible unconstrained terminal path,95,100,0.95,41574.88860624909,95,0.95,41574.88860624909
Walmart,strict_switch_budget,store_013__dept_090,2,fixed_K2,4.0,2.0,2.0,False,True,True,unconstrained_switch_count > K,True,False,True,False,False,False,False,False,False,-312.6414999999106,-1.0,-312.6414999999106,False,False,96,0.10*validation_mean; floor=0.25,sorted model names,deterministic accumulated cost then model path,switch-budget feasibility filter only,1e-09,0.0,0.0,-311.6415000000452,0.0,-1.0,0.0,0.0,0.0,0.0,291.1353865524288,0.0,-6232.83000000086,branch-specific beam-pruning path: the budget feasibility filter changes the retained approximate state set despite a feasible unconstrained terminal path,95,100,0.95,41574.88860624909,95,0.95,41574.88860624909
Walmart,strict_switch_budget,store_013__dept_091,2,fixed_K2,6.0,2.0,4.0,False,True,True,unconstrained_switch_count > K,True,False,True,False,False,False,False,False,False,-18203.486709745834,-2.0,-18203.486709745834,False,False,96,0.10*validation_mean; floor=0.25,sorted model names,deterministic accumulated cost then model path,switch-budget feasibility filter only,1e-09,15154.26574748871,-34239.541972614825,883.7895153802656,0.0,-2.0,0.006350971132885519,1165.7127498068294,0.0,0.0,1002.4916140049754,0.0769230769230769,17675.79030760529,branch-specific beam-pruning path: the budget feasibility filter changes the retained approximate state set despite a feasible unconstrained terminal path,95,100,0.95,41574.88860624909,95,0.95,41574.88860624909
Walmart,strict_switch_budget,store_013__dept_092,2,fixed_K2,8.0,2.0,6.0,False,True,True,unconstrained_switch_count > K,True,False,True,False,False,False,False,False,False,-26533.002144070808,-3.0,-26533.002144070808,False,False,96,0.10*validation_mean; floor=0.25,sorted model names,deterministic accumulated cost then model path,switch-budget feasibility filter only,1e-09,0.0,-25261.25232803228,-1268.7498160388277,0.0,-3.0,0.002194379547272751,0.0,7058.349230768275,0.0,68.98710259911604,0.0769230769230769,-25374.9963207767,branch-specific beam-pruning path: the budget feasibility filter changes the retained approximate state set despite a feasible unconstrained terminal path,95,100,0.95,41574.88860624909,95,0.95,41574.88860624909
Walmart,strict_switch_budget,store_013__dept_095,2,fixed_K2,9.0,1.0,8.0,False,True,True,unconstrained_switch_count > K,True,False,True,False,False,False,False,False,False,36529.86106010247,-4.0,36529.86106010247,False,False,96,0.10*validation_mean; floor=0.25,sorted model names,deterministic accumulated cost then model path,switch-budget feasibility filter only,1e-09,36011.650779694086,0.0,522.2102804085825,0.0,-4.0,0.0,2770.126983053371,0.0,0.0,19583.429479367333,0.0769230769230769,10444.20560817176,branch-specific beam-pruning path: the budget feasibility filter changes the retained approximate state set despite a feasible unconstrained terminal path,95,100,0.95,41574.88860624909,95,0.95,41574.88860624909
Walmart,strict_switch_budget,store_014__dept_002,2,fixed_K2,4.0,2.0,2.0,False,True,True,unconstrained_switch_count > K,True,False,True,False,False,False,False,False,False,1719.6756986065302,-1.0,1719.6756986065302,False,False,96,0.10*validation_mean; floor=0.25,sorted model names,deterministic accumulated cost then model path,switch-budget feasibility filter only,1e-09,1804.528282014653,0.0,-83.85258340811652,0.0,-1.0,0.0,138.80986784728157,0.0,0.0,0.0,0.0,-1677.0516681622976,branch-specific beam-pruning path: the budget feasibility filter changes the retained approximate state set despite a feasible unconstrained terminal path,95,100,0.95,41574.88860624909,95,0.95,41574.88860624909
Walmart,strict_switch_budget,store_014__dept_038,2,fixed_K2,8.0,2.0,6.0,False,True,True,unconstrained_switch_count > K,True,False,True,False,False,False,False,False,False,-18752.069384282455,-3.0,-18752.069384282455,False,False,96,0.10*validation_mean; floor=0.25,sorted model names,deterministic accumulated cost then model path,switch-budget feasibility filter only,1e-09,-18105.6552863284,0.0,-643.4140979541116,0.0,-3.0,0.0,-1392.7427143329478,0.0,0.0,0.0,0.0,-12868.281959082262,branch-specific beam-pruning path: the budget feasibility filter changes the retained approximate state set despite a feasible unconstrained terminal path,95,100,0.95,41574.88860624909,95,0.95,41574.88860624909
Walmart,strict_switch_budget,store_014__dept_046,2,fixed_K2,7.0,1.0,6.0,False,True,True,unconstrained_switch_count > K,True,False,True,False,False,False,False,False,False,52542.49069071293,-3.0,52542.49069071293,False,False,96,0.10*validation_mean; floor=0.25,sorted model names,deterministic accumulated cost then model path,switch-budget feasibility filter only,1e-09,52016.0808783152,0.0,529.4098123978197,0.0,-3.0,0.0,4001.2369906396198,0.0,0.0,4778.171147939356,0.0,10588.19624795641,branch-specific beam-pruning path: the budget feasibility filter changes the retained approximate state set despite a feasible unconstrained terminal path,95,100,0.95,41574.88860624909,95,0.95,41574.88860624909
Walmart,strict_switch_budget,store_014__dept_072,2,fixed_K2,4.0,2.0,2.0,False,True,True,unconstrained_switch_count > K,True,False,True,False,False,False,False,False,False,79580.73876867467,-1.0,79580.73876867467,False,False,96,0.10*validation_mean; floor=0.25,sorted model names,deterministic accumulated cost then model path,switch-budget feasibility filter only,1e-09,0.0,81879.45802175824,-2297.7192530838583,0.0,-1.0,-0.017472556620646618,0.0,0.0,0.0,0.0,0.0,-45954.38506167718,branch-specific beam-pruning path: the budget feasibility filter changes the retained approximate state set despite a feasible unconstrained terminal path,95,100,0.95,41574.88860624909,95,0.95,41574.88860624909
Walmart,strict_switch_budget,store_014__dept_090,2,fixed_K2,10.0,2.0,8.0,False,True,True,unconstrained_switch_count > K,True,False,True,False,False,False,False,False,False,-13909.334307274898,-4.0,-13909.334307274898,False,False,96,0.10*validation_mean; floor=0.25,sorted model names,deterministic accumulated cost then model path,switch-budget feasibility filter only,1e-09,7733.450787886803,-22336.29495962296,697.5098644612171,0.0,-4.0,0.0037994076618007577,594.8808298374461,0.0,0.0,2644.25250000332,0.0,13950.197289224394,branch-specific beam-pruning path: the budget feasibility filter changes the retained approximate state set despite a feasible unconstrained terminal path,95,100,0.95,41574.88860624909,95,0.95,41574.88860624909
Walmart,strict_switch_budget,store_014__dept_091,2,fixed_K2,7.0,2.0,5.0,False,True,True,unconstrained_switch_count > K,True,False,True,False,False,False,False,False,False,11273.59679764579,-2.5,11273.59679764579,False,False,96,0.10*validation_mean; floor=0.25,sorted model names,deterministic accumulated cost then model path,switch-budget feasibility filter only,1e-09,-12363.700048495317,23914.683653833417,-274.8868076922972,0.0,-2.5,-0.004944150395505442,-951.0538498842543,0.0,0.0,14443.114440624602,0.0769230769230769,-5497.736153845995,branch-specific beam-pruning path: the budget feasibility filter changes the retained approximate state set despite a feasible unconstrained terminal path,95,100,0.95,41574.88860624909,95,0.95,41574.88860624909
Walmart,strict_switch_budget,store_014__dept_092,2,fixed_K2,11.0,2.0,9.0,False,True,True,unconstrained_switch_count > K,True,False,True,False,False,False,False,False,False,-10748.635047160904,-4.5,-10748.635047160904,False,False,96,0.10*validation_mean; floor=0.25,sorted model names,deterministic accumulated cost then model path,switch-budget feasibility filter only,1e-09,-31238.284901445615,21039.198741280416,-545.0488869956898,0.0,-4.5,-0.0020819189973415586,-2402.9449924188957,6675.5033308094135,0.0,12741.195212206629,0.0769230769230769,-10900.977739913855,branch-specific beam-pruning path: the budget feasibility filter changes the retained approximate state set despite a feasible unconstrained terminal path,95,100,0.95,41574.88860624909,95,0.95,41574.88860624909
Walmart,strict_switch_budget,store_014__dept_095,2,fixed_K2,3.0,1.0,2.0,False,True,True,unconstrained_switch_count > K,True,False,True,False,False,False,False,False,False,13419.475797771709,-1.0,13419.475797771709,False,False,96,0.10*validation_mean; floor=0.25,sorted model names,deterministic accumulated cost then model path,switch-budget feasibility filter only,1e-09,11448.917784551391,0.0,1971.5580132204923,0.0,-1.0,0.0,880.685983427029,0.0,0.0,45037.682078845566,0.0,39431.16026440982,branch-specific beam-pruning path: the budget feasibility filter changes the retained approximate state set despite a feasible unconstrained terminal path,95,100,0.95,41574.88860624909,95,0.95,41574.88860624909
Walmart,strict_switch_budget,store_015__dept_026,2,fixed_K2,8.0,2.0,6.0,False,True,True,unconstrained_switch_count > K,True,False,True,False,False,True,False,False,False,-3.0,-3.0,-3.0,False,False,96,0.10*validation_mean; floor=0.25,sorted model names,deterministic accumulated cost then model path,switch-budget feasibility filter only,1e-09,0.0,0.0,0.0,0.0,-3.0,0.0,0.0,0.0,0.0,-4086.732603679935,0.0,0.0,branch-specific beam-pruning path: the budget feasibility filter changes the retained approximate state set despite a feasible unconstrained terminal path,95,100,0.95,41574.88860624909,95,0.95,41574.88860624909
Walmart,strict_switch_budget,store_016__dept_096,2,fixed_K2,5.0,2.0,3.0,False,True,True,unconstrained_switch_count > K,True,False,True,False,False,False,False,False,False,-57.614071570345914,-1.5,-57.614071570345914,False,False,96,0.10*validation_mean; floor=0.25,sorted model names,deterministic accumulated cost then model path,switch-budget feasibility filter only,1e-09,-58.88484080100352,0.0,2.7707692306576632,0.0,-1.5,0.0,-4.529603138538761,0.0,0.0,-24.39746688907337,-0.07692307692307687,55.415384613153265,branch-specific beam-pruning path: the budget feasibility filter changes the retained approximate state set despite a feasible unconstrained terminal path,95,100,0.95,41574.88860624909,95,0.95,41574.88860624909
Walmart,strict_switch_budget,store_019__dept_092,2,fixed_K2,6.0,2.0,4.0,False,True,True,unconstrained_switch_count > K,True,False,True,False,False,False,False,False,False,24581.547220835695,-2.0,24581.547220835695,False,False,96,0.10*validation_mean; floor=0.25,sorted model names,deterministic accumulated cost then model path,switch-budget feasibility filter only,1e-09,0.0,26081.52124968206,-1497.9740288462308,0.0,-2.0,-0.003484627453183897,0.0,0.0,0.0,-5012.590690160458,-0.0769230769230769,-29959.4805769246,branch-specific beam-pruning path: the budget feasibility filter changes the retained approximate state set despite a feasible unconstrained terminal path,95,100,0.95,41574.88860624909,95,0.95,41574.88860624909
Walmart,strict_switch_budget,store_019__dept_095,2,fixed_K2,3.0,2.0,1.0,False,True,True,unconstrained_switch_count > K,True,False,True,False,False,True,False,False,False,-0.5,-0.5,-0.5,False,False,96,0.10*validation_mean; floor=0.25,sorted model names,deterministic accumulated cost then model path,switch-budget feasibility filter only,1e-09,0.0,0.0,0.0,0.0,-0.5,0.0,0.0,0.0,0.0,629.4149999986403,0.0,0.0,branch-specific beam-pruning path: the budget feasibility filter changes the retained approximate state set despite a feasible unconstrained terminal path,95,100,0.95,41574.88860624909,95,0.95,41574.88860624909
Walmart,strict_switch_budget,store_020__dept_038,2,fixed_K2,6.0,2.0,4.0,False,True,True,unconstrained_switch_count > K,True,False,True,False,False,False,False,False,False,-10849.809125019587,-2.0,-10849.809125019587,False,False,96,0.10*validation_mean; floor=0.25,sorted model names,deterministic accumulated cost then model path,switch-budget feasibility filter only,1e-09,-13549.027689284063,1612.7134615409886,1088.5051027234967,0.0,-2.0,-0.0002142208588976624,-1042.2328991757022,0.0,0.0,15384.207192010188,0.0,21770.102054469986,branch-specific beam-pruning path: the budget feasibility filter changes the retained approximate state set despite a feasible unconstrained terminal path,95,100,0.95,41574.88860624909,95,0.95,41574.88860624909
Walmart,strict_switch_budget,store_020__dept_040,2,fixed_K2,7.0,2.0,5.0,False,True,True,unconstrained_switch_count > K,True,False,True,False,False,False,False,False,False,105943.96881092072,-2.5,105943.96881092072,False,False,96,0.10*validation_mean; floor=0.25,sorted model names,deterministic accumulated cost then model path,switch-budget feasibility filter only,1e-09,-12728.630357757269,118726.68113647588,-51.58196779789159,0.0,-2.5,-0.020723363549942198,-979.1254121351813,0.0,0.0,0.0,0.0,-1031.6393559578573,branch-specific beam-pruning path: the budget feasibility filter changes the retained approximate state set despite a feasible unconstrained terminal path,95,100,0.95,41574.88860624909,95,0.95,41574.88860624909
Walmart,strict_switch_budget,store_020__dept_072,2,fixed_K2,6.0,2.0,4.0,False,True,True,unconstrained_switch_count > K,True,False,True,False,False,False,False,False,False,131394.11608489277,-2.0,131394.11608489277,False,False,96,0.10*validation_mean; floor=0.25,sorted model names,deterministic accumulated cost then model path,switch-budget feasibility filter only,1e-09,0.0,130872.6255825623,523.4905023302508,0.0,-2.0,-0.02183835062955597,0.0,5234.905023302505,0.0,12170.481886904396,-0.07692307692307687,10469.81004660501,branch-specific beam-pruning path: the budget feasibility filter changes the retained approximate state set despite a feasible unconstrained terminal path,95,100,0.95,41574.88860624909,95,0.95,41574.88860624909
Walmart,strict_switch_budget,store_020__dept_083,2,fixed_K2,4.0,1.0,3.0,False,True,True,unconstrained_switch_count > K,True,False,True,False,False,False,False,False,False,-387.68203846013785,-1.5,-387.68203846013785,False,False,96,0.10*validation_mean; floor=0.25,sorted model names,deterministic accumulated cost then model path,switch-budget feasibility filter only,1e-09,-301.3961538448202,0.0,-84.78588461531808,0.0,-1.5,0.0,-23.184319526524632,0.0,0.0,0.0,0.0,-1695.7176923063598,branch-specific beam-pruning path: the budget feasibility filter changes the retained approximate state set despite a feasible unconstrained terminal path,95,100,0.95,41574.88860624909,95,0.95,41574.88860624909
Walmart,strict_switch_budget,store_020__dept_090,2,fixed_K2,9.0,1.0,8.0,False,True,True,unconstrained_switch_count > K,True,False,True,False,False,False,False,False,False,-19600.68397884327,-4.0,-19600.68397884327,False,False,96,0.10*validation_mean; floor=0.25,sorted model names,deterministic accumulated cost then model path,switch-budget feasibility filter only,1e-09,2028.1760074656922,-22150.420519756095,525.5605334468937,0.0,-4.0,0.003527647326587613,156.01353903583004,-1.4551915228366852e-11,0.0,3445.6789952030085,0.0,10511.210668937885,branch-specific beam-pruning path: the budget feasibility filter changes the retained approximate state set despite a feasible unconstrained terminal path,95,100,0.95,41574.88860624909,95,0.95,41574.88860624909
Walmart,strict_switch_budget,store_020__dept_092,2,fixed_K2,6.0,2.0,4.0,False,True,True,unconstrained_switch_count > K,True,False,True,False,False,False,False,False,False,4000.86069423391,-2.0,4000.86069423391,False,False,96,0.10*validation_mean; floor=0.25,sorted model names,deterministic accumulated cost then model path,switch-budget feasibility filter only,1e-09,-28832.677750423783,34497.30140887786,-1661.7629642203228,0.0,-2.0,-0.003045309143019592,-2217.898288494136,0.0,0.0,40381.89936546012,0.0769230769230769,-33235.25928440649,branch-specific beam-pruning path: the budget feasibility filter changes the retained approximate state set despite a feasible unconstrained terminal path,95,100,0.95,41574.88860624909,95,0.95,41574.88860624909
Walmart,strict_switch_budget,store_020__dept_095,2,fixed_K2,10.0,1.0,9.0,False,True,True,unconstrained_switch_count > K,True,False,True,False,False,False,False,False,False,60970.83395363693,-4.5,60970.83395363693,False,False,96,0.10*validation_mean; floor=0.25,sorted model names,deterministic accumulated cost then model path,switch-budget feasibility filter only,1e-09,-38202.50830163807,100555.53940431884,-1377.6971490437936,0.0,-4.5,-0.010093371431242448,-2938.6544847413898,0.0,0.0,49951.74326176505,0.0769230769230769,-27553.942980875843,branch-specific beam-pruning path: the budget feasibility filter changes the retained approximate state set despite a feasible unconstrained terminal path,95,100,0.95,41574.88860624909,95,0.95,41574.88860624909
Walmart,strict_switch_budget,store_022__dept_059,2,fixed_K2,9.0,1.0,8.0,False,True,True,unconstrained_switch_count > K,True,False,True,False,False,False,False,False,False,2442.2038203141956,-4.0,2442.2038203141956,False,False,96,0.10*validation_mean; floor=0.25,sorted model names,deterministic accumulated cost then model path,switch-budget feasibility filter only,1e-09,-15.11722445811779,2470.086477614698,-8.76543284238613,0.0,-4.0,-0.15700384090504127,-1.1628634198551993,108.29423077060655,0.0,-46.43023220287614,-0.2307692307692308,-175.30865684772266,branch-specific beam-pruning path: the budget feasibility filter changes the retained approximate state set despite a feasible unconstrained terminal path,95,100,0.95,41574.88860624909,95,0.95,41574.88860624909
Walmart,strict_switch_budget,store_023__dept_032,2,fixed_K2,10.0,2.0,8.0,False,True,True,unconstrained_switch_count > K,True,False,True,False,False,False,False,False,False,-3419.7062275651697,-4.0,-3419.7062275651697,False,False,96,0.10*validation_mean; floor=0.25,sorted model names,deterministic accumulated cost then model path,switch-budget feasibility filter only,1e-09,899.7080140245234,-4378.689244530233,63.275002940526974,0.0,-4.0,0.006854707681355654,69.20830877111712,0.0,0.0,-999.6960937098227,-0.0769230769230769,1265.5000588105468,branch-specific beam-pruning path: the budget feasibility filter changes the retained approximate state set despite a feasible unconstrained terminal path,95,100,0.95,41574.88860624909,95,0.95,41574.88860624909
Walmart,strict_switch_budget,store_023__dept_072,2,fixed_K2,2.0,2.0,0.0,True,False,False,unconstrained_switch_count > K,False,False,False,True,True,True,True,True,True,0.0,0.0,0.0,True,True,96,0.10*validation_mean; floor=0.25,sorted model names,deterministic accumulated cost then model path,switch-budget feasibility filter only,1e-09,0.0,0.0,0.0,0.0,0.0,0.0,0.0,0.0,0.0,0.0,0.0,0.0,none,95,100,0.95,41574.88860624909,95,0.95,41574.88860624909
Walmart,strict_switch_budget,store_024__dept_018,2,fixed_K2,3.0,2.0,1.0,False,True,True,unconstrained_switch_count > K,True,False,True,False,False,False,False,False,False,64.43988335027825,-0.5,64.43988335027825,False,False,96,0.10*validation_mean; floor=0.25,sorted model names,deterministic accumulated cost then model path,switch-budget feasibility filter only,1e-09,0.0,64.97094383952208,-0.031060489263099123,0.0,-0.5,0.0,0.0,1.4347774697089335,0.0,12.726929031487089,-0.08333333333333326,-0.6212097852619802,branch-specific beam-pruning path: the budget feasibility filter changes the retained approximate state set despite a feasible unconstrained terminal path,95,100,0.95,41574.88860624909,95,0.95,41574.88860624909
Walmart,strict_switch_budget,store_024__dept_040,2,fixed_K2,3.0,1.0,2.0,False,True,True,unconstrained_switch_count > K,True,False,True,False,False,False,False,False,False,-351.65488461524365,-1.0,-351.65488461524365,False,False,96,0.10*validation_mean; floor=0.25,sorted model names,deterministic accumulated cost then model path,switch-budget feasibility filter only,1e-09,0.0,0.0,-350.6548846152482,0.0,-1.0,0.0,0.0,0.0,0.0,0.0,0.0,-7013.097692304931,branch-specific beam-pruning path: the budget feasibility filter changes the retained approximate state set despite a feasible unconstrained terminal path,95,100,0.95,41574.88860624909,95,0.95,41574.88860624909
Walmart,strict_switch_budget,store_024__dept_092,2,fixed_K2,3.0,2.0,1.0,False,True,True,unconstrained_switch_count > K,True,False,True,False,False,False,False,False,False,-13152.804741308093,-0.5,-13152.804741308093,False,False,96,0.10*validation_mean; floor=0.25,sorted model names,deterministic accumulated cost then model path,switch-budget feasibility filter only,1e-09,7424.128632862528,-22548.289528016932,1971.8561538463346,0.0,-0.5,0.002638789070237957,571.08681791251,0.0,0.0,11654.918653846988,0.0,39437.1230769268,branch-specific beam-pruning path: the budget feasibility filter changes the retained approximate state set despite a feasible unconstrained terminal path,95,100,0.95,41574.88860624909,95,0.95,41574.88860624909
Walmart,strict_switch_budget,store_024__dept_095,2,fixed_K2,3.0,1.0,2.0,False,True,True,unconstrained_switch_count > K,True,False,True,False,False,False,False,False,False,3114.803628326161,-1.0,3114.803628326161,False,False,96,0.10*validation_mean; floor=0.25,sorted model names,deterministic accumulated cost then model path,switch-budget feasibility filter only,1e-09,3622.1506892538164,0.0,-506.3470609276974,0.0,-1.0,0.0,278.6269760964351,0.0,0.0,0.0,0.0,-10126.941218553984,branch-specific beam-pruning path: the budget feasibility filter changes the retained approximate state set despite a feasible unconstrained terminal path,95,100,0.95,41574.88860624909,95,0.95,41574.88860624909
Walmart,strict_switch_budget,store_025__dept_018,2,fixed_K2,4.0,2.0,2.0,False,True,True,unconstrained_switch_count > K,True,False,True,False,False,True,False,False,False,-1.0,-1.0,-1.0,False,False,96,0.10*validation_mean; floor=0.25,sorted model names,deterministic accumulated cost then model path,switch-budget feasibility filter only,1e-09,0.0,0.0,0.0,0.0,-1.0,0.0,0.0,0.0,0.0,981.7361538421828,0.0,0.0,branch-specific beam-pruning path: the budget feasibility filter changes the retained approximate state set despite a feasible unconstrained terminal path,95,100,0.95,41574.88860624909,95,0.95,41574.88860624909
Walmart,strict_switch_budget,store_026__dept_024,2,fixed_K2,5.0,2.0,3.0,False,True,True,unconstrained_switch_count > K,True,False,True,False,False,True,False,False,False,-1.5,-1.5,-1.5,False,False,96,0.10*validation_mean; floor=0.25,sorted model names,deterministic accumulated cost then model path,switch-budget feasibility filter only,1e-09,0.0,0.0,0.0,0.0,-1.5,0.0,0.0,0.0,0.0,1473.3946153866127,0.0,0.0,branch-specific beam-pruning path: the budget feasibility filter changes the retained approximate state set despite a feasible unconstrained terminal path,95,100,0.95,41574.88860624909,95,0.95,41574.88860624909
Walmart,strict_switch_budget,store_026__dept_036,2,fixed_K2,4.0,2.0,2.0,False,True,True,unconstrained_switch_count > K,True,False,True,False,False,True,False,False,False,-1.0,-1.0,-1.0,False,False,96,0.10*validation_mean; floor=0.25,sorted model names,deterministic accumulated cost then model path,switch-budget feasibility filter only,1e-09,0.0,0.0,0.0,0.0,-1.0,0.0,0.0,0.0,0.0,-3238.7390647760913,0.0,0.0,branch-specific beam-pruning path: the budget feasibility filter changes the retained approximate state set despite a feasible unconstrained terminal path,95,100,0.95,41574.88860624909,95,0.95,41574.88860624909
Walmart,strict_switch_budget,store_026__dept_038,2,fixed_K2,5.0,2.0,3.0,False,True,True,unconstrained_switch_count > K,True,False,True,False,False,False,False,False,False,6893.923780429061,-1.5,6893.923780429061,False,False,96,0.10*validation_mean; floor=0.25,sorted model names,deterministic accumulated cost then model path,switch-budget feasibility filter only,1e-09,0.0,5004.911538455868,1890.5122419730487,0.0,-1.5,-0.0007690596086290524,0.0,0.0,0.0,0.0,0.0,37810.244839461,branch-specific beam-pruning path: the budget feasibility filter changes the retained approximate state set despite a feasible unconstrained terminal path,95,100,0.95,41574.88860624909,95,0.95,41574.88860624909
Walmart,strict_switch_budget,store_026__dept_092,2,fixed_K2,8.0,2.0,6.0,False,True,True,unconstrained_switch_count > K,True,False,True,False,False,False,False,False,False,95665.73879703443,-3.0,95665.73879703443,False,False,96,0.10*validation_mean; floor=0.25,sorted model names,deterministic accumulated cost then model path,switch-budget feasibility filter only,1e-09,-4040.1437600743375,99764.81988699097,-55.937329882235645,0.0,-3.0,-0.016259599787884382,-310.7802892364816,0.0,0.0,14670.189230764576,0.0,-1118.7465976447565,branch-specific beam-pruning path: the budget feasibility filter changes the retained approximate state set despite a feasible unconstrained terminal path,95,100,0.95,41574.88860624909,95,0.95,41574.88860624909
Walmart,strict_switch_budget,store_027__dept_071,2,fixed_K2,7.0,2.0,5.0,False,True,True,unconstrained_switch_count > K,True,False,True,False,False,False,False,False,False,22624.091341538573,-2.5,22624.091341538573,False,False,96,0.10*validation_mean; floor=0.25,sorted model names,deterministic accumulated cost then model path,switch-budget feasibility filter only,1e-09,-6850.6477563102235,29285.462988836895,191.77610901192656,0.0,-2.5,-0.04390678114609048,-526.9729043315556,0.0,0.0,11039.731443656288,0.07692307692307687,3835.5221802385386,branch-specific beam-pruning path: the budget feasibility filter changes the retained approximate state set despite a feasible unconstrained terminal path,95,100,0.95,41574.88860624909,95,0.95,41574.88860624909
Walmart,strict_switch_budget,store_027__dept_090,2,fixed_K2,8.0,2.0,6.0,False,True,True,unconstrained_switch_count > K,True,False,True,False,False,False,False,False,False,12006.340749010327,-3.0,12006.340749010327,False,False,96,0.10*validation_mean; floor=0.25,sorted model names,deterministic accumulated cost then model path,switch-budget feasibility filter only,1e-09,0.0,11234.849999988277,774.4907490219339,0.0,-3.0,-0.0018950063731068,0.0,3268.719230768096,0.0,10320.17307692382,0.0,15489.814980438678,branch-specific beam-pruning path: the budget feasibility filter changes the retained approximate state set despite a feasible unconstrained terminal path,95,100,0.95,41574.88860624909,95,0.95,41574.88860624909
Walmart,strict_switch_budget,store_027__dept_092,2,fixed_K2,9.0,2.0,7.0,False,True,True,unconstrained_switch_count > K,True,False,True,False,False,False,False,False,False,27434.822218825808,-3.5,27434.822218825808,False,False,96,0.10*validation_mean; floor=0.25,sorted model names,deterministic accumulated cost then model path,switch-budget feasibility filter only,1e-09,0.0,27318.274000387522,120.04821843801619,0.0,-3.5,-0.0029347968180803985,0.0,6432.78889306169,0.0,11977.913653848183,0.0,2400.9643687602947,branch-specific beam-pruning path: the budget feasibility filter changes the retained approximate state set despite a feasible unconstrained terminal path,95,100,0.95,41574.88860624909,95,0.95,41574.88860624909
Walmart,strict_switch_budget,store_027__dept_095,2,fixed_K2,4.0,2.0,2.0,False,True,True,unconstrained_switch_count > K,True,False,True,False,False,False,False,False,False,-1832.7884615373332,-1.0,-1832.7884615373332,False,False,96,0.10*validation_mean; floor=0.25,sorted model names,deterministic accumulated cost then model path,switch-budget feasibility filter only,1e-09,-1831.788461537566,0.0,0.0,0.0,-1.0,0.0,-140.906804733655,0.0,0.0,0.0,0.0,0.0,branch-specific beam-pruning path: the budget feasibility filter changes the retained approximate state set despite a feasible unconstrained terminal path,95,100,0.95,41574.88860624909,95,0.95,41574.88860624909
Walmart,strict_switch_budget,store_028__dept_092,2,fixed_K2,4.0,2.0,2.0,False,True,True,unconstrained_switch_count > K,True,False,True,False,False,False,False,False,False,480.0561856501736,-1.0,480.0561856501736,False,False,96,0.10*validation_mean; floor=0.25,sorted model names,deterministic accumulated cost then model path,switch-budget feasibility filter only,1e-09,0.0,0.0,481.0561856501863,0.0,-1.0,0.0,0.0,0.0,0.0,-1824.9746348990593,0.0,9621.123713003704,branch-specific beam-pruning path: the budget feasibility filter changes the retained approximate state set despite a feasible unconstrained terminal path,95,100,0.95,41574.88860624909,95,0.95,41574.88860624909
Walmart,strict_switch_budget,store_028__dept_095,2,fixed_K2,6.0,2.0,4.0,False,True,True,unconstrained_switch_count > K,True,False,True,False,False,False,False,False,False,-24.042779039940797,-2.0,-24.042779039940797,False,False,96,0.10*validation_mean; floor=0.25,sorted model names,deterministic accumulated cost then model path,switch-budget feasibility filter only,1e-09,0.0,0.0,-22.042779039780726,0.0,-2.0,0.0,0.0,0.0,0.0,3954.7692818194046,0.0,-440.8555807955854,branch-specific beam-pruning path: the budget feasibility filter changes the retained approximate state set despite a feasible unconstrained terminal path,95,100,0.95,41574.88860624909,95,0.95,41574.88860624909
Walmart,strict_switch_budget,store_029__dept_027,2,fixed_K2,8.0,2.0,6.0,False,True,True,unconstrained_switch_count > K,True,False,True,False,False,False,False,False,False,4051.3121414678862,-3.0,4051.3121414678862,False,False,96,0.10*validation_mean; floor=0.25,sorted model names,deterministic accumulated cost then model path,switch-budget feasibility filter only,1e-09,0.0,4046.8242152938474,7.487926174041391,0.0,-3.0,-0.04112711641472211,0.0,126.64730769342532,0.0,438.8773076956604,0.07692307692307687,149.758523480828,branch-specific beam-pruning path: the budget feasibility filter changes the retained approximate state set despite a feasible unconstrained terminal path,95,100,0.95,41574.88860624909,95,0.95,41574.88860624909
Walmart,strict_switch_budget,store_030__dept_083,2,fixed_K2,2.0,2.0,0.0,True,False,False,unconstrained_switch_count > K,False,False,False,True,True,True,True,True,True,0.0,0.0,0.0,True,True,96,0.10*validation_mean; floor=0.25,sorted model names,deterministic accumulated cost then model path,switch-budget feasibility filter only,1e-09,0.0,0.0,0.0,0.0,0.0,0.0,0.0,0.0,0.0,0.0,0.0,0.0,none,95,100,0.95,41574.88860624909,95,0.95,41574.88860624909
Walmart,strict_switch_budget,store_031__dept_038,2,fixed_K2,7.0,2.0,5.0,False,True,True,unconstrained_switch_count > K,True,False,True,False,False,False,False,False,False,67625.92307050363,-2.5,67625.92307050363,False,False,96,0.10*validation_mean; floor=0.25,sorted model names,deterministic accumulated cost then model path,switch-budget feasibility filter only,1e-09,26142.814815393067,40450.85060878133,1034.7576463292235,0.0,-2.5,-0.00840910152672325,2010.9857550302331,8090.170121756266,0.0,0.0,0.0,20695.152926584415,branch-specific beam-pruning path: the budget feasibility filter changes the retained approximate state set despite a feasible unconstrained terminal path,95,100,0.95,41574.88860624909,95,0.95,41574.88860624909
Walmart,strict_switch_budget,store_031__dept_046,2,fixed_K2,10.0,2.0,8.0,False,True,True,unconstrained_switch_count > K,True,False,True,False,False,False,False,False,False,-33059.94178646972,-4.0,-33059.94178646972,False,False,96,0.10*validation_mean; floor=0.25,sorted model names,deterministic accumulated cost then model path,switch-budget feasibility filter only,1e-09,-33719.29691706225,0.0,663.355130592508,0.0,-4.0,0.0,-2593.79207054325,0.0,0.0,0.0,0.0,13267.102611850154,branch-specific beam-pruning path: the budget feasibility filter changes the retained approximate state set despite a feasible unconstrained terminal path,95,100,0.95,41574.88860624909,95,0.95,41574.88860624909
Walmart,strict_switch_budget,store_031__dept_079,2,fixed_K2,9.0,2.0,7.0,False,True,True,unconstrained_switch_count > K,True,False,True,False,False,False,False,False,False,8315.139526496467,-3.5,8315.139526496467,False,False,96,0.10*validation_mean; floor=0.25,sorted model names,deterministic accumulated cost then model path,switch-budget feasibility filter only,1e-09,-4705.977835807396,13271.986285637831,-247.36892333398646,0.0,-3.5,-0.00565535826175001,-361.9982950621088,0.0,0.0,3027.299478927911,0.0,-4947.378466679729,branch-specific beam-pruning path: the budget feasibility filter changes the retained approximate state set despite a feasible unconstrained terminal path,95,100,0.95,41574.88860624909,95,0.95,41574.88860624909
Walmart,strict_switch_budget,store_031__dept_090,2,fixed_K2,8.0,2.0,6.0,False,True,True,unconstrained_switch_count > K,True,False,True,False,False,False,False,False,False,4902.59674016881,-3.0,4902.59674016881,False,False,96,0.10*validation_mean; floor=0.25,sorted model names,deterministic accumulated cost then model path,switch-budget feasibility filter only,1e-09,2496.5245828301413,2404.6114276681474,4.460729670589899,0.0,-3.0,-0.00041526070263164794,192.04035252539688,1015.1504295026534,0.0,0.0,0.0,89.21459341177251,branch-specific beam-pruning path: the budget feasibility filter changes the retained approximate state set despite a feasible unconstrained terminal path,95,100,0.95,41574.88860624909,95,0.95,41574.88860624909
Walmart,strict_switch_budget,store_031__dept_092,2,fixed_K2,9.0,1.0,8.0,False,True,True,unconstrained_switch_count > K,True,False,True,False,False,False,False,False,False,174370.2591346223,-4.0,174370.2591346223,False,False,96,0.10*validation_mean; floor=0.25,sorted model names,deterministic accumulated cost then model path,switch-budget feasibility filter only,1e-09,-25122.615351704822,199286.91651128925,209.95797503788162,0.0,-4.0,-0.023199636468363538,-1932.5088732080549,10351.76769230666,0.0,-7741.343208609353,-0.1538461538461538,4199.15950075764,branch-specific beam-pruning path: the budget feasibility filter changes the retained approximate state set despite a feasible unconstrained terminal path,95,100,0.95,41574.88860624909,95,0.95,41574.88860624909
Walmart,strict_switch_budget,store_031__dept_095,2,fixed_K2,7.0,2.0,5.0,False,True,True,unconstrained_switch_count > K,True,False,True,False,False,False,False,False,False,-582.8246053940384,-2.5,-582.8246053940384,False,False,96,0.10*validation_mean; floor=0.25,sorted model names,deterministic accumulated cost then model path,switch-budget feasibility filter only,1e-09,23949.11055199086,-23518.70079731736,-1010.7343600675777,0.0,-2.5,0.003371411307989569,1842.2392732300796,0.0,0.0,-5923.086923077823,0.0,-20214.687201351568,branch-specific beam-pruning path: the budget feasibility filter changes the retained approximate state set despite a feasible unconstrained terminal path,95,100,0.95,41574.88860624909,95,0.95,41574.88860624909
Walmart,strict_switch_budget,store_032__dept_092,2,fixed_K2,10.0,2.0,8.0,False,True,True,unconstrained_switch_count > K,True,False,True,False,False,False,False,False,False,1790.0703574074432,-4.0,1790.0703574074432,False,False,96,0.10*validation_mean; floor=0.25,sorted model names,deterministic accumulated cost then model path,switch-budget feasibility filter only,1e-09,0.0,1753.813159050187,40.257198356992376,0.0,-4.0,-0.0002624162828200882,0.0,0.0,0.0,0.0,0.0,805.1439671398257,branch-specific beam-pruning path: the budget feasibility filter changes the retained approximate state set despite a feasible unconstrained terminal path,95,100,0.95,41574.88860624909,95,0.95,41574.88860624909
Walmart,strict_switch_budget,store_032__dept_095,2,fixed_K2,5.0,2.0,3.0,False,True,True,unconstrained_switch_count > K,True,False,True,False,False,False,False,False,False,-13487.983631216804,-1.5,-13487.983631216804,False,False,96,0.10*validation_mean; floor=0.25,sorted model names,deterministic accumulated cost then model path,switch-budget feasibility filter only,1e-09,-29778.713258973323,14868.980409312644,1423.2492184439407,0.0,-1.5,-0.00265290752407199,-2290.670250690262,0.0,0.0,-2981.5140328314155,-0.0769230769230769,28464.984368878795,branch-specific beam-pruning path: the budget feasibility filter changes the retained approximate state set despite a feasible unconstrained terminal path,95,100,0.95,41574.88860624909,95,0.95,41574.88860624909
Walmart,strict_switch_budget,store_033__dept_094,2,fixed_K2,3.0,2.0,1.0,False,True,True,unconstrained_switch_count > K,True,False,True,False,False,False,False,False,False,989.9278461500944,-0.5,989.9278461500944,False,False,96,0.10*validation_mean; floor=0.25,sorted model names,deterministic accumulated cost then model path,switch-budget feasibility filter only,1e-09,0.0,971.0076923040469,19.42015384608112,0.0,-0.5,-0.0005926542173873006,0.0,194.2015384608094,0.0,0.0,0.0,388.4030769216188,branch-specific beam-pruning path: the budget feasibility filter changes the retained approximate state set despite a feasible unconstrained terminal path,95,100,0.95,41574.88860624909,95,0.95,41574.88860624909
Walmart,strict_switch_budget,store_035__dept_072,2,fixed_K2,10.0,2.0,8.0,False,True,True,unconstrained_switch_count > K,True,False,True,False,False,False,False,False,False,1197754.96608238,-4.0,1197754.96608238,False,False,96,0.10*validation_mean; floor=0.25,sorted model names,deterministic accumulated cost then model path,switch-budget feasibility filter only,1e-09,-50738.19637852762,1249117.5941761346,-620.431715227649,0.0,-4.0,-0.24305041351769607,-3902.9381829636623,26775.069038460766,0.0,153149.4054517948,0.15384615384615385,-12408.63430455298,branch-specific beam-pruning path: the budget feasibility filter changes the retained approximate state set despite a feasible unconstrained terminal path,95,100,0.95,41574.88860624909,95,0.95,41574.88860624909
Walmart,strict_switch_budget,store_036__dept_087,2,fixed_K2,4.0,2.0,2.0,False,True,True,unconstrained_switch_count > K,True,False,True,False,False,True,False,False,False,-1.0,-1.0,-1.0,False,False,96,0.10*validation_mean; floor=0.25,sorted model names,deterministic accumulated cost then model path,switch-budget feasibility filter only,1e-09,0.0,0.0,0.0,0.0,-1.0,0.0,0.0,0.0,0.0,-23.875840906591293,0.0,0.0,branch-specific beam-pruning path: the budget feasibility filter changes the retained approximate state set despite a feasible unconstrained terminal path,95,100,0.95,41574.88860624909,95,0.95,41574.88860624909
Walmart,strict_switch_budget,store_038__dept_002,2,fixed_K2,3.0,2.0,1.0,False,True,True,unconstrained_switch_count > K,True,False,True,False,False,False,False,False,False,-226.058266811895,-0.5,-226.058266811895,False,False,96,0.10*validation_mean; floor=0.25,sorted model names,deterministic accumulated cost then model path,switch-budget feasibility filter only,1e-09,-222.2978304788121,0.0,-3.2604363330857495,0.0,-0.5,0.0,-17.099833113754812,0.0,0.0,0.0,0.0,-65.20872666171272,branch-specific beam-pruning path: the budget feasibility filter changes the retained approximate state set despite a feasible unconstrained terminal path,95,100,0.95,41574.88860624909,95,0.95,41574.88860624909
Walmart,strict_switch_budget,store_039__dept_092,2,fixed_K2,6.0,2.0,4.0,False,True,True,unconstrained_switch_count > K,True,False,True,False,False,False,False,False,False,1236.077019148157,-2.0,1236.077019148157,False,False,96,0.10*validation_mean; floor=0.25,sorted model names,deterministic accumulated cost then model path,switch-budget feasibility filter only,1e-09,0.0,1729.888927983935,-491.81190883571253,0.0,-2.0,-0.00021097380945467314,0.0,1859.530961541459,0.0,9479.310859296995,0.0,-9836.238176714163,branch-specific beam-pruning path: the budget feasibility filter changes the retained approximate state set despite a feasible unconstrained terminal path,95,100,0.95,41574.88860624909,95,0.95,41574.88860624909
Walmart,strict_switch_budget,store_039__dept_095,2,fixed_K2,8.0,2.0,6.0,False,True,True,unconstrained_switch_count > K,True,False,True,False,False,False,False,False,False,-34277.052812843816,-3.0,-34277.052812843816,False,False,96,0.10*validation_mean; floor=0.25,sorted model names,deterministic accumulated cost then model path,switch-budget feasibility filter only,1e-09,-8953.686183893878,-25649.86153846723,329.4949095171087,0.0,-3.0,0.003384198802667604,-688.7450910687621,0.0,0.0,15493.272907606675,0.0,6589.898190342181,branch-specific beam-pruning path: the budget feasibility filter changes the retained approximate state set despite a feasible unconstrained terminal path,95,100,0.95,41574.88860624909,95,0.95,41574.88860624909
Walmart,strict_switch_budget,store_040__dept_042,2,fixed_K2,3.0,2.0,1.0,False,True,True,unconstrained_switch_count > K,True,False,True,False,False,False,False,False,False,-101.29222609480348,-0.5,-101.29222609480348,False,False,96,0.10*validation_mean; floor=0.25,sorted model names,deterministic accumulated cost then model path,switch-budget feasibility filter only,1e-09,0.0,0.0,-100.79222609480411,0.0,-0.5,0.0,0.0,0.0,0.0,0.0,0.0,-2015.8445218960806,branch-specific beam-pruning path: the budget feasibility filter changes the retained approximate state set despite a feasible unconstrained terminal path,95,100,0.95,41574.88860624909,95,0.95,41574.88860624909
Walmart,strict_switch_budget,store_040__dept_092,2,fixed_K2,4.0,2.0,2.0,False,True,True,unconstrained_switch_count > K,True,False,True,False,False,False,False,False,False,-223.20703667483758,-1.0,-223.20703667483758,False,False,96,0.10*validation_mean; floor=0.25,sorted model names,deterministic accumulated cost then model path,switch-budget feasibility filter only,1e-09,0.0,0.0,-222.20703667495036,0.0,-1.0,0.0,0.0,0.0,0.0,0.0,0.0,-4444.140733498993,branch-specific beam-pruning path: the budget feasibility filter changes the retained approximate state set despite a feasible unconstrained terminal path,95,100,0.95,41574.88860624909,95,0.95,41574.88860624909
Walmart,strict_switch_budget,store_041__dept_033,2,fixed_K2,8.0,2.0,6.0,False,True,True,unconstrained_switch_count > K,True,False,True,False,False,True,False,False,False,-3.0,-3.0,-3.0,False,False,96,0.10*validation_mean; floor=0.25,sorted model names,deterministic accumulated cost then model path,switch-budget feasibility filter only,1e-09,0.0,0.0,0.0,0.0,-3.0,0.0,0.0,0.0,0.0,7135.9800313062005,0.0,0.0,branch-specific beam-pruning path: the budget feasibility filter changes the retained approximate state set despite a feasible unconstrained terminal path,95,100,0.95,41574.88860624909,95,0.95,41574.88860624909
Walmart,strict_switch_budget,store_041__dept_092,2,fixed_K2,8.0,2.0,6.0,False,True,True,unconstrained_switch_count > K,True,False,True,False,False,False,False,False,False,1192.933499991661,-3.0,1192.933499991661,False,False,96,0.10*validation_mean; floor=0.25,sorted model names,deterministic accumulated cost then model path,switch-budget feasibility filter only,1e-09,0.0,1177.4076922995737,18.525807692267335,0.0,-3.0,-0.00013732758101236975,0.0,33.48230769147631,0.0,-12108.496412615466,0.0,370.516153845354,branch-specific beam-pruning path: the budget feasibility filter changes the retained approximate state set despite a feasible unconstrained terminal path,95,100,0.95,41574.88860624909,95,0.95,41574.88860624909
Walmart,strict_switch_budget,store_041__dept_095,2,fixed_K2,6.0,2.0,4.0,False,True,True,unconstrained_switch_count > K,True,False,True,False,False,False,False,False,False,1529.779494434013,-2.0,1529.779494434013,False,False,96,0.10*validation_mean; floor=0.25,sorted model names,deterministic accumulated cost then model path,switch-budget feasibility filter only,1e-09,6096.527347562485,-4826.7813323911105,262.0334792626263,0.0,-2.0,0.0007378033769004366,468.9636421201867,0.0,0.0,6383.537041866279,0.0,5240.66958525253,branch-specific beam-pruning path: the budget feasibility filter changes the retained approximate state set despite a feasible unconstrained terminal path,95,100,0.95,41574.88860624909,95,0.95,41574.88860624909
Walmart,strict_switch_budget,store_041__dept_096,2,fixed_K2,7.0,2.0,5.0,False,True,True,unconstrained_switch_count > K,True,False,True,False,False,False,False,False,False,2792.0589171615866,-2.5,2792.0589171615866,False,False,96,0.10*validation_mean; floor=0.25,sorted model names,deterministic accumulated cost then model path,switch-budget feasibility filter only,1e-09,2774.588076929518,0.0,19.970840232069918,0.0,-2.5,0.0,213.4298520715006,0.0,0.0,-1408.6808144309553,-0.0769230769230769,399.4168046413979,branch-specific beam-pruning path: the budget feasibility filter changes the retained approximate state set despite a feasible unconstrained terminal path,95,100,0.95,41574.88860624909,95,0.95,41574.88860624909
Walmart,strict_switch_budget,store_042__dept_092,2,fixed_K2,4.0,2.0,2.0,False,True,True,unconstrained_switch_count > K,True,False,True,False,False,False,False,False,False,42356.934805760626,-1.0,42356.934805760626,False,False,96,0.10*validation_mean; floor=0.25,sorted model names,deterministic accumulated cost then model path,switch-budget feasibility filter only,1e-09,-6055.214956081705,49065.4528846468,-652.3031228044056,0.0,-1.0,-0.008942500097397166,-465.7857658524408,0.0,0.0,-8940.300186249951,0.0,-13046.06245608817,branch-specific beam-pruning path: the budget feasibility filter changes the retained approximate state set despite a feasible unconstrained terminal path,95,100,0.95,41574.88860624909,95,0.95,41574.88860624909
Walmart,strict_switch_budget,store_043__dept_092,2,fixed_K2,9.0,2.0,7.0,False,True,True,unconstrained_switch_count > K,True,False,True,False,False,False,False,False,False,-20670.16661194095,-3.5,-20670.16661194095,False,False,96,0.10*validation_mean; floor=0.25,sorted model names,deterministic accumulated cost then model path,switch-budget feasibility filter only,1e-09,-7866.473354893038,-13522.511463221075,722.3182061731713,0.0,-3.5,0.0025581573744205555,-605.1133349917691,0.0,0.0,10140.307869959448,0.0,14446.364123463456,branch-specific beam-pruning path: the budget feasibility filter changes the retained approximate state set despite a feasible unconstrained terminal path,95,100,0.95,41574.88860624909,95,0.95,41574.88860624909
Walmart,strict_switch_budget,store_044__dept_009,2,fixed_K2,1.0,1.0,0.0,True,False,False,unconstrained_switch_count > K,False,False,False,True,True,True,True,True,True,0.0,0.0,0.0,True,True,96,0.10*validation_mean; floor=0.25,sorted model names,deterministic accumulated cost then model path,switch-budget feasibility filter only,1e-09,0.0,0.0,0.0,0.0,0.0,0.0,0.0,0.0,0.0,0.0,0.0,0.0,none,95,100,0.95,41574.88860624909,95,0.95,41574.88860624909
Walmart,strict_switch_budget,store_044__dept_017,2,fixed_K2,4.0,2.0,2.0,False,True,True,unconstrained_switch_count > K,True,False,True,False,False,False,False,False,False,34.71146487332862,-1.0,34.71146487332862,False,False,96,0.10*validation_mean; floor=0.25,sorted model names,deterministic accumulated cost then model path,switch-budget feasibility filter only,1e-09,0.0,36.02307691773876,-0.31161204440994794,0.0,-1.0,-0.0016718605131058606,0.0,0.0,0.0,7.0846153867501585,0.0,-6.23224088819893,branch-specific beam-pruning path: the budget feasibility filter changes the retained approximate state set despite a feasible unconstrained terminal path,95,100,0.95,41574.88860624909,95,0.95,41574.88860624909
Walmart,tight_capacity,store_001__dept_038,4,validation_q25,4.0,4.0,0.0,True,False,False,unconstrained_switch_count > K,False,False,False,True,True,True,True,True,True,0.0,0.0,0.0,True,True,96,0.10*validation_mean; floor=0.25,sorted model names,deterministic accumulated cost then model path,switch-budget feasibility filter only,1e-09,0.0,0.0,0.0,0.0,0.0,0.0,0.0,0.0,0.0,0.0,0.0,0.0,none,34,100,0.34,23435.39295576421,34,0.34,23435.39295576421
Walmart,tight_capacity,store_001__dept_090,4,validation_q25,5.0,4.0,1.0,False,True,True,unconstrained_switch_count > K,True,False,True,False,False,True,False,False,False,-0.5,-0.5,-0.5,False,False,96,0.10*validation_mean; floor=0.25,sorted model names,deterministic accumulated cost then model path,switch-budget feasibility filter only,1e-09,0.0,0.0,0.0,0.0,-0.5,0.0,0.0,0.0,0.0,-697.6038461530115,0.0,0.0,branch-specific beam-pruning path: the budget feasibility filter changes the retained approximate state set despite a feasible unconstrained terminal path,34,100,0.34,23435.39295576421,34,0.34,23435.39295576421
Walmart,tight_capacity,store_001__dept_092,4,validation_q25,6.0,4.0,2.0,False,True,True,unconstrained_switch_count > K,True,False,True,False,False,False,False,False,False,26489.41401887685,-1.0,26489.41401887685,False,False,96,0.10*validation_mean; floor=0.25,sorted model names,deterministic accumulated cost then model path,switch-budget feasibility filter only,1e-09,5094.254484474892,21015.814345638268,380.3451887643546,0.0,-1.0,0.0014894129208844475,391.86572957500175,2328.1187140858965,0.0,106202.69797483762,0.07692307692307698,7606.903775287094,branch-specific beam-pruning path: the budget feasibility filter changes the retained approximate state set despite a feasible unconstrained terminal path,34,100,0.34,23435.39295576421,34,0.34,23435.39295576421
Walmart,tight_capacity,store_001__dept_095,4,validation_q25,5.0,4.0,1.0,False,True,True,unconstrained_switch_count > K,True,False,True,False,False,True,False,False,False,-0.5,-0.5,-0.5,False,False,96,0.10*validation_mean; floor=0.25,sorted model names,deterministic accumulated cost then model path,switch-budget feasibility filter only,1e-09,0.0,0.0,0.0,0.0,-0.5,0.0,0.0,0.0,0.0,36169.97500000149,0.0,0.0,branch-specific beam-pruning path: the budget feasibility filter changes the retained approximate state set despite a feasible unconstrained terminal path,34,100,0.34,23435.39295576421,34,0.34,23435.39295576421
Walmart,tight_capacity,store_001__dept_098,4,validation_q25,4.0,4.0,0.0,True,False,False,unconstrained_switch_count > K,False,False,False,True,True,True,True,True,True,0.0,0.0,0.0,True,True,96,0.10*validation_mean; floor=0.25,sorted model names,deterministic accumulated cost then model path,switch-budget feasibility filter only,1e-09,0.0,0.0,0.0,0.0,0.0,0.0,0.0,0.0,0.0,0.0,0.0,0.0,none,34,100,0.34,23435.39295576421,34,0.34,23435.39295576421
Walmart,tight_capacity,store_002__dept_038,4,validation_q25,6.0,4.0,2.0,False,True,True,unconstrained_switch_count > K,True,False,True,False,False,False,False,False,False,413806.0787719409,-1.0,413806.0787719409,False,False,96,0.10*validation_mean; floor=0.25,sorted model names,deterministic accumulated cost then model path,switch-budget feasibility filter only,1e-09,-28458.72553223837,442085.6225026791,180.1818015002632,0.0,-1.0,-0.08441819901188585,-2189.13273324912,23474.02877217909,0.0,171399.5469816393,-0.07692307692307687,3603.636030005262,branch-specific beam-pruning path: the budget feasibility filter changes the retained approximate state set despite a feasible unconstrained terminal path,34,100,0.34,23435.39295576421,34,0.34,23435.39295576421
Walmart,tight_capacity,store_002__dept_090,4,validation_q25,6.0,4.0,2.0,False,True,True,unconstrained_switch_count > K,True,False,True,False,False,True,False,False,False,-1.0,-1.0,-1.0,False,False,96,0.10*validation_mean; floor=0.25,sorted model names,deterministic accumulated cost then model path,switch-budget feasibility filter only,1e-09,0.0,0.0,0.0,0.0,-1.0,0.0,0.0,0.0,0.0,12998.899999999907,0.0,0.0,branch-specific beam-pruning path: the budget feasibility filter changes the retained approximate state set despite a feasible unconstrained terminal path,34,100,0.34,23435.39295576421,34,0.34,23435.39295576421
Walmart,tight_capacity,store_002__dept_091,4,validation_q25,3.0,3.0,0.0,True,False,False,unconstrained_switch_count > K,False,False,False,True,True,True,True,True,True,0.0,0.0,0.0,True,True,96,0.10*validation_mean; floor=0.25,sorted model names,deterministic accumulated cost then model path,switch-budget feasibility filter only,1e-09,0.0,0.0,0.0,0.0,0.0,0.0,0.0,0.0,0.0,0.0,0.0,0.0,none,34,100,0.34,23435.39295576421,34,0.34,23435.39295576421
Walmart,tight_capacity,store_002__dept_092,4,validation_q25,5.0,4.0,1.0,False,True,True,unconstrained_switch_count > K,True,False,True,False,False,True,False,False,False,-0.5,-0.5,-0.5,False,False,96,0.10*validation_mean; floor=0.25,sorted model names,deterministic accumulated cost then model path,switch-budget feasibility filter only,1e-09,0.0,0.0,0.0,0.0,-0.5,0.0,0.0,0.0,0.0,68489.54230769305,0.0,0.0,branch-specific beam-pruning path: the budget feasibility filter changes the retained approximate state set despite a feasible unconstrained terminal path,34,100,0.34,23435.39295576421,34,0.34,23435.39295576421
Walmart,tight_capacity,store_002__dept_095,4,validation_q25,4.0,4.0,0.0,True,False,False,unconstrained_switch_count > K,False,False,False,True,True,True,True,True,True,0.0,0.0,0.0,True,True,96,0.10*validation_mean; floor=0.25,sorted model names,deterministic accumulated cost then model path,switch-budget feasibility filter only,1e-09,0.0,0.0,0.0,0.0,0.0,0.0,0.0,0.0,0.0,0.0,0.0,0.0,none,34,100,0.34,23435.39295576421,34,0.34,23435.39295576421
Walmart,tight_capacity,store_003__dept_014,4,validation_q25,4.0,4.0,0.0,True,False,False,unconstrained_switch_count > K,False,False,False,True,True,True,True,True,True,0.0,0.0,0.0,True,True,96,0.10*validation_mean; floor=0.25,sorted model names,deterministic accumulated cost then model path,switch-budget feasibility filter only,1e-09,0.0,0.0,0.0,0.0,0.0,0.0,0.0,0.0,0.0,0.0,0.0,0.0,none,34,100,0.34,23435.39295576421,34,0.34,23435.39295576421
Walmart,tight_capacity,store_003__dept_038,4,validation_q25,6.0,4.0,2.0,False,True,True,unconstrained_switch_count > K,True,False,True,False,False,True,False,False,False,-1.0,-1.0,-1.0,False,False,96,0.10*validation_mean; floor=0.25,sorted model names,deterministic accumulated cost then model path,switch-budget feasibility filter only,1e-09,0.0,0.0,0.0,0.0,-1.0,0.0,0.0,0.0,0.0,6664.632059882861,0.0,0.0,branch-specific beam-pruning path: the budget feasibility filter changes the retained approximate state set despite a feasible unconstrained terminal path,34,100,0.34,23435.39295576421,34,0.34,23435.39295576421
Walmart,tight_capacity,store_004__dept_002,4,validation_q25,4.0,4.0,0.0,True,False,False,unconstrained_switch_count > K,False,False,False,True,True,True,True,True,True,0.0,0.0,0.0,True,True,96,0.10*validation_mean; floor=0.25,sorted model names,deterministic accumulated cost then model path,switch-budget feasibility filter only,1e-09,0.0,0.0,0.0,0.0,0.0,0.0,0.0,0.0,0.0,0.0,0.0,0.0,none,34,100,0.34,23435.39295576421,34,0.34,23435.39295576421
Walmart,tight_capacity,store_004__dept_038,4,validation_q25,6.0,4.0,2.0,False,True,True,unconstrained_switch_count > K,True,False,True,False,False,False,False,False,False,237765.7659370189,-1.0,237765.7659370189,False,False,96,0.10*validation_mean; floor=0.25,sorted model names,deterministic accumulated cost then model path,switch-budget feasibility filter only,1e-09,-8537.40631730773,245450.431622596,853.7406317307698,0.0,-1.0,-0.038105534607360325,-656.7235628698254,9818.017264903843,0.0,125431.47651082417,-0.07692307692307687,17074.812634615388,branch-specific beam-pruning path: the budget feasibility filter changes the retained approximate state set despite a feasible unconstrained terminal path,34,100,0.34,23435.39295576421,34,0.34,23435.39295576421
Walmart,tight_capacity,store_004__dept_072,4,validation_q25,5.0,4.0,1.0,False,True,True,unconstrained_switch_count > K,True,False,True,False,False,True,False,False,False,-0.5,-0.5,-0.5,False,False,96,0.10*validation_mean; floor=0.25,sorted model names,deterministic accumulated cost then model path,switch-budget feasibility filter only,1e-09,0.0,0.0,0.0,0.0,-0.5,0.0,0.0,0.0,0.0,25703.31538461661,0.0,0.0,branch-specific beam-pruning path: the budget feasibility filter changes the retained approximate state set despite a feasible unconstrained terminal path,34,100,0.34,23435.39295576421,34,0.34,23435.39295576421
Walmart,tight_capacity,store_004__dept_090,4,validation_q25,4.0,4.0,0.0,True,False,False,unconstrained_switch_count > K,False,False,False,True,True,True,True,True,True,0.0,0.0,0.0,True,True,96,0.10*validation_mean; floor=0.25,sorted model names,deterministic accumulated cost then model path,switch-budget feasibility filter only,1e-09,0.0,0.0,0.0,0.0,0.0,0.0,0.0,0.0,0.0,0.0,0.0,0.0,none,34,100,0.34,23435.39295576421,34,0.34,23435.39295576421
Walmart,tight_capacity,store_004__dept_092,4,validation_q25,6.0,4.0,2.0,False,True,True,unconstrained_switch_count > K,True,False,True,False,False,True,False,False,False,-1.0,-1.0,-1.0,False,False,96,0.10*validation_mean; floor=0.25,sorted model names,deterministic accumulated cost then model path,switch-budget feasibility filter only,1e-09,0.0,0.0,0.0,0.0,-1.0,0.0,0.0,0.0,0.0,18616.57307692431,0.0,0.0,branch-specific beam-pruning path: the budget feasibility filter changes the retained approximate state set despite a feasible unconstrained terminal path,34,100,0.34,23435.39295576421,34,0.34,23435.39295576421
Walmart,tight_capacity,store_004__dept_095,4,validation_q25,2.0,2.0,0.0,True,False,False,unconstrained_switch_count > K,False,False,False,True,True,True,True,True,True,0.0,0.0,0.0,True,True,96,0.10*validation_mean; floor=0.25,sorted model names,deterministic accumulated cost then model path,switch-budget feasibility filter only,1e-09,0.0,0.0,0.0,0.0,0.0,0.0,0.0,0.0,0.0,0.0,0.0,0.0,none,34,100,0.34,23435.39295576421,34,0.34,23435.39295576421
Walmart,tight_capacity,store_006__dept_016,4,validation_q25,0.0,0.0,0.0,True,False,False,unconstrained_switch_count > K,False,False,False,True,True,True,True,True,True,0.0,0.0,0.0,True,True,96,0.10*validation_mean; floor=0.25,sorted model names,deterministic accumulated cost then model path,switch-budget feasibility filter only,1e-09,0.0,0.0,0.0,0.0,0.0,0.0,0.0,0.0,0.0,0.0,0.0,0.0,none,34,100,0.34,23435.39295576421,34,0.34,23435.39295576421
Walmart,tight_capacity,store_006__dept_038,4,validation_q25,6.0,4.0,2.0,False,True,True,unconstrained_switch_count > K,True,False,True,False,False,True,False,False,False,-1.0,-1.0,-1.0,False,False,96,0.10*validation_mean; floor=0.25,sorted model names,deterministic accumulated cost then model path,switch-budget feasibility filter only,1e-09,0.0,0.0,0.0,0.0,-1.0,0.0,0.0,0.0,0.0,14661.9249999983,0.0,0.0,branch-specific beam-pruning path: the budget feasibility filter changes the retained approximate state set despite a feasible unconstrained terminal path,34,100,0.34,23435.39295576421,34,0.34,23435.39295576421
Walmart,tight_capacity,store_006__dept_072,4,validation_q25,4.0,4.0,0.0,True,False,False,unconstrained_switch_count > K,False,False,False,True,True,True,True,True,True,0.0,0.0,0.0,True,True,96,0.10*validation_mean; floor=0.25,sorted model names,deterministic accumulated cost then model path,switch-budget feasibility filter only,1e-09,0.0,0.0,0.0,0.0,0.0,0.0,0.0,0.0,0.0,0.0,0.0,0.0,none,34,100,0.34,23435.39295576421,34,0.34,23435.39295576421
Walmart,tight_capacity,store_006__dept_092,4,validation_q25,5.0,4.0,1.0,False,True,True,unconstrained_switch_count > K,True,False,True,False,False,False,False,False,False,-98065.87237569736,-0.5,-98065.87237569736,False,False,96,0.10*validation_mean; floor=0.25,sorted model names,deterministic accumulated cost then model path,switch-budget feasibility filter only,1e-09,8490.508430796443,-106131.35538495402,-424.5254215398163,0.0,-0.5,0.009810920522378308,653.116033138198,-4245.254215398163,0.0,-26569.738515044795,0.0,-8490.508430796326,branch-specific beam-pruning path: the budget feasibility filter changes the retained approximate state set despite a feasible unconstrained terminal path,34,100,0.34,23435.39295576421,34,0.34,23435.39295576421
Walmart,tight_capacity,store_006__dept_095,4,validation_q25,6.0,4.0,2.0,False,True,True,unconstrained_switch_count > K,True,False,True,False,False,True,False,False,False,-1.0,-1.0,-1.0,False,False,96,0.10*validation_mean; floor=0.25,sorted model names,deterministic accumulated cost then model path,switch-budget feasibility filter only,1e-09,0.0,0.0,0.0,0.0,-1.0,0.0,0.0,0.0,0.0,13163.904663767375,0.0,0.0,branch-specific beam-pruning path: the budget feasibility filter changes the retained approximate state set despite a feasible unconstrained terminal path,34,100,0.34,23435.39295576421,34,0.34,23435.39295576421
Walmart,tight_capacity,store_009__dept_003,4,validation_q25,3.0,3.0,0.0,True,False,False,unconstrained_switch_count > K,False,False,False,True,True,True,True,True,True,0.0,0.0,0.0,True,True,96,0.10*validation_mean; floor=0.25,sorted model names,deterministic accumulated cost then model path,switch-budget feasibility filter only,1e-09,0.0,0.0,0.0,0.0,0.0,0.0,0.0,0.0,0.0,0.0,0.0,0.0,none,34,100,0.34,23435.39295576421,34,0.34,23435.39295576421
Walmart,tight_capacity,store_009__dept_005,4,validation_q25,4.0,4.0,0.0,True,False,False,unconstrained_switch_count > K,False,False,False,True,True,True,True,True,True,0.0,0.0,0.0,True,True,96,0.10*validation_mean; floor=0.25,sorted model names,deterministic accumulated cost then model path,switch-budget feasibility filter only,1e-09,0.0,0.0,0.0,0.0,0.0,0.0,0.0,0.0,0.0,0.0,0.0,0.0,none,34,100,0.34,23435.39295576421,34,0.34,23435.39295576421
Walmart,tight_capacity,store_009__dept_033,4,validation_q25,3.0,3.0,0.0,True,False,False,unconstrained_switch_count > K,False,False,False,True,True,True,True,True,True,0.0,0.0,0.0,True,True,96,0.10*validation_mean; floor=0.25,sorted model names,deterministic accumulated cost then model path,switch-budget feasibility filter only,1e-09,0.0,0.0,0.0,0.0,0.0,0.0,0.0,0.0,0.0,0.0,0.0,0.0,none,34,100,0.34,23435.39295576421,34,0.34,23435.39295576421
Walmart,tight_capacity,store_009__dept_038,4,validation_q25,4.0,4.0,0.0,True,False,False,unconstrained_switch_count > K,False,False,False,True,True,True,True,True,True,0.0,0.0,0.0,True,True,96,0.10*validation_mean; floor=0.25,sorted model names,deterministic accumulated cost then model path,switch-budget feasibility filter only,1e-09,0.0,0.0,0.0,0.0,0.0,0.0,0.0,0.0,0.0,0.0,0.0,0.0,none,34,100,0.34,23435.39295576421,34,0.34,23435.39295576421
Walmart,tight_capacity,store_010__dept_002,4,validation_q25,2.0,2.0,0.0,True,False,False,unconstrained_switch_count > K,False,False,False,True,True,True,True,True,True,0.0,0.0,0.0,True,True,96,0.10*validation_mean; floor=0.25,sorted model names,deterministic accumulated cost then model path,switch-budget feasibility filter only,1e-09,0.0,0.0,0.0,0.0,0.0,0.0,0.0,0.0,0.0,0.0,0.0,0.0,none,34,100,0.34,23435.39295576421,34,0.34,23435.39295576421
Walmart,tight_capacity,store_010__dept_008,4,validation_q25,2.0,2.0,0.0,True,False,False,unconstrained_switch_count > K,False,False,False,True,True,True,True,True,True,0.0,0.0,0.0,True,True,96,0.10*validation_mean; floor=0.25,sorted model names,deterministic accumulated cost then model path,switch-budget feasibility filter only,1e-09,0.0,0.0,0.0,0.0,0.0,0.0,0.0,0.0,0.0,0.0,0.0,0.0,none,34,100,0.34,23435.39295576421,34,0.34,23435.39295576421
Walmart,tight_capacity,store_010__dept_038,4,validation_q25,4.0,4.0,0.0,True,False,False,unconstrained_switch_count > K,False,False,False,True,True,True,True,True,True,0.0,0.0,0.0,True,True,96,0.10*validation_mean; floor=0.25,sorted model names,deterministic accumulated cost then model path,switch-budget feasibility filter only,1e-09,0.0,0.0,0.0,0.0,0.0,0.0,0.0,0.0,0.0,0.0,0.0,0.0,none,34,100,0.34,23435.39295576421,34,0.34,23435.39295576421
Walmart,tight_capacity,store_010__dept_040,4,validation_q25,4.0,4.0,0.0,True,False,False,unconstrained_switch_count > K,False,False,False,True,True,True,True,True,True,0.0,0.0,0.0,True,True,96,0.10*validation_mean; floor=0.25,sorted model names,deterministic accumulated cost then model path,switch-budget feasibility filter only,1e-09,0.0,0.0,0.0,0.0,0.0,0.0,0.0,0.0,0.0,0.0,0.0,0.0,none,34,100,0.34,23435.39295576421,34,0.34,23435.39295576421
Walmart,tight_capacity,store_010__dept_072,4,validation_q25,6.0,4.0,2.0,False,True,True,unconstrained_switch_count > K,True,False,True,False,False,True,False,False,False,-1.0,-1.0,-1.0,False,False,96,0.10*validation_mean; floor=0.25,sorted model names,deterministic accumulated cost then model path,switch-budget feasibility filter only,1e-09,0.0,0.0,0.0,0.0,-1.0,0.0,0.0,0.0,0.0,7522.561538462294,0.0,0.0,branch-specific beam-pruning path: the budget feasibility filter changes the retained approximate state set despite a feasible unconstrained terminal path,34,100,0.34,23435.39295576421,34,0.34,23435.39295576421
Walmart,tight_capacity,store_013__dept_038,4,validation_q25,5.0,4.0,1.0,False,True,True,unconstrained_switch_count > K,True,False,True,False,False,True,False,False,False,-0.5,-0.5,-0.5,False,False,96,0.10*validation_mean; floor=0.25,sorted model names,deterministic accumulated cost then model path,switch-budget feasibility filter only,1e-09,0.0,0.0,0.0,0.0,-0.5,0.0,0.0,0.0,0.0,9273.969230770133,0.0,0.0,branch-specific beam-pruning path: the budget feasibility filter changes the retained approximate state set despite a feasible unconstrained terminal path,34,100,0.34,23435.39295576421,34,0.34,23435.39295576421
Walmart,tight_capacity,store_013__dept_090,4,validation_q25,2.0,2.0,0.0,True,False,False,unconstrained_switch_count > K,False,False,False,True,True,True,True,True,True,0.0,0.0,0.0,True,True,96,0.10*validation_mean; floor=0.25,sorted model names,deterministic accumulated cost then model path,switch-budget feasibility filter only,1e-09,0.0,0.0,0.0,0.0,0.0,0.0,0.0,0.0,0.0,0.0,0.0,0.0,none,34,100,0.34,23435.39295576421,34,0.34,23435.39295576421
Walmart,tight_capacity,store_013__dept_091,4,validation_q25,6.0,4.0,2.0,False,True,True,unconstrained_switch_count > K,True,False,True,False,False,True,False,False,False,-1.0,-1.0,-1.0,False,False,96,0.10*validation_mean; floor=0.25,sorted model names,deterministic accumulated cost then model path,switch-budget feasibility filter only,1e-09,0.0,0.0,0.0,0.0,-1.0,0.0,0.0,0.0,0.0,14373.099999995902,0.0,0.0,branch-specific beam-pruning path: the budget feasibility filter changes the retained approximate state set despite a feasible unconstrained terminal path,34,100,0.34,23435.39295576421,34,0.34,23435.39295576421
Walmart,tight_capacity,store_013__dept_092,4,validation_q25,3.0,3.0,0.0,True,False,False,unconstrained_switch_count > K,False,False,False,True,True,True,True,True,True,0.0,0.0,0.0,True,True,96,0.10*validation_mean; floor=0.25,sorted model names,deterministic accumulated cost then model path,switch-budget feasibility filter only,1e-09,0.0,0.0,0.0,0.0,0.0,0.0,0.0,0.0,0.0,0.0,0.0,0.0,none,34,100,0.34,23435.39295576421,34,0.34,23435.39295576421
Walmart,tight_capacity,store_013__dept_095,4,validation_q25,1.0,1.0,0.0,True,False,False,unconstrained_switch_count > K,False,False,False,True,True,True,True,True,True,0.0,0.0,0.0,True,True,96,0.10*validation_mean; floor=0.25,sorted model names,deterministic accumulated cost then model path,switch-budget feasibility filter only,1e-09,0.0,0.0,0.0,0.0,0.0,0.0,0.0,0.0,0.0,0.0,0.0,0.0,none,34,100,0.34,23435.39295576421,34,0.34,23435.39295576421
Walmart,tight_capacity,store_014__dept_002,4,validation_q25,3.0,3.0,0.0,True,False,False,unconstrained_switch_count > K,False,False,False,True,True,True,True,True,True,0.0,0.0,0.0,True,True,96,0.10*validation_mean; floor=0.25,sorted model names,deterministic accumulated cost then model path,switch-budget feasibility filter only,1e-09,0.0,0.0,0.0,0.0,0.0,0.0,0.0,0.0,0.0,0.0,0.0,0.0,none,34,100,0.34,23435.39295576421,34,0.34,23435.39295576421
Walmart,tight_capacity,store_014__dept_038,4,validation_q25,5.0,4.0,1.0,False,True,True,unconstrained_switch_count > K,True,False,True,False,False,True,False,False,False,-0.5,-0.5,-0.5,False,False,96,0.10*validation_mean; floor=0.25,sorted model names,deterministic accumulated cost then model path,switch-budget feasibility filter only,1e-09,0.0,0.0,0.0,0.0,-0.5,0.0,0.0,0.0,0.0,8709.050000002375,0.0,0.0,branch-specific beam-pruning path: the budget feasibility filter changes the retained approximate state set despite a feasible unconstrained terminal path,34,100,0.34,23435.39295576421,34,0.34,23435.39295576421
Walmart,tight_capacity,store_014__dept_046,4,validation_q25,0.0,0.0,0.0,True,False,False,unconstrained_switch_count > K,False,False,False,True,True,True,True,True,True,0.0,0.0,0.0,True,True,96,0.10*validation_mean; floor=0.25,sorted model names,deterministic accumulated cost then model path,switch-budget feasibility filter only,1e-09,0.0,0.0,0.0,0.0,0.0,0.0,0.0,0.0,0.0,0.0,0.0,0.0,none,34,100,0.34,23435.39295576421,34,0.34,23435.39295576421
Walmart,tight_capacity,store_014__dept_072,4,validation_q25,3.0,3.0,0.0,True,False,False,unconstrained_switch_count > K,False,False,False,True,True,True,True,True,True,0.0,0.0,0.0,True,True,96,0.10*validation_mean; floor=0.25,sorted model names,deterministic accumulated cost then model path,switch-budget feasibility filter only,1e-09,0.0,0.0,0.0,0.0,0.0,0.0,0.0,0.0,0.0,0.0,0.0,0.0,none,34,100,0.34,23435.39295576421,34,0.34,23435.39295576421
Walmart,tight_capacity,store_014__dept_090,4,validation_q25,5.0,4.0,1.0,False,True,True,unconstrained_switch_count > K,True,False,True,False,False,True,False,False,False,-0.5,-0.5,-0.5,False,False,96,0.10*validation_mean; floor=0.25,sorted model names,deterministic accumulated cost then model path,switch-budget feasibility filter only,1e-09,0.0,0.0,0.0,0.0,-0.5,0.0,0.0,0.0,0.0,772.2038461557822,0.0,0.0,branch-specific beam-pruning path: the budget feasibility filter changes the retained approximate state set despite a feasible unconstrained terminal path,34,100,0.34,23435.39295576421,34,0.34,23435.39295576421
Walmart,tight_capacity,store_014__dept_091,4,validation_q25,5.0,4.0,1.0,False,True,True,unconstrained_switch_count > K,True,False,True,False,False,True,False,False,False,-0.5,-0.5,-0.5,False,False,96,0.10*validation_mean; floor=0.25,sorted model names,deterministic accumulated cost then model path,switch-budget feasibility filter only,1e-09,0.0,0.0,0.0,0.0,-0.5,0.0,0.0,0.0,0.0,0.0,0.0,0.0,branch-specific beam-pruning path: the budget feasibility filter changes the retained approximate state set despite a feasible unconstrained terminal path,34,100,0.34,23435.39295576421,34,0.34,23435.39295576421
Walmart,tight_capacity,store_014__dept_092,4,validation_q25,4.0,4.0,0.0,True,False,False,unconstrained_switch_count > K,False,False,False,True,True,True,True,True,True,0.0,0.0,0.0,True,True,96,0.10*validation_mean; floor=0.25,sorted model names,deterministic accumulated cost then model path,switch-budget feasibility filter only,1e-09,0.0,0.0,0.0,0.0,0.0,0.0,0.0,0.0,0.0,0.0,0.0,0.0,none,34,100,0.34,23435.39295576421,34,0.34,23435.39295576421
Walmart,tight_capacity,store_014__dept_095,4,validation_q25,4.0,4.0,0.0,True,False,False,unconstrained_switch_count > K,False,False,False,True,True,True,True,True,True,0.0,0.0,0.0,True,True,96,0.10*validation_mean; floor=0.25,sorted model names,deterministic accumulated cost then model path,switch-budget feasibility filter only,1e-09,0.0,0.0,0.0,0.0,0.0,0.0,0.0,0.0,0.0,0.0,0.0,0.0,none,34,100,0.34,23435.39295576421,34,0.34,23435.39295576421
Walmart,tight_capacity,store_015__dept_026,4,validation_q25,5.0,3.0,2.0,False,True,True,unconstrained_switch_count > K,True,False,True,False,False,True,False,False,False,-1.0,-1.0,-1.0,False,False,96,0.10*validation_mean; floor=0.25,sorted model names,deterministic accumulated cost then model path,switch-budget feasibility filter only,1e-09,0.0,0.0,0.0,0.0,-1.0,0.0,0.0,0.0,0.0,1636.3461538498814,0.0,0.0,branch-specific beam-pruning path: the budget feasibility filter changes the retained approximate state set despite a feasible unconstrained terminal path,34,100,0.34,23435.39295576421,34,0.34,23435.39295576421
Walmart,tight_capacity,store_016__dept_096,4,validation_q25,6.0,4.0,2.0,False,True,True,unconstrained_switch_count > K,True,False,True,False,False,False,False,False,False,-44.9752266258879,-1.0,-44.9752266258879,False,False,96,0.10*validation_mean; floor=0.25,sorted model names,deterministic accumulated cost then model path,switch-budget feasibility filter only,1e-09,-43.98390110352602,0.0,0.008674477638878741,0.0,-1.0,0.0,-3.383377007963503,0.0,0.0,128.0526948835344,-0.15384615384615385,0.17348955277759615,branch-specific beam-pruning path: the budget feasibility filter changes the retained approximate state set despite a feasible unconstrained terminal path,34,100,0.34,23435.39295576421,34,0.34,23435.39295576421
Walmart,tight_capacity,store_019__dept_092,4,validation_q25,4.0,4.0,0.0,True,False,False,unconstrained_switch_count > K,False,False,False,True,True,True,True,True,True,0.0,0.0,0.0,True,True,96,0.10*validation_mean; floor=0.25,sorted model names,deterministic accumulated cost then model path,switch-budget feasibility filter only,1e-09,0.0,0.0,0.0,0.0,0.0,0.0,0.0,0.0,0.0,0.0,0.0,0.0,none,34,100,0.34,23435.39295576421,34,0.34,23435.39295576421
Walmart,tight_capacity,store_019__dept_095,4,validation_q25,4.0,4.0,0.0,True,False,False,unconstrained_switch_count > K,False,False,False,True,True,True,True,True,True,0.0,0.0,0.0,True,True,96,0.10*validation_mean; floor=0.25,sorted model names,deterministic accumulated cost then model path,switch-budget feasibility filter only,1e-09,0.0,0.0,0.0,0.0,0.0,0.0,0.0,0.0,0.0,0.0,0.0,0.0,none,34,100,0.34,23435.39295576421,34,0.34,23435.39295576421
Walmart,tight_capacity,store_020__dept_038,4,validation_q25,6.0,4.0,2.0,False,True,True,unconstrained_switch_count > K,True,False,True,False,False,True,False,False,False,-1.0,-1.0,-1.0,False,False,96,0.10*validation_mean; floor=0.25,sorted model names,deterministic accumulated cost then model path,switch-budget feasibility filter only,1e-09,0.0,0.0,0.0,0.0,-1.0,0.0,0.0,0.0,0.0,34903.30000000005,0.0,0.0,branch-specific beam-pruning path: the budget feasibility filter changes the retained approximate state set despite a feasible unconstrained terminal path,34,100,0.34,23435.39295576421,34,0.34,23435.39295576421
Walmart,tight_capacity,store_020__dept_040,4,validation_q25,3.0,3.0,0.0,True,False,False,unconstrained_switch_count > K,False,False,False,True,True,True,True,True,True,0.0,0.0,0.0,True,True,96,0.10*validation_mean; floor=0.25,sorted model names,deterministic accumulated cost then model path,switch-budget feasibility filter only,1e-09,0.0,0.0,0.0,0.0,0.0,0.0,0.0,0.0,0.0,0.0,0.0,0.0,none,34,100,0.34,23435.39295576421,34,0.34,23435.39295576421
Walmart,tight_capacity,store_020__dept_072,4,validation_q25,6.0,1.0,5.0,False,True,True,unconstrained_switch_count > K,True,False,True,False,False,False,False,False,False,368745.05623622984,-2.5,368745.05623622984,False,False,96,0.10*validation_mean; floor=0.25,sorted model names,deterministic accumulated cost then model path,switch-budget feasibility filter only,1e-09,0.0,368090.1778789414,657.3783572884618,0.0,-2.5,-0.014489356962968103,0.0,10896.02731650963,0.0,90066.38158223638,-0.07692307692307687,13147.567145769237,branch-specific beam-pruning path: the budget feasibility filter changes the retained approximate state set despite a feasible unconstrained terminal path,34,100,0.34,23435.39295576421,34,0.34,23435.39295576421
Walmart,tight_capacity,store_020__dept_083,4,validation_q25,5.0,4.0,1.0,False,True,True,unconstrained_switch_count > K,True,False,True,False,False,False,False,False,False,-14553.663909478288,-0.5,-14553.663909478288,False,False,96,0.10*validation_mean; floor=0.25,sorted model names,deterministic accumulated cost then model path,switch-budget feasibility filter only,1e-09,3496.016185848799,-18095.29339527681,46.113299949717685,0.0,-0.5,0.053275157221807645,268.92432198837196,-993.7041736012188,0.0,-6834.79797916922,0.0,922.2659989943531,branch-specific beam-pruning path: the budget feasibility filter changes the retained approximate state set despite a feasible unconstrained terminal path,34,100,0.34,23435.39295576421,34,0.34,23435.39295576421
Walmart,tight_capacity,store_020__dept_090,4,validation_q25,4.0,4.0,0.0,True,False,False,unconstrained_switch_count > K,False,False,False,True,True,True,True,True,True,0.0,0.0,0.0,True,True,96,0.10*validation_mean; floor=0.25,sorted model names,deterministic accumulated cost then model path,switch-budget feasibility filter only,1e-09,0.0,0.0,0.0,0.0,0.0,0.0,0.0,0.0,0.0,0.0,0.0,0.0,none,34,100,0.34,23435.39295576421,34,0.34,23435.39295576421
Walmart,tight_capacity,store_020__dept_092,4,validation_q25,6.0,4.0,2.0,False,True,True,unconstrained_switch_count > K,True,False,True,False,False,False,False,False,False,-73357.53420036752,-1.0,-73357.53420036752,False,False,96,0.10*validation_mean; floor=0.25,sorted model names,deterministic accumulated cost then model path,switch-budget feasibility filter only,1e-09,2529.5356620815583,-75886.06986244954,0.0,0.0,-1.0,0.0033494872488845084,194.57966631400632,-2529.5356620816747,0.0,134080.91199944774,0.07692307692307687,0.0,branch-specific beam-pruning path: the budget feasibility filter changes the retained approximate state set despite a feasible unconstrained terminal path,34,100,0.34,23435.39295576421,34,0.34,23435.39295576421
Walmart,tight_capacity,store_020__dept_095,4,validation_q25,5.0,4.0,1.0,False,True,True,unconstrained_switch_count > K,True,False,True,False,False,True,False,False,False,-0.5,-0.5,-0.5,False,False,96,0.10*validation_mean; floor=0.25,sorted model names,deterministic accumulated cost then model path,switch-budget feasibility filter only,1e-09,0.0,0.0,0.0,0.0,-0.5,0.0,0.0,0.0,0.0,0.0,0.0,0.0,branch-specific beam-pruning path: the budget feasibility filter changes the retained approximate state set despite a feasible unconstrained terminal path,34,100,0.34,23435.39295576421,34,0.34,23435.39295576421
Walmart,tight_capacity,store_022__dept_059,4,validation_q25,4.0,4.0,0.0,True,False,False,unconstrained_switch_count > K,False,False,False,True,True,True,True,True,True,0.0,0.0,0.0,True,True,96,0.10*validation_mean; floor=0.25,sorted model names,deterministic accumulated cost then model path,switch-budget feasibility filter only,1e-09,0.0,0.0,0.0,0.0,0.0,0.0,0.0,0.0,0.0,0.0,0.0,0.0,none,34,100,0.34,23435.39295576421,34,0.34,23435.39295576421
Walmart,tight_capacity,store_023__dept_032,4,validation_q25,5.0,4.0,1.0,False,True,True,unconstrained_switch_count > K,True,False,True,False,False,True,False,False,False,-0.5,-0.5,-0.5,False,False,96,0.10*validation_mean; floor=0.25,sorted model names,deterministic accumulated cost then model path,switch-budget feasibility filter only,1e-09,0.0,0.0,0.0,0.0,-0.5,0.0,0.0,0.0,0.0,1384.949999999997,0.0,0.0,branch-specific beam-pruning path: the budget feasibility filter changes the retained approximate state set despite a feasible unconstrained terminal path,34,100,0.34,23435.39295576421,34,0.34,23435.39295576421
Walmart,tight_capacity,store_023__dept_072,4,validation_q25,2.0,2.0,0.0,True,False,False,unconstrained_switch_count > K,False,False,False,True,True,True,True,True,True,0.0,0.0,0.0,True,True,96,0.10*validation_mean; floor=0.25,sorted model names,deterministic accumulated cost then model path,switch-budget feasibility filter only,1e-09,0.0,0.0,0.0,0.0,0.0,0.0,0.0,0.0,0.0,0.0,0.0,0.0,none,34,100,0.34,23435.39295576421,34,0.34,23435.39295576421
Walmart,tight_capacity,store_024__dept_018,4,validation_q25,2.0,2.0,0.0,True,False,False,unconstrained_switch_count > K,False,False,False,True,True,True,True,True,True,0.0,0.0,0.0,True,True,96,0.10*validation_mean; floor=0.25,sorted model names,deterministic accumulated cost then model path,switch-budget feasibility filter only,1e-09,0.0,0.0,0.0,0.0,0.0,0.0,0.0,0.0,0.0,0.0,0.0,0.0,none,34,100,0.34,23435.39295576421,34,0.34,23435.39295576421
Walmart,tight_capacity,store_024__dept_040,4,validation_q25,3.0,3.0,0.0,True,False,False,unconstrained_switch_count > K,False,False,False,True,True,True,True,True,True,0.0,0.0,0.0,True,True,96,0.10*validation_mean; floor=0.25,sorted model names,deterministic accumulated cost then model path,switch-budget feasibility filter only,1e-09,0.0,0.0,0.0,0.0,0.0,0.0,0.0,0.0,0.0,0.0,0.0,0.0,none,34,100,0.34,23435.39295576421,34,0.34,23435.39295576421
Walmart,tight_capacity,store_024__dept_092,4,validation_q25,4.0,4.0,0.0,True,False,False,unconstrained_switch_count > K,False,False,False,True,True,True,True,True,True,0.0,0.0,0.0,True,True,96,0.10*validation_mean; floor=0.25,sorted model names,deterministic accumulated cost then model path,switch-budget feasibility filter only,1e-09,0.0,0.0,0.0,0.0,0.0,0.0,0.0,0.0,0.0,0.0,0.0,0.0,none,34,100,0.34,23435.39295576421,34,0.34,23435.39295576421
Walmart,tight_capacity,store_024__dept_095,4,validation_q25,5.0,4.0,1.0,False,True,True,unconstrained_switch_count > K,True,False,True,False,False,True,False,False,False,-0.5,-0.5,-0.5,False,False,96,0.10*validation_mean; floor=0.25,sorted model names,deterministic accumulated cost then model path,switch-budget feasibility filter only,1e-09,0.0,0.0,0.0,0.0,-0.5,0.0,0.0,0.0,0.0,13676.612499994808,0.0,0.0,branch-specific beam-pruning path: the budget feasibility filter changes the retained approximate state set despite a feasible unconstrained terminal path,34,100,0.34,23435.39295576421,34,0.34,23435.39295576421
Walmart,tight_capacity,store_025__dept_018,4,validation_q25,3.0,3.0,0.0,True,False,False,unconstrained_switch_count > K,False,False,False,True,True,True,True,True,True,0.0,0.0,0.0,True,True,96,0.10*validation_mean; floor=0.25,sorted model names,deterministic accumulated cost then model path,switch-budget feasibility filter only,1e-09,0.0,0.0,0.0,0.0,0.0,0.0,0.0,0.0,0.0,0.0,0.0,0.0,none,34,100,0.34,23435.39295576421,34,0.34,23435.39295576421
Walmart,tight_capacity,store_026__dept_024,4,validation_q25,4.0,4.0,0.0,True,False,False,unconstrained_switch_count > K,False,False,False,True,True,True,True,True,True,0.0,0.0,0.0,True,True,96,0.10*validation_mean; floor=0.25,sorted model names,deterministic accumulated cost then model path,switch-budget feasibility filter only,1e-09,0.0,0.0,0.0,0.0,0.0,0.0,0.0,0.0,0.0,0.0,0.0,0.0,none,34,100,0.34,23435.39295576421,34,0.34,23435.39295576421
Walmart,tight_capacity,store_026__dept_036,4,validation_q25,4.0,4.0,0.0,True,False,False,unconstrained_switch_count > K,False,False,False,True,True,True,True,True,True,0.0,0.0,0.0,True,True,96,0.10*validation_mean; floor=0.25,sorted model names,deterministic accumulated cost then model path,switch-budget feasibility filter only,1e-09,0.0,0.0,0.0,0.0,0.0,0.0,0.0,0.0,0.0,0.0,0.0,0.0,none,34,100,0.34,23435.39295576421,34,0.34,23435.39295576421
Walmart,tight_capacity,store_026__dept_038,4,validation_q25,4.0,4.0,0.0,True,False,False,unconstrained_switch_count > K,False,False,False,True,True,True,True,True,True,0.0,0.0,0.0,True,True,96,0.10*validation_mean; floor=0.25,sorted model names,deterministic accumulated cost then model path,switch-budget feasibility filter only,1e-09,0.0,0.0,0.0,0.0,0.0,0.0,0.0,0.0,0.0,0.0,0.0,0.0,none,34,100,0.34,23435.39295576421,34,0.34,23435.39295576421
Walmart,tight_capacity,store_026__dept_092,4,validation_q25,4.0,4.0,0.0,True,False,False,unconstrained_switch_count > K,False,False,False,True,True,True,True,True,True,0.0,0.0,0.0,True,True,96,0.10*validation_mean; floor=0.25,sorted model names,deterministic accumulated cost then model path,switch-budget feasibility filter only,1e-09,0.0,0.0,0.0,0.0,0.0,0.0,0.0,0.0,0.0,0.0,0.0,0.0,none,34,100,0.34,23435.39295576421,34,0.34,23435.39295576421
Walmart,tight_capacity,store_027__dept_071,4,validation_q25,5.0,4.0,1.0,False,True,True,unconstrained_switch_count > K,True,False,True,False,False,True,False,False,False,-0.5,-0.5,-0.5,False,False,96,0.10*validation_mean; floor=0.25,sorted model names,deterministic accumulated cost then model path,switch-budget feasibility filter only,1e-09,0.0,0.0,0.0,0.0,-0.5,0.0,0.0,0.0,0.0,3045.1124999941676,0.0,0.0,branch-specific beam-pruning path: the budget feasibility filter changes the retained approximate state set despite a feasible unconstrained terminal path,34,100,0.34,23435.39295576421,34,0.34,23435.39295576421
Walmart,tight_capacity,store_027__dept_090,4,validation_q25,2.0,2.0,0.0,True,False,False,unconstrained_switch_count > K,False,False,False,True,True,True,True,True,True,0.0,0.0,0.0,True,True,96,0.10*validation_mean; floor=0.25,sorted model names,deterministic accumulated cost then model path,switch-budget feasibility filter only,1e-09,0.0,0.0,0.0,0.0,0.0,0.0,0.0,0.0,0.0,0.0,0.0,0.0,none,34,100,0.34,23435.39295576421,34,0.34,23435.39295576421
Walmart,tight_capacity,store_027__dept_092,4,validation_q25,4.0,4.0,0.0,True,False,False,unconstrained_switch_count > K,False,False,False,True,True,True,True,True,True,0.0,0.0,0.0,True,True,96,0.10*validation_mean; floor=0.25,sorted model names,deterministic accumulated cost then model path,switch-budget feasibility filter only,1e-09,0.0,0.0,0.0,0.0,0.0,0.0,0.0,0.0,0.0,0.0,0.0,0.0,none,34,100,0.34,23435.39295576421,34,0.34,23435.39295576421
Walmart,tight_capacity,store_027__dept_095,4,validation_q25,4.0,4.0,0.0,True,False,False,unconstrained_switch_count > K,False,False,False,True,True,True,True,True,True,0.0,0.0,0.0,True,True,96,0.10*validation_mean; floor=0.25,sorted model names,deterministic accumulated cost then model path,switch-budget feasibility filter only,1e-09,0.0,0.0,0.0,0.0,0.0,0.0,0.0,0.0,0.0,0.0,0.0,0.0,none,34,100,0.34,23435.39295576421,34,0.34,23435.39295576421
Walmart,tight_capacity,store_028__dept_092,4,validation_q25,3.0,3.0,0.0,True,False,False,unconstrained_switch_count > K,False,False,False,True,True,True,True,True,True,0.0,0.0,0.0,True,True,96,0.10*validation_mean; floor=0.25,sorted model names,deterministic accumulated cost then model path,switch-budget feasibility filter only,1e-09,0.0,0.0,0.0,0.0,0.0,0.0,0.0,0.0,0.0,0.0,0.0,0.0,none,34,100,0.34,23435.39295576421,34,0.34,23435.39295576421
Walmart,tight_capacity,store_028__dept_095,4,validation_q25,3.0,3.0,0.0,True,False,False,unconstrained_switch_count > K,False,False,False,True,True,True,True,True,True,0.0,0.0,0.0,True,True,96,0.10*validation_mean; floor=0.25,sorted model names,deterministic accumulated cost then model path,switch-budget feasibility filter only,1e-09,0.0,0.0,0.0,0.0,0.0,0.0,0.0,0.0,0.0,0.0,0.0,0.0,none,34,100,0.34,23435.39295576421,34,0.34,23435.39295576421
Walmart,tight_capacity,store_029__dept_027,4,validation_q25,3.0,3.0,0.0,True,False,False,unconstrained_switch_count > K,False,False,False,True,True,True,True,True,True,0.0,0.0,0.0,True,True,96,0.10*validation_mean; floor=0.25,sorted model names,deterministic accumulated cost then model path,switch-budget feasibility filter only,1e-09,0.0,0.0,0.0,0.0,0.0,0.0,0.0,0.0,0.0,0.0,0.0,0.0,none,34,100,0.34,23435.39295576421,34,0.34,23435.39295576421
Walmart,tight_capacity,store_030__dept_083,4,validation_q25,4.0,4.0,0.0,True,False,False,unconstrained_switch_count > K,False,False,False,True,True,True,True,True,True,0.0,0.0,0.0,True,True,96,0.10*validation_mean; floor=0.25,sorted model names,deterministic accumulated cost then model path,switch-budget feasibility filter only,1e-09,0.0,0.0,0.0,0.0,0.0,0.0,0.0,0.0,0.0,0.0,0.0,0.0,none,34,100,0.34,23435.39295576421,34,0.34,23435.39295576421
Walmart,tight_capacity,store_031__dept_038,4,validation_q25,6.0,4.0,2.0,False,True,True,unconstrained_switch_count > K,True,False,True,False,False,False,False,False,False,375650.1219606921,-1.0,375650.1219606921,False,False,96,0.10*validation_mean; floor=0.25,sorted model names,deterministic accumulated cost then model path,switch-budget feasibility filter only,1e-09,-2035.0503538288176,377536.892795312,149.27951920906435,0.0,-1.0,-0.07848403714185914,-156.5423349099001,20563.42161541329,0.0,132078.59482990473,-0.07692307692307687,2985.5903841812833,branch-specific beam-pruning path: the budget feasibility filter changes the retained approximate state set despite a feasible unconstrained terminal path,34,100,0.34,23435.39295576421,34,0.34,23435.39295576421
Walmart,tight_capacity,store_031__dept_046,4,validation_q25,4.0,4.0,0.0,True,False,False,unconstrained_switch_count > K,False,False,False,True,True,True,True,True,True,0.0,0.0,0.0,True,True,96,0.10*validation_mean; floor=0.25,sorted model names,deterministic accumulated cost then model path,switch-budget feasibility filter only,1e-09,0.0,0.0,0.0,0.0,0.0,0.0,0.0,0.0,0.0,0.0,0.0,0.0,none,34,100,0.34,23435.39295576421,34,0.34,23435.39295576421
Walmart,tight_capacity,store_031__dept_079,4,validation_q25,4.0,4.0,0.0,True,False,False,unconstrained_switch_count > K,False,False,False,True,True,True,True,True,True,0.0,0.0,0.0,True,True,96,0.10*validation_mean; floor=0.25,sorted model names,deterministic accumulated cost then model path,switch-budget feasibility filter only,1e-09,0.0,0.0,0.0,0.0,0.0,0.0,0.0,0.0,0.0,0.0,0.0,0.0,none,34,100,0.34,23435.39295576421,34,0.34,23435.39295576421
Walmart,tight_capacity,store_031__dept_090,4,validation_q25,5.0,4.0,1.0,False,True,True,unconstrained_switch_count > K,True,False,True,False,False,True,False,False,False,-0.5,-0.5,-0.5,False,False,96,0.10*validation_mean; floor=0.25,sorted model names,deterministic accumulated cost then model path,switch-budget feasibility filter only,1e-09,0.0,0.0,0.0,0.0,-0.5,0.0,0.0,0.0,0.0,7579.1576923039975,0.0,0.0,branch-specific beam-pruning path: the budget feasibility filter changes the retained approximate state set despite a feasible unconstrained terminal path,34,100,0.34,23435.39295576421,34,0.34,23435.39295576421
Walmart,tight_capacity,store_031__dept_092,4,validation_q25,4.0,4.0,0.0,True,False,False,unconstrained_switch_count > K,False,False,False,True,True,True,True,True,True,0.0,0.0,0.0,True,True,96,0.10*validation_mean; floor=0.25,sorted model names,deterministic accumulated cost then model path,switch-budget feasibility filter only,1e-09,0.0,0.0,0.0,0.0,0.0,0.0,0.0,0.0,0.0,0.0,0.0,0.0,none,34,100,0.34,23435.39295576421,34,0.34,23435.39295576421
Walmart,tight_capacity,store_031__dept_095,4,validation_q25,4.0,4.0,0.0,True,False,False,unconstrained_switch_count > K,False,False,False,True,True,True,True,True,True,0.0,0.0,0.0,True,True,96,0.10*validation_mean; floor=0.25,sorted model names,deterministic accumulated cost then model path,switch-budget feasibility filter only,1e-09,0.0,0.0,0.0,0.0,0.0,0.0,0.0,0.0,0.0,0.0,0.0,0.0,none,34,100,0.34,23435.39295576421,34,0.34,23435.39295576421
Walmart,tight_capacity,store_032__dept_092,4,validation_q25,5.0,4.0,1.0,False,True,True,unconstrained_switch_count > K,True,False,True,False,False,True,False,False,False,-0.5,-0.5,-0.5,False,False,96,0.10*validation_mean; floor=0.25,sorted model names,deterministic accumulated cost then model path,switch-budget feasibility filter only,1e-09,0.0,0.0,0.0,0.0,-0.5,0.0,0.0,0.0,0.0,8477.734615385532,0.0,0.0,branch-specific beam-pruning path: the budget feasibility filter changes the retained approximate state set despite a feasible unconstrained terminal path,34,100,0.34,23435.39295576421,34,0.34,23435.39295576421
Walmart,tight_capacity,store_032__dept_095,4,validation_q25,1.0,1.0,0.0,True,False,False,unconstrained_switch_count > K,False,False,False,True,True,True,True,True,True,0.0,0.0,0.0,True,True,96,0.10*validation_mean; floor=0.25,sorted model names,deterministic accumulated cost then model path,switch-budget feasibility filter only,1e-09,0.0,0.0,0.0,0.0,0.0,0.0,0.0,0.0,0.0,0.0,0.0,0.0,none,34,100,0.34,23435.39295576421,34,0.34,23435.39295576421
Walmart,tight_capacity,store_033__dept_094,4,validation_q25,3.0,3.0,0.0,True,False,False,unconstrained_switch_count > K,False,False,False,True,True,True,True,True,True,0.0,0.0,0.0,True,True,96,0.10*validation_mean; floor=0.25,sorted model names,deterministic accumulated cost then model path,switch-budget feasibility filter only,1e-09,0.0,0.0,0.0,0.0,0.0,0.0,0.0,0.0,0.0,0.0,0.0,0.0,none,34,100,0.34,23435.39295576421,34,0.34,23435.39295576421
Walmart,tight_capacity,store_035__dept_072,4,validation_q25,3.0,3.0,0.0,True,False,False,unconstrained_switch_count > K,False,False,False,True,True,True,True,True,True,0.0,0.0,0.0,True,True,96,0.10*validation_mean; floor=0.25,sorted model names,deterministic accumulated cost then model path,switch-budget feasibility filter only,1e-09,0.0,0.0,0.0,0.0,0.0,0.0,0.0,0.0,0.0,0.0,0.0,0.0,none,34,100,0.34,23435.39295576421,34,0.34,23435.39295576421
Walmart,tight_capacity,store_036__dept_087,4,validation_q25,3.0,3.0,0.0,True,False,False,unconstrained_switch_count > K,False,False,False,True,True,True,True,True,True,0.0,0.0,0.0,True,True,96,0.10*validation_mean; floor=0.25,sorted model names,deterministic accumulated cost then model path,switch-budget feasibility filter only,1e-09,0.0,0.0,0.0,0.0,0.0,0.0,0.0,0.0,0.0,0.0,0.0,0.0,none,34,100,0.34,23435.39295576421,34,0.34,23435.39295576421
Walmart,tight_capacity,store_038__dept_002,4,validation_q25,3.0,3.0,0.0,True,False,False,unconstrained_switch_count > K,False,False,False,True,True,True,True,True,True,0.0,0.0,0.0,True,True,96,0.10*validation_mean; floor=0.25,sorted model names,deterministic accumulated cost then model path,switch-budget feasibility filter only,1e-09,0.0,0.0,0.0,0.0,0.0,0.0,0.0,0.0,0.0,0.0,0.0,0.0,none,34,100,0.34,23435.39295576421,34,0.34,23435.39295576421
Walmart,tight_capacity,store_039__dept_092,4,validation_q25,2.0,2.0,0.0,True,False,False,unconstrained_switch_count > K,False,False,False,True,True,True,True,True,True,0.0,0.0,0.0,True,True,96,0.10*validation_mean; floor=0.25,sorted model names,deterministic accumulated cost then model path,switch-budget feasibility filter only,1e-09,0.0,0.0,0.0,0.0,0.0,0.0,0.0,0.0,0.0,0.0,0.0,0.0,none,34,100,0.34,23435.39295576421,34,0.34,23435.39295576421
Walmart,tight_capacity,store_039__dept_095,4,validation_q25,4.0,4.0,0.0,True,False,False,unconstrained_switch_count > K,False,False,False,True,True,True,True,True,True,0.0,0.0,0.0,True,True,96,0.10*validation_mean; floor=0.25,sorted model names,deterministic accumulated cost then model path,switch-budget feasibility filter only,1e-09,0.0,0.0,0.0,0.0,0.0,0.0,0.0,0.0,0.0,0.0,0.0,0.0,none,34,100,0.34,23435.39295576421,34,0.34,23435.39295576421
Walmart,tight_capacity,store_040__dept_042,4,validation_q25,3.0,3.0,0.0,True,False,False,unconstrained_switch_count > K,False,False,False,True,True,True,True,True,True,0.0,0.0,0.0,True,True,96,0.10*validation_mean; floor=0.25,sorted model names,deterministic accumulated cost then model path,switch-budget feasibility filter only,1e-09,0.0,0.0,0.0,0.0,0.0,0.0,0.0,0.0,0.0,0.0,0.0,0.0,none,34,100,0.34,23435.39295576421,34,0.34,23435.39295576421
Walmart,tight_capacity,store_040__dept_092,4,validation_q25,6.0,4.0,2.0,False,True,True,unconstrained_switch_count > K,True,False,True,False,False,False,False,False,False,-93567.73005307652,-1.0,-93567.73005307652,False,False,96,0.10*validation_mean; floor=0.25,sorted model names,deterministic accumulated cost then model path,switch-budget feasibility filter only,1e-09,2743.892376923235,-96036.23319230787,-274.3892376923061,0.0,-1.0,0.008208059547509361,211.06864437869808,-2743.8923769230605,0.0,9199.747065428179,0.0769230769230771,-5487.784753846121,branch-specific beam-pruning path: the budget feasibility filter changes the retained approximate state set despite a feasible unconstrained terminal path,34,100,0.34,23435.39295576421,34,0.34,23435.39295576421
Walmart,tight_capacity,store_041__dept_033,4,validation_q25,3.0,3.0,0.0,True,False,False,unconstrained_switch_count > K,False,False,False,True,True,True,True,True,True,0.0,0.0,0.0,True,True,96,0.10*validation_mean; floor=0.25,sorted model names,deterministic accumulated cost then model path,switch-budget feasibility filter only,1e-09,0.0,0.0,0.0,0.0,0.0,0.0,0.0,0.0,0.0,0.0,0.0,0.0,none,34,100,0.34,23435.39295576421,34,0.34,23435.39295576421
Walmart,tight_capacity,store_041__dept_092,4,validation_q25,3.0,3.0,0.0,True,False,False,unconstrained_switch_count > K,False,False,False,True,True,True,True,True,True,0.0,0.0,0.0,True,True,96,0.10*validation_mean; floor=0.25,sorted model names,deterministic accumulated cost then model path,switch-budget feasibility filter only,1e-09,0.0,0.0,0.0,0.0,0.0,0.0,0.0,0.0,0.0,0.0,0.0,0.0,none,34,100,0.34,23435.39295576421,34,0.34,23435.39295576421
Walmart,tight_capacity,store_041__dept_095,4,validation_q25,4.0,4.0,0.0,True,False,False,unconstrained_switch_count > K,False,False,False,True,True,True,True,True,True,0.0,0.0,0.0,True,True,96,0.10*validation_mean; floor=0.25,sorted model names,deterministic accumulated cost then model path,switch-budget feasibility filter only,1e-09,0.0,0.0,0.0,0.0,0.0,0.0,0.0,0.0,0.0,0.0,0.0,0.0,none,34,100,0.34,23435.39295576421,34,0.34,23435.39295576421
Walmart,tight_capacity,store_041__dept_096,4,validation_q25,4.0,4.0,0.0,True,False,False,unconstrained_switch_count > K,False,False,False,True,True,True,True,True,True,0.0,0.0,0.0,True,True,96,0.10*validation_mean; floor=0.25,sorted model names,deterministic accumulated cost then model path,switch-budget feasibility filter only,1e-09,0.0,0.0,0.0,0.0,0.0,0.0,0.0,0.0,0.0,0.0,0.0,0.0,none,34,100,0.34,23435.39295576421,34,0.34,23435.39295576421
Walmart,tight_capacity,store_042__dept_092,4,validation_q25,6.0,4.0,2.0,False,True,True,unconstrained_switch_count > K,True,False,True,False,False,False,False,False,False,-346047.3006635299,-1.0,-346047.3006635299,False,False,96,0.10*validation_mean; floor=0.25,sorted model names,deterministic accumulated cost then model path,switch-budget feasibility filter only,1e-09,15257.115211538388,-360434.1418139781,-869.274061090433,0.0,-1.0,0.02726131929060871,1173.6242470414145,-14343.368787156185,0.0,-60728.23518264992,0.07692307692307698,-17385.48122180865,branch-specific beam-pruning path: the budget feasibility filter changes the retained approximate state set despite a feasible unconstrained terminal path,34,100,0.34,23435.39295576421,34,0.34,23435.39295576421
Walmart,tight_capacity,store_043__dept_092,4,validation_q25,4.0,4.0,0.0,True,False,False,unconstrained_switch_count > K,False,False,False,True,True,True,True,True,True,0.0,0.0,0.0,True,True,96,0.10*validation_mean; floor=0.25,sorted model names,deterministic accumulated cost then model path,switch-budget feasibility filter only,1e-09,0.0,0.0,0.0,0.0,0.0,0.0,0.0,0.0,0.0,0.0,0.0,0.0,none,34,100,0.34,23435.39295576421,34,0.34,23435.39295576421
Walmart,tight_capacity,store_044__dept_009,4,validation_q25,3.0,3.0,0.0,True,False,False,unconstrained_switch_count > K,False,False,False,True,True,True,True,True,True,0.0,0.0,0.0,True,True,96,0.10*validation_mean; floor=0.25,sorted model names,deterministic accumulated cost then model path,switch-budget feasibility filter only,1e-09,0.0,0.0,0.0,0.0,0.0,0.0,0.0,0.0,0.0,0.0,0.0,0.0,none,34,100,0.34,23435.39295576421,34,0.34,23435.39295576421
Walmart,tight_capacity,store_044__dept_017,4,validation_q25,4.0,4.0,0.0,True,False,False,unconstrained_switch_count > K,False,False,False,True,True,True,True,True,True,0.0,0.0,0.0,True,True,96,0.10*validation_mean; floor=0.25,sorted model names,deterministic accumulated cost then model path,switch-budget feasibility filter only,1e-09,0.0,0.0,0.0,0.0,0.0,0.0,0.0,0.0,0.0,0.0,0.0,0.0,none,34,100,0.34,23435.39295576421,34,0.34,23435.39295576421
